part_id,machine_family,part_category,material,supplier,supplier_country,unit_cost_eur,weight_kg,lead_time_days,stock_qty,reorder_point,criticality,wear_rating_1_10,failure_rate_per_1000h,expected_life_hours,compatible_machine_count,operating_temp_max_c,certified,last_replacement_date
P00001,Assembly,Bearing,Aluminum,SensorWorks,Finland,77.52,0.545,10,41,17,low,5,0.584,3877,11,141.6,no,2024-05-16
P00002,Packaging,Cable,Steel,EuroMech,Poland,22.71,0.806,16,0,32,high,2,0.248,9063,15,136.1,yes,2023-10-07
P00003,Assembly,Pump,Brass,SensorWorks,Italy,425.5,4.171,24,19,21,low,7,0.463,8393,7,93.8,no,2024-09-26
P00004,Lathe,Filter,Composite,Nordic Motion,Finland,23.63,0.24,2,44,7,low,6,0.245,5390,15,109.8,yes,2024-02-10
P00005,Conveyor,Pump,Brass,MotionHub,Italy,381.15,4.674,14,49,22,medium,3,0.31,8120,9,86.2,yes,2023-05-03
P00006,Packaging,Bearing,Aluminum,MotionHub,Sweden,142.25,0.544,32,24,38,critical,8,0.435,4796,12,133.3,yes,2024-12-04
P00007,Assembly,Gear,Stainless Steel,PreciseTech,Finland,92.82,1.76,8,47,24,low,3,0.497,8352,10,97.7,no,2024-02-25
P00008,Packaging,Sensor,Brass,Activa Parts,Italy,81.59,0.236,15,43,16,low,7,0.234,3458,7,81.8,no,2024-02-06
P00009,Packaging,Sensor,Stainless Steel,EuroMech,Czech Republic,133.22,0.26,31,18,18,critical,5,0.228,7242,10,81.2,yes,2024-08-03
P00010,Lathe,Motor,Brass,MotionHub,Netherlands,482.37,9.964,11,5,10,low,3,0.358,10899,4,90.5,yes,2023-11-20
P00011,Packaging,Controller,Steel,MotionHub,Sweden,925.59,0.592,21,0,22,medium,6,0.296,19907,7,66.0,yes,2023-01-29
P00012,Assembly,Controller,Aluminum,MotionHub,Netherlands,631.36,0.812,17,15,27,high,5,0.17,12493,4,74.3,no,2023-01-21
P00013,Packaging,Filter,Ceramic,FlowCore,Germany,25.32,0.215,10,30,18,medium,2,0.139,12953,12,117.6,yes,2024-07-07
P00014,Packaging,Tooling,Steel,Nordic Motion,Czech Republic,174.33,2.122,25,31,29,critical,7,0.854,1973,5,111.2,no,2023-10-04
P00015,Packaging,Bearing,Aluminum,FlowCore,Czech Republic,64.9,0.742,16,32,16,high,8,0.377,5358,3,148.1,no,2024-12-07
P00016,Lathe,Bearing,Stainless Steel,MotionHub,Finland,123.67,1.918,18,47,22,low,8,0.2,5850,9,157.3,yes,2023-09-14
P00017,Conveyor,Cable,Steel,Activa Parts,Germany,10.85,0.431,12,41,17,high,3,0.257,6439,16,141.5,no,2024-05-26
P00018,Packaging,Tooling,Polymer,Activa Parts,Germany,132.64,4.719,10,43,9,medium,10,0.302,2780,8,103.7,no,2023-02-21
P00019,Press,Filter,Composite,Activa Parts,Germany,29.63,0.225,17,39,30,medium,2,0.151,8664,15,96.9,yes,2024-11-18
P00020,Packaging,Bearing,Polymer,Activa Parts,Netherlands,51.86,0.614,10,25,13,low,4,0.635,6077,5,154.5,no,2024-06-18
P00021,Assembly,Bearing,Brass,MotionHub,Netherlands,58.5,0.452,20,22,19,low,9,0.401,5533,7,139.8,yes,2024-02-21
P00022,Packaging,Sensor,Composite,MotionHub,Czech Republic,134.78,0.259,14,50,16,low,6,0.203,4633,11,87.2,no,2023-05-26
P00023,Press,Controller,Ceramic,Nordic Motion,Finland,772.9,0.916,5,38,8,medium,6,0.142,14551,3,54.3,yes,2023-11-27
P00024,Press,Valve,Composite,EuroMech,Finland,244.35,1.566,11,18,18,high,7,0.278,8426,8,123.9,yes,2023-02-21
P00025,Press,Valve,Polymer,SensorWorks,Germany,341.72,1.838,20,42,16,medium,8,0.29,11931,7,135.7,yes,2024-07-30
P00026,Press,Seal,Steel,MotionHub,Netherlands,14.67,0.038,12,29,20,low,10,0.177,2140,4,109.3,no,2023-12-26
P00027,Lathe,Sensor,Stainless Steel,Activa Parts,Czech Republic,201.93,0.228,11,41,16,high,6,0.386,2967,9,73.7,yes,2024-07-30
P00028,CNC-Mill,Gear,Steel,Nordic Motion,Italy,132.63,2.152,11,31,19,low,2,0.328,8589,6,112.0,no,2024-10-29
P00029,Conveyor,Controller,Stainless Steel,SensorWorks,Czech Republic,490.84,1.093,11,38,15,low,3,0.177,17949,2,67.9,no,2023-08-24
P00030,Press,Controller,Stainless Steel,MotionHub,Germany,983.56,0.663,18,21,20,medium,4,0.044,10738,2,45.0,yes,2023-05-05
P00031,Conveyor,Belt,Brass,Activa Parts,Czech Republic,21.7,0.219,19,49,12,high,7,0.534,2804,4,96.0,yes,2023-08-23
P00032,Lathe,Belt,Aluminum,EuroMech,Sweden,104.41,0.317,17,25,29,medium,8,0.365,4979,3,132.8,yes,2024-08-06
P00033,Conveyor,Filter,Polymer,SensorWorks,Finland,29.52,0.234,19,16,30,high,5,0.233,7622,15,91.3,yes,2023-05-13
P00034,CNC-Mill,Gear,Aluminum,Nordic Motion,Poland,94.54,2.952,16,18,21,medium,3,0.072,8568,8,114.4,yes,2023-01-05
P00035,Conveyor,Seal,Stainless Steel,Nordic Motion,Netherlands,11.45,0.097,15,8,9,high,7,0.836,2175,4,124.8,yes,2024-02-13
P00036,Conveyor,Bearing,Stainless Steel,FlowCore,Finland,60.99,0.759,13,36,22,low,5,0.297,5960,8,126.0,no,2024-12-19
P00037,Press,Sensor,Stainless Steel,PreciseTech,Netherlands,59.15,0.175,13,20,20,low,5,0.175,6618,7,88.5,yes,2023-01-22
P00038,Conveyor,Gear,Brass,MotionHub,Czech Republic,155.67,1.519,14,44,12,medium,5,0.204,7106,9,118.4,no,2023-09-27
P00039,Assembly,Belt,Ceramic,FlowCore,Netherlands,22.56,0.354,8,48,7,high,10,0.43,2102,8,126.9,yes,2024-06-13
P00040,Lathe,Sensor,Composite,SensorWorks,Poland,190.27,0.305,20,41,10,low,3,0.054,6420,8,76.2,yes,2024-03-22
P00041,Packaging,Cable,Composite,FlowCore,Italy,15.93,0.954,11,33,18,low,3,0.555,6701,13,110.9,no,2024-04-15
P00042,Assembly,Sensor,Brass,Nordic Motion,Italy,112.9,0.332,16,15,17,high,3,0.322,5878,4,89.7,yes,2023-06-19
P00043,Lathe,Seal,Aluminum,PreciseTech,Czech Republic,7.13,0.069,17,35,30,medium,8,0.721,3234,5,115.2,no,2023-07-29
P00044,CNC-Mill,Sensor,Steel,EuroMech,Poland,62.7,0.131,16,24,29,medium,5,0.199,7014,6,87.8,yes,2023-02-05
P00045,Press,Belt,Aluminum,Activa Parts,Poland,27.94,0.263,10,34,19,medium,8,0.222,3641,6,98.6,yes,2025-01-28
P00046,Assembly,Belt,Aluminum,MotionHub,Germany,72.86,0.227,13,0,23,medium,6,0.261,3919,7,118.5,yes,2023-12-12
P00047,Packaging,Motor,Brass,SensorWorks,Italy,909.72,9.46,8,56,18,low,2,0.101,8369,10,80.7,no,2023-03-03
P00048,Conveyor,Seal,Composite,EuroMech,Germany,9.82,0.032,21,12,21,low,10,0.697,1958,8,116.5,yes,2024-04-06
P00049,Lathe,Motor,Brass,MotionHub,Czech Republic,723.35,10.757,13,25,22,critical,5,0.06,12016,9,114.3,yes,2023-09-01
P00050,Lathe,Filter,Steel,PreciseTech,Germany,44.13,0.51,10,15,5,low,1,0.267,7627,11,81.1,yes,2024-04-17
P00051,Press,Cable,Stainless Steel,MotionHub,Netherlands,29.82,0.349,12,19,24,medium,7,0.152,7446,18,121.7,no,2024-09-03
P00052,Lathe,Filter,Composite,EuroMech,Sweden,27.5,0.407,12,52,9,low,4,0.213,5968,16,80.6,yes,2023-02-02
P00053,Conveyor,Sensor,Aluminum,SensorWorks,Italy,40.33,0.349,12,31,20,medium,4,0.174,4818,12,115.3,no,2023-09-04
P00054,Packaging,Filter,Brass,FlowCore,Netherlands,21.54,0.226,16,16,20,medium,4,0.275,6969,18,83.4,yes,2023-08-02
P00055,Conveyor,Sensor,Polymer,PreciseTech,Netherlands,86.1,0.38,14,27,21,high,4,0.986,4923,7,69.3,no,2023-11-14
P00056,Assembly,Gear,Polymer,FlowCore,Germany,130.31,3.365,10,41,18,low,3,0.126,8700,7,109.7,yes,2024-01-10
P00057,Assembly,Bearing,Stainless Steel,EuroMech,Czech Republic,62.78,1.152,16,13,27,medium,4,0.22,4265,11,158.3,no,2024-09-02
P00058,Lathe,Pump,Composite,EuroMech,Netherlands,721.04,10.69,10,32,16,high,5,0.091,9238,5,112.1,yes,2023-03-20
P00059,Packaging,Filter,Polymer,FlowCore,Netherlands,26.08,0.24,12,30,24,high,3,0.259,7825,16,111.0,no,2023-04-03
P00060,Press,Motor,Composite,SensorWorks,Germany,885.99,11.772,16,5,19,medium,4,0.086,13464,4,107.0,yes,2023-01-16
P00061,Assembly,Valve,Composite,FlowCore,Netherlands,290.65,1.815,22,11,12,high,7,0.167,8729,7,131.8,yes,2024-01-20
P00062,Assembly,Gear,Aluminum,SensorWorks,Finland,129.24,1.104,19,35,19,medium,5,0.073,6694,8,94.0,no,2023-05-28
P00063,Packaging,Valve,Stainless Steel,SensorWorks,Czech Republic,285.59,1.636,15,29,17,low,6,0.132,10496,4,116.4,yes,2024-08-04
P00064,Packaging,Sensor,Polymer,EuroMech,Germany,117.24,0.464,14,30,12,medium,2,0.315,7026,6,76.8,yes,2025-03-10
P00065,Lathe,Belt,Ceramic,SensorWorks,Finland,75.78,0.257,21,25,24,high,6,0.327,4724,3,134.0,yes,2024-02-21
P00066,CNC-Mill,Seal,Polymer,EuroMech,Italy,38.69,0.053,30,0,26,critical,8,0.778,2451,2,135.5,yes,2023-03-25
P00067,Press,Tooling,Ceramic,MotionHub,Italy,158.0,1.018,15,17,20,medium,7,0.378,2628,3,134.1,yes,2023-09-07
P00068,Packaging,Bearing,Stainless Steel,SensorWorks,Poland,79.34,0.568,16,30,26,medium,8,0.267,5763,9,147.8,yes,2023-06-01
P00069,Packaging,Controller,Ceramic,SensorWorks,Italy,1151.49,1.63,11,0,15,medium,2,0.09,21711,1,76.1,yes,2024-05-24
P00070,Packaging,Belt,Brass,MotionHub,Poland,46.14,0.575,17,7,12,medium,8,0.47,2366,4,116.4,yes,2025-02-18
P00071,Lathe,Tooling,Polymer,FlowCore,Poland,100.57,2.559,17,32,13,medium,7,0.947,3392,7,112.5,yes,2023-07-31
P00072,Lathe,Belt,Brass,Nordic Motion,Sweden,38.65,0.506,3,47,0,high,5,0.264,3820,9,101.2,yes,2023-02-27
P00073,Press,Bearing,Aluminum,Activa Parts,Sweden,113.7,1.119,15,32,33,medium,7,0.33,3414,13,154.2,yes,2024-03-10
P00074,Conveyor,Valve,Stainless Steel,FlowCore,Netherlands,190.87,2.769,2,26,4,medium,4,0.096,10422,9,133.7,yes,2025-01-24
P00075,Lathe,Tooling,Aluminum,Nordic Motion,Sweden,194.03,1.744,15,43,29,low,7,0.628,2551,2,108.0,yes,2024-11-24
P00076,Assembly,Filter,Steel,SensorWorks,Poland,44.64,0.324,22,0,35,high,1,0.136,10293,13,77.6,yes,2025-01-23
P00077,Packaging,Gear,Composite,PreciseTech,Sweden,109.45,1.832,14,11,11,low,1,0.197,9354,1,120.9,no,2023-03-23
P00078,Packaging,Motor,Brass,PreciseTech,Finland,667.74,11.57,16,24,16,medium,7,0.103,10695,1,82.0,no,2023-07-21
P00079,Lathe,Tooling,Brass,MotionHub,Poland,184.9,2.914,20,28,20,high,7,0.558,3595,7,124.5,yes,2023-12-15
P00080,Assembly,Seal,Polymer,MotionHub,Poland,6.72,0.031,19,42,19,low,8,2.034,3264,3,127.5,yes,2024-02-20
P00081,CNC-Mill,Filter,Steel,Nordic Motion,Poland,19.71,0.147,8,23,17,medium,6,0.207,9245,9,129.2,no,2023-08-03
P00082,Conveyor,Valve,Steel,SensorWorks,Poland,193.83,1.299,10,27,20,low,7,0.244,11870,10,132.2,yes,2024-03-30
P00083,Packaging,Valve,Composite,PreciseTech,Netherlands,191.36,2.728,15,8,14,medium,2,0.192,13734,2,155.4,yes,2024-01-25
P00084,CNC-Mill,Cable,Ceramic,PreciseTech,Italy,49.75,0.951,17,31,16,medium,5,0.342,6257,19,141.2,yes,2023-03-16
P00085,Lathe,Gear,Polymer,Activa Parts,Finland,173.79,1.075,9,16,17,high,5,0.217,6538,7,96.2,no,2024-06-12
P00086,Packaging,Sensor,Aluminum,MotionHub,Italy,131.14,0.306,24,28,21,critical,4,0.18,5722,11,82.3,yes,2023-01-13
P00087,CNC-Mill,Bearing,Composite,EuroMech,Netherlands,103.71,0.486,12,50,19,high,5,0.25,4789,8,116.5,no,2025-01-27
P00088,Press,Bearing,Aluminum,EuroMech,Sweden,113.16,1.053,10,37,14,low,6,0.333,2799,15,139.3,yes,2023-11-23
P00089,Lathe,Gear,Composite,Nordic Motion,Germany,119.34,1.488,19,39,15,high,8,0.389,9508,10,116.1,yes,2024-09-01
P00090,Assembly,Motor,Stainless Steel,SensorWorks,Poland,826.44,8.344,13,32,16,medium,6,0.228,11102,6,105.0,yes,2024-05-20
P00091,CNC-Mill,Filter,Ceramic,PreciseTech,Italy,29.67,0.253,23,17,22,low,6,0.119,8684,8,119.2,yes,2024-12-11
P00092,Press,Filter,Ceramic,FlowCore,Czech Republic,25.05,0.205,24,17,20,critical,6,0.243,6859,10,115.2,no,2024-05-13
P00093,Assembly,Valve,Stainless Steel,SensorWorks,Czech Republic,152.32,1.408,11,32,9,high,4,0.47,11407,5,133.7,yes,2023-08-14
P00094,Assembly,Seal,Stainless Steel,MotionHub,Germany,27.12,0.041,21,17,20,medium,7,0.905,2467,3,122.5,yes,2024-04-02
P00095,Lathe,Gear,Steel,SensorWorks,Italy,111.93,1.732,17,36,15,medium,2,0.482,9537,11,104.0,yes,2023-08-26
P00096,Lathe,Tooling,Aluminum,MotionHub,Netherlands,194.36,2.775,10,13,21,low,10,0.639,3287,4,114.8,no,2023-11-28
P00097,Press,Seal,Steel,MotionHub,Netherlands,23.53,0.028,23,0,17,critical,10,0.78,2248,10,110.1,yes,2024-03-30
P00098,Press,Valve,Brass,MotionHub,Italy,137.87,1.63,19,19,20,high,4,0.079,11389,10,141.0,yes,2023-05-22
P00099,Conveyor,Controller,Ceramic,Activa Parts,Poland,506.12,2.028,10,22,16,medium,7,0.133,18384,1,62.4,yes,2023-06-08
P00100,Press,Filter,Brass,Activa Parts,Finland,39.44,0.213,21,11,21,critical,4,0.129,8287,15,119.7,yes,2024-04-03
P00101,Press,Belt,Aluminum,FlowCore,Czech Republic,41.79,0.404,18,22,14,high,8,0.365,3379,5,124.0,yes,2023-01-17
P00102,Conveyor,Filter,Steel,SensorWorks,Netherlands,29.83,0.253,6,47,19,low,6,0.227,7988,14,93.9,yes,2023-05-04
P00103,Conveyor,Seal,Steel,FlowCore,Netherlands,23.24,0.038,15,16,24,medium,7,1.26,2362,3,120.6,yes,2023-03-27
P00104,Press,Pump,Brass,Activa Parts,Finland,526.95,10.538,7,23,10,high,4,0.224,9108,6,99.9,yes,2025-03-05
P00105,Conveyor,Motor,Ceramic,FlowCore,Germany,520.36,9.727,15,22,23,high,8,0.361,15307,2,112.2,no,2023-03-03
P00106,Conveyor,Sensor,Composite,Activa Parts,Germany,124.49,0.148,11,25,15,medium,7,0.292,3942,6,104.3,yes,2024-07-20
P00107,Assembly,Controller,Composite,EuroMech,Netherlands,548.71,1.522,6,39,12,medium,6,0.136,13470,3,54.7,no,2024-03-13
P00108,Assembly,Bearing,Polymer,SensorWorks,Finland,99.47,0.532,13,26,16,medium,5,0.149,4455,9,160.3,yes,2023-07-03
P00109,CNC-Mill,Motor,Stainless Steel,FlowCore,Netherlands,498.5,15.121,14,23,3,medium,5,0.15,13919,5,106.0,no,2024-01-12
P00110,Lathe,Seal,Aluminum,Activa Parts,Italy,11.59,0.092,17,26,11,critical,7,1.211,3032,6,137.9,yes,2023-09-29
P00111,Press,Sensor,Aluminum,FlowCore,Germany,121.02,0.314,15,21,12,low,6,0.14,7307,7,74.6,yes,2023-09-19
P00112,Assembly,Cable,Polymer,PreciseTech,Netherlands,34.18,0.401,15,38,20,low,4,0.583,9417,15,105.7,yes,2024-07-11
P00113,Press,Valve,Composite,FlowCore,Poland,192.17,1.581,23,30,16,low,3,0.175,8819,9,113.4,yes,2023-12-02
P00114,Packaging,Controller,Ceramic,Activa Parts,Poland,551.31,1.099,22,40,30,critical,7,0.357,13543,4,72.4,yes,2023-02-22
P00115,Lathe,Belt,Composite,MotionHub,Poland,64.23,0.181,15,2,15,low,9,0.45,3609,8,128.1,yes,2023-04-24
P00116,CNC-Mill,Bearing,Aluminum,MotionHub,Germany,196.84,0.603,20,44,26,medium,6,0.189,3549,11,124.3,yes,2023-03-01
P00117,Conveyor,Bearing,Brass,PreciseTech,Italy,105.19,1.663,15,50,17,medium,5,0.311,4458,15,136.8,yes,2023-03-12
P00118,Press,Filter,Stainless Steel,PreciseTech,Finland,38.95,0.402,13,31,11,medium,4,0.358,6921,13,78.8,no,2025-03-07
P00119,Lathe,Motor,Steel,Nordic Motion,Poland,599.64,19.954,16,21,13,low,3,0.137,12619,11,98.9,yes,2024-03-30
P00120,Conveyor,Pump,Stainless Steel,Nordic Motion,Germany,567.24,11.209,12,35,6,medium,2,0.425,10245,4,136.8,yes,2024-02-16
P00121,Conveyor,Bearing,Composite,MotionHub,Finland,59.67,0.682,17,40,7,low,8,0.179,4530,2,162.5,yes,2024-04-10
P00122,Packaging,Valve,Stainless Steel,SensorWorks,Poland,185.07,3.137,10,43,26,high,6,0.224,13176,1,138.2,yes,2024-01-17
P00123,Packaging,Filter,Brass,Activa Parts,Finland,48.62,0.164,18,39,26,high,3,0.195,6708,15,94.1,yes,2023-01-20
P00124,Packaging,Valve,Stainless Steel,Nordic Motion,Germany,210.93,1.201,12,47,19,low,4,0.178,7358,4,134.8,yes,2023-08-08
P00125,CNC-Mill,Bearing,Ceramic,MotionHub,Germany,193.05,0.845,14,24,25,low,8,0.37,6207,14,169.7,yes,2023-09-19
P00126,Assembly,Controller,Composite,Nordic Motion,Poland,533.71,1.125,25,13,18,critical,4,0.108,14133,1,49.8,yes,2023-11-03
P00127,Packaging,Controller,Brass,EuroMech,Finland,1938.34,0.894,22,8,16,low,6,0.141,15503,3,88.0,yes,2024-03-07
P00128,CNC-Mill,Valve,Aluminum,PreciseTech,Italy,131.72,2.247,18,21,29,medium,7,0.295,6523,7,138.3,yes,2024-02-15
P00129,CNC-Mill,Belt,Polymer,FlowCore,Poland,39.93,0.293,20,31,14,low,8,0.574,4262,9,117.4,yes,2025-03-12
P00130,Assembly,Motor,Aluminum,Nordic Motion,Germany,515.64,20.777,15,26,12,high,8,0.201,9767,6,105.2,no,2024-11-24
P00131,Press,Gear,Brass,SensorWorks,Netherlands,87.44,2.051,2,12,15,high,2,0.345,7396,4,129.3,no,2023-07-22
P00132,Packaging,Filter,Composite,Activa Parts,Italy,18.51,0.372,18,0,11,low,4,0.161,8177,17,88.4,yes,2024-09-25
P00133,Packaging,Controller,Stainless Steel,FlowCore,Netherlands,1352.97,1.145,18,37,22,medium,3,0.195,18190,3,69.5,yes,2025-03-10
P00134,Press,Cable,Steel,MotionHub,Poland,26.8,0.967,20,40,25,medium,3,0.119,5630,16,109.3,yes,2023-09-19
P00135,Press,Belt,Composite,PreciseTech,Italy,59.18,0.499,14,30,6,low,6,0.78,3282,11,113.0,yes,2023-11-30
P00136,Press,Bearing,Steel,FlowCore,Germany,108.37,0.766,22,31,16,high,7,0.827,4787,10,133.7,yes,2024-05-04
P00137,Press,Belt,Steel,Nordic Motion,Germany,23.86,0.331,9,45,10,medium,8,0.458,3859,6,125.5,yes,2024-05-03
P00138,Assembly,Cable,Composite,Nordic Motion,Italy,20.73,0.544,10,15,25,high,1,0.344,7571,20,108.7,no,2023-05-03
P00139,Packaging,Cable,Polymer,MotionHub,Germany,22.73,0.712,17,52,26,medium,6,0.28,4170,14,114.3,yes,2023-12-19
P00140,Lathe,Bearing,Composite,Activa Parts,Italy,125.26,0.856,10,26,8,medium,4,0.321,4217,10,147.5,yes,2024-09-12
P00141,Packaging,Bearing,Stainless Steel,FlowCore,Sweden,75.47,0.786,12,28,24,high,8,0.255,6065,12,132.8,yes,2024-09-09
P00142,Packaging,Seal,Stainless Steel,EuroMech,Italy,23.73,0.072,11,48,11,medium,5,0.325,1818,10,127.8,yes,2025-03-15
P00143,Lathe,Filter,Stainless Steel,EuroMech,Germany,30.4,0.233,15,28,12,high,7,0.17,10467,11,86.5,yes,2023-04-25
P00144,Lathe,Sensor,Composite,MotionHub,Germany,136.17,0.321,22,22,32,critical,7,0.218,5633,8,72.9,no,2023-06-27
P00145,Press,Bearing,Steel,Nordic Motion,Italy,56.6,0.845,15,25,17,medium,10,0.418,5243,8,148.8,yes,2024-12-09
P00146,Conveyor,Pump,Aluminum,FlowCore,Sweden,287.92,8.026,15,58,13,high,7,0.553,9125,7,123.8,yes,2024-10-05
P00147,CNC-Mill,Bearing,Steel,MotionHub,Germany,84.42,1.33,23,22,22,high,8,0.534,6138,11,144.0,yes,2025-03-04
P00148,Assembly,Valve,Polymer,MotionHub,Italy,281.18,3.422,12,22,23,low,5,0.532,9631,1,156.9,yes,2024-04-08
P00149,Lathe,Seal,Polymer,EuroMech,Germany,10.02,0.033,7,35,18,low,10,0.199,1755,7,119.3,no,2025-03-15
P00150,Conveyor,Cable,Aluminum,MotionHub,Netherlands,56.45,0.563,30,52,29,medium,7,0.074,7183,16,98.7,no,2024-10-03
P00151,Packaging,Belt,Stainless Steel,SensorWorks,Italy,29.52,0.427,12,25,18,low,9,0.321,3114,6,132.0,yes,2024-09-05
P00152,Press,Motor,Ceramic,EuroMech,Czech Republic,245.64,5.789,9,20,10,high,6,0.199,15620,4,108.3,yes,2025-02-05
P00153,Lathe,Sensor,Aluminum,FlowCore,Germany,212.56,0.281,20,12,25,medium,7,0.39,5860,10,68.0,yes,2025-01-04
P00154,Assembly,Gear,Aluminum,SensorWorks,Netherlands,196.87,1.832,11,28,24,medium,5,0.136,7178,8,100.1,yes,2024-06-24
P00155,Assembly,Valve,Steel,MotionHub,Germany,127.36,2.083,6,45,8,medium,4,0.191,9203,8,109.9,yes,2024-05-03
P00156,Assembly,Bearing,Stainless Steel,PreciseTech,Italy,59.8,1.515,14,32,15,medium,7,0.326,3325,10,133.1,yes,2024-04-11
P00157,Conveyor,Bearing,Stainless Steel,Activa Parts,Czech Republic,93.48,1.209,9,35,11,high,8,0.519,5017,9,117.6,yes,2024-06-08
P00158,Lathe,Motor,Steel,MotionHub,Finland,484.07,7.302,17,42,18,medium,2,0.212,14354,1,82.3,yes,2024-09-11
P00159,Conveyor,Motor,Steel,Activa Parts,Czech Republic,518.31,8.972,17,38,13,critical,6,0.097,16337,4,95.9,yes,2023-04-29
P00160,Lathe,Valve,Aluminum,SensorWorks,Finland,179.41,1.947,16,9,22,high,8,0.342,9521,3,111.5,yes,2023-05-19
P00161,Conveyor,Belt,Polymer,SensorWorks,Czech Republic,16.24,0.368,23,16,29,critical,9,0.901,2412,6,92.7,yes,2024-07-09
P00162,Packaging,Filter,Composite,MotionHub,Czech Republic,23.63,0.488,24,34,26,medium,6,0.245,6717,13,95.4,yes,2025-01-30
P00163,Packaging,Bearing,Steel,Nordic Motion,Poland,64.44,1.169,15,22,23,medium,6,0.55,4375,6,143.2,yes,2024-03-15
P00164,CNC-Mill,Bearing,Aluminum,FlowCore,Netherlands,50.04,0.577,21,9,26,medium,8,0.199,5766,13,151.4,yes,2025-03-18
P00165,Assembly,Tooling,Aluminum,PreciseTech,Czech Republic,125.03,1.676,18,29,13,high,9,0.19,2574,4,120.4,no,2024-08-27
P00166,Packaging,Bearing,Steel,Nordic Motion,Netherlands,47.8,0.734,10,40,16,medium,6,0.616,3680,15,120.2,no,2025-03-13
P00167,Assembly,Sensor,Stainless Steel,FlowCore,Poland,85.48,0.201,15,53,12,medium,5,0.127,8239,11,99.7,no,2023-02-12
P00168,Packaging,Controller,Composite,Nordic Motion,Czech Republic,604.92,1.323,20,10,23,low,7,0.087,15835,4,67.6,yes,2023-11-02
P00169,Press,Seal,Stainless Steel,Activa Parts,Italy,13.25,0.043,16,4,13,high,7,0.544,2937,7,134.0,yes,2024-08-15
P00170,Lathe,Sensor,Polymer,EuroMech,Germany,139.07,0.107,23,37,26,medium,2,0.131,7218,6,96.4,yes,2024-06-20
P00171,Press,Tooling,Steel,Nordic Motion,Finland,256.83,2.401,16,40,11,high,3,0.487,2043,2,83.9,yes,2024-03-16
P00172,Conveyor,Bearing,Brass,FlowCore,Czech Republic,23.65,0.803,4,29,0,low,7,0.618,4613,10,135.8,yes,2024-03-29
P00173,Press,Valve,Stainless Steel,MotionHub,Sweden,106.2,1.237,10,36,8,low,4,0.099,7025,9,149.1,yes,2023-09-05
P00174,CNC-Mill,Seal,Ceramic,EuroMech,Italy,12.7,0.034,7,28,13,medium,6,0.561,3383,6,135.4,yes,2023-12-24
P00175,Lathe,Bearing,Composite,Nordic Motion,Finland,81.33,0.931,11,29,25,medium,3,0.151,5578,10,137.0,yes,2024-02-23
P00176,CNC-Mill,Cable,Polymer,SensorWorks,Sweden,48.02,0.395,18,13,30,low,4,0.228,8212,14,121.4,no,2024-06-02
P00177,Assembly,Sensor,Aluminum,SensorWorks,Finland,131.68,0.35,14,16,18,low,5,0.245,8412,8,96.7,yes,2024-01-04
P00178,Lathe,Controller,Steel,SensorWorks,Germany,608.95,0.651,10,23,10,low,7,0.229,19544,5,60.9,no,2023-04-18
P00179,Lathe,Controller,Composite,FlowCore,Finland,835.1,1.206,19,31,20,high,4,0.161,18163,1,53.6,yes,2023-03-24
P00180,Press,Motor,Composite,PreciseTech,Poland,1123.03,7.77,27,1,38,critical,8,0.076,6695,5,91.4,yes,2024-06-21
P00181,CNC-Mill,Valve,Polymer,FlowCore,Poland,169.33,1.586,22,16,20,critical,5,0.088,7685,8,126.7,yes,2023-09-20
P00182,Conveyor,Pump,Brass,Nordic Motion,Czech Republic,335.4,9.6,6,58,23,medium,5,0.149,9681,9,100.4,yes,2025-03-17
P00183,Conveyor,Belt,Polymer,MotionHub,Netherlands,38.29,0.267,19,18,29,high,9,0.298,3812,3,103.7,yes,2023-03-02
P00184,Press,Motor,Ceramic,Nordic Motion,Sweden,437.47,5.368,25,12,23,critical,5,0.256,14305,8,141.7,yes,2024-03-15
P00185,Assembly,Sensor,Ceramic,FlowCore,Netherlands,83.35,0.293,28,0,34,critical,5,0.278,9357,12,112.9,yes,2024-12-29
P00186,Conveyor,Belt,Steel,PreciseTech,Germany,85.92,0.494,18,16,12,high,7,0.539,1537,10,86.2,yes,2023-09-03
P00187,Press,Gear,Stainless Steel,EuroMech,Netherlands,140.98,1.287,14,41,16,low,4,0.078,8517,9,107.1,yes,2024-12-05
P00188,Packaging,Pump,Steel,FlowCore,Finland,1152.13,5.504,10,32,7,high,5,0.206,7583,7,123.0,yes,2023-01-13
P00189,Packaging,Belt,Stainless Steel,Nordic Motion,Italy,73.3,0.346,20,0,13,low,8,0.196,3509,7,120.1,yes,2023-12-31
P00190,Press,Sensor,Ceramic,Activa Parts,Italy,168.44,0.276,16,10,17,low,6,0.122,5414,14,111.5,no,2024-08-18
P00191,Packaging,Gear,Ceramic,PreciseTech,Finland,92.61,3.119,25,21,34,high,3,0.159,5666,4,134.3,yes,2023-03-21
P00192,Lathe,Controller,Steel,PreciseTech,Netherlands,657.88,1.632,8,39,20,medium,3,0.111,11156,9,54.6,yes,2024-08-21
P00193,Lathe,Bearing,Ceramic,PreciseTech,Italy,45.99,1.525,11,17,14,medium,5,0.162,6250,8,163.6,no,2024-12-02
P00194,CNC-Mill,Cable,Stainless Steel,EuroMech,Germany,28.04,0.491,27,18,24,critical,3,0.154,9193,14,125.5,yes,2024-08-06
P00195,Lathe,Seal,Stainless Steel,FlowCore,Finland,19.49,0.073,20,48,18,high,8,0.85,3316,7,129.4,yes,2023-11-19
P00196,Lathe,Filter,Steel,PreciseTech,Finland,29.98,0.262,16,28,16,high,4,0.224,9117,15,83.5,yes,2023-01-17
P00197,Conveyor,Filter,Aluminum,Activa Parts,Sweden,25.79,0.325,15,2,20,medium,3,0.281,6177,10,93.4,yes,2023-01-28
P00198,Lathe,Filter,Aluminum,PreciseTech,Netherlands,34.81,0.268,30,23,24,critical,5,0.247,7518,12,97.9,no,2025-02-12
P00199,Conveyor,Seal,Composite,MotionHub,Czech Republic,30.76,0.033,22,27,24,low,5,0.43,1683,1,130.5,yes,2023-01-19
P00200,Press,Filter,Steel,PreciseTech,Poland,22.31,0.309,22,22,23,medium,5,0.371,7359,17,100.8,no,2023-05-21
P00201,Press,Sensor,Composite,EuroMech,Italy,79.0,0.203,10,4,10,medium,6,0.227,8353,8,92.4,yes,2024-06-28
P00202,Packaging,Sensor,Ceramic,Activa Parts,Czech Republic,129.38,0.218,9,23,9,medium,8,0.351,6530,11,95.1,yes,2023-11-16
P00203,Packaging,Valve,Composite,PreciseTech,Czech Republic,585.5,2.976,22,16,10,low,4,0.116,13756,12,125.3,no,2024-08-28
P00204,Packaging,Valve,Aluminum,EuroMech,Sweden,150.09,1.568,11,17,2,medium,9,0.661,11530,6,103.9,no,2023-01-07
P00205,Lathe,Belt,Stainless Steel,SensorWorks,Finland,65.29,0.236,18,11,30,medium,6,0.523,2895,1,99.5,yes,2024-07-25
P00206,Press,Sensor,Polymer,EuroMech,Italy,145.46,0.257,13,15,10,medium,4,0.418,6458,7,89.1,yes,2023-05-18
P00207,Conveyor,Motor,Ceramic,FlowCore,Netherlands,437.76,20.215,8,40,13,medium,2,0.037,10644,3,124.7,yes,2023-05-11
P00208,CNC-Mill,Seal,Ceramic,PreciseTech,Germany,36.66,0.048,22,3,16,medium,10,0.489,2829,5,139.7,yes,2024-11-10
P00209,Packaging,Pump,Ceramic,PreciseTech,Italy,462.01,7.434,32,29,32,critical,6,0.169,8713,11,124.4,no,2024-01-06
P00210,Lathe,Belt,Ceramic,PreciseTech,Netherlands,52.52,0.377,20,32,19,medium,9,0.259,3109,2,120.4,yes,2024-03-05
P00211,CNC-Mill,Controller,Ceramic,FlowCore,Finland,346.46,1.466,25,10,23,critical,5,0.163,19963,6,86.0,yes,2023-09-11
P00212,CNC-Mill,Motor,Composite,FlowCore,Germany,646.95,8.443,19,35,17,high,5,0.073,11839,6,84.1,yes,2023-02-28
P00213,Packaging,Seal,Aluminum,Nordic Motion,Germany,16.37,0.054,10,30,12,low,9,1.465,2364,3,119.7,yes,2023-06-12
P00214,Conveyor,Controller,Polymer,Nordic Motion,Netherlands,688.05,0.612,7,29,5,low,8,0.142,12008,5,60.0,no,2024-10-03
P00215,Press,Tooling,Aluminum,EuroMech,Germany,221.13,2.758,13,41,14,medium,8,0.343,2460,6,103.2,no,2025-01-07
P00216,Conveyor,Gear,Polymer,Nordic Motion,Netherlands,88.6,2.653,7,14,15,medium,9,0.278,6966,5,90.5,yes,2024-10-18
P00217,Packaging,Bearing,Steel,EuroMech,Germany,112.23,0.743,17,14,30,low,8,0.467,3561,12,141.9,yes,2025-03-14
P00218,Conveyor,Belt,Brass,FlowCore,Netherlands,32.55,0.426,15,29,20,medium,7,0.285,3614,3,99.9,yes,2024-01-16
P00219,Packaging,Bearing,Ceramic,PreciseTech,Sweden,88.08,0.476,16,13,24,medium,4,0.115,2683,15,147.9,yes,2023-08-18
P00220,CNC-Mill,Filter,Composite,SensorWorks,Italy,29.63,0.315,11,42,20,low,4,0.146,11252,16,103.1,yes,2023-02-22
P00221,Assembly,Seal,Brass,MotionHub,Italy,21.76,0.052,21,23,19,high,7,0.622,3075,3,128.0,no,2024-03-31
P00222,Assembly,Cable,Steel,Activa Parts,Finland,49.97,0.683,21,24,27,medium,5,0.387,6223,19,105.9,yes,2024-07-13
P00223,CNC-Mill,Pump,Aluminum,Activa Parts,Sweden,530.8,5.396,13,10,16,low,4,0.187,9966,5,98.1,no,2023-08-08
P00224,Press,Sensor,Stainless Steel,Activa Parts,Netherlands,161.68,0.367,23,13,30,high,3,0.258,5941,5,93.5,yes,2025-02-12
P00225,CNC-Mill,Seal,Stainless Steel,MotionHub,Italy,24.8,0.054,22,47,19,high,8,0.908,2288,1,99.0,yes,2023-12-19
P00226,Assembly,Seal,Ceramic,Activa Parts,Sweden,13.94,0.058,4,36,18,high,1,0.992,2516,7,143.1,no,2025-02-12
P00227,Assembly,Controller,Aluminum,SensorWorks,Poland,1261.65,0.521,14,58,10,high,6,0.063,10097,8,82.9,yes,2024-09-22
P00228,Packaging,Sensor,Polymer,EuroMech,Sweden,141.78,0.279,17,40,18,high,7,0.122,6205,10,85.7,yes,2023-03-26
P00229,CNC-Mill,Bearing,Polymer,FlowCore,Netherlands,63.03,0.911,12,24,31,medium,6,0.204,5887,12,148.0,no,2024-11-26
P00230,Press,Sensor,Brass,Nordic Motion,Germany,85.11,0.379,19,27,14,medium,4,0.275,4883,6,72.4,yes,2025-03-19
P00231,Press,Gear,Stainless Steel,MotionHub,Netherlands,210.74,1.694,19,49,31,medium,5,0.508,5532,6,131.8,no,2023-04-24
P00232,Conveyor,Sensor,Polymer,Nordic Motion,Finland,79.6,0.119,7,44,19,low,5,0.333,6409,4,87.1,yes,2023-06-28
P00233,CNC-Mill,Sensor,Aluminum,PreciseTech,Italy,354.9,0.196,17,12,10,medium,5,0.385,8778,1,94.3,no,2024-12-15
P00234,Press,Controller,Steel,MotionHub,Italy,688.29,0.824,17,17,37,high,3,0.069,17112,1,62.6,yes,2023-01-27
P00235,Assembly,Belt,Polymer,EuroMech,Czech Republic,31.31,0.347,12,30,4,low,9,0.385,3365,7,108.0,no,2023-12-18
P00236,Press,Filter,Composite,Nordic Motion,Italy,18.13,0.231,18,10,14,medium,10,0.255,8445,11,77.9,no,2023-10-15
P00237,Conveyor,Tooling,Steel,SensorWorks,Sweden,85.69,1.951,19,19,34,high,10,0.31,2731,3,103.4,yes,2025-01-26
P00238,Conveyor,Bearing,Ceramic,Activa Parts,Germany,98.73,0.888,14,30,13,low,8,0.137,5543,9,150.2,yes,2023-03-08
P00239,CNC-Mill,Filter,Brass,Activa Parts,Finland,34.78,0.265,9,13,16,medium,4,0.204,8521,16,83.2,no,2024-02-20
P00240,Conveyor,Tooling,Steel,Activa Parts,Netherlands,81.7,1.25,9,43,10,high,9,0.313,2643,11,87.6,no,2024-04-28
P00241,CNC-Mill,Bearing,Composite,FlowCore,Sweden,184.66,0.884,14,32,25,medium,3,0.29,4772,8,171.1,no,2024-06-25
P00242,Conveyor,Filter,Steel,MotionHub,Italy,48.64,0.338,18,38,17,critical,7,0.132,8210,17,81.1,yes,2023-06-04
P00243,Press,Sensor,Steel,FlowCore,Finland,108.33,0.519,16,26,23,medium,4,0.152,6251,6,59.4,yes,2023-05-26
P00244,Lathe,Valve,Polymer,PreciseTech,Poland,343.89,0.963,15,23,14,medium,5,0.095,7559,10,149.5,yes,2024-03-29
P00245,Lathe,Sensor,Stainless Steel,SensorWorks,Poland,331.07,0.265,14,8,24,medium,4,0.267,4485,7,100.0,no,2023-06-14
P00246,Conveyor,Seal,Composite,FlowCore,Germany,19.75,0.038,12,4,25,medium,9,0.522,2839,9,128.7,yes,2023-09-09
P00247,CNC-Mill,Bearing,Steel,Activa Parts,Netherlands,67.46,0.779,15,20,21,critical,5,0.943,5589,12,153.6,yes,2023-08-17
P00248,Press,Tooling,Steel,Activa Parts,Poland,90.27,1.632,13,36,24,high,10,0.295,2773,9,112.8,yes,2023-03-30
P00249,CNC-Mill,Bearing,Polymer,EuroMech,Sweden,108.29,0.908,17,53,24,medium,3,0.413,2457,9,139.0,yes,2023-03-10
P00250,Assembly,Seal,Brass,Nordic Motion,Czech Republic,20.78,0.064,16,34,20,medium,6,0.373,2319,7,101.2,yes,2025-01-24
P00251,Conveyor,Cable,Ceramic,SensorWorks,Italy,16.2,1.181,11,27,9,low,4,0.19,10833,15,120.8,no,2023-09-03
P00252,Lathe,Bearing,Aluminum,MotionHub,Czech Republic,48.35,0.863,4,25,11,high,4,0.267,5269,11,138.6,yes,2023-02-23
P00253,Assembly,Controller,Polymer,SensorWorks,Czech Republic,2006.62,1.87,28,11,39,high,4,0.073,14638,2,55.2,yes,2023-07-22
P00254,Conveyor,Sensor,Composite,Activa Parts,Czech Republic,220.16,0.383,11,44,25,medium,7,0.148,5491,4,89.9,no,2023-06-21
P00255,Packaging,Seal,Ceramic,Activa Parts,Germany,30.69,0.051,21,12,34,medium,5,0.583,1902,7,156.3,yes,2023-06-24
P00256,Packaging,Bearing,Ceramic,FlowCore,Netherlands,99.99,1.008,16,25,22,high,6,0.263,4187,9,148.0,yes,2024-11-15
P00257,Press,Valve,Steel,MotionHub,Italy,153.48,1.09,3,22,10,low,5,0.126,7668,9,115.9,yes,2023-03-23
P00258,CNC-Mill,Tooling,Brass,FlowCore,Germany,86.65,3.789,11,40,12,medium,10,0.815,1659,11,107.8,yes,2025-01-09
P00259,Lathe,Gear,Stainless Steel,PreciseTech,Finland,147.77,2.168,12,47,10,high,7,0.263,8458,7,101.5,yes,2024-06-08
P00260,Conveyor,Pump,Polymer,FlowCore,Sweden,658.1,12.191,18,31,17,medium,2,0.117,10059,4,105.1,no,2023-11-26
P00261,CNC-Mill,Belt,Composite,Nordic Motion,Sweden,38.04,0.523,5,38,5,low,7,0.368,3455,7,109.5,yes,2024-11-10
P00262,Conveyor,Gear,Stainless Steel,FlowCore,Czech Republic,114.79,1.594,9,2,16,low,1,0.154,10011,5,103.9,yes,2023-11-17
P00263,Lathe,Motor,Aluminum,EuroMech,Italy,486.36,14.44,6,22,10,low,4,0.117,11921,8,98.0,no,2023-05-25
P00264,Packaging,Cable,Stainless Steel,PreciseTech,Germany,19.21,0.801,16,18,20,critical,9,0.279,6497,13,122.0,yes,2024-03-24
P00265,Conveyor,Motor,Brass,EuroMech,Poland,552.58,6.109,7,0,15,high,6,0.204,14566,6,94.3,yes,2025-01-15
P00266,Packaging,Seal,Ceramic,Activa Parts,Finland,21.53,0.073,13,24,13,high,10,0.206,2530,3,153.1,yes,2023-12-26
P00267,CNC-Mill,Sensor,Steel,MotionHub,Germany,130.28,0.167,22,0,35,high,7,0.462,5718,5,100.4,yes,2023-04-26
P00268,Assembly,Pump,Ceramic,Nordic Motion,Italy,440.36,5.948,26,10,27,critical,8,0.103,8176,7,135.3,yes,2024-12-19
P00269,Assembly,Pump,Steel,MotionHub,Czech Republic,486.45,10.39,5,30,11,low,5,0.243,7791,9,123.5,yes,2023-06-24
P00270,Packaging,Tooling,Polymer,Activa Parts,Netherlands,136.19,3.257,13,26,4,low,9,0.566,2200,6,126.2,no,2023-11-05
P00271,Assembly,Controller,Ceramic,PreciseTech,Poland,835.05,0.53,7,40,14,medium,7,0.12,18236,4,65.0,yes,2025-01-07
P00272,CNC-Mill,Valve,Ceramic,Nordic Motion,Poland,214.75,0.692,19,19,16,medium,8,0.233,14335,9,164.4,yes,2024-02-16
P00273,CNC-Mill,Seal,Ceramic,Nordic Motion,Italy,26.02,0.058,18,31,18,high,8,0.592,2310,4,151.1,yes,2024-11-22
P00274,CNC-Mill,Pump,Aluminum,EuroMech,Germany,309.06,7.875,8,1,15,high,5,0.139,9599,10,117.4,yes,2024-08-07
P00275,Conveyor,Sensor,Stainless Steel,PreciseTech,Sweden,124.33,0.254,10,9,9,low,5,0.404,6533,10,104.3,yes,2024-02-12
P00276,Packaging,Sensor,Polymer,SensorWorks,Poland,149.09,0.171,30,37,19,critical,4,1.058,5962,9,95.5,yes,2024-02-24
P00277,CNC-Mill,Seal,Stainless Steel,SensorWorks,Germany,29.64,0.043,10,48,7,low,7,1.445,2264,7,116.8,yes,2024-09-10
P00278,CNC-Mill,Motor,Composite,Nordic Motion,Italy,1497.92,4.373,26,4,19,low,3,0.082,7731,5,100.4,no,2024-09-12
P00279,Conveyor,Gear,Steel,MotionHub,Italy,174.09,1.273,19,1,22,medium,5,0.371,7737,8,105.7,yes,2025-02-18
P00280,Lathe,Bearing,Stainless Steel,EuroMech,Poland,81.22,0.671,17,19,18,medium,6,0.158,6007,13,155.9,yes,2023-08-18
P00281,Press,Sensor,Aluminum,MotionHub,Netherlands,161.51,0.211,19,30,18,low,4,0.198,7931,10,95.0,yes,2023-07-17
P00282,Press,Sensor,Brass,EuroMech,Germany,102.94,0.255,15,17,27,low,5,0.192,6186,13,104.7,no,2023-09-18
P00283,Assembly,Bearing,Composite,Activa Parts,Netherlands,136.42,0.683,23,4,29,high,6,0.233,4174,8,142.5,yes,2024-12-06
P00284,Conveyor,Sensor,Ceramic,EuroMech,Poland,140.84,0.265,24,17,31,critical,4,0.543,6009,9,113.7,yes,2024-10-13
P00285,Assembly,Seal,Steel,PreciseTech,Netherlands,15.53,0.091,19,18,17,low,8,0.321,2579,8,117.6,yes,2023-02-20
P00286,Packaging,Sensor,Steel,Nordic Motion,Netherlands,195.28,0.264,23,40,29,medium,4,0.15,4106,5,106.2,yes,2024-11-29
P00287,CNC-Mill,Controller,Polymer,FlowCore,Finland,763.76,2.082,17,42,27,low,7,0.066,16391,8,61.8,yes,2024-10-29
P00288,Packaging,Gear,Composite,Nordic Motion,Poland,91.75,1.587,10,20,16,low,4,0.39,9022,8,126.0,yes,2023-03-28
P00289,Press,Sensor,Brass,SensorWorks,Italy,84.5,0.242,13,31,19,medium,5,0.165,6063,7,70.3,yes,2025-03-01
P00290,Packaging,Cable,Stainless Steel,PreciseTech,Italy,24.09,0.806,24,29,19,critical,8,0.312,10204,18,128.3,yes,2025-02-20
P00291,Lathe,Filter,Ceramic,Activa Parts,Netherlands,42.7,0.266,15,27,11,low,6,0.065,6127,15,91.4,yes,2024-11-22
P00292,Conveyor,Filter,Ceramic,Activa Parts,Finland,27.22,0.209,12,19,22,low,6,0.128,5796,14,131.1,no,2025-03-01
P00293,Lathe,Pump,Steel,Activa Parts,Germany,295.04,11.695,8,26,15,medium,7,0.107,9450,7,128.8,yes,2023-12-26
P00294,CNC-Mill,Valve,Brass,Activa Parts,Poland,294.79,2.412,28,15,30,critical,9,0.273,10994,3,107.6,no,2023-02-23
P00295,Lathe,Cable,Stainless Steel,PreciseTech,Italy,26.63,0.851,2,19,13,medium,7,0.174,8803,21,99.3,yes,2024-06-06
P00296,Conveyor,Seal,Ceramic,MotionHub,Czech Republic,16.27,0.035,19,39,18,low,7,0.668,2179,1,142.5,yes,2023-08-25
P00297,Assembly,Bearing,Ceramic,SensorWorks,Germany,50.47,0.517,10,38,15,high,9,0.659,4388,10,170.8,no,2023-11-22
P00298,Conveyor,Valve,Polymer,Activa Parts,Germany,328.06,1.02,17,40,24,medium,2,0.14,9849,2,131.3,yes,2024-05-16
P00299,CNC-Mill,Sensor,Composite,FlowCore,Netherlands,81.96,0.234,5,44,5,high,4,0.108,6717,8,76.5,yes,2024-08-03
P00300,Assembly,Sensor,Composite,Activa Parts,Czech Republic,213.31,0.303,17,15,28,medium,3,0.281,7077,4,100.5,yes,2024-03-06
P00301,Press,Pump,Ceramic,Activa Parts,Poland,404.65,7.464,4,29,17,medium,4,0.16,11427,5,114.2,yes,2023-11-18
P00302,Lathe,Cable,Aluminum,Nordic Motion,Finland,13.08,0.699,13,61,16,low,7,0.234,7446,17,126.8,yes,2024-01-11
P00303,Lathe,Controller,Polymer,MotionHub,Poland,493.31,0.778,18,6,21,medium,6,0.161,10164,5,63.3,yes,2025-03-21
P00304,Lathe,Belt,Steel,EuroMech,Sweden,28.06,0.384,7,20,15,low,10,0.095,3496,6,108.9,yes,2023-07-21
P00305,Lathe,Filter,Brass,MotionHub,Germany,21.65,0.269,14,38,18,high,7,0.385,6815,15,93.7,yes,2024-05-13
P00306,CNC-Mill,Tooling,Composite,SensorWorks,Germany,109.57,3.441,23,15,15,medium,8,0.461,2532,3,113.7,yes,2023-02-19
P00307,Conveyor,Seal,Steel,FlowCore,Netherlands,23.51,0.072,17,56,22,high,8,0.462,1840,8,136.9,yes,2025-02-02
P00308,Conveyor,Cable,Brass,PreciseTech,Finland,23.58,0.68,15,19,15,critical,8,0.077,7905,17,121.8,no,2025-01-29
P00309,Lathe,Controller,Composite,Nordic Motion,Germany,847.53,1.27,16,0,25,high,4,0.055,13305,3,60.0,no,2023-09-21
P00310,Press,Sensor,Ceramic,PreciseTech,Finland,464.99,0.165,34,19,24,critical,8,0.255,5699,15,106.3,yes,2025-03-24
P00311,Press,Filter,Ceramic,Nordic Motion,Sweden,27.59,0.194,13,20,14,medium,7,0.125,5786,14,119.1,no,2024-03-12
P00312,Lathe,Bearing,Steel,SensorWorks,Germany,116.44,0.673,13,26,14,high,6,0.398,6005,7,138.8,yes,2024-02-16
P00313,CNC-Mill,Filter,Aluminum,Activa Parts,Germany,21.77,0.287,1,28,14,low,5,0.244,8442,14,116.7,yes,2024-03-04
P00314,Lathe,Gear,Aluminum,SensorWorks,Sweden,191.49,0.934,28,7,35,medium,4,0.259,8064,11,112.6,yes,2023-07-31
P00315,Assembly,Bearing,Ceramic,FlowCore,Netherlands,94.51,0.487,12,28,20,medium,5,0.872,6438,6,181.2,yes,2023-06-22
P00316,CNC-Mill,Gear,Stainless Steel,EuroMech,Finland,121.64,1.563,12,23,12,medium,6,0.213,5353,9,123.6,yes,2023-10-05
P00317,Packaging,Bearing,Aluminum,EuroMech,Poland,64.79,0.643,15,15,11,high,7,0.368,3301,13,138.1,no,2023-10-31
P00318,Assembly,Motor,Polymer,PreciseTech,Poland,494.46,12.694,20,39,17,medium,7,0.345,9965,2,110.9,yes,2025-02-28
P00319,CNC-Mill,Controller,Composite,Nordic Motion,Italy,759.46,1.714,8,22,22,medium,8,0.116,14493,7,71.5,no,2024-06-10
P00320,Press,Cable,Stainless Steel,MotionHub,Netherlands,31.9,0.983,17,44,20,high,5,0.163,8986,17,99.9,no,2023-11-01
P00321,Lathe,Bearing,Ceramic,FlowCore,Netherlands,114.64,0.922,11,21,20,high,8,0.175,3811,11,165.2,yes,2023-10-16
P00322,CNC-Mill,Cable,Polymer,MotionHub,Finland,24.09,0.773,10,21,10,high,1,0.245,9908,17,108.9,yes,2024-01-24
P00323,Assembly,Controller,Brass,MotionHub,Germany,1014.41,1.093,28,14,34,low,8,0.166,13932,2,60.5,yes,2025-01-15
P00324,Conveyor,Gear,Steel,Nordic Motion,Poland,154.5,0.956,17,17,18,critical,5,0.094,11015,9,108.2,no,2023-09-08
P00325,Lathe,Bearing,Brass,Nordic Motion,Czech Republic,116.22,1.056,10,24,15,low,5,0.318,3887,12,151.1,yes,2024-04-30
P00326,Packaging,Pump,Polymer,Activa Parts,Poland,450.25,10.266,21,15,24,medium,5,0.21,11547,8,112.3,no,2024-10-23
P00327,Assembly,Seal,Aluminum,Activa Parts,Sweden,23.83,0.053,23,34,25,critical,8,0.606,1948,6,105.7,yes,2023-12-06
P00328,Press,Pump,Steel,EuroMech,Germany,652.26,11.718,6,37,12,medium,2,0.264,6468,5,100.5,yes,2023-07-15
P00329,CNC-Mill,Pump,Brass,Nordic Motion,Netherlands,901.42,12.757,14,21,13,medium,3,0.249,9603,3,119.8,yes,2023-06-28
P00330,Lathe,Filter,Steel,MotionHub,Finland,23.71,0.357,16,22,26,high,6,0.094,8391,12,84.2,no,2023-09-03
P00331,Lathe,Controller,Steel,EuroMech,Sweden,762.31,1.056,15,13,19,medium,6,0.149,17796,1,58.1,yes,2024-05-26
P00332,Assembly,Valve,Polymer,Nordic Motion,Netherlands,203.75,1.314,14,11,3,low,6,0.147,7993,7,168.0,yes,2023-04-08
P00333,Packaging,Tooling,Polymer,Activa Parts,Poland,133.29,1.225,12,20,15,medium,7,0.489,2308,7,114.0,yes,2023-05-28
P00334,Lathe,Seal,Polymer,EuroMech,Czech Republic,22.91,0.043,6,14,10,medium,6,0.797,2748,8,122.2,yes,2025-02-16
P00335,CNC-Mill,Seal,Stainless Steel,PreciseTech,Poland,15.29,0.056,19,21,10,low,5,1.437,1661,6,133.5,yes,2024-12-30
P00336,Press,Pump,Composite,FlowCore,Sweden,647.94,13.543,10,6,24,low,3,0.218,12777,8,114.7,yes,2023-08-14
P00337,Packaging,Controller,Steel,EuroMech,Germany,787.98,1.145,16,43,27,medium,7,0.079,19126,10,63.2,no,2023-09-14
P00338,Assembly,Pump,Ceramic,PreciseTech,Finland,186.93,5.663,20,5,22,medium,4,0.248,10526,5,116.2,no,2023-07-01
P00339,Lathe,Valve,Polymer,MotionHub,Finland,186.02,2.297,13,12,13,low,2,0.146,12572,7,155.2,no,2024-03-31
P00340,CNC-Mill,Belt,Composite,SensorWorks,Italy,43.01,0.346,15,57,7,medium,9,0.458,3798,7,118.1,yes,2024-07-28
P00341,Press,Bearing,Ceramic,Activa Parts,Czech Republic,93.07,0.714,12,49,23,low,4,0.318,2319,16,167.3,yes,2024-04-24
P00342,Press,Belt,Brass,PreciseTech,Czech Republic,58.82,0.224,14,21,25,medium,7,0.477,3787,7,137.0,no,2024-07-27
P00343,Conveyor,Seal,Composite,FlowCore,Germany,15.93,0.041,10,21,9,low,7,1.507,2315,2,119.6,yes,2024-03-02
P00344,Press,Gear,Composite,PreciseTech,Italy,151.54,1.48,15,45,16,high,4,0.262,7062,7,104.9,yes,2023-02-03
P00345,Assembly,Belt,Stainless Steel,PreciseTech,Netherlands,25.35,0.334,15,45,21,high,8,0.306,3005,5,106.1,yes,2024-05-17
P00346,Lathe,Seal,Composite,Activa Parts,Finland,14.05,0.043,12,57,16,high,7,1.282,2756,3,109.7,yes,2023-01-11
P00347,Packaging,Filter,Ceramic,FlowCore,Poland,36.24,0.235,16,26,19,low,5,0.143,9533,9,118.4,yes,2023-06-08
P00348,CNC-Mill,Valve,Polymer,MotionHub,Italy,249.83,1.31,18,32,27,medium,4,0.256,10086,10,108.8,yes,2024-08-11
P00349,Assembly,Belt,Stainless Steel,EuroMech,Finland,48.4,0.52,13,37,19,medium,8,0.45,3268,3,86.0,yes,2024-07-16
P00350,Packaging,Bearing,Brass,FlowCore,Poland,57.93,1.337,17,17,23,low,7,0.174,4096,11,154.0,yes,2025-02-09
P00351,Conveyor,Valve,Aluminum,Nordic Motion,Germany,158.73,2.352,6,37,12,high,3,0.19,6120,4,120.0,yes,2024-03-25
P00352,CNC-Mill,Bearing,Polymer,Activa Parts,Netherlands,50.08,0.623,16,40,16,critical,4,0.295,6892,9,140.3,yes,2024-07-06
P00353,Assembly,Valve,Aluminum,PreciseTech,Germany,169.98,1.518,17,17,24,high,5,0.42,12976,5,128.5,yes,2024-03-27
P00354,CNC-Mill,Motor,Polymer,SensorWorks,Netherlands,791.05,10.078,14,57,4,high,7,0.147,16709,4,124.5,yes,2024-06-15
P00355,Lathe,Bearing,Stainless Steel,SensorWorks,Czech Republic,82.64,1.435,25,35,18,critical,6,0.41,4695,9,152.1,yes,2023-04-16
P00356,Packaging,Gear,Polymer,MotionHub,Italy,111.13,1.499,20,39,19,low,3,0.135,8840,8,132.8,no,2024-12-06
P00357,Assembly,Motor,Brass,FlowCore,Germany,698.22,7.342,10,39,11,medium,1,0.186,12392,8,104.2,yes,2023-04-20
P00358,Assembly,Controller,Polymer,PreciseTech,Czech Republic,1275.42,1.673,26,23,27,high,6,0.184,17949,2,53.6,yes,2023-05-30
P00359,Press,Pump,Steel,MotionHub,Germany,450.99,9.074,20,40,14,medium,7,0.201,15005,6,116.0,yes,2024-04-30
P00360,Packaging,Motor,Steel,Nordic Motion,Sweden,518.32,12.478,10,23,11,medium,3,0.085,11563,6,95.8,yes,2023-10-05
P00361,CNC-Mill,Valve,Aluminum,MotionHub,Poland,118.5,1.703,20,37,12,high,6,0.091,10997,8,128.8,yes,2023-04-11
P00362,Lathe,Cable,Brass,FlowCore,Netherlands,30.3,0.502,18,10,28,medium,7,0.235,9238,22,129.4,yes,2024-06-28
P00363,Lathe,Bearing,Polymer,EuroMech,Czech Republic,141.08,0.645,22,21,30,high,6,0.37,2885,11,148.6,yes,2024-02-20
P00364,Conveyor,Bearing,Ceramic,EuroMech,Sweden,194.48,0.726,8,51,16,low,10,0.298,5540,13,168.4,yes,2023-04-28
P00365,Packaging,Filter,Ceramic,Activa Parts,Sweden,37.95,0.296,15,39,14,low,7,0.287,7970,13,100.8,yes,2023-10-01
P00366,Lathe,Seal,Composite,MotionHub,Czech Republic,42.43,0.069,25,0,23,high,9,1.757,2644,6,136.0,yes,2025-01-25
P00367,Press,Controller,Brass,FlowCore,Netherlands,516.66,0.601,21,66,20,high,4,0.132,13154,6,47.4,yes,2023-01-18
P00368,Lathe,Sensor,Stainless Steel,Activa Parts,Sweden,86.06,0.252,9,44,21,medium,7,0.405,7938,8,93.5,no,2024-05-06
P00369,Lathe,Cable,Polymer,SensorWorks,Poland,22.71,0.616,17,19,16,critical,4,0.272,8845,13,99.4,no,2024-08-09
P00370,Lathe,Filter,Aluminum,EuroMech,Italy,10.77,0.255,22,0,19,medium,5,0.488,6648,16,81.0,no,2024-06-04
P00371,Packaging,Sensor,Ceramic,FlowCore,Poland,56.94,0.147,18,36,23,critical,7,0.105,3501,8,114.0,no,2023-03-16
P00372,Assembly,Valve,Steel,Activa Parts,Finland,454.9,1.549,21,5,23,high,7,0.123,11456,9,148.0,yes,2025-01-14
P00373,Packaging,Seal,Composite,SensorWorks,Finland,19.23,0.042,14,0,21,critical,8,0.373,2515,3,106.1,yes,2023-05-03
P00374,CNC-Mill,Cable,Aluminum,MotionHub,Finland,14.71,0.758,25,23,19,critical,4,0.171,7040,22,108.7,yes,2023-09-24
P00375,Press,Gear,Brass,MotionHub,Italy,342.49,3.036,16,9,5,high,6,0.068,8980,1,117.1,no,2023-11-27
P00376,Lathe,Motor,Stainless Steel,PreciseTech,Poland,376.09,15.575,20,23,24,medium,7,0.065,9581,1,121.2,yes,2024-10-01
P00377,Assembly,Gear,Brass,Nordic Motion,Czech Republic,203.83,1.964,13,21,15,medium,5,0.164,5379,2,123.1,yes,2024-01-03
P00378,Assembly,Gear,Stainless Steel,EuroMech,Germany,107.13,1.512,19,38,17,critical,4,0.188,6855,10,98.3,no,2023-12-23
P00379,Packaging,Bearing,Brass,PreciseTech,Sweden,92.46,0.843,12,24,20,low,6,0.46,5820,13,120.0,yes,2025-01-20
P00380,Conveyor,Gear,Stainless Steel,MotionHub,Finland,164.62,1.321,12,35,11,low,7,0.173,8103,2,114.5,yes,2023-10-07
P00381,Packaging,Gear,Composite,PreciseTech,Netherlands,60.84,1.846,10,28,16,low,7,0.351,6302,8,113.7,no,2025-01-09
P00382,Lathe,Cable,Polymer,EuroMech,Italy,21.72,1.121,5,34,3,low,7,0.252,5035,18,132.3,no,2024-05-23
P00383,Assembly,Cable,Steel,EuroMech,Italy,32.03,0.645,21,7,18,low,6,0.249,9093,17,123.6,yes,2023-05-07
P00384,Packaging,Belt,Brass,Nordic Motion,Sweden,44.89,0.316,14,35,18,medium,7,0.237,3376,7,100.6,yes,2024-03-26
P00385,Packaging,Gear,Brass,MotionHub,Sweden,84.96,2.377,11,39,15,medium,5,0.216,6979,9,112.0,yes,2024-08-14
P00386,Lathe,Gear,Steel,FlowCore,Sweden,168.85,1.282,9,30,10,high,2,0.053,7979,4,124.5,yes,2024-03-31
P00387,Packaging,Pump,Brass,Nordic Motion,Netherlands,337.5,6.311,6,25,16,medium,4,0.187,7967,8,103.3,no,2023-05-17
P00388,Conveyor,Seal,Composite,Nordic Motion,Finland,19.67,0.038,10,9,7,medium,7,0.946,2662,10,141.0,yes,2023-04-29
P00389,Conveyor,Controller,Composite,PreciseTech,Sweden,972.38,1.339,11,48,13,high,6,0.122,14307,1,49.3,yes,2023-09-15
P00390,Packaging,Belt,Ceramic,PreciseTech,Sweden,25.57,0.243,19,13,19,critical,8,0.63,3468,5,156.5,no,2023-07-24
P00391,CNC-Mill,Tooling,Stainless Steel,PreciseTech,Czech Republic,155.2,2.983,16,35,15,medium,6,1.035,2497,6,93.5,yes,2024-03-04
P00392,Assembly,Belt,Composite,MotionHub,Italy,41.63,0.316,23,27,33,low,9,0.252,2958,7,131.7,no,2024-01-01
P00393,CNC-Mill,Pump,Steel,EuroMech,Czech Republic,303.83,8.566,11,15,20,low,5,0.317,8438,6,106.4,no,2024-10-05
P00394,Conveyor,Motor,Stainless Steel,FlowCore,Sweden,658.25,9.078,13,25,23,medium,5,0.131,9744,4,96.2,yes,2024-07-28
P00395,Assembly,Belt,Brass,PreciseTech,Netherlands,29.09,0.529,17,19,22,medium,7,0.657,3242,4,114.9,yes,2023-10-17
P00396,CNC-Mill,Tooling,Steel,EuroMech,Sweden,218.83,2.152,3,35,17,medium,9,0.385,3775,5,105.5,yes,2023-05-21
P00397,Lathe,Valve,Composite,FlowCore,Finland,333.51,1.884,15,38,13,high,4,0.114,11559,12,126.9,yes,2023-04-14
P00398,Press,Pump,Ceramic,Nordic Motion,Germany,251.37,5.475,20,16,14,high,3,0.139,13272,6,124.3,yes,2024-09-12
P00399,Press,Bearing,Steel,Activa Parts,Finland,66.73,1.009,18,28,24,medium,9,0.377,5262,4,147.3,yes,2023-10-01
P00400,CNC-Mill,Motor,Stainless Steel,MotionHub,Italy,924.58,10.897,17,17,22,low,8,0.143,14672,1,91.7,yes,2024-11-13
P00401,CNC-Mill,Motor,Composite,Activa Parts,Germany,1496.13,7.984,20,23,17,medium,4,0.174,13900,4,98.7,yes,2024-06-04
P00402,Lathe,Controller,Stainless Steel,EuroMech,Germany,458.48,1.686,20,18,36,low,5,0.057,12190,1,71.4,yes,2024-04-29
P00403,CNC-Mill,Valve,Ceramic,Nordic Motion,Poland,396.29,2.416,23,6,21,low,2,0.344,12622,9,156.1,yes,2024-09-25
P00404,Conveyor,Valve,Polymer,Activa Parts,Italy,143.9,3.792,18,20,24,high,4,0.145,8321,15,148.5,yes,2023-08-25
P00405,Lathe,Seal,Polymer,SensorWorks,Poland,56.55,0.041,25,36,16,low,10,0.618,2490,6,134.4,yes,2024-08-21
P00406,Lathe,Motor,Composite,PreciseTech,Germany,813.76,8.523,26,19,27,critical,4,0.158,15414,8,102.0,yes,2023-06-19
P00407,Packaging,Pump,Composite,Nordic Motion,Czech Republic,672.95,5.484,18,42,0,medium,7,0.429,7213,10,106.9,yes,2024-09-02
P00408,Assembly,Cable,Steel,PreciseTech,Czech Republic,39.31,0.826,18,36,18,low,6,0.14,9770,18,104.7,yes,2025-02-17
P00409,Lathe,Motor,Polymer,EuroMech,Italy,407.03,16.419,21,48,17,critical,1,0.105,15788,3,119.2,yes,2023-03-14
P00410,CNC-Mill,Gear,Composite,EuroMech,Italy,117.31,2.315,17,2,17,high,5,0.121,7550,6,89.0,no,2023-06-05
P00411,Packaging,Seal,Ceramic,SensorWorks,Italy,15.65,0.039,10,26,19,high,8,0.232,1914,3,136.2,yes,2024-04-03
P00412,Lathe,Sensor,Ceramic,FlowCore,Finland,79.96,0.369,11,43,14,medium,4,0.262,6166,7,103.1,no,2024-09-03
P00413,CNC-Mill,Sensor,Aluminum,Activa Parts,Netherlands,131.1,0.196,12,21,26,high,7,0.423,7611,12,82.4,yes,2023-04-20
P00414,Assembly,Sensor,Stainless Steel,MotionHub,Italy,52.31,0.336,19,44,12,critical,6,0.153,7320,5,75.9,yes,2025-01-20
P00415,CNC-Mill,Motor,Brass,MotionHub,Germany,645.43,10.632,14,45,19,medium,5,0.168,12545,5,129.6,yes,2025-01-04
P00416,Packaging,Controller,Polymer,Nordic Motion,Finland,733.03,1.373,13,54,19,low,6,0.091,16640,4,51.3,no,2023-12-10
P00417,CNC-Mill,Seal,Stainless Steel,MotionHub,Poland,30.89,0.061,25,41,22,critical,9,0.236,2865,9,128.2,yes,2024-08-11
P00418,Lathe,Filter,Polymer,SensorWorks,Germany,19.69,0.378,5,41,7,low,5,0.402,6558,13,92.3,yes,2023-08-25
P00419,Press,Pump,Steel,MotionHub,Finland,1707.18,14.024,28,21,36,high,4,0.649,9093,10,119.3,no,2023-05-09
P00420,CNC-Mill,Sensor,Composite,SensorWorks,Finland,132.51,0.349,13,25,20,low,4,0.19,7449,4,112.0,yes,2023-10-11
P00421,Lathe,Seal,Stainless Steel,SensorWorks,Czech Republic,12.22,0.075,14,42,11,low,5,0.491,2503,2,132.9,no,2023-01-23
P00422,Conveyor,Tooling,Brass,FlowCore,Sweden,225.52,2.512,16,27,12,medium,6,0.406,3363,5,114.8,no,2023-08-22
P00423,Press,Sensor,Ceramic,Nordic Motion,Czech Republic,87.44,0.412,18,41,16,critical,4,0.374,6281,7,109.5,no,2024-12-13
P00424,CNC-Mill,Motor,Ceramic,Activa Parts,Poland,921.4,8.033,13,27,27,high,6,0.098,12233,5,116.9,no,2023-10-09
P00425,Conveyor,Bearing,Brass,PreciseTech,Czech Republic,75.12,0.471,20,27,19,critical,7,0.372,6501,8,148.7,yes,2024-08-07
P00426,CNC-Mill,Valve,Aluminum,PreciseTech,Sweden,182.8,1.438,19,25,16,medium,5,0.176,10858,6,123.6,yes,2023-09-03
P00427,Assembly,Pump,Brass,PreciseTech,Czech Republic,459.71,9.399,14,50,17,high,6,0.06,5814,5,112.4,yes,2024-10-05
P00428,Assembly,Belt,Aluminum,Nordic Motion,Poland,32.42,0.211,10,35,25,low,10,0.412,2752,10,91.8,yes,2024-06-18
P00429,Conveyor,Bearing,Stainless Steel,Activa Parts,Poland,97.06,0.923,8,47,20,medium,6,0.338,5270,10,153.2,no,2024-12-13
P00430,CNC-Mill,Bearing,Steel,PreciseTech,Sweden,66.37,0.896,1,37,5,medium,8,0.362,6266,7,156.1,yes,2024-01-16
P00431,Conveyor,Bearing,Aluminum,PreciseTech,Sweden,39.73,0.818,16,30,23,critical,5,0.157,4467,15,154.9,no,2024-09-20
P00432,Packaging,Cable,Composite,SensorWorks,Italy,22.17,0.627,12,33,13,high,7,0.238,5543,15,91.7,yes,2025-01-13
P00433,Packaging,Motor,Aluminum,MotionHub,Sweden,406.63,13.22,14,28,20,low,5,0.097,9151,1,119.3,yes,2024-07-23
P00434,Lathe,Bearing,Polymer,SensorWorks,Netherlands,62.92,0.665,10,33,7,medium,7,0.438,6340,11,151.2,yes,2023-05-21
P00435,Press,Seal,Ceramic,Activa Parts,Poland,35.6,0.055,13,24,13,high,10,0.447,1560,6,141.7,yes,2024-07-22
P00436,CNC-Mill,Controller,Stainless Steel,Nordic Motion,Sweden,766.93,1.114,25,0,28,critical,6,0.083,14452,6,72.6,yes,2025-02-17
P00437,CNC-Mill,Cable,Stainless Steel,FlowCore,Germany,20.61,0.756,9,55,28,high,4,0.202,8409,20,110.2,yes,2024-09-10
P00438,Lathe,Bearing,Polymer,EuroMech,Netherlands,114.15,0.584,18,27,18,medium,5,0.263,5640,12,133.8,yes,2024-05-20
P00439,Lathe,Sensor,Ceramic,Nordic Motion,Netherlands,152.64,0.428,20,14,5,low,9,0.398,5102,9,117.9,yes,2023-06-26
P00440,CNC-Mill,Sensor,Composite,MotionHub,Sweden,79.15,0.187,24,49,17,low,5,0.139,6537,9,85.7,yes,2024-06-21
P00441,CNC-Mill,Seal,Brass,Nordic Motion,Czech Republic,24.34,0.031,10,32,19,low,8,0.419,1247,7,127.2,yes,2023-11-18
P00442,CNC-Mill,Motor,Polymer,PreciseTech,Czech Republic,410.56,13.111,13,42,21,high,8,0.321,9270,8,101.4,yes,2024-09-27
P00443,Press,Motor,Stainless Steel,PreciseTech,Finland,342.47,9.785,18,17,23,high,6,0.04,14635,8,83.7,yes,2023-07-15
P00444,Lathe,Valve,Steel,Activa Parts,Italy,191.32,4.383,10,8,27,low,6,0.211,11551,6,124.6,yes,2024-12-08
P00445,CNC-Mill,Motor,Steel,FlowCore,Finland,420.58,18.132,16,28,22,low,6,0.245,11550,6,109.4,yes,2024-10-12
P00446,Assembly,Pump,Stainless Steel,SensorWorks,Poland,1025.44,10.544,16,17,16,medium,4,0.119,10204,7,110.2,yes,2025-01-19
P00447,Press,Bearing,Stainless Steel,MotionHub,Germany,76.05,0.711,9,33,17,low,8,0.341,5887,14,127.6,no,2025-01-15
P00448,Lathe,Cable,Brass,SensorWorks,Czech Republic,18.91,0.526,16,33,20,high,8,0.219,8237,20,127.8,no,2024-12-04
P00449,Lathe,Belt,Composite,MotionHub,Finland,41.54,0.285,27,8,19,medium,7,0.364,2896,3,99.0,yes,2023-09-23
P00450,Packaging,Gear,Composite,SensorWorks,Poland,124.48,0.93,11,37,10,medium,4,0.219,8863,5,124.3,yes,2023-08-04
P00451,Lathe,Motor,Aluminum,PreciseTech,Czech Republic,654.06,10.522,14,49,7,medium,6,0.082,13519,3,90.8,yes,2023-11-09
P00452,Press,Bearing,Stainless Steel,MotionHub,Czech Republic,137.73,0.847,18,32,12,high,5,0.557,4935,13,151.1,yes,2024-05-20
P00453,Conveyor,Seal,Polymer,PreciseTech,Finland,9.36,0.073,11,14,30,medium,8,0.163,2753,3,140.3,no,2023-10-14
P00454,Lathe,Pump,Steel,SensorWorks,Czech Republic,360.3,4.655,15,25,29,medium,4,0.173,6632,3,113.1,yes,2024-12-18
P00455,Lathe,Sensor,Stainless Steel,Activa Parts,Czech Republic,95.4,0.247,13,23,19,high,6,0.112,6080,7,69.4,no,2023-10-12
P00456,Packaging,Pump,Ceramic,Nordic Motion,Finland,675.1,8.523,25,19,25,low,5,0.087,8588,3,119.2,no,2024-07-26
P00457,Press,Belt,Aluminum,MotionHub,Czech Republic,47.85,0.271,12,24,13,medium,6,0.547,3656,11,123.7,yes,2025-01-14
P00458,Assembly,Seal,Stainless Steel,PreciseTech,Netherlands,27.67,0.037,17,38,20,low,8,0.257,1931,7,125.8,yes,2025-01-12
P00459,Conveyor,Bearing,Composite,FlowCore,Finland,82.04,1.825,13,6,13,medium,5,0.438,4223,11,141.2,yes,2023-05-01
P00460,Press,Filter,Aluminum,EuroMech,Germany,26.71,0.44,7,37,7,low,7,0.186,8550,17,89.2,yes,2025-01-11
P00461,Assembly,Bearing,Polymer,PreciseTech,Italy,76.04,0.854,17,10,25,medium,9,0.422,6173,7,153.0,yes,2024-02-03
P00462,Lathe,Belt,Aluminum,SensorWorks,Finland,38.39,0.245,21,33,23,high,5,0.354,2979,1,115.9,yes,2024-10-30
P00463,Press,Valve,Steel,SensorWorks,Sweden,208.77,1.993,14,17,24,low,6,0.182,14021,3,114.2,no,2024-07-29
P00464,Lathe,Sensor,Steel,Activa Parts,Finland,83.78,0.181,14,34,20,high,9,0.285,6078,4,87.1,yes,2023-02-24
P00465,Press,Motor,Ceramic,EuroMech,Czech Republic,442.65,14.729,9,0,9,high,5,0.091,11302,8,105.2,yes,2023-05-03
P00466,Conveyor,Seal,Aluminum,Activa Parts,Sweden,6.82,0.056,8,10,15,medium,6,0.531,2570,12,147.3,yes,2024-02-03
P00467,Conveyor,Pump,Polymer,EuroMech,Netherlands,436.37,12.439,17,28,4,critical,1,0.15,7968,2,115.8,yes,2024-06-19
P00468,CNC-Mill,Seal,Steel,SensorWorks,Czech Republic,26.69,0.086,20,14,23,high,4,0.348,2904,6,112.2,yes,2023-03-28
P00469,CNC-Mill,Bearing,Polymer,PreciseTech,Poland,46.04,0.877,4,19,14,medium,3,0.679,5259,10,124.5,yes,2024-02-26
P00470,Lathe,Filter,Steel,PreciseTech,Italy,17.75,0.31,15,8,24,medium,3,0.112,7048,15,103.4,yes,2024-11-17
P00471,Assembly,Gear,Stainless Steel,FlowCore,Italy,171.02,2.296,20,22,20,high,5,0.227,8713,2,123.6,yes,2024-04-14
P00472,Conveyor,Cable,Composite,FlowCore,Czech Republic,28.06,0.581,19,26,30,critical,7,0.257,6912,16,113.9,yes,2023-08-01
P00473,Lathe,Bearing,Composite,SensorWorks,Germany,91.39,0.459,6,15,5,medium,7,0.491,5407,13,147.4,yes,2023-01-17
P00474,CNC-Mill,Filter,Composite,MotionHub,Italy,26.42,0.327,13,36,20,high,6,0.179,11505,17,86.2,yes,2024-07-25
P00475,CNC-Mill,Bearing,Brass,EuroMech,Italy,62.65,0.353,10,3,13,low,4,0.203,5176,13,108.5,no,2023-06-10
P00476,Packaging,Sensor,Brass,FlowCore,Czech Republic,137.49,0.13,23,46,10,medium,4,0.22,5898,9,86.2,yes,2025-03-19
P00477,Lathe,Pump,Polymer,SensorWorks,Czech Republic,241.75,9.511,17,35,12,low,5,0.1,6550,9,99.3,no,2024-04-26
P00478,Press,Motor,Ceramic,SensorWorks,Poland,725.54,8.172,17,11,16,medium,7,0.407,13225,6,121.6,yes,2023-08-09
P00479,Press,Bearing,Composite,FlowCore,Italy,103.83,0.602,7,22,20,low,5,0.461,5108,7,144.5,no,2023-01-27
P00480,Packaging,Cable,Stainless Steel,SensorWorks,Netherlands,13.48,0.889,22,21,32,high,2,0.27,6785,20,116.8,yes,2025-03-25
P00481,CNC-Mill,Belt,Ceramic,EuroMech,Germany,44.07,0.233,25,31,34,low,9,0.456,3363,7,105.9,yes,2024-12-21
P00482,Conveyor,Pump,Stainless Steel,FlowCore,Italy,431.97,5.999,15,23,19,medium,6,0.144,9502,3,95.1,yes,2024-02-11
P00483,Assembly,Sensor,Ceramic,PreciseTech,Czech Republic,135.36,0.308,22,9,15,medium,6,0.257,7036,11,97.2,no,2024-08-16
P00484,CNC-Mill,Belt,Steel,FlowCore,Sweden,26.53,0.459,6,53,16,medium,10,0.544,2458,7,113.0,yes,2023-03-08
P00485,Assembly,Bearing,Brass,Activa Parts,Poland,47.99,0.861,19,26,32,low,6,0.344,4205,9,156.8,no,2024-10-08
P00486,Lathe,Tooling,Composite,Activa Parts,Sweden,176.6,2.38,19,19,22,high,9,0.422,2922,9,121.1,yes,2023-07-24
P00487,CNC-Mill,Sensor,Stainless Steel,EuroMech,Netherlands,51.94,0.162,8,20,18,medium,2,0.247,7347,4,83.4,yes,2024-11-11
P00488,CNC-Mill,Motor,Composite,EuroMech,Netherlands,667.15,10.196,13,35,25,high,5,0.227,16810,7,90.1,yes,2024-11-26
P00489,CNC-Mill,Tooling,Composite,Nordic Motion,Poland,113.38,2.114,17,40,19,medium,10,0.395,2772,3,107.0,no,2023-05-15
P00490,Lathe,Sensor,Polymer,MotionHub,Germany,66.73,0.255,5,28,19,high,5,0.153,6802,6,75.6,yes,2023-03-03
P00491,Conveyor,Gear,Ceramic,MotionHub,Czech Republic,103.92,2.608,12,16,12,low,5,0.106,8265,4,134.0,yes,2023-04-18
P00492,Conveyor,Valve,Composite,FlowCore,Sweden,250.42,1.079,11,10,21,low,3,0.215,9743,1,130.1,yes,2024-08-29
P00493,Packaging,Pump,Aluminum,MotionHub,Italy,266.25,5.962,9,19,29,low,3,0.211,10670,2,123.1,yes,2024-12-08
P00494,Conveyor,Tooling,Stainless Steel,MotionHub,Germany,118.67,2.68,30,31,31,critical,7,0.627,3546,4,109.6,no,2023-01-10
P00495,Lathe,Motor,Aluminum,PreciseTech,Germany,451.12,9.76,19,38,30,critical,3,0.433,11968,1,88.1,yes,2025-03-03
P00496,Assembly,Cable,Brass,Nordic Motion,Netherlands,22.21,0.95,14,28,22,high,7,0.386,10395,13,118.8,no,2023-06-06
P00497,CNC-Mill,Sensor,Aluminum,SensorWorks,Sweden,118.53,0.438,29,19,36,critical,3,0.235,5856,5,91.3,yes,2023-08-18
P00498,Lathe,Seal,Polymer,PreciseTech,Finland,35.67,0.041,20,9,26,high,6,0.585,3184,9,117.8,no,2023-05-19
P00499,CNC-Mill,Motor,Composite,EuroMech,Italy,815.73,14.956,18,23,11,high,3,0.055,10209,7,110.3,no,2024-03-13
P00500,CNC-Mill,Controller,Brass,PreciseTech,Poland,734.81,0.791,27,21,25,low,7,0.153,18477,2,74.5,yes,2024-05-13
P00501,Assembly,Pump,Polymer,EuroMech,Germany,869.89,12.203,21,19,1,medium,5,0.153,9884,12,103.4,yes,2024-09-05
P00502,Press,Sensor,Stainless Steel,Activa Parts,Poland,49.02,0.279,18,18,22,high,9,0.224,6374,9,68.0,no,2023-07-07
P00503,Conveyor,Controller,Stainless Steel,EuroMech,Netherlands,1233.36,1.438,10,26,10,high,6,0.161,13594,5,54.7,yes,2023-06-11
P00504,Conveyor,Controller,Brass,EuroMech,Sweden,896.91,1.268,13,10,10,medium,4,0.229,19528,1,71.5,yes,2023-08-20
P00505,Press,Filter,Stainless Steel,FlowCore,Germany,27.12,0.538,15,25,18,medium,7,0.308,9542,16,90.8,yes,2024-03-29
P00506,Assembly,Pump,Polymer,SensorWorks,Finland,398.01,7.247,5,40,11,medium,9,0.199,10231,6,114.8,yes,2023-12-20
P00507,Lathe,Filter,Composite,FlowCore,Poland,22.04,0.286,18,7,35,low,4,0.167,7279,17,106.1,yes,2023-01-07
P00508,Packaging,Sensor,Ceramic,FlowCore,Poland,143.5,0.13,17,21,18,high,6,0.248,7972,15,83.5,yes,2023-09-27
P00509,Assembly,Seal,Aluminum,Activa Parts,Finland,34.03,0.046,15,32,18,medium,10,0.438,2937,9,120.6,yes,2024-08-18
P00510,Press,Sensor,Aluminum,Nordic Motion,Sweden,83.85,0.18,18,40,25,medium,5,0.192,6849,4,82.0,yes,2024-11-20
P00511,CNC-Mill,Gear,Aluminum,Nordic Motion,Poland,168.41,1.797,17,11,23,high,7,0.28,9051,6,109.7,no,2024-10-09
P00512,CNC-Mill,Tooling,Brass,SensorWorks,Finland,87.06,3.117,13,55,16,low,7,0.561,3585,6,100.9,yes,2024-01-22
P00513,CNC-Mill,Seal,Polymer,EuroMech,Czech Republic,12.59,0.066,15,43,18,low,9,0.388,3767,5,104.9,yes,2023-03-16
P00514,Packaging,Sensor,Polymer,SensorWorks,Italy,140.28,0.213,12,0,17,high,5,0.096,5141,12,86.1,yes,2024-11-25
P00515,CNC-Mill,Cable,Aluminum,FlowCore,Italy,19.52,0.616,11,48,13,low,1,0.088,9416,19,102.0,yes,2023-09-17
P00516,Assembly,Valve,Steel,SensorWorks,Sweden,180.92,1.304,11,20,16,low,3,0.144,9458,15,141.1,yes,2024-04-13
P00517,Packaging,Tooling,Steel,PreciseTech,Finland,159.81,2.239,4,34,16,medium,10,0.47,3585,4,116.4,no,2024-05-25
P00518,Conveyor,Valve,Composite,PreciseTech,Finland,172.25,2.428,13,2,21,medium,6,0.116,11494,5,131.3,yes,2024-01-19
P00519,Conveyor,Bearing,Polymer,MotionHub,Sweden,150.08,0.651,20,36,20,medium,7,0.39,6193,13,123.6,yes,2023-01-28
P00520,Lathe,Bearing,Stainless Steel,Activa Parts,Italy,49.57,0.819,1,52,11,high,5,0.254,7144,14,140.1,yes,2023-05-05
P00521,Press,Valve,Composite,PreciseTech,Netherlands,177.99,1.185,14,30,18,medium,4,0.31,8620,7,124.6,yes,2024-04-19
P00522,Conveyor,Seal,Ceramic,PreciseTech,Netherlands,28.15,0.074,18,43,29,high,10,0.719,1862,1,144.3,no,2024-02-10
P00523,Lathe,Tooling,Aluminum,SensorWorks,Germany,70.81,1.753,16,18,19,critical,5,0.263,3237,6,114.2,yes,2023-03-06
P00524,CNC-Mill,Sensor,Brass,Activa Parts,Poland,73.99,0.218,9,24,12,low,5,0.212,7194,8,90.2,yes,2023-09-28
P00525,Assembly,Valve,Steel,MotionHub,Czech Republic,282.35,1.958,9,28,23,medium,7,0.385,10481,2,135.5,yes,2024-04-30
P00526,Press,Gear,Stainless Steel,FlowCore,Finland,100.91,1.839,18,28,23,medium,6,0.237,7775,10,109.6,no,2024-06-09
P00527,Assembly,Gear,Aluminum,PreciseTech,Germany,178.32,2.902,15,25,21,medium,5,0.256,8195,6,109.4,no,2023-01-31
P00528,Conveyor,Pump,Polymer,Activa Parts,Netherlands,738.13,4.066,19,25,25,medium,8,0.137,3282,10,102.5,yes,2024-06-07
P00529,Lathe,Filter,Steel,SensorWorks,Italy,13.99,0.37,8,38,11,low,3,0.131,6324,15,81.9,yes,2023-08-28
P00530,CNC-Mill,Filter,Steel,FlowCore,Czech Republic,41.17,0.673,11,20,22,medium,8,0.11,6158,18,111.4,yes,2024-05-06
P00531,Lathe,Valve,Steel,Nordic Motion,Germany,180.73,1.941,14,30,27,low,7,0.115,11073,10,99.9,yes,2023-06-27
P00532,CNC-Mill,Bearing,Brass,EuroMech,Netherlands,86.2,0.444,9,23,9,medium,9,0.448,5493,12,153.2,yes,2024-11-16
P00533,CNC-Mill,Cable,Steel,Activa Parts,Italy,24.82,0.511,13,33,22,medium,6,0.124,7751,15,100.9,no,2023-09-09
P00534,Lathe,Valve,Ceramic,EuroMech,Sweden,503.96,1.553,9,6,3,medium,4,0.208,11497,7,154.8,yes,2024-10-06
P00535,Assembly,Gear,Brass,SensorWorks,Germany,194.7,1.71,23,20,26,medium,6,0.141,7453,6,108.4,yes,2023-04-13
P00536,Lathe,Sensor,Brass,SensorWorks,Sweden,143.94,0.26,18,12,18,high,7,0.267,4800,10,80.8,yes,2024-07-14
P00537,Press,Seal,Stainless Steel,FlowCore,Italy,9.09,0.029,10,28,9,medium,6,0.335,2595,4,116.8,yes,2024-11-07
P00538,Conveyor,Bearing,Polymer,Activa Parts,Netherlands,84.9,0.699,12,11,15,high,3,0.199,5271,13,160.2,no,2024-01-23
P00539,Press,Filter,Ceramic,Nordic Motion,Germany,32.88,0.292,17,56,30,low,6,0.206,7179,16,134.9,yes,2024-02-16
P00540,Packaging,Sensor,Polymer,FlowCore,Finland,98.71,0.33,13,17,12,medium,3,0.318,2770,11,111.2,no,2025-01-04
P00541,Lathe,Bearing,Polymer,PreciseTech,Germany,42.76,1.353,14,38,14,low,7,0.546,4679,12,149.2,yes,2024-10-23
P00542,Assembly,Filter,Steel,MotionHub,Sweden,24.83,0.235,27,26,32,low,6,0.107,5723,13,93.5,yes,2024-04-10
P00543,Conveyor,Gear,Composite,MotionHub,Italy,233.38,1.09,8,29,19,high,6,0.206,9917,5,101.1,yes,2024-09-19
P00544,Assembly,Cable,Ceramic,MotionHub,Italy,21.44,0.347,8,39,14,medium,7,0.129,7119,16,149.0,no,2024-12-14
P00545,Conveyor,Sensor,Stainless Steel,FlowCore,Finland,200.68,0.207,20,49,20,medium,6,0.189,4871,7,100.2,yes,2023-10-06
P00546,Packaging,Motor,Composite,MotionHub,Germany,908.01,7.674,18,10,25,medium,4,0.397,15107,5,92.9,no,2023-04-14
P00547,Assembly,Cable,Aluminum,MotionHub,Poland,36.64,0.529,20,47,15,critical,5,0.207,7142,19,107.9,yes,2023-10-30
P00548,Assembly,Motor,Aluminum,FlowCore,Poland,702.73,10.341,27,15,19,critical,8,0.07,14091,5,103.8,yes,2024-08-28
P00549,Lathe,Controller,Brass,FlowCore,Sweden,305.22,1.078,15,16,20,critical,5,0.096,15266,3,49.3,yes,2024-03-09
P00550,Assembly,Pump,Aluminum,MotionHub,Sweden,209.41,13.132,17,30,33,low,4,0.436,8005,6,106.5,yes,2024-03-11
P00551,Press,Valve,Ceramic,SensorWorks,Finland,261.43,1.774,18,17,21,medium,5,0.196,8633,7,142.4,yes,2023-01-22
P00552,CNC-Mill,Bearing,Composite,EuroMech,Czech Republic,80.98,0.502,9,43,23,medium,5,0.155,4920,11,133.4,yes,2024-12-08
P00553,Conveyor,Controller,Composite,Activa Parts,Czech Republic,601.35,1.632,16,47,21,low,7,0.107,16420,5,48.2,yes,2023-08-27
P00554,Assembly,Motor,Steel,Activa Parts,Finland,728.14,9.573,19,4,27,medium,5,0.154,14101,2,95.3,no,2023-11-19
P00555,Conveyor,Belt,Steel,Nordic Motion,Netherlands,45.84,0.629,15,20,21,low,7,0.242,3731,10,108.9,yes,2023-11-03
P00556,Packaging,Cable,Composite,PreciseTech,Netherlands,15.47,0.626,15,26,33,low,6,0.264,7412,18,107.2,no,2023-09-02
P00557,Press,Sensor,Brass,MotionHub,Czech Republic,98.8,0.306,20,25,16,high,5,0.216,6836,9,86.8,yes,2024-12-16
P00558,CNC-Mill,Valve,Steel,EuroMech,Sweden,326.07,2.548,23,41,21,medium,1,0.27,8817,4,124.0,yes,2023-06-30
P00559,CNC-Mill,Sensor,Aluminum,PreciseTech,Czech Republic,109.3,0.237,5,36,8,medium,3,0.223,8383,7,72.3,yes,2023-01-14
P00560,CNC-Mill,Cable,Steel,EuroMech,Sweden,18.66,0.619,15,42,17,low,4,0.169,8484,14,97.9,no,2024-09-10
P00561,Press,Valve,Steel,Activa Parts,Netherlands,267.91,2.25,20,39,15,medium,2,0.181,8715,13,142.8,no,2024-07-25
P00562,Lathe,Tooling,Polymer,MotionHub,Poland,196.71,2.441,19,11,20,low,9,0.379,2593,6,127.0,yes,2023-12-13
P00563,CNC-Mill,Filter,Composite,PreciseTech,Poland,25.96,0.443,17,28,27,low,2,0.217,6010,14,106.3,yes,2023-07-02
P00564,Packaging,Cable,Polymer,Nordic Motion,Netherlands,20.65,0.6,25,31,23,medium,5,0.291,8877,18,100.5,yes,2024-08-15
P00565,Packaging,Valve,Aluminum,PreciseTech,Czech Republic,172.68,1.841,16,27,12,low,6,0.151,7611,12,158.4,yes,2024-04-11
P00566,Lathe,Tooling,Ceramic,SensorWorks,Netherlands,111.52,2.449,10,43,15,low,9,0.23,1976,7,135.8,no,2023-12-24
P00567,CNC-Mill,Sensor,Polymer,EuroMech,Poland,116.73,0.227,14,33,15,medium,5,0.141,6156,9,65.2,yes,2024-10-29
P00568,Assembly,Tooling,Polymer,EuroMech,Germany,71.66,1.289,12,31,21,medium,7,0.326,4067,10,137.2,no,2025-01-26
P00569,CNC-Mill,Seal,Steel,Activa Parts,Germany,7.27,0.042,13,32,9,critical,9,0.395,2819,4,109.9,yes,2024-11-01
P00570,Conveyor,Bearing,Aluminum,FlowCore,Italy,26.0,0.493,13,38,13,medium,7,0.609,7728,6,135.7,yes,2023-03-20
P00571,CNC-Mill,Motor,Ceramic,Nordic Motion,Netherlands,599.05,8.665,9,44,3,high,7,0.24,15580,5,136.9,yes,2024-11-29
P00572,Packaging,Sensor,Stainless Steel,MotionHub,Netherlands,233.85,0.391,14,14,15,high,5,0.347,7893,6,74.6,no,2024-11-11
P00573,Packaging,Bearing,Polymer,EuroMech,Sweden,129.7,0.849,17,5,24,high,4,0.204,6185,16,141.0,yes,2023-06-01
P00574,Conveyor,Tooling,Composite,Activa Parts,Italy,71.81,3.331,22,0,31,medium,7,1.36,2780,13,89.6,yes,2024-11-05
P00575,Press,Pump,Aluminum,MotionHub,Poland,292.47,6.444,16,25,5,low,4,0.103,9256,8,103.8,yes,2024-09-08
P00576,Packaging,Filter,Composite,EuroMech,Sweden,39.22,0.198,5,32,15,medium,7,0.109,7020,9,106.0,yes,2023-01-24
P00577,Press,Valve,Aluminum,MotionHub,Poland,159.0,1.369,17,27,21,low,8,0.082,11101,7,153.1,yes,2024-06-04
P00578,Packaging,Motor,Aluminum,Activa Parts,Netherlands,650.11,16.997,17,19,21,low,2,0.293,6628,1,105.9,yes,2024-06-08
P00579,Press,Bearing,Brass,PreciseTech,Italy,39.88,0.624,12,19,18,low,5,0.329,4266,9,124.1,yes,2023-11-13
P00580,CNC-Mill,Gear,Polymer,Activa Parts,Italy,175.04,1.837,15,33,19,high,9,0.102,6419,1,108.3,yes,2023-09-02
P00581,Packaging,Sensor,Aluminum,SensorWorks,Czech Republic,110.74,0.291,16,50,17,high,5,0.158,7387,7,70.5,yes,2025-02-13
P00582,Packaging,Bearing,Polymer,Nordic Motion,Finland,155.13,0.713,20,43,20,medium,7,0.744,6015,14,145.3,no,2023-01-25
P00583,Conveyor,Filter,Ceramic,SensorWorks,Czech Republic,20.78,0.501,19,4,22,low,7,0.152,7339,14,117.4,yes,2023-04-09
P00584,Lathe,Controller,Polymer,MotionHub,Sweden,563.27,0.713,17,30,12,medium,5,0.117,18670,6,75.5,yes,2023-10-09
P00585,Packaging,Seal,Brass,EuroMech,Poland,16.16,0.041,12,56,14,medium,7,0.843,2124,5,117.6,yes,2024-10-15
P00586,Lathe,Tooling,Steel,MotionHub,Italy,135.51,1.953,26,15,26,critical,9,0.3,2963,8,139.8,yes,2023-07-29
P00587,Conveyor,Belt,Steel,EuroMech,Sweden,72.16,0.469,21,27,26,high,7,0.527,2879,9,107.0,yes,2024-02-12
P00588,Packaging,Bearing,Brass,MotionHub,Poland,65.88,0.691,18,17,32,medium,6,0.59,6316,16,161.8,no,2024-01-21
P00589,CNC-Mill,Sensor,Ceramic,Activa Parts,Italy,124.24,0.581,22,22,36,low,8,0.175,5139,8,104.9,yes,2023-05-01
P00590,Assembly,Sensor,Polymer,MotionHub,Italy,175.62,0.177,23,13,27,medium,4,0.237,4413,10,80.7,yes,2023-08-28
P00591,Lathe,Sensor,Polymer,Nordic Motion,Italy,82.5,0.368,23,28,18,critical,4,0.207,9719,7,97.3,yes,2023-05-28
P00592,Conveyor,Belt,Polymer,EuroMech,Finland,33.08,0.44,16,52,22,low,8,0.278,3879,5,87.8,no,2023-04-09
P00593,Assembly,Filter,Polymer,SensorWorks,Finland,39.92,0.411,17,20,28,low,3,0.137,8109,5,90.0,yes,2023-01-29
P00594,Assembly,Motor,Composite,FlowCore,Finland,330.8,12.266,15,37,15,low,8,0.098,13827,4,116.0,no,2023-04-05
P00595,Conveyor,Seal,Steel,MotionHub,Germany,8.69,0.077,12,20,14,medium,9,0.603,2505,10,112.0,yes,2024-07-30
P00596,Assembly,Sensor,Brass,Nordic Motion,Finland,123.82,0.166,15,20,24,medium,6,0.259,5849,12,110.5,yes,2023-02-06
P00597,CNC-Mill,Filter,Stainless Steel,EuroMech,Sweden,14.78,0.32,8,31,13,low,6,0.133,8439,16,102.3,yes,2024-12-20
P00598,Lathe,Sensor,Composite,EuroMech,Poland,107.31,0.192,11,33,30,medium,6,0.188,8290,13,53.9,no,2023-09-22
P00599,Packaging,Motor,Steel,FlowCore,Germany,236.16,15.804,15,47,5,medium,5,0.188,10761,1,101.0,yes,2024-07-09
P00600,Packaging,Bearing,Aluminum,MotionHub,Poland,167.93,1.023,20,0,24,high,4,0.374,2913,8,155.4,yes,2023-06-12
P00601,Lathe,Bearing,Brass,FlowCore,Netherlands,72.85,1.386,19,13,30,medium,6,0.526,5146,9,137.3,no,2023-07-02
P00602,Lathe,Sensor,Polymer,FlowCore,Poland,212.15,0.298,20,10,20,low,3,0.263,5711,11,82.1,yes,2024-06-07
P00603,Lathe,Bearing,Polymer,FlowCore,Netherlands,111.11,0.857,15,2,7,medium,6,0.181,5266,4,142.8,yes,2023-03-08
P00604,Lathe,Cable,Brass,Activa Parts,Germany,22.33,0.434,15,42,14,high,5,0.177,8219,24,113.6,no,2024-06-14
P00605,CNC-Mill,Motor,Composite,Nordic Motion,Poland,557.19,10.006,13,11,22,medium,3,0.298,12398,3,91.9,yes,2024-06-26
P00606,Lathe,Motor,Steel,EuroMech,Poland,603.05,11.813,15,12,10,low,4,0.156,14703,8,94.8,yes,2024-01-23
P00607,Packaging,Seal,Ceramic,Activa Parts,Czech Republic,19.91,0.045,12,25,11,high,9,0.383,2657,7,135.8,yes,2023-10-25
P00608,CNC-Mill,Filter,Ceramic,Nordic Motion,Sweden,20.38,0.346,23,17,22,medium,5,0.38,9038,9,114.7,no,2024-04-12
P00609,CNC-Mill,Gear,Aluminum,PreciseTech,Netherlands,144.35,1.872,11,25,23,low,4,0.26,7219,5,108.5,yes,2023-06-01
P00610,Packaging,Sensor,Polymer,Nordic Motion,Poland,102.64,0.231,16,51,22,medium,3,0.377,9032,8,78.0,yes,2023-02-07
P00611,CNC-Mill,Bearing,Brass,EuroMech,Netherlands,42.42,1.548,13,19,15,medium,6,0.283,6691,11,132.6,yes,2024-10-13
P00612,Conveyor,Pump,Aluminum,Activa Parts,Czech Republic,260.19,14.954,11,24,17,high,5,0.255,10436,8,126.9,no,2024-08-18
P00613,Assembly,Seal,Composite,SensorWorks,Germany,16.99,0.045,8,19,8,low,8,0.386,1473,11,122.9,yes,2024-06-29
P00614,Packaging,Seal,Stainless Steel,PreciseTech,Germany,13.16,0.044,13,20,18,high,4,0.232,2376,6,105.7,yes,2024-03-30
P00615,CNC-Mill,Filter,Stainless Steel,EuroMech,Germany,68.19,0.165,18,5,11,low,6,0.11,8148,14,73.8,yes,2023-12-30
P00616,Lathe,Bearing,Composite,FlowCore,Netherlands,114.1,0.634,15,28,9,medium,7,0.137,5356,11,144.7,yes,2023-05-23
P00617,Packaging,Pump,Stainless Steel,PreciseTech,Netherlands,535.67,7.668,23,32,22,medium,7,0.121,8254,3,88.3,yes,2024-09-26
P00618,Lathe,Bearing,Polymer,Activa Parts,Poland,64.12,0.75,15,15,21,low,6,0.098,6754,11,148.2,yes,2023-11-14
P00619,Conveyor,Controller,Brass,FlowCore,Poland,886.5,0.932,9,33,20,high,5,0.169,13038,3,67.1,no,2024-08-04
P00620,Conveyor,Sensor,Composite,MotionHub,Sweden,87.03,0.236,15,16,22,low,6,0.162,5395,8,76.5,yes,2023-02-27
P00621,CNC-Mill,Sensor,Steel,Nordic Motion,Sweden,129.14,0.222,15,32,23,critical,2,0.084,4697,2,94.3,yes,2024-03-27
P00622,Conveyor,Bearing,Aluminum,PreciseTech,Netherlands,93.51,0.975,18,36,31,medium,3,0.243,5955,6,146.4,no,2023-04-29
P00623,Press,Tooling,Stainless Steel,Activa Parts,Poland,226.64,2.055,14,27,28,medium,9,0.447,2849,9,99.9,no,2023-08-17
P00624,Packaging,Sensor,Polymer,MotionHub,Italy,218.82,0.267,22,12,15,low,4,0.409,6903,11,92.7,yes,2024-06-08
P00625,Conveyor,Motor,Polymer,EuroMech,Finland,667.67,6.403,10,45,23,low,6,0.066,8346,9,86.1,yes,2023-09-18
P00626,Packaging,Seal,Brass,MotionHub,Sweden,23.36,0.027,19,6,28,high,8,1.162,2508,8,95.6,yes,2024-02-18
P00627,Lathe,Bearing,Composite,MotionHub,Germany,168.18,0.472,19,14,23,medium,3,0.909,5745,15,145.7,yes,2023-07-16
P00628,Packaging,Seal,Composite,FlowCore,Germany,10.04,0.053,11,31,9,low,7,0.616,1422,3,132.0,yes,2024-05-04
P00629,Lathe,Seal,Stainless Steel,SensorWorks,Poland,22.56,0.041,6,26,9,low,10,0.549,2355,8,115.7,yes,2023-03-13
P00630,Conveyor,Bearing,Composite,FlowCore,Sweden,72.67,0.697,23,11,20,medium,5,0.655,5609,10,142.2,no,2023-01-08
P00631,Conveyor,Controller,Brass,FlowCore,Netherlands,673.76,1.18,16,58,24,medium,5,0.097,13155,1,64.2,yes,2023-02-13
P00632,Assembly,Valve,Polymer,SensorWorks,Netherlands,175.07,0.771,18,28,24,high,3,0.148,10633,8,129.0,yes,2024-03-27
P00633,Press,Cable,Aluminum,Nordic Motion,Germany,35.56,0.746,19,35,16,medium,3,0.321,8471,15,113.5,yes,2025-02-21
P00634,CNC-Mill,Controller,Ceramic,FlowCore,Sweden,1821.01,1.309,16,27,6,medium,6,0.067,14311,1,75.4,no,2024-05-14
P00635,Lathe,Seal,Ceramic,MotionHub,Italy,13.87,0.039,15,7,7,low,10,0.468,2924,8,117.3,no,2024-11-06
P00636,Assembly,Cable,Ceramic,Activa Parts,Czech Republic,12.13,0.565,11,18,22,high,7,0.242,9783,23,118.5,yes,2024-12-17
P00637,Conveyor,Valve,Brass,SensorWorks,Poland,232.76,1.656,13,19,31,low,7,0.456,6209,8,125.3,no,2023-01-19
P00638,Assembly,Cable,Composite,SensorWorks,Czech Republic,18.62,0.738,16,39,19,medium,7,0.239,10555,24,107.8,no,2023-10-13
P00639,Press,Valve,Aluminum,FlowCore,Netherlands,136.8,1.265,16,2,17,medium,6,0.12,6175,9,118.9,no,2024-11-12
P00640,Packaging,Controller,Stainless Steel,Nordic Motion,Italy,880.64,0.882,36,26,37,critical,4,0.09,16866,5,49.6,no,2023-04-22
P00641,Conveyor,Cable,Composite,PreciseTech,Czech Republic,14.36,0.975,5,19,12,low,5,0.614,11065,16,104.8,no,2023-10-09
P00642,Press,Motor,Steel,PreciseTech,Sweden,734.65,17.392,16,10,20,high,4,0.32,13887,7,97.6,yes,2025-03-11
P00643,Lathe,Tooling,Ceramic,Nordic Motion,Czech Republic,155.52,2.998,24,36,25,medium,10,0.421,3027,5,119.5,yes,2023-02-28
P00644,CNC-Mill,Seal,Steel,PreciseTech,Germany,9.83,0.042,15,20,26,medium,6,0.775,2617,9,137.9,yes,2025-01-17
P00645,CNC-Mill,Valve,Steel,MotionHub,Czech Republic,131.31,1.416,11,41,24,medium,5,0.265,10807,9,151.3,yes,2023-11-05
P00646,Lathe,Motor,Polymer,FlowCore,Italy,485.41,9.076,13,37,12,low,4,0.2,10772,4,109.1,yes,2024-10-09
P00647,Conveyor,Valve,Brass,Nordic Motion,Germany,143.36,1.723,11,31,18,high,8,0.124,13177,9,135.4,no,2024-03-27
P00648,CNC-Mill,Controller,Ceramic,MotionHub,Finland,578.85,1.355,25,0,32,critical,3,0.109,21827,2,59.7,yes,2023-03-31
P00649,Press,Tooling,Brass,EuroMech,Italy,273.93,2.571,26,23,28,critical,6,0.865,2817,5,90.6,yes,2025-02-09
P00650,Press,Sensor,Aluminum,Activa Parts,Germany,173.42,0.187,26,36,31,medium,3,0.225,6807,12,101.1,no,2024-11-02
P00651,Lathe,Valve,Composite,EuroMech,Germany,99.6,1.87,22,39,31,medium,6,0.187,8946,6,134.7,yes,2024-03-09
P00652,Lathe,Controller,Ceramic,Nordic Motion,Germany,1154.57,0.668,23,18,26,critical,4,0.266,13758,1,80.4,yes,2023-06-14
P00653,CNC-Mill,Seal,Aluminum,SensorWorks,Finland,17.94,0.068,13,35,16,medium,7,0.596,2104,7,110.9,yes,2024-09-27
P00654,Packaging,Controller,Composite,PreciseTech,Germany,1221.52,0.715,21,9,11,critical,7,0.105,18190,3,45.0,yes,2023-10-20
P00655,Conveyor,Seal,Composite,Nordic Motion,Finland,13.54,0.057,13,34,7,low,6,0.347,1688,11,130.1,yes,2024-04-07
P00656,Press,Seal,Steel,MotionHub,Czech Republic,13.96,0.067,16,23,24,low,7,0.379,2528,2,107.3,yes,2024-12-12
P00657,Press,Cable,Aluminum,Nordic Motion,Sweden,27.71,0.373,20,32,24,high,7,0.13,7562,15,88.2,yes,2024-09-30
P00658,Conveyor,Valve,Ceramic,MotionHub,Italy,206.55,0.952,15,30,25,low,4,0.102,9290,6,157.5,yes,2025-01-18
P00659,CNC-Mill,Seal,Stainless Steel,SensorWorks,Italy,18.98,0.077,19,11,29,high,9,0.267,2450,9,122.1,yes,2023-11-22
P00660,Assembly,Gear,Ceramic,FlowCore,Czech Republic,381.8,2.165,23,21,26,high,6,0.219,5178,5,139.5,no,2024-03-03
P00661,Packaging,Filter,Steel,EuroMech,Poland,26.52,0.166,12,36,16,medium,6,0.235,9446,15,72.8,yes,2024-04-23
P00662,Conveyor,Motor,Brass,EuroMech,Sweden,456.29,5.44,22,7,33,critical,6,0.122,12584,6,104.2,no,2023-02-04
P00663,Press,Controller,Composite,SensorWorks,Sweden,750.99,0.744,18,41,20,medium,5,0.118,18781,4,52.4,yes,2023-10-14
P00664,Lathe,Bearing,Brass,PreciseTech,Italy,44.35,0.799,21,9,14,medium,6,0.581,6011,10,141.0,yes,2023-11-04
P00665,Lathe,Seal,Stainless Steel,Nordic Motion,Netherlands,19.9,0.039,20,6,22,medium,7,0.676,1737,6,120.5,no,2023-04-01
P00666,Press,Sensor,Ceramic,SensorWorks,Finland,67.7,0.307,17,25,18,medium,8,0.126,8290,8,105.6,no,2023-06-16
P00667,Lathe,Gear,Ceramic,Nordic Motion,Sweden,156.3,1.61,7,16,17,critical,1,0.283,8199,7,117.0,yes,2024-10-20
P00668,CNC-Mill,Sensor,Stainless Steel,FlowCore,Netherlands,67.71,0.342,8,36,14,medium,6,0.26,8482,10,82.2,no,2023-05-06
P00669,Conveyor,Gear,Steel,SensorWorks,Italy,97.6,1.384,12,21,23,high,4,0.271,6818,7,114.8,yes,2024-07-27
P00670,CNC-Mill,Controller,Stainless Steel,Nordic Motion,Sweden,1293.71,0.783,18,26,30,low,7,0.129,15069,4,75.1,yes,2023-07-05
P00671,CNC-Mill,Bearing,Polymer,MotionHub,Netherlands,58.97,1.02,22,2,16,critical,3,0.367,5386,5,141.3,yes,2024-01-17
P00672,Lathe,Valve,Aluminum,FlowCore,Netherlands,176.83,2.355,7,30,8,medium,5,0.108,7981,4,127.9,yes,2024-04-02
P00673,Assembly,Gear,Stainless Steel,EuroMech,Italy,162.33,3.14,24,8,27,high,6,0.214,10076,5,104.0,yes,2024-09-29
P00674,Lathe,Motor,Steel,FlowCore,Poland,607.06,10.673,16,39,21,high,5,0.054,9678,2,113.2,no,2023-09-29
P00675,Assembly,Tooling,Steel,MotionHub,Poland,200.85,2.592,17,26,19,medium,7,0.516,2644,15,114.2,yes,2024-08-21
P00676,Assembly,Filter,Ceramic,EuroMech,Sweden,23.2,0.413,14,49,19,low,8,0.171,5377,17,92.9,no,2025-03-05
P00677,Assembly,Bearing,Aluminum,Activa Parts,Czech Republic,89.99,1.523,12,22,8,high,4,0.424,5389,14,143.8,yes,2023-03-03
P00678,Assembly,Bearing,Stainless Steel,PreciseTech,Poland,112.74,0.647,17,16,11,medium,7,0.371,5243,11,142.0,yes,2024-11-09
P00679,Packaging,Sensor,Aluminum,Nordic Motion,Finland,86.1,0.254,12,24,22,medium,6,0.094,5327,11,79.6,yes,2023-04-28
P00680,CNC-Mill,Cable,Ceramic,PreciseTech,Italy,26.62,0.93,10,33,21,medium,9,0.359,8066,16,138.2,yes,2023-02-11
P00681,Packaging,Belt,Ceramic,Nordic Motion,Germany,22.38,0.308,3,34,11,medium,6,0.383,3468,10,125.5,no,2025-02-13
P00682,Packaging,Bearing,Aluminum,Nordic Motion,Czech Republic,146.62,0.509,7,62,18,medium,2,0.364,4683,11,158.4,yes,2024-05-25
P00683,Press,Gear,Ceramic,FlowCore,Sweden,205.03,1.645,30,39,16,critical,5,0.145,8549,4,108.8,no,2023-05-18
P00684,Assembly,Sensor,Aluminum,PreciseTech,Sweden,160.65,0.274,15,23,22,high,9,0.114,6348,12,89.5,yes,2024-09-08
P00685,Conveyor,Sensor,Polymer,MotionHub,Italy,65.08,0.234,16,37,17,low,7,0.268,4241,5,95.9,no,2025-01-31
P00686,Conveyor,Seal,Steel,Activa Parts,Germany,35.87,0.048,22,6,24,low,7,0.714,2524,7,120.3,yes,2024-10-13
P00687,Lathe,Seal,Polymer,MotionHub,Netherlands,24.24,0.043,17,24,30,medium,10,0.574,1805,6,133.9,yes,2024-01-30
P00688,Assembly,Sensor,Stainless Steel,FlowCore,Netherlands,107.47,0.165,21,27,20,medium,4,0.369,5941,10,78.6,yes,2023-03-19
P00689,Press,Seal,Polymer,Nordic Motion,Finland,29.34,0.047,13,40,21,medium,10,1.136,2056,7,102.9,yes,2023-01-07
P00690,Packaging,Belt,Aluminum,EuroMech,Italy,24.36,0.501,13,37,23,low,8,0.284,3359,9,103.9,yes,2023-06-04
P00691,Conveyor,Cable,Stainless Steel,MotionHub,Sweden,26.72,0.874,19,32,21,critical,6,0.422,8796,15,115.6,yes,2023-09-14
P00692,Conveyor,Seal,Steel,MotionHub,Finland,28.87,0.083,15,39,23,medium,10,0.88,3589,6,120.2,yes,2023-09-25
P00693,CNC-Mill,Controller,Steel,SensorWorks,Finland,665.59,1.458,13,40,7,medium,6,0.152,12344,3,45.0,yes,2023-12-28
P00694,Packaging,Seal,Ceramic,Activa Parts,Italy,9.41,0.054,12,35,23,medium,7,0.512,2745,5,116.4,yes,2023-07-07
P00695,Packaging,Valve,Polymer,Nordic Motion,Netherlands,331.64,0.812,14,31,22,medium,1,0.354,10446,8,141.6,yes,2023-01-07
P00696,Packaging,Sensor,Brass,SensorWorks,Poland,152.9,0.254,14,30,24,medium,5,0.222,6965,5,94.1,yes,2025-03-21
P00697,Assembly,Cable,Composite,SensorWorks,Netherlands,23.37,0.469,18,24,16,high,7,0.067,9644,23,111.2,no,2024-06-30
P00698,Assembly,Motor,Brass,PreciseTech,Poland,922.95,13.422,6,5,9,medium,4,0.097,8964,10,97.1,yes,2024-08-14
P00699,CNC-Mill,Valve,Aluminum,Nordic Motion,Germany,143.89,2.345,11,26,11,low,7,0.314,7300,7,122.3,yes,2023-06-17
P00700,Packaging,Belt,Aluminum,SensorWorks,Germany,34.53,0.359,16,21,3,high,4,0.467,3950,6,124.9,yes,2024-07-03
P00701,Conveyor,Cable,Ceramic,PreciseTech,Poland,29.76,0.579,15,6,18,low,7,0.299,7915,19,129.0,yes,2024-03-14
P00702,Lathe,Bearing,Stainless Steel,Activa Parts,Germany,74.13,0.547,15,0,17,low,9,0.717,5286,11,121.6,yes,2024-05-16
P00703,Conveyor,Gear,Stainless Steel,FlowCore,Czech Republic,239.98,1.34,10,18,27,medium,4,0.201,4898,4,95.4,yes,2023-12-08
P00704,Press,Bearing,Steel,EuroMech,Germany,64.23,1.203,10,0,10,low,8,0.303,4903,11,149.6,yes,2023-09-14
P00705,Press,Motor,Brass,FlowCore,Czech Republic,823.22,21.44,25,26,24,medium,5,0.145,13628,2,91.4,yes,2024-11-14
P00706,Lathe,Valve,Aluminum,PreciseTech,Sweden,372.14,1.421,16,8,25,critical,5,0.158,11951,4,140.6,no,2024-11-15
P00707,Lathe,Cable,Steel,Activa Parts,Sweden,8.55,0.497,5,36,17,medium,5,0.122,7210,13,95.8,no,2024-04-21
P00708,Conveyor,Bearing,Aluminum,MotionHub,Czech Republic,212.33,0.518,20,16,27,low,6,0.09,6736,6,104.4,yes,2024-02-07
P00709,CNC-Mill,Sensor,Polymer,Nordic Motion,Finland,94.98,0.291,11,24,12,medium,4,0.08,6386,6,87.3,yes,2023-10-20
P00710,Conveyor,Filter,Brass,SensorWorks,Finland,49.43,0.308,18,27,30,high,5,0.063,12214,9,105.8,no,2024-01-16
P00711,Press,Pump,Aluminum,Activa Parts,Czech Republic,698.08,7.478,17,39,14,high,4,0.193,11009,6,105.3,no,2025-02-13
P00712,Assembly,Gear,Aluminum,Nordic Motion,Germany,109.69,1.739,15,27,15,medium,2,0.222,6575,3,118.4,yes,2024-12-22
P00713,Assembly,Controller,Brass,SensorWorks,Netherlands,755.34,2.026,9,44,9,high,6,0.105,18342,6,56.0,no,2025-01-17
P00714,Assembly,Sensor,Aluminum,PreciseTech,Italy,79.27,0.161,17,34,24,critical,4,0.342,6119,10,85.7,yes,2025-01-13
P00715,Assembly,Bearing,Brass,FlowCore,Finland,69.14,1.095,9,33,25,low,9,0.141,3770,8,151.7,yes,2024-01-28
P00716,Press,Pump,Polymer,Activa Parts,Sweden,764.65,11.998,18,15,20,high,3,0.137,7118,3,111.4,yes,2023-06-16
P00717,Press,Pump,Composite,PreciseTech,Italy,512.28,6.454,15,35,28,high,6,0.187,9170,1,102.9,yes,2023-05-25
P00718,Press,Seal,Ceramic,PreciseTech,Czech Republic,30.7,0.045,11,23,19,low,8,0.485,2617,4,152.8,yes,2023-05-18
P00719,Packaging,Seal,Composite,Activa Parts,Italy,23.5,0.056,15,35,29,high,10,0.608,2716,7,129.3,yes,2023-06-30
P00720,Lathe,Belt,Ceramic,EuroMech,Sweden,45.7,0.47,21,18,21,low,7,0.575,3224,3,99.6,yes,2023-08-26
P00721,Press,Sensor,Ceramic,PreciseTech,Germany,219.71,0.246,22,4,27,high,7,0.41,4011,8,100.7,yes,2024-06-07
P00722,CNC-Mill,Controller,Brass,MotionHub,Sweden,1801.09,1.524,22,22,20,low,6,0.113,17324,1,52.3,yes,2023-06-08
P00723,Press,Sensor,Polymer,SensorWorks,Czech Republic,84.18,0.309,23,2,23,medium,7,0.191,6599,10,84.8,no,2024-12-21
P00724,Lathe,Tooling,Brass,SensorWorks,Poland,114.79,2.14,16,26,24,medium,7,0.563,3039,7,94.0,yes,2024-10-16
P00725,Assembly,Filter,Polymer,FlowCore,Finland,18.1,0.223,21,9,23,medium,5,0.292,8013,16,121.5,yes,2024-08-02
P00726,Packaging,Motor,Aluminum,FlowCore,Italy,849.18,18.377,16,36,27,medium,6,0.135,14096,5,114.2,yes,2024-06-01
P00727,Conveyor,Belt,Aluminum,FlowCore,Sweden,14.38,0.44,21,0,28,high,7,0.509,3329,4,91.9,yes,2025-01-06
P00728,Lathe,Gear,Ceramic,PreciseTech,Italy,176.56,1.205,12,54,17,medium,4,0.327,5126,6,126.2,yes,2023-04-15
P00729,Conveyor,Valve,Ceramic,SensorWorks,Netherlands,243.21,1.161,12,29,22,low,8,0.277,9768,8,187.3,yes,2024-02-13
P00730,Press,Bearing,Composite,Activa Parts,Czech Republic,36.8,1.341,7,8,12,low,3,0.385,5497,8,125.3,yes,2024-02-16
P00731,Assembly,Controller,Polymer,FlowCore,Italy,1127.32,1.143,10,49,19,low,2,0.132,17001,5,68.9,no,2023-01-23
P00732,CNC-Mill,Filter,Stainless Steel,MotionHub,Sweden,44.48,0.279,13,16,9,medium,3,0.253,7969,11,82.5,yes,2025-02-24
P00733,Packaging,Tooling,Stainless Steel,MotionHub,Netherlands,277.43,2.644,16,0,24,low,10,0.24,4278,4,100.6,yes,2023-07-21
P00734,Press,Sensor,Polymer,SensorWorks,Netherlands,121.3,0.334,13,30,8,medium,4,0.125,4870,10,68.2,yes,2025-03-12
P00735,Assembly,Motor,Brass,EuroMech,Italy,406.1,11.865,25,25,27,critical,5,0.16,11294,5,115.2,yes,2024-05-23
P00736,Conveyor,Belt,Brass,Activa Parts,Italy,68.1,0.373,14,23,18,high,10,0.516,2537,3,115.4,yes,2025-03-24
P00737,Assembly,Tooling,Composite,FlowCore,Czech Republic,175.25,1.649,16,16,22,high,4,0.725,2858,2,102.5,no,2024-07-14
P00738,Lathe,Seal,Steel,Nordic Motion,Sweden,9.55,0.034,12,27,15,high,2,0.454,2850,7,120.8,yes,2024-01-27
P00739,Press,Sensor,Ceramic,PreciseTech,Sweden,96.36,0.208,9,29,9,low,8,0.21,7219,10,112.3,no,2024-01-13
P00740,Assembly,Tooling,Brass,PreciseTech,Finland,176.02,2.484,22,10,33,medium,8,1.692,2879,10,111.5,yes,2023-08-29
P00741,Conveyor,Bearing,Brass,Activa Parts,Finland,48.87,0.701,22,19,28,medium,8,0.399,6090,8,136.3,yes,2024-09-19
P00742,Lathe,Valve,Steel,Activa Parts,Germany,219.05,1.099,12,36,21,low,5,0.138,7777,5,126.8,yes,2024-09-22
P00743,Lathe,Pump,Aluminum,Activa Parts,Sweden,445.33,10.296,14,27,26,high,5,0.529,9691,3,115.3,yes,2024-12-10
P00744,Packaging,Belt,Polymer,Activa Parts,Czech Republic,45.46,0.305,10,41,10,medium,5,0.264,3105,4,117.8,yes,2023-05-19
P00745,Press,Tooling,Composite,Activa Parts,Finland,92.73,1.858,11,41,9,medium,6,1.174,3152,8,109.9,no,2024-11-06
P00746,CNC-Mill,Gear,Aluminum,SensorWorks,Poland,195.39,1.119,19,20,19,high,2,0.142,9976,7,128.0,yes,2024-09-21
P00747,Assembly,Motor,Ceramic,Activa Parts,Czech Republic,428.87,6.763,15,16,10,critical,6,0.168,13342,6,127.7,yes,2023-10-19
P00748,Lathe,Sensor,Ceramic,Activa Parts,Sweden,263.42,0.248,18,9,24,medium,6,0.133,6692,7,101.3,no,2025-01-26
P00749,Assembly,Sensor,Ceramic,PreciseTech,Poland,181.93,0.274,23,6,20,critical,3,0.57,6505,5,80.6,no,2024-09-22
P00750,Lathe,Cable,Aluminum,MotionHub,Netherlands,19.21,0.977,13,6,18,medium,8,0.347,9516,15,118.1,yes,2024-08-17
P00751,Assembly,Pump,Aluminum,FlowCore,Germany,676.85,5.895,4,25,13,low,4,0.111,8643,1,125.2,yes,2023-02-08
P00752,CNC-Mill,Cable,Brass,Activa Parts,Italy,25.49,1.064,19,36,12,medium,6,0.15,8700,15,114.0,no,2024-03-07
P00753,CNC-Mill,Cable,Ceramic,SensorWorks,Poland,24.6,0.641,10,32,8,medium,7,0.096,9769,20,142.8,yes,2023-07-18
P00754,CNC-Mill,Valve,Stainless Steel,MotionHub,Poland,472.42,1.921,10,39,18,medium,3,0.226,8873,5,123.5,yes,2024-07-01
P00755,Assembly,Motor,Steel,EuroMech,Italy,737.0,18.968,9,23,17,medium,6,0.085,8991,1,115.2,no,2023-07-23
P00756,Press,Valve,Ceramic,Activa Parts,Sweden,429.85,1.456,10,29,23,low,5,0.171,9402,7,146.9,yes,2025-02-14
P00757,Packaging,Filter,Polymer,EuroMech,Italy,41.53,0.212,18,26,9,high,6,0.277,5764,10,112.9,yes,2024-07-25
P00758,Packaging,Filter,Aluminum,FlowCore,Finland,18.63,0.231,5,28,15,high,6,0.161,9961,17,96.8,yes,2024-04-07
P00759,CNC-Mill,Sensor,Aluminum,SensorWorks,Sweden,112.77,0.254,9,5,19,high,5,0.781,5175,10,73.5,no,2023-05-28
P00760,Press,Seal,Ceramic,FlowCore,Netherlands,14.92,0.067,11,17,12,medium,9,0.517,2259,4,145.9,yes,2023-02-06
P00761,CNC-Mill,Filter,Brass,Activa Parts,Czech Republic,16.47,0.435,20,49,17,high,5,0.098,5787,11,115.6,no,2023-10-31
P00762,Lathe,Motor,Steel,EuroMech,Sweden,531.84,11.206,22,20,27,high,7,0.157,13183,1,107.5,yes,2025-01-05
P00763,Conveyor,Bearing,Ceramic,Activa Parts,Sweden,300.12,1.391,17,42,18,critical,5,0.202,4913,11,172.2,yes,2023-05-26
P00764,Press,Sensor,Stainless Steel,MotionHub,Germany,174.8,0.25,16,29,14,low,5,0.117,5255,5,74.4,yes,2023-03-13
P00765,Press,Sensor,Steel,EuroMech,Germany,159.81,0.326,24,24,24,high,5,0.185,6366,5,87.4,yes,2024-08-13
P00766,Assembly,Motor,Polymer,PreciseTech,Sweden,691.67,9.895,11,24,19,high,7,0.311,11967,6,121.4,yes,2024-06-10
P00767,Packaging,Bearing,Ceramic,PreciseTech,Poland,33.36,0.583,15,35,10,medium,5,0.216,5697,14,163.3,yes,2024-11-18
P00768,Packaging,Belt,Polymer,SensorWorks,Czech Republic,26.43,0.432,12,15,11,low,3,0.317,3499,8,106.7,no,2024-01-05
P00769,Press,Seal,Stainless Steel,Activa Parts,Sweden,14.51,0.072,3,56,13,medium,9,0.797,3537,7,119.6,yes,2024-02-18
P00770,Assembly,Belt,Polymer,PreciseTech,Czech Republic,36.73,0.516,10,15,20,low,8,0.415,2432,4,116.1,yes,2023-10-26
P00771,CNC-Mill,Gear,Stainless Steel,MotionHub,Czech Republic,204.32,2.348,30,18,30,critical,7,0.147,7182,5,136.1,yes,2023-11-25
P00772,Press,Controller,Ceramic,EuroMech,Germany,990.33,1.435,19,31,33,high,6,0.099,13834,1,91.9,yes,2023-05-22
P00773,Conveyor,Belt,Composite,FlowCore,Finland,44.27,0.24,15,44,13,low,9,0.482,2121,4,93.1,yes,2023-01-09
P00774,Assembly,Controller,Brass,Activa Parts,Poland,1210.95,0.425,26,42,38,critical,5,0.067,18001,6,77.2,yes,2024-09-27
P00775,Assembly,Motor,Polymer,EuroMech,Sweden,288.73,6.305,9,24,7,high,3,0.142,8197,1,121.1,yes,2024-11-13
P00776,Conveyor,Filter,Stainless Steel,SensorWorks,Finland,22.71,0.437,6,25,11,low,4,0.066,6814,16,65.1,yes,2025-03-10
P00777,Press,Motor,Aluminum,PreciseTech,Italy,568.2,10.808,15,12,19,low,5,0.108,10040,9,114.8,no,2023-04-24
P00778,Conveyor,Motor,Brass,Activa Parts,Netherlands,598.18,9.947,21,16,20,critical,4,0.123,10175,10,94.3,yes,2023-11-21
P00779,Packaging,Motor,Aluminum,FlowCore,Finland,844.6,17.891,17,33,23,low,8,0.122,14796,4,133.8,yes,2023-12-02
P00780,Conveyor,Gear,Composite,Nordic Motion,Finland,125.84,1.458,18,34,18,low,5,0.122,3896,1,123.6,yes,2025-03-18
P00781,Press,Motor,Brass,PreciseTech,Poland,786.38,10.434,21,25,11,high,2,0.091,14998,5,116.5,yes,2023-11-04
P00782,Conveyor,Pump,Polymer,Activa Parts,Netherlands,292.01,10.461,15,11,19,medium,5,0.184,9812,2,107.1,yes,2024-06-30
P00783,Conveyor,Pump,Stainless Steel,MotionHub,Poland,319.14,8.042,12,27,16,medium,6,0.356,9859,3,114.0,yes,2024-11-09
P00784,Assembly,Controller,Ceramic,Activa Parts,Finland,675.18,1.383,29,16,30,low,5,0.085,11194,6,97.6,yes,2024-02-04
P00785,Conveyor,Seal,Brass,FlowCore,Netherlands,26.74,0.066,15,29,22,medium,9,0.614,2617,11,119.6,yes,2024-01-04
P00786,CNC-Mill,Bearing,Composite,SensorWorks,Netherlands,83.6,0.46,15,43,20,low,3,0.23,6105,13,146.7,yes,2023-06-03
P00787,CNC-Mill,Bearing,Stainless Steel,SensorWorks,Sweden,79.76,0.532,16,13,17,medium,7,0.226,5980,9,146.2,no,2024-03-27
P00788,Press,Sensor,Aluminum,Activa Parts,Finland,110.87,0.221,15,48,22,low,8,0.182,7467,11,56.9,yes,2024-05-05
P00789,Lathe,Cable,Composite,PreciseTech,Sweden,12.17,0.941,22,33,26,medium,5,0.154,6836,15,94.3,yes,2024-04-10
P00790,Packaging,Sensor,Aluminum,Activa Parts,Czech Republic,154.84,0.216,22,0,22,low,6,0.671,6253,7,78.7,yes,2025-03-12
P00791,Lathe,Tooling,Polymer,EuroMech,Netherlands,94.09,2.08,25,34,15,medium,10,0.58,1865,7,92.8,yes,2024-06-29
P00792,Packaging,Gear,Steel,PreciseTech,Netherlands,72.39,1.635,17,49,25,low,8,0.156,10446,8,111.1,no,2024-09-26
P00793,Press,Belt,Stainless Steel,Nordic Motion,Netherlands,62.37,0.386,12,37,24,medium,7,0.16,3544,4,103.8,yes,2024-05-09
P00794,CNC-Mill,Tooling,Polymer,Activa Parts,Netherlands,120.48,4.796,17,0,24,high,8,0.176,3680,6,105.1,yes,2024-01-17
P00795,Assembly,Controller,Stainless Steel,Activa Parts,Poland,501.89,0.927,18,10,18,low,6,0.086,10291,2,45.0,yes,2024-08-30
P00796,Conveyor,Cable,Composite,SensorWorks,Poland,17.74,0.431,17,18,27,medium,8,0.156,11199,17,114.5,yes,2024-06-08
P00797,Lathe,Valve,Composite,Activa Parts,Italy,149.86,0.993,6,23,14,medium,4,0.077,11727,8,131.2,no,2024-09-09
P00798,Press,Valve,Composite,FlowCore,Finland,88.63,1.198,14,27,35,low,10,0.472,12118,9,122.8,yes,2023-04-01
P00799,Lathe,Valve,Aluminum,FlowCore,Italy,120.63,1.872,14,40,15,low,4,0.299,7814,13,125.3,yes,2023-01-08
P00800,CNC-Mill,Filter,Ceramic,MotionHub,Poland,25.25,0.293,15,21,13,high,7,0.296,8903,12,110.2,yes,2024-11-20
P00801,Packaging,Cable,Steel,Nordic Motion,Germany,30.1,1.178,7,56,11,medium,3,0.164,9923,15,117.1,no,2025-03-02
P00802,Conveyor,Cable,Aluminum,Nordic Motion,Italy,13.77,0.61,14,38,18,low,6,0.409,7039,13,131.9,yes,2023-04-23
P00803,Press,Seal,Steel,SensorWorks,Poland,17.98,0.029,11,21,11,high,8,1.122,2346,6,119.8,yes,2025-01-13
P00804,Assembly,Belt,Steel,Activa Parts,Italy,42.12,0.382,11,36,3,medium,5,0.596,2628,2,117.9,yes,2024-05-03
P00805,CNC-Mill,Valve,Aluminum,SensorWorks,Sweden,181.13,2.65,11,17,10,high,6,0.273,8644,7,145.9,yes,2023-02-06
P00806,Press,Sensor,Aluminum,SensorWorks,Poland,178.81,0.339,17,21,16,low,8,0.084,8721,14,77.9,yes,2024-12-24
P00807,Conveyor,Tooling,Ceramic,EuroMech,Italy,105.89,2.749,10,5,18,medium,7,0.47,2598,7,142.6,yes,2024-12-25
P00808,Packaging,Bearing,Stainless Steel,SensorWorks,Sweden,73.93,1.488,28,13,27,critical,8,0.442,3747,14,129.9,yes,2025-02-15
P00809,Conveyor,Belt,Steel,EuroMech,Netherlands,56.08,0.397,26,0,29,critical,2,0.656,2768,6,99.4,yes,2024-01-04
P00810,Lathe,Sensor,Stainless Steel,MotionHub,Sweden,130.05,0.234,18,31,24,low,7,0.134,7758,11,68.7,no,2024-05-17
P00811,Press,Controller,Brass,MotionHub,Germany,1123.98,0.851,13,20,26,low,6,0.219,16354,4,60.5,yes,2024-12-09
P00812,Lathe,Cable,Composite,Nordic Motion,Sweden,15.28,0.65,17,56,27,critical,6,0.149,8808,16,105.5,no,2023-03-18
P00813,Assembly,Bearing,Aluminum,Activa Parts,Italy,55.23,0.777,15,22,29,low,6,0.199,4342,12,121.6,yes,2023-05-07
P00814,CNC-Mill,Cable,Ceramic,Activa Parts,Netherlands,37.03,0.563,14,29,19,high,5,0.13,9077,14,145.7,no,2023-10-14
P00815,CNC-Mill,Gear,Steel,FlowCore,Poland,135.69,1.6,17,21,5,low,4,0.18,9206,4,100.9,yes,2024-11-04
P00816,Lathe,Sensor,Brass,SensorWorks,Czech Republic,164.82,0.26,18,42,14,medium,3,0.261,7957,4,95.5,yes,2024-08-21
P00817,CNC-Mill,Pump,Ceramic,EuroMech,Netherlands,386.28,8.39,14,28,22,medium,5,0.199,10272,7,123.3,yes,2024-02-23
P00818,Conveyor,Filter,Composite,FlowCore,Finland,51.21,0.693,11,22,19,medium,3,0.251,8962,12,112.0,yes,2024-05-10
P00819,CNC-Mill,Sensor,Ceramic,EuroMech,Italy,146.74,0.162,17,58,22,low,2,0.218,4839,10,113.7,yes,2024-02-15
P00820,Assembly,Bearing,Ceramic,SensorWorks,Italy,117.58,0.79,10,34,18,high,6,0.298,6423,9,152.8,yes,2023-05-24
P00821,Conveyor,Gear,Steel,EuroMech,Czech Republic,476.98,1.757,23,8,33,medium,5,0.189,9676,4,86.6,yes,2023-07-07
P00822,Press,Controller,Ceramic,EuroMech,Netherlands,1150.98,0.882,21,20,21,medium,8,0.115,15623,1,56.9,yes,2023-10-30
P00823,Press,Bearing,Composite,FlowCore,Czech Republic,104.13,0.722,19,27,25,medium,5,0.256,4416,9,139.6,yes,2023-01-02
P00824,Press,Bearing,Ceramic,SensorWorks,Italy,57.96,1.341,20,35,21,low,5,1.003,3136,5,155.9,yes,2024-04-30
P00825,Conveyor,Motor,Composite,FlowCore,Poland,406.87,13.594,18,14,11,medium,6,0.123,14968,5,99.0,no,2024-05-14
P00826,Packaging,Seal,Steel,MotionHub,Italy,11.63,0.049,11,36,18,low,7,0.802,3106,6,118.5,yes,2024-04-24
P00827,Conveyor,Sensor,Composite,SensorWorks,Netherlands,115.46,0.164,17,27,13,high,3,0.66,6654,8,81.2,yes,2023-11-28
P00828,CNC-Mill,Gear,Aluminum,PreciseTech,Sweden,204.14,2.292,22,7,28,medium,7,0.357,7628,9,103.9,yes,2023-07-06
P00829,Press,Seal,Aluminum,Activa Parts,Netherlands,30.06,0.033,21,14,17,medium,9,0.591,2951,4,114.6,yes,2024-03-18
P00830,Conveyor,Bearing,Steel,MotionHub,Sweden,179.41,0.801,14,4,11,medium,6,0.445,5914,8,153.1,yes,2024-08-02
P00831,Assembly,Gear,Composite,EuroMech,Czech Republic,199.81,1.175,9,9,6,medium,5,0.217,4470,4,130.0,no,2023-06-06
P00832,Assembly,Sensor,Composite,Nordic Motion,Italy,173.32,0.338,9,32,22,high,4,0.161,8701,4,73.1,no,2023-07-31
P00833,Press,Controller,Aluminum,MotionHub,Czech Republic,947.33,1.127,7,24,22,high,2,0.189,11938,7,57.7,yes,2024-05-10
P00834,Packaging,Cable,Stainless Steel,MotionHub,Poland,21.17,0.928,18,49,13,medium,7,0.188,7919,14,92.4,yes,2023-01-13
P00835,Lathe,Sensor,Stainless Steel,Nordic Motion,Czech Republic,98.67,0.242,12,23,19,low,4,0.193,6769,8,104.4,yes,2023-04-25
P00836,Assembly,Valve,Steel,MotionHub,Sweden,279.53,1.082,16,18,20,medium,7,0.313,12453,5,111.0,yes,2024-04-11
P00837,Packaging,Seal,Stainless Steel,Nordic Motion,Czech Republic,18.5,0.1,16,31,19,critical,10,0.384,3121,10,99.8,yes,2023-04-11
P00838,Lathe,Valve,Stainless Steel,SensorWorks,Poland,593.73,1.457,18,6,21,high,2,0.192,9978,3,112.2,yes,2024-06-09
P00839,Conveyor,Cable,Aluminum,Nordic Motion,Italy,20.05,0.619,15,6,13,medium,4,0.1,9998,23,116.2,no,2025-01-19
P00840,Press,Valve,Polymer,Activa Parts,Sweden,174.98,2.678,13,45,5,low,6,0.116,12960,8,143.9,yes,2023-11-15
P00841,Lathe,Seal,Stainless Steel,MotionHub,Italy,26.19,0.04,13,15,23,low,7,0.227,1640,5,122.3,yes,2024-03-28
P00842,Lathe,Bearing,Steel,MotionHub,Germany,65.13,0.952,16,23,30,low,6,0.321,5389,12,124.7,yes,2023-12-14
P00843,CNC-Mill,Valve,Aluminum,SensorWorks,Netherlands,271.93,1.005,19,33,29,medium,6,0.183,12539,4,111.9,yes,2023-02-06
P00844,Lathe,Filter,Polymer,MotionHub,Germany,25.34,0.465,10,46,18,low,2,0.088,8777,17,94.8,yes,2023-03-11
P00845,Press,Belt,Aluminum,Nordic Motion,Finland,22.5,0.406,8,10,5,medium,7,0.29,2595,11,110.4,yes,2024-11-13
P00846,CNC-Mill,Tooling,Aluminum,EuroMech,Germany,92.96,1.82,18,25,22,medium,9,0.507,2762,12,107.4,yes,2024-01-24
P00847,Press,Seal,Aluminum,PreciseTech,Sweden,10.43,0.091,11,33,18,low,8,1.762,3206,7,132.1,no,2024-04-29
P00848,Lathe,Bearing,Ceramic,EuroMech,Finland,48.44,0.401,5,13,7,low,3,0.282,4517,9,153.7,no,2024-09-12
P00849,Conveyor,Seal,Composite,Activa Parts,Finland,24.32,0.04,13,20,20,medium,7,0.971,2991,3,127.7,yes,2023-04-18
P00850,CNC-Mill,Motor,Composite,FlowCore,Netherlands,323.55,13.236,16,9,22,low,5,0.47,11719,4,103.6,yes,2024-12-29
P00851,Lathe,Bearing,Composite,Nordic Motion,Netherlands,66.26,0.894,21,27,18,medium,10,0.229,3735,13,136.5,yes,2024-05-22
P00852,Conveyor,Filter,Composite,MotionHub,Poland,33.95,0.291,24,14,19,critical,4,0.232,7472,10,92.5,yes,2024-03-25
P00853,Lathe,Seal,Polymer,SensorWorks,Italy,22.18,0.09,12,31,21,low,9,0.447,2486,18,125.2,yes,2023-07-13
P00854,Packaging,Filter,Steel,PreciseTech,Czech Republic,22.84,0.483,16,15,11,medium,5,0.163,9655,8,89.4,yes,2023-11-12
P00855,Press,Belt,Aluminum,FlowCore,Finland,21.22,0.687,11,32,5,low,4,0.158,2871,3,127.1,yes,2024-07-03
P00856,Packaging,Gear,Aluminum,MotionHub,Czech Republic,120.12,1.874,13,37,20,high,3,0.197,10811,3,93.2,yes,2024-08-18
P00857,Conveyor,Filter,Ceramic,MotionHub,Poland,19.89,0.286,7,37,14,medium,6,0.155,5311,13,103.0,yes,2024-04-12
P00858,Conveyor,Bearing,Brass,EuroMech,Poland,84.25,0.568,14,33,17,low,8,0.549,5573,6,140.8,yes,2023-11-10
P00859,Press,Belt,Ceramic,MotionHub,Poland,99.07,0.334,11,46,16,low,10,0.705,3530,3,121.4,no,2023-09-27
P00860,Press,Sensor,Aluminum,EuroMech,Poland,107.09,0.21,23,31,17,high,5,0.267,4824,8,83.9,yes,2023-05-23
P00861,Lathe,Controller,Steel,EuroMech,Italy,1041.36,1.415,12,23,18,low,6,0.2,16420,6,50.4,yes,2024-10-21
P00862,Assembly,Cable,Brass,FlowCore,Italy,18.19,0.937,10,6,11,high,5,0.21,5770,21,112.9,no,2024-09-23
P00863,Press,Valve,Steel,MotionHub,Germany,216.65,1.063,17,36,9,critical,5,0.151,11525,6,121.1,no,2024-09-27
P00864,Conveyor,Motor,Aluminum,EuroMech,Italy,411.25,8.946,15,40,25,low,6,0.066,15753,1,126.4,yes,2023-11-01
P00865,Conveyor,Bearing,Aluminum,FlowCore,Czech Republic,121.53,0.767,17,33,13,high,6,0.366,3533,9,141.7,yes,2024-03-25
P00866,Assembly,Valve,Steel,SensorWorks,Netherlands,269.18,1.428,5,42,13,low,2,0.376,8570,4,125.7,no,2024-08-09
P00867,Packaging,Filter,Steel,EuroMech,Finland,15.55,0.259,13,26,27,high,5,0.106,9284,11,116.2,yes,2024-10-31
P00868,CNC-Mill,Tooling,Composite,Activa Parts,Poland,65.05,2.767,8,37,19,low,7,0.589,3782,7,108.9,no,2024-11-16
P00869,Lathe,Controller,Ceramic,MotionHub,Germany,531.18,1.064,13,23,17,medium,9,0.072,13150,1,79.7,yes,2023-02-17
P00870,Press,Sensor,Composite,Activa Parts,Poland,192.42,0.17,22,11,21,high,4,0.285,8136,13,90.9,yes,2023-01-29
P00871,Packaging,Seal,Ceramic,Activa Parts,Sweden,14.4,0.076,12,19,21,medium,6,0.61,2910,5,134.9,no,2024-08-28
P00872,CNC-Mill,Belt,Steel,FlowCore,Sweden,31.54,0.443,19,25,21,low,7,0.632,3158,7,112.9,yes,2025-01-02
P00873,Lathe,Valve,Steel,Nordic Motion,Czech Republic,145.68,1.711,14,35,13,medium,4,0.18,5253,5,142.5,yes,2024-09-03
P00874,Assembly,Gear,Composite,PreciseTech,Sweden,115.71,1.311,19,28,29,medium,4,0.307,10449,3,111.2,no,2024-12-24
P00875,Packaging,Cable,Polymer,EuroMech,Sweden,14.49,0.45,16,10,25,high,6,0.15,6306,20,105.4,yes,2023-11-01
P00876,Press,Pump,Polymer,FlowCore,Czech Republic,645.05,4.578,21,39,19,critical,6,0.098,9296,8,105.9,no,2024-12-27
P00877,CNC-Mill,Motor,Stainless Steel,MotionHub,Netherlands,286.13,12.348,14,25,20,medium,3,0.197,14654,8,127.3,yes,2023-01-01
P00878,Packaging,Seal,Stainless Steel,Nordic Motion,Italy,17.78,0.053,13,17,18,medium,8,0.599,2283,5,118.6,yes,2023-02-08
P00879,Press,Controller,Stainless Steel,PreciseTech,Finland,586.14,1.345,14,31,20,low,6,0.078,11298,4,54.2,yes,2025-02-21
P00880,Packaging,Valve,Steel,PreciseTech,Finland,164.26,1.334,22,37,10,low,5,0.093,15009,3,135.0,no,2024-02-02
P00881,Conveyor,Filter,Composite,MotionHub,Poland,18.46,0.303,22,31,19,critical,7,0.212,7582,18,115.7,no,2023-01-08
P00882,Packaging,Sensor,Brass,Activa Parts,Italy,63.23,0.262,14,30,14,medium,7,0.476,8771,3,93.4,yes,2023-07-26
P00883,Packaging,Controller,Polymer,EuroMech,Netherlands,739.65,0.818,28,47,29,critical,5,0.039,18434,2,55.5,yes,2023-11-05
P00884,Conveyor,Controller,Steel,MotionHub,Finland,870.79,0.784,12,30,9,high,9,0.059,17244,3,82.5,yes,2023-08-02
P00885,Press,Bearing,Stainless Steel,FlowCore,Italy,83.18,1.116,15,11,16,medium,4,0.363,5281,11,139.9,yes,2024-05-24
P00886,Packaging,Seal,Aluminum,Nordic Motion,Finland,19.95,0.051,18,24,26,medium,10,0.29,2826,8,109.6,no,2024-08-25
P00887,Assembly,Filter,Stainless Steel,Nordic Motion,Sweden,29.78,0.263,16,0,23,high,7,0.083,9764,6,90.4,yes,2024-06-24
P00888,Lathe,Controller,Steel,SensorWorks,Czech Republic,602.55,0.832,18,36,15,medium,4,0.226,16821,6,56.2,yes,2023-06-20
P00889,CNC-Mill,Motor,Ceramic,MotionHub,Finland,471.71,9.513,15,40,10,high,5,0.304,11618,4,126.4,no,2024-08-11
P00890,Conveyor,Bearing,Stainless Steel,FlowCore,Czech Republic,90.04,0.984,14,51,18,medium,5,0.398,4599,16,135.8,yes,2023-07-17
P00891,Conveyor,Motor,Brass,Nordic Motion,Czech Republic,366.45,9.205,22,15,20,low,5,0.087,10024,9,100.3,yes,2024-11-23
P00892,CNC-Mill,Bearing,Aluminum,SensorWorks,Germany,59.86,0.945,6,28,3,medium,6,0.309,6271,7,168.8,yes,2023-04-01
P00893,Conveyor,Bearing,Ceramic,SensorWorks,Finland,71.42,0.596,15,24,12,medium,10,0.636,5431,9,159.7,no,2024-09-20
P00894,Lathe,Seal,Stainless Steel,SensorWorks,Netherlands,27.78,0.054,12,32,18,medium,10,0.762,2534,5,100.9,yes,2023-02-08
P00895,Packaging,Sensor,Ceramic,PreciseTech,Netherlands,69.21,0.335,9,59,30,low,4,0.243,8370,2,110.3,no,2024-10-12
P00896,CNC-Mill,Bearing,Ceramic,Nordic Motion,Netherlands,142.54,0.635,7,19,7,low,5,0.957,5466,3,154.2,yes,2024-12-29
P00897,Press,Sensor,Composite,SensorWorks,Sweden,209.1,0.332,14,32,22,low,6,0.113,6718,10,95.6,no,2023-05-29
P00898,Assembly,Tooling,Stainless Steel,MotionHub,Germany,283.18,1.727,21,24,21,low,7,0.585,2582,5,95.5,yes,2024-10-28
P00899,Packaging,Belt,Steel,Activa Parts,Sweden,57.3,0.397,8,18,25,medium,10,0.531,4250,4,118.1,yes,2023-02-20
P00900,Lathe,Tooling,Aluminum,MotionHub,Italy,153.14,1.92,20,15,13,medium,6,0.49,1833,12,114.5,no,2024-03-07
P00901,Conveyor,Cable,Stainless Steel,SensorWorks,Finland,28.17,0.649,18,32,26,high,3,0.21,9954,18,110.1,yes,2024-12-14
P00902,Press,Pump,Stainless Steel,SensorWorks,Poland,319.34,12.252,20,0,18,medium,8,0.15,10373,3,110.9,yes,2024-05-06
P00903,Press,Gear,Composite,Nordic Motion,Czech Republic,313.63,1.238,7,8,20,low,4,0.149,8399,8,117.8,yes,2024-10-25
P00904,Assembly,Seal,Polymer,PreciseTech,Netherlands,13.43,0.047,14,26,14,medium,10,0.853,2570,8,125.8,yes,2024-02-01
P00905,Press,Valve,Stainless Steel,FlowCore,Czech Republic,123.3,1.532,14,10,19,low,7,0.098,9830,6,121.0,yes,2024-09-20
P00906,Press,Seal,Stainless Steel,MotionHub,Poland,18.28,0.056,20,21,11,low,7,0.458,3077,8,106.1,no,2024-02-08
P00907,Press,Pump,Composite,SensorWorks,Netherlands,217.89,5.351,19,13,18,low,7,0.303,7864,4,115.0,yes,2023-07-24
P00908,Lathe,Cable,Aluminum,MotionHub,Poland,30.12,0.587,13,10,17,low,1,0.266,7140,18,114.7,yes,2024-11-01
P00909,Conveyor,Bearing,Composite,Activa Parts,Italy,77.52,0.733,20,46,24,medium,7,0.233,4832,16,142.3,yes,2024-03-25
P00910,Lathe,Cable,Brass,SensorWorks,Italy,33.37,0.851,24,37,24,medium,3,0.301,7504,18,124.8,yes,2023-11-02
P00911,Conveyor,Belt,Steel,EuroMech,Sweden,43.77,0.235,21,17,14,low,6,0.226,2834,4,105.9,yes,2023-06-09
P00912,Press,Filter,Ceramic,EuroMech,Italy,27.77,0.392,16,37,15,low,6,0.163,6793,12,119.8,yes,2023-06-02
P00913,Assembly,Sensor,Polymer,PreciseTech,Finland,70.72,0.219,22,41,20,medium,4,0.301,6932,11,84.4,yes,2025-03-07
P00914,Conveyor,Motor,Stainless Steel,Nordic Motion,Czech Republic,479.23,12.826,7,40,6,low,3,0.164,11235,2,98.4,yes,2024-09-16
P00915,CNC-Mill,Filter,Ceramic,FlowCore,Czech Republic,24.3,0.269,8,24,15,medium,6,0.16,10891,11,116.9,no,2023-06-19
P00916,Packaging,Bearing,Composite,MotionHub,Czech Republic,75.13,0.501,12,29,24,medium,4,0.348,4191,11,129.6,no,2024-06-20
P00917,Conveyor,Tooling,Steel,SensorWorks,Netherlands,122.72,2.038,18,50,21,high,9,0.137,1659,7,93.0,yes,2025-01-11
P00918,Assembly,Valve,Polymer,MotionHub,Finland,135.64,1.965,15,17,18,low,4,0.224,7600,9,124.9,yes,2024-09-18
P00919,Assembly,Bearing,Stainless Steel,Activa Parts,Italy,32.17,0.481,26,27,29,critical,6,0.258,5259,11,130.7,yes,2024-05-22
P00920,Press,Tooling,Polymer,FlowCore,Germany,104.88,1.205,15,21,23,medium,10,0.21,2807,7,86.1,yes,2024-08-25
P00921,Packaging,Bearing,Stainless Steel,Activa Parts,Czech Republic,71.01,0.8,27,4,23,critical,5,0.158,6440,13,143.2,yes,2023-12-26
P00922,Conveyor,Sensor,Polymer,FlowCore,Sweden,116.17,0.295,16,10,27,medium,5,0.488,5773,6,87.3,yes,2024-12-28
P00923,Assembly,Valve,Steel,SensorWorks,Finland,409.06,2.122,17,23,14,low,6,0.129,9035,2,126.9,yes,2023-08-11
P00924,Press,Filter,Composite,MotionHub,Sweden,29.78,0.239,17,38,6,low,7,0.284,9207,16,89.4,yes,2023-04-15
P00925,Press,Bearing,Aluminum,FlowCore,Sweden,57.08,0.628,20,37,22,critical,2,0.283,5560,10,135.7,no,2024-06-13
P00926,Press,Bearing,Aluminum,PreciseTech,Poland,96.62,0.566,17,34,26,low,8,0.257,5105,9,142.2,no,2024-11-20
P00927,Packaging,Sensor,Composite,MotionHub,Czech Republic,63.46,0.353,16,10,23,high,3,0.365,5123,8,74.5,no,2024-09-25
P00928,Assembly,Filter,Aluminum,MotionHub,Italy,50.79,0.709,18,14,25,medium,8,0.095,7931,21,105.4,yes,2024-02-05
P00929,Conveyor,Bearing,Brass,Activa Parts,Czech Republic,69.64,1.815,18,1,24,medium,7,0.169,4462,9,171.1,yes,2024-03-29
P00930,Conveyor,Cable,Composite,Activa Parts,Netherlands,21.64,0.56,7,16,11,high,5,0.266,10047,18,119.5,no,2023-07-23
P00931,Packaging,Valve,Composite,Activa Parts,Netherlands,158.79,2.162,3,24,11,medium,5,0.159,13411,7,107.4,yes,2024-04-13
P00932,Lathe,Pump,Aluminum,PreciseTech,Finland,519.34,13.079,10,37,19,medium,2,0.145,8865,3,106.7,no,2024-03-09
P00933,Lathe,Controller,Composite,Nordic Motion,Finland,267.26,1.226,9,41,9,high,3,0.209,12927,2,68.7,no,2023-10-18
P00934,Press,Belt,Stainless Steel,MotionHub,Poland,39.73,0.309,19,25,16,medium,5,0.391,3853,5,107.1,no,2025-01-13
P00935,CNC-Mill,Cable,Ceramic,MotionHub,Sweden,37.12,0.673,20,29,22,medium,7,0.158,9048,18,128.6,no,2024-06-12
P00936,Press,Tooling,Polymer,PreciseTech,Finland,84.45,2.304,16,50,11,low,4,0.754,3066,12,99.2,no,2024-10-12
P00937,Packaging,Belt,Polymer,FlowCore,Czech Republic,61.09,0.522,20,22,25,critical,6,0.63,3620,7,119.2,yes,2023-10-02
P00938,Lathe,Filter,Stainless Steel,SensorWorks,Czech Republic,11.91,0.193,16,50,16,medium,5,0.182,7915,9,89.5,yes,2023-09-30
P00939,Lathe,Valve,Steel,EuroMech,Poland,145.63,2.052,8,8,20,medium,7,0.126,11321,11,113.3,no,2024-06-13
P00940,Press,Sensor,Polymer,EuroMech,Finland,106.3,0.314,13,35,9,low,8,0.285,7228,7,85.7,yes,2024-07-11
P00941,Assembly,Belt,Ceramic,Activa Parts,Germany,49.29,0.51,40,45,30,critical,7,0.369,3663,7,157.1,yes,2023-04-09
P00942,Conveyor,Gear,Aluminum,Activa Parts,Poland,161.47,2.622,11,33,22,low,5,0.495,8580,9,112.7,yes,2023-02-24
P00943,Packaging,Valve,Steel,FlowCore,Czech Republic,229.36,3.877,17,35,13,medium,5,0.411,14178,11,138.1,no,2024-02-06
P00944,Lathe,Sensor,Brass,MotionHub,Poland,107.98,0.235,17,0,19,low,5,0.191,6290,9,81.7,no,2024-06-02
P00945,Press,Gear,Composite,Activa Parts,Sweden,57.46,1.18,10,9,14,medium,6,0.426,7779,7,109.9,yes,2023-10-04
P00946,CNC-Mill,Cable,Steel,Activa Parts,Finland,23.64,0.644,18,32,14,low,5,0.278,9238,15,118.0,no,2023-08-13
P00947,Press,Sensor,Steel,MotionHub,Germany,110.44,0.396,29,23,20,critical,9,0.153,3833,6,73.6,yes,2023-07-23
P00948,CNC-Mill,Cable,Ceramic,Activa Parts,Italy,18.94,0.481,18,28,22,low,4,0.287,10333,21,156.4,yes,2025-01-07
P00949,Assembly,Motor,Composite,EuroMech,Netherlands,208.55,9.956,10,3,11,low,5,0.045,9875,5,76.5,yes,2024-07-26
P00950,CNC-Mill,Bearing,Aluminum,Nordic Motion,Czech Republic,73.64,0.929,14,19,19,medium,7,0.165,4516,8,141.4,no,2024-05-09
P00951,Assembly,Cable,Ceramic,Activa Parts,Poland,42.65,0.817,28,23,11,high,2,0.131,4977,17,111.1,yes,2023-11-03
P00952,CNC-Mill,Bearing,Polymer,EuroMech,Sweden,81.64,1.031,15,5,20,critical,6,0.351,5647,14,121.5,no,2023-07-27
P00953,Packaging,Pump,Ceramic,MotionHub,Poland,586.91,7.635,25,45,27,medium,6,0.236,8250,5,129.3,no,2024-01-02
P00954,Lathe,Controller,Steel,MotionHub,Sweden,1327.14,0.518,21,6,23,medium,6,0.042,10248,7,45.0,yes,2024-09-27
P00955,CNC-Mill,Sensor,Ceramic,Nordic Motion,Sweden,99.71,0.232,20,29,24,medium,3,0.127,7339,13,94.1,yes,2024-01-09
P00956,CNC-Mill,Filter,Aluminum,Nordic Motion,Germany,14.94,0.33,17,36,16,medium,6,0.113,8378,11,107.6,yes,2023-04-21
P00957,Packaging,Bearing,Polymer,PreciseTech,Italy,25.57,0.656,13,31,21,low,7,0.29,7673,8,134.9,no,2024-04-05
P00958,Conveyor,Bearing,Aluminum,EuroMech,Italy,94.1,0.736,13,27,19,high,6,0.095,5006,10,128.2,yes,2023-06-12
P00959,Conveyor,Bearing,Aluminum,EuroMech,Czech Republic,83.65,1.171,5,5,14,medium,4,0.346,5238,13,157.7,yes,2024-04-13
P00960,Assembly,Bearing,Aluminum,EuroMech,Germany,38.29,0.963,22,16,22,critical,6,1.013,4175,10,144.0,yes,2023-03-13
P00961,Packaging,Bearing,Aluminum,Activa Parts,Poland,141.08,0.582,12,3,19,medium,3,0.46,3439,5,147.4,yes,2024-01-28
P00962,Assembly,Sensor,Stainless Steel,PreciseTech,Italy,122.64,0.201,17,26,15,critical,3,0.352,7501,9,84.4,no,2023-11-14
P00963,Packaging,Controller,Brass,SensorWorks,Poland,741.09,0.837,21,14,22,low,5,0.238,14262,2,45.0,yes,2024-09-29
P00964,Assembly,Sensor,Polymer,MotionHub,Netherlands,190.08,0.263,8,35,19,high,6,0.276,6099,6,80.3,yes,2023-01-18
P00965,Press,Sensor,Brass,EuroMech,Czech Republic,71.44,0.244,17,40,29,critical,8,0.093,5982,9,90.6,yes,2023-01-16
P00966,Press,Valve,Ceramic,SensorWorks,Finland,229.27,1.162,21,5,20,medium,6,0.137,7998,8,151.1,yes,2024-12-15
P00967,Lathe,Belt,Aluminum,Nordic Motion,Germany,43.33,0.431,14,10,18,high,9,0.857,3498,11,110.8,no,2024-06-18
P00968,Conveyor,Filter,Aluminum,Nordic Motion,Finland,30.81,0.336,13,23,19,high,5,0.436,7211,11,83.3,yes,2024-02-10
P00969,Conveyor,Seal,Brass,FlowCore,Sweden,25.45,0.069,18,39,30,low,5,0.61,2131,11,115.6,yes,2024-06-29
P00970,Packaging,Controller,Aluminum,SensorWorks,Netherlands,736.22,1.101,13,25,9,low,7,0.353,14514,5,45.0,no,2023-05-22
P00971,Packaging,Belt,Brass,PreciseTech,Germany,59.27,0.39,20,7,27,medium,5,0.617,2822,10,124.4,no,2023-08-06
P00972,Lathe,Pump,Composite,Activa Parts,Italy,195.64,10.193,14,10,21,medium,5,0.407,6541,6,106.2,no,2024-08-28
P00973,CNC-Mill,Sensor,Polymer,PreciseTech,Czech Republic,103.19,0.116,15,50,33,low,9,0.047,5920,10,92.6,no,2024-10-11
P00974,Assembly,Sensor,Stainless Steel,EuroMech,Czech Republic,90.89,0.145,23,31,32,critical,4,0.163,6626,10,89.3,no,2023-01-16
P00975,Lathe,Filter,Polymer,EuroMech,Italy,33.62,0.302,21,31,14,high,8,0.305,7003,18,90.0,yes,2023-08-28
P00976,Conveyor,Filter,Ceramic,SensorWorks,Poland,50.05,0.313,27,30,23,critical,3,0.22,10004,10,108.5,no,2024-11-11
P00977,CNC-Mill,Seal,Ceramic,EuroMech,Czech Republic,16.99,0.047,22,24,27,high,10,0.273,3191,5,137.4,yes,2024-10-08
P00978,Packaging,Sensor,Ceramic,FlowCore,Czech Republic,68.54,0.402,26,33,25,critical,8,0.084,6082,10,97.5,yes,2025-02-22
P00979,Conveyor,Bearing,Composite,EuroMech,Italy,189.77,0.541,12,26,20,medium,7,0.508,7384,7,136.0,yes,2023-02-21
P00980,CNC-Mill,Valve,Steel,MotionHub,Finland,324.65,1.45,15,34,18,critical,5,0.267,12399,7,115.6,yes,2024-12-06
P00981,Lathe,Valve,Aluminum,EuroMech,Poland,263.65,1.741,10,18,12,high,5,0.414,9069,7,145.7,yes,2023-10-04
P00982,Packaging,Bearing,Polymer,Activa Parts,Finland,139.44,1.018,29,14,29,medium,3,0.252,3308,12,140.8,yes,2023-09-23
P00983,CNC-Mill,Cable,Aluminum,Nordic Motion,Italy,20.44,0.956,5,19,0,low,2,0.255,9161,15,108.8,yes,2024-09-08
P00984,CNC-Mill,Bearing,Stainless Steel,MotionHub,Czech Republic,161.88,0.948,14,38,17,low,5,0.138,4538,5,126.4,yes,2023-02-25
P00985,Conveyor,Motor,Stainless Steel,MotionHub,Netherlands,1258.59,22.222,14,30,29,medium,7,0.11,14592,8,112.8,yes,2024-07-30
P00986,Conveyor,Tooling,Composite,MotionHub,Germany,195.45,2.48,19,41,9,medium,6,0.464,2385,4,121.6,yes,2023-06-21
P00987,Packaging,Filter,Stainless Steel,MotionHub,Netherlands,32.09,0.174,21,43,26,low,5,0.208,6209,15,112.3,no,2024-12-24
P00988,Packaging,Gear,Composite,MotionHub,Netherlands,145.6,1.261,13,11,30,low,5,0.12,7861,4,124.8,yes,2024-06-30
P00989,Packaging,Belt,Brass,PreciseTech,Germany,51.6,0.271,11,48,5,high,5,0.171,3525,3,94.1,yes,2025-02-21
P00990,Conveyor,Gear,Steel,Nordic Motion,Sweden,105.37,2.358,13,70,21,medium,7,0.287,8654,10,107.5,yes,2023-02-25
P00991,Lathe,Valve,Brass,EuroMech,Sweden,350.6,1.419,22,5,22,critical,3,0.114,12921,11,120.3,yes,2025-02-08
P00992,Press,Valve,Steel,EuroMech,Netherlands,237.85,0.987,14,15,9,medium,3,0.225,10480,11,145.0,yes,2023-04-20
P00993,Lathe,Sensor,Aluminum,FlowCore,Italy,60.21,0.328,16,33,29,medium,6,0.343,6218,10,103.1,yes,2024-06-08
P00994,CNC-Mill,Tooling,Steel,Activa Parts,Germany,163.02,1.698,14,16,12,low,10,0.194,2965,10,103.8,yes,2023-11-23
P00995,Conveyor,Belt,Aluminum,Activa Parts,Poland,24.05,0.328,12,41,12,medium,8,0.381,3325,7,127.6,yes,2024-06-15
P00996,CNC-Mill,Sensor,Aluminum,PreciseTech,Sweden,156.26,0.149,25,23,27,critical,4,1.012,7442,7,100.2,yes,2023-06-25
P00997,Press,Valve,Composite,SensorWorks,Poland,154.51,1.065,14,54,22,medium,6,0.328,12877,9,122.0,yes,2024-09-20
P00998,Packaging,Motor,Steel,Activa Parts,Poland,745.9,14.923,16,21,19,critical,5,0.166,10644,7,104.5,yes,2023-09-24
P00999,Conveyor,Pump,Ceramic,Nordic Motion,Finland,245.1,4.502,7,0,10,low,8,0.268,5065,6,136.9,no,2024-06-12
P01000,Packaging,Cable,Stainless Steel,Nordic Motion,Sweden,27.22,0.736,13,29,16,low,4,0.097,5193,16,115.5,yes,2024-05-15
P01001,Press,Pump,Brass,FlowCore,Italy,443.58,12.733,13,20,29,medium,6,0.287,11036,4,108.1,no,2024-01-01
P01002,Lathe,Bearing,Steel,Activa Parts,Italy,135.45,0.702,12,27,21,low,8,0.39,3310,14,136.3,yes,2024-10-14
P01003,CNC-Mill,Pump,Composite,MotionHub,Germany,515.23,5.273,15,23,20,low,5,0.078,7401,4,99.1,yes,2024-06-09
P01004,Lathe,Valve,Ceramic,EuroMech,Germany,246.38,1.377,14,36,16,low,6,0.165,11291,3,129.6,yes,2025-01-13
P01005,CNC-Mill,Seal,Composite,FlowCore,Poland,16.21,0.044,21,50,22,medium,8,0.348,3744,5,114.2,yes,2023-11-26
P01006,Lathe,Cable,Stainless Steel,Nordic Motion,Netherlands,11.67,0.56,14,24,17,medium,5,0.134,9323,21,80.2,yes,2025-02-16
P01007,Lathe,Belt,Ceramic,EuroMech,Sweden,36.12,0.375,11,34,17,medium,5,0.496,4328,7,136.1,yes,2024-08-28
P01008,Lathe,Pump,Aluminum,Nordic Motion,Italy,531.64,9.924,18,15,17,high,5,0.319,8037,9,110.8,no,2023-10-17
P01009,CNC-Mill,Bearing,Ceramic,Activa Parts,Czech Republic,144.78,1.46,25,7,28,low,2,0.821,5300,16,169.2,no,2023-11-22
P01010,Conveyor,Bearing,Stainless Steel,Nordic Motion,Italy,110.94,1.114,21,7,25,medium,6,0.306,3890,13,128.2,yes,2025-02-19
P01011,Press,Cable,Aluminum,EuroMech,Czech Republic,7.16,0.464,26,42,24,critical,3,0.519,5431,18,85.7,no,2024-04-03
P01012,Conveyor,Valve,Brass,PreciseTech,Poland,131.82,1.642,3,20,13,medium,4,0.255,13497,8,120.2,no,2023-10-10
P01013,Packaging,Sensor,Ceramic,SensorWorks,Italy,187.53,0.223,16,27,17,critical,1,0.368,7884,9,92.0,no,2024-01-23
P01014,Packaging,Filter,Brass,EuroMech,Poland,17.93,0.432,10,37,6,low,5,0.204,5142,11,115.3,yes,2024-07-10
P01015,Conveyor,Valve,Aluminum,Nordic Motion,Poland,140.27,2.212,29,24,37,critical,3,0.452,10268,10,127.8,yes,2025-03-06
P01016,Press,Bearing,Polymer,EuroMech,Germany,95.36,0.921,12,20,16,medium,6,0.323,5615,14,158.9,yes,2024-09-14
P01017,CNC-Mill,Gear,Steel,SensorWorks,Italy,155.58,1.171,18,21,15,medium,5,0.174,12187,2,91.8,no,2024-08-02
P01018,Assembly,Tooling,Polymer,Nordic Motion,Poland,107.15,2.438,17,12,16,low,8,0.461,2755,8,110.1,yes,2023-09-19
P01019,Conveyor,Seal,Aluminum,MotionHub,Finland,16.93,0.057,2,43,5,low,8,0.769,2133,11,110.3,yes,2024-03-06
P01020,Assembly,Tooling,Stainless Steel,Nordic Motion,Finland,258.91,2.775,13,58,19,high,9,0.662,3039,4,107.3,yes,2024-05-08
P01021,Press,Filter,Steel,Activa Parts,Netherlands,31.48,0.177,23,6,33,critical,7,0.062,6110,14,90.8,yes,2024-09-12
P01022,Packaging,Motor,Brass,PreciseTech,Germany,704.47,4.05,17,37,23,medium,3,0.218,12676,3,121.3,yes,2023-08-06
P01023,Lathe,Gear,Aluminum,Nordic Motion,Sweden,192.69,1.053,20,49,26,medium,6,0.101,5960,3,127.5,yes,2023-07-10
P01024,Conveyor,Bearing,Stainless Steel,PreciseTech,Italy,91.63,0.953,11,48,15,low,6,0.136,5866,15,122.3,yes,2023-05-02
P01025,CNC-Mill,Bearing,Aluminum,PreciseTech,Czech Republic,59.41,0.624,10,34,21,low,9,0.482,5281,14,127.3,yes,2023-10-19
P01026,Lathe,Cable,Ceramic,EuroMech,Germany,12.61,0.637,20,9,18,medium,7,0.229,10297,17,109.5,yes,2023-01-16
P01027,Packaging,Cable,Aluminum,SensorWorks,Sweden,24.41,1.141,28,39,41,critical,4,0.425,7777,15,97.9,yes,2024-02-16
P01028,Lathe,Tooling,Steel,Activa Parts,Germany,119.08,1.477,12,21,13,high,9,0.308,3287,4,101.4,yes,2023-07-28
P01029,Packaging,Motor,Brass,Nordic Motion,Poland,962.3,8.281,16,36,20,high,7,0.116,14154,9,90.2,yes,2023-04-03
P01030,Assembly,Gear,Polymer,EuroMech,Poland,144.46,2.188,10,15,25,medium,3,0.183,8139,8,89.7,yes,2024-11-03
P01031,Assembly,Sensor,Steel,Activa Parts,Netherlands,79.39,0.269,22,1,22,medium,7,0.446,4567,8,86.7,yes,2023-03-02
P01032,Assembly,Valve,Steel,EuroMech,Netherlands,172.76,2.655,19,47,30,medium,7,0.091,12738,7,126.8,yes,2023-07-07
P01033,Assembly,Motor,Polymer,FlowCore,Poland,386.74,14.149,14,44,14,medium,3,0.115,11124,7,123.3,yes,2023-03-04
P01034,Press,Controller,Composite,Activa Parts,Poland,1487.24,1.924,30,18,31,high,6,0.116,13648,6,57.4,yes,2024-08-19
P01035,Lathe,Gear,Ceramic,Nordic Motion,Germany,117.38,1.996,12,24,13,medium,7,0.301,7708,5,129.7,yes,2025-01-26
P01036,Conveyor,Tooling,Brass,Nordic Motion,Poland,169.3,2.588,19,4,22,high,10,0.347,2744,1,101.4,yes,2023-12-23
P01037,Packaging,Pump,Polymer,SensorWorks,Poland,244.96,8.234,17,25,18,high,7,0.147,9281,10,110.3,no,2023-12-31
P01038,Lathe,Seal,Composite,PreciseTech,Czech Republic,11.56,0.041,22,20,24,critical,10,0.745,3033,7,103.8,no,2023-06-05
P01039,Assembly,Controller,Ceramic,PreciseTech,Italy,426.28,2.284,12,44,14,medium,5,0.108,11495,7,73.1,no,2023-07-13
P01040,Press,Seal,Stainless Steel,EuroMech,Finland,15.79,0.039,16,37,21,medium,7,2.262,3023,1,130.3,yes,2023-06-12
P01041,Assembly,Gear,Steel,SensorWorks,Netherlands,161.96,1.948,15,30,20,low,6,0.134,10262,9,97.7,yes,2023-08-01
P01042,Lathe,Seal,Aluminum,MotionHub,Czech Republic,13.15,0.064,15,33,17,medium,7,0.373,2395,3,127.8,no,2023-01-10
P01043,Conveyor,Motor,Stainless Steel,Activa Parts,Germany,1322.76,10.379,24,10,24,medium,3,0.072,11837,5,93.7,no,2023-12-03
P01044,CNC-Mill,Seal,Stainless Steel,FlowCore,Czech Republic,16.95,0.113,16,11,15,low,8,0.348,2775,6,114.6,yes,2025-01-23
P01045,Assembly,Gear,Aluminum,Activa Parts,Poland,127.14,1.261,12,30,23,medium,3,0.274,8462,2,115.2,no,2023-12-23
P01046,Packaging,Belt,Stainless Steel,MotionHub,Netherlands,31.36,0.345,16,48,32,low,8,0.2,3911,5,102.8,yes,2023-01-07
P01047,CNC-Mill,Filter,Ceramic,PreciseTech,Germany,27.62,0.195,15,35,11,high,7,0.1,6152,12,115.4,no,2023-07-19
P01048,CNC-Mill,Seal,Ceramic,Nordic Motion,Netherlands,15.7,0.054,20,3,31,high,8,0.747,2565,3,150.3,yes,2024-11-27
P01049,Conveyor,Valve,Ceramic,PreciseTech,Czech Republic,150.23,1.929,8,26,20,low,5,0.228,11096,3,123.4,yes,2024-12-10
P01050,CNC-Mill,Gear,Polymer,SensorWorks,Finland,121.54,1.77,15,35,21,low,2,0.183,4889,4,104.1,yes,2023-01-14
P01051,CNC-Mill,Sensor,Steel,SensorWorks,Sweden,88.08,0.201,17,0,17,medium,3,0.171,7276,14,79.2,yes,2023-02-26
P01052,Conveyor,Filter,Ceramic,SensorWorks,Poland,16.39,0.744,14,42,16,high,3,0.203,8634,11,121.5,no,2024-09-17
P01053,Press,Cable,Steel,FlowCore,Germany,9.96,0.515,9,38,8,medium,3,0.216,8164,22,95.2,yes,2023-04-28
P01054,CNC-Mill,Bearing,Aluminum,SensorWorks,Germany,50.61,0.727,10,46,19,high,6,0.538,3838,8,161.9,yes,2024-08-06
P01055,Press,Cable,Aluminum,Nordic Motion,Poland,12.96,0.693,11,13,14,medium,5,0.335,8433,17,113.9,no,2024-03-08
P01056,Lathe,Pump,Aluminum,Nordic Motion,Poland,299.4,6.811,7,31,0,high,5,0.219,8743,6,110.8,yes,2023-02-25
P01057,CNC-Mill,Bearing,Brass,Activa Parts,Italy,65.64,0.96,12,34,13,low,7,0.71,5018,11,126.9,yes,2023-04-11
P01058,Lathe,Pump,Brass,FlowCore,Finland,388.82,10.799,20,17,27,medium,8,0.322,10109,1,109.3,yes,2024-11-19
P01059,Conveyor,Valve,Steel,MotionHub,Sweden,155.34,1.108,10,31,5,high,10,0.095,7979,4,122.4,yes,2024-10-28
P01060,CNC-Mill,Seal,Ceramic,SensorWorks,Germany,14.21,0.049,23,26,23,critical,8,0.195,1713,2,130.3,yes,2023-12-17
P01061,Assembly,Belt,Polymer,Nordic Motion,Sweden,50.54,0.493,14,0,19,medium,8,0.369,2709,10,101.7,yes,2024-08-24
P01062,Press,Tooling,Stainless Steel,SensorWorks,Poland,134.52,1.481,17,49,22,low,10,0.469,3217,11,114.0,yes,2025-03-08
P01063,Packaging,Bearing,Brass,Activa Parts,Sweden,172.75,0.572,24,5,25,medium,7,0.249,3548,5,144.2,yes,2023-11-24
P01064,Assembly,Bearing,Polymer,MotionHub,Czech Republic,74.79,0.61,13,36,19,high,7,0.242,3536,10,120.2,no,2024-10-22
P01065,Packaging,Seal,Steel,FlowCore,Netherlands,23.17,0.036,16,25,24,medium,10,0.792,2067,7,119.9,yes,2023-02-11
P01066,CNC-Mill,Sensor,Brass,Activa Parts,Sweden,140.7,0.195,13,21,11,low,1,0.272,6434,6,96.2,yes,2024-12-21
P01067,Press,Filter,Ceramic,PreciseTech,Poland,16.61,0.133,5,12,14,low,6,0.191,8622,18,116.7,yes,2024-12-09
P01068,Conveyor,Sensor,Brass,Activa Parts,Czech Republic,86.6,0.185,10,35,16,medium,5,0.156,7379,12,95.4,yes,2024-09-14
P01069,Lathe,Cable,Polymer,EuroMech,Poland,31.25,0.583,20,39,14,high,4,0.166,6919,16,108.8,yes,2023-08-23
P01070,Lathe,Sensor,Brass,FlowCore,Germany,117.24,0.335,11,37,11,low,3,0.116,6859,5,74.1,yes,2023-10-16
P01071,Conveyor,Filter,Polymer,Activa Parts,Netherlands,41.15,0.519,19,28,18,low,2,0.206,9444,8,88.5,no,2023-02-25
P01072,CNC-Mill,Sensor,Aluminum,Activa Parts,Finland,66.65,0.23,18,14,27,medium,3,0.139,8089,7,101.3,yes,2023-05-17
P01073,CNC-Mill,Sensor,Stainless Steel,PreciseTech,Finland,65.4,0.217,18,41,28,medium,7,0.26,7393,8,80.1,yes,2024-10-07
P01074,Conveyor,Filter,Brass,Activa Parts,Sweden,19.29,0.466,11,14,27,critical,3,0.115,10328,15,97.9,no,2023-12-23
P01075,Conveyor,Bearing,Brass,EuroMech,Netherlands,82.53,1.205,12,29,18,low,7,0.439,5272,12,134.8,yes,2023-02-18
P01076,Assembly,Cable,Polymer,EuroMech,Sweden,14.6,0.608,20,26,20,medium,4,0.254,6220,15,111.2,yes,2023-09-12
P01077,Press,Belt,Stainless Steel,FlowCore,Sweden,57.86,0.324,28,11,30,low,3,0.536,3529,3,105.7,no,2024-10-30
P01078,Conveyor,Cable,Stainless Steel,PreciseTech,Italy,19.31,0.542,20,32,21,medium,2,0.082,8257,20,103.5,yes,2023-11-10
P01079,Lathe,Seal,Steel,Nordic Motion,Italy,16.28,0.04,24,22,33,medium,5,0.211,2797,4,141.5,yes,2024-05-07
P01080,Press,Motor,Stainless Steel,Nordic Motion,Sweden,382.89,9.634,9,21,12,low,6,0.148,14617,8,101.8,yes,2024-12-28
P01081,Lathe,Cable,Stainless Steel,FlowCore,Germany,13.99,1.23,13,17,21,high,3,0.152,9232,20,104.7,yes,2023-09-05
P01082,Assembly,Belt,Stainless Steel,EuroMech,Germany,24.41,0.181,19,46,11,low,8,0.678,3238,11,87.7,yes,2024-05-12
P01083,Assembly,Cable,Polymer,Activa Parts,Czech Republic,16.86,1.046,12,41,18,low,2,0.275,6124,16,115.3,yes,2025-01-29
P01084,Press,Seal,Brass,MotionHub,Germany,14.58,0.04,8,41,10,medium,8,0.412,2204,6,125.2,no,2023-10-16
P01085,Press,Belt,Brass,SensorWorks,Czech Republic,43.54,0.368,12,33,17,medium,9,0.222,2675,9,115.7,yes,2025-01-31
P01086,Press,Motor,Aluminum,MotionHub,Italy,826.83,13.475,14,6,32,high,5,0.227,13847,7,86.9,yes,2024-08-29
P01087,Assembly,Controller,Ceramic,Activa Parts,Sweden,1487.63,0.88,13,49,26,high,5,0.114,9480,2,85.5,no,2024-01-17
P01088,CNC-Mill,Sensor,Composite,EuroMech,Czech Republic,123.86,0.306,9,32,7,low,4,0.155,8170,6,82.2,no,2023-06-15
P01089,Packaging,Tooling,Ceramic,EuroMech,Finland,302.77,4.179,15,10,9,low,6,0.346,3221,9,142.5,yes,2023-10-03
P01090,Conveyor,Gear,Stainless Steel,FlowCore,Netherlands,95.33,1.646,25,14,30,low,7,0.14,6420,6,99.7,yes,2023-01-05
P01091,Lathe,Gear,Steel,EuroMech,Czech Republic,159.64,2.664,8,37,16,medium,6,0.155,7009,7,92.4,no,2023-09-13
P01092,Conveyor,Cable,Aluminum,MotionHub,Sweden,29.0,0.784,24,42,26,medium,2,0.305,11637,15,110.7,yes,2024-09-05
P01093,Packaging,Controller,Polymer,MotionHub,Italy,1581.2,1.353,26,22,15,critical,3,0.132,11807,1,62.3,yes,2024-08-25
P01094,Assembly,Bearing,Ceramic,EuroMech,Finland,140.96,0.79,14,33,29,medium,7,0.222,6785,9,171.5,yes,2024-04-11
P01095,Conveyor,Tooling,Steel,SensorWorks,Finland,132.93,4.769,15,47,3,high,8,0.557,2343,6,83.6,yes,2023-03-23
P01096,Assembly,Sensor,Aluminum,PreciseTech,Poland,36.22,0.321,13,25,19,high,4,0.118,6005,10,88.6,yes,2024-02-21
P01097,Conveyor,Belt,Brass,PreciseTech,Germany,55.56,0.377,8,37,8,medium,7,0.918,4164,10,96.3,yes,2023-08-09
P01098,Press,Motor,Ceramic,EuroMech,Italy,657.88,11.389,19,47,27,high,5,0.26,9145,1,132.5,no,2024-08-25
P01099,Lathe,Bearing,Ceramic,SensorWorks,Finland,101.65,0.89,21,15,21,critical,9,0.447,5976,13,142.1,yes,2024-11-12
P01100,Lathe,Valve,Aluminum,Nordic Motion,Czech Republic,188.51,1.054,7,27,9,high,5,0.351,10322,6,148.5,yes,2024-05-13
P01101,Press,Pump,Polymer,SensorWorks,Finland,304.31,7.37,18,41,24,medium,4,0.193,10230,7,110.6,yes,2025-01-10
P01102,CNC-Mill,Cable,Steel,Nordic Motion,Czech Republic,29.39,1.43,15,45,18,medium,6,0.265,7168,15,118.8,no,2024-05-04
P01103,CNC-Mill,Cable,Stainless Steel,EuroMech,Poland,15.41,0.53,12,8,13,medium,5,0.515,7827,12,102.0,yes,2023-12-31
P01104,Assembly,Seal,Composite,EuroMech,Italy,10.65,0.059,16,23,21,medium,7,0.755,1915,7,102.7,yes,2024-02-13
P01105,Assembly,Tooling,Stainless Steel,Activa Parts,Poland,173.55,3.374,21,5,29,low,5,0.487,2280,9,102.1,yes,2023-01-13
P01106,Conveyor,Filter,Steel,EuroMech,Poland,19.2,0.181,13,40,18,low,5,0.251,7955,12,75.8,yes,2023-03-24
P01107,CNC-Mill,Cable,Aluminum,MotionHub,Netherlands,17.54,0.786,23,51,17,critical,5,0.352,6159,20,101.8,no,2024-10-13
P01108,CNC-Mill,Gear,Steel,PreciseTech,Sweden,102.14,1.2,14,47,21,low,10,0.108,5350,5,105.6,yes,2023-09-03
P01109,Assembly,Valve,Stainless Steel,Activa Parts,Finland,186.89,1.409,16,28,11,high,3,0.312,10406,10,126.0,yes,2024-09-14
P01110,Assembly,Cable,Aluminum,MotionHub,Netherlands,19.9,0.693,9,11,11,low,7,0.258,9088,13,103.6,yes,2023-09-10
P01111,Conveyor,Seal,Aluminum,SensorWorks,Italy,17.25,0.086,17,35,17,high,8,1.037,2305,8,125.6,yes,2025-02-19
P01112,CNC-Mill,Pump,Polymer,Nordic Motion,Czech Republic,350.35,7.658,10,48,12,medium,4,0.153,6085,7,103.9,yes,2024-08-30
P01113,CNC-Mill,Controller,Ceramic,MotionHub,Czech Republic,1005.64,1.107,8,26,17,medium,3,0.099,13943,6,70.4,yes,2023-04-04
P01114,Lathe,Motor,Polymer,SensorWorks,Italy,363.8,8.182,19,42,21,low,7,0.163,13386,11,99.9,yes,2024-07-31
P01115,Conveyor,Filter,Composite,FlowCore,Czech Republic,12.41,0.501,17,45,17,medium,4,0.144,5317,14,106.8,yes,2024-12-26
P01116,Assembly,Sensor,Stainless Steel,Activa Parts,Sweden,72.47,0.322,1,39,13,low,2,0.179,9080,10,63.7,no,2023-06-09
P01117,Packaging,Gear,Stainless Steel,EuroMech,Netherlands,325.76,1.263,21,15,17,low,6,0.1,11743,6,105.1,yes,2023-10-01
P01118,Press,Sensor,Stainless Steel,FlowCore,Poland,132.43,0.287,15,40,24,low,3,0.181,4285,6,85.2,no,2023-09-29
P01119,Press,Filter,Ceramic,FlowCore,Netherlands,21.3,0.186,22,34,17,medium,6,0.504,9041,17,105.9,no,2023-02-25
P01120,CNC-Mill,Filter,Aluminum,Activa Parts,Sweden,18.48,0.283,11,7,27,low,5,0.167,6337,16,89.3,yes,2024-02-03
P01121,Press,Tooling,Composite,Nordic Motion,Netherlands,130.52,2.674,9,16,15,medium,8,0.958,2687,6,119.3,no,2024-05-12
P01122,Lathe,Sensor,Brass,PreciseTech,Czech Republic,173.99,0.241,12,38,17,low,5,0.211,3937,9,79.5,no,2023-07-20
P01123,Conveyor,Tooling,Brass,EuroMech,Netherlands,173.47,2.526,28,29,19,critical,8,0.799,2708,10,101.8,yes,2023-09-14
P01124,Lathe,Sensor,Aluminum,MotionHub,Finland,86.7,0.272,6,11,13,medium,4,0.169,7372,9,93.0,yes,2024-09-04
P01125,Press,Gear,Composite,PreciseTech,Italy,81.5,1.973,16,16,18,high,4,0.141,10246,10,104.1,no,2024-01-04
P01126,Packaging,Belt,Steel,EuroMech,Sweden,45.94,0.224,22,39,27,critical,7,0.254,3085,6,109.8,yes,2023-01-20
P01127,CNC-Mill,Pump,Composite,FlowCore,Poland,834.72,18.643,21,32,24,high,7,0.456,6704,13,131.5,no,2023-09-06
P01128,CNC-Mill,Pump,Stainless Steel,Activa Parts,Italy,790.69,4.691,13,17,12,low,3,0.102,10883,12,86.9,yes,2023-03-09
P01129,CNC-Mill,Cable,Brass,Nordic Motion,Finland,21.06,0.502,15,42,16,high,5,0.192,9982,13,115.3,yes,2023-12-10
P01130,Assembly,Gear,Ceramic,Nordic Motion,Poland,138.41,1.319,19,23,24,medium,5,0.27,8597,5,156.6,yes,2023-06-04
P01131,Conveyor,Filter,Ceramic,EuroMech,Finland,63.18,0.484,27,15,26,critical,9,0.247,7450,10,118.4,yes,2023-12-16
P01132,Packaging,Sensor,Stainless Steel,Nordic Motion,Czech Republic,95.47,0.208,7,33,12,low,5,0.32,5691,9,78.4,yes,2024-10-21
P01133,Packaging,Sensor,Steel,MotionHub,Italy,107.72,0.388,24,13,26,low,6,0.273,6691,6,98.1,yes,2025-01-11
P01134,Packaging,Filter,Brass,Activa Parts,Czech Republic,30.85,0.425,18,6,11,medium,6,0.062,8453,12,86.5,yes,2023-05-20
P01135,Conveyor,Belt,Brass,MotionHub,Italy,34.3,0.287,13,12,18,high,8,0.358,3675,5,95.5,no,2024-09-05
P01136,Assembly,Gear,Aluminum,MotionHub,Finland,203.99,1.647,16,15,20,medium,7,0.47,6983,9,107.1,yes,2024-06-25
P01137,Packaging,Bearing,Ceramic,Activa Parts,Germany,129.97,1.458,14,26,20,critical,5,0.416,4482,13,143.4,no,2023-12-02
P01138,Lathe,Cable,Stainless Steel,SensorWorks,Germany,23.25,1.017,7,28,6,high,8,0.046,10200,17,118.6,yes,2024-06-13
P01139,CNC-Mill,Cable,Ceramic,EuroMech,Germany,38.75,0.628,18,45,16,low,2,0.208,8296,18,129.5,yes,2024-03-01
P01140,Conveyor,Tooling,Brass,FlowCore,Italy,148.14,2.457,6,0,14,medium,5,0.311,3055,7,99.4,yes,2024-03-22
P01141,Packaging,Sensor,Steel,Nordic Motion,Finland,164.7,0.362,9,32,24,medium,3,0.404,7363,7,81.8,yes,2024-07-08
P01142,Packaging,Gear,Ceramic,Activa Parts,Netherlands,181.61,1.284,22,18,17,medium,6,0.234,9501,11,129.9,yes,2025-01-18
P01143,Conveyor,Belt,Stainless Steel,Nordic Motion,Italy,31.67,0.434,24,17,25,critical,4,0.281,3297,11,103.5,yes,2025-03-21
P01144,Conveyor,Seal,Stainless Steel,Activa Parts,Sweden,13.31,0.065,14,32,22,low,8,0.558,2135,10,97.1,yes,2024-12-20
P01145,Packaging,Valve,Steel,FlowCore,Sweden,175.74,1.736,38,24,38,critical,5,0.144,13326,8,113.0,yes,2024-05-24
P01146,Packaging,Filter,Aluminum,EuroMech,Poland,46.73,0.437,20,36,13,high,5,0.141,7578,15,96.0,no,2023-07-04
P01147,CNC-Mill,Cable,Polymer,PreciseTech,Finland,53.21,0.558,22,3,11,medium,7,0.863,3759,14,111.9,yes,2024-09-20
P01148,Packaging,Motor,Stainless Steel,MotionHub,Poland,914.06,13.895,17,29,22,low,1,0.202,11994,6,91.4,yes,2024-03-16
P01149,Press,Sensor,Steel,Nordic Motion,Czech Republic,136.14,0.285,12,57,17,high,4,0.28,6239,10,69.6,yes,2023-06-07
P01150,Press,Sensor,Brass,EuroMech,Poland,140.49,0.538,15,29,20,high,7,0.346,7059,4,86.6,yes,2024-03-30
P01151,Lathe,Sensor,Steel,Nordic Motion,Poland,128.43,0.223,16,68,29,medium,5,0.622,5874,8,90.6,yes,2024-08-22
P01152,Packaging,Bearing,Brass,FlowCore,Sweden,77.01,0.691,18,25,10,low,8,0.448,5203,5,160.2,yes,2024-06-10
P01153,Conveyor,Belt,Aluminum,FlowCore,Italy,48.02,0.4,22,38,10,medium,8,0.3,3957,3,113.8,yes,2023-10-06
P01154,Press,Valve,Ceramic,FlowCore,Sweden,192.19,1.766,8,21,20,low,1,0.223,12364,6,119.4,yes,2023-12-24
P01155,Press,Belt,Brass,Nordic Motion,Sweden,63.45,0.28,9,34,10,low,7,0.496,4062,6,104.8,yes,2023-06-10
P01156,Lathe,Valve,Ceramic,Nordic Motion,Italy,201.25,2.248,23,26,16,critical,7,0.293,8902,7,149.0,yes,2024-03-05
P01157,CNC-Mill,Sensor,Steel,Nordic Motion,Poland,66.02,0.48,33,20,26,critical,6,0.13,5283,11,92.8,yes,2023-11-18
P01158,Packaging,Cable,Steel,FlowCore,Czech Republic,30.08,0.885,9,33,16,low,5,0.098,7545,19,105.1,no,2023-10-21
P01159,Assembly,Sensor,Polymer,SensorWorks,Italy,125.94,0.242,6,25,15,medium,5,0.163,6811,12,88.0,no,2024-03-05
P01160,Assembly,Pump,Ceramic,SensorWorks,Italy,390.79,7.5,16,56,19,low,1,0.19,11375,6,116.1,no,2023-07-31
P01161,Assembly,Motor,Ceramic,Activa Parts,Sweden,363.55,10.604,16,19,13,high,6,0.198,13664,7,134.3,yes,2025-02-06
P01162,Packaging,Motor,Ceramic,PreciseTech,Czech Republic,976.12,15.164,22,19,7,medium,7,0.216,8246,1,126.6,no,2024-01-27
P01163,Lathe,Bearing,Stainless Steel,EuroMech,Finland,109.09,0.646,14,6,21,low,4,0.489,3815,13,132.6,no,2025-03-13
P01164,Conveyor,Pump,Brass,EuroMech,Czech Republic,738.3,8.274,31,10,34,critical,3,0.082,4704,2,105.1,yes,2023-05-26
P01165,Packaging,Gear,Steel,FlowCore,Germany,98.16,2.084,18,13,26,medium,7,0.169,7746,7,108.8,no,2025-02-19
P01166,Assembly,Bearing,Steel,Activa Parts,Germany,105.62,0.615,14,23,23,high,6,0.576,4787,12,156.6,no,2023-08-21
P01167,Packaging,Sensor,Brass,Activa Parts,Czech Republic,54.65,0.222,12,32,7,low,3,1.17,8962,5,58.9,no,2024-01-05
P01168,CNC-Mill,Filter,Polymer,Activa Parts,Sweden,20.06,0.3,2,20,17,high,7,0.116,5875,14,87.1,yes,2024-11-02
P01169,CNC-Mill,Belt,Composite,PreciseTech,Finland,30.56,0.281,26,21,27,critical,7,0.463,3707,10,80.8,no,2024-05-10
P01170,Assembly,Seal,Polymer,Activa Parts,Sweden,17.29,0.027,11,31,17,high,9,0.721,2654,4,118.6,yes,2024-12-31
P01171,Press,Motor,Polymer,Nordic Motion,Finland,793.87,18.588,14,29,24,high,3,0.137,10087,5,108.7,no,2023-11-04
P01172,Lathe,Sensor,Ceramic,FlowCore,Netherlands,122.39,0.253,37,2,29,critical,2,0.524,6404,6,117.5,no,2023-10-11
P01173,Press,Belt,Aluminum,FlowCore,Finland,45.26,0.392,9,35,8,medium,8,0.412,3328,7,116.6,yes,2023-12-10
P01174,Lathe,Bearing,Polymer,Nordic Motion,Italy,118.23,0.973,17,21,25,high,6,0.367,5869,12,148.7,yes,2023-04-22
P01175,Press,Filter,Polymer,Nordic Motion,Sweden,42.44,0.252,19,7,22,low,5,0.158,9374,14,82.8,no,2025-03-08
P01176,Packaging,Bearing,Stainless Steel,SensorWorks,Sweden,128.59,1.1,19,9,30,low,5,0.439,6170,11,127.9,yes,2024-01-04
P01177,CNC-Mill,Cable,Brass,FlowCore,Czech Republic,36.09,1.006,22,28,27,low,6,0.186,5575,11,116.5,yes,2023-07-09
P01178,Packaging,Controller,Stainless Steel,SensorWorks,Germany,1017.1,0.683,12,14,21,medium,8,0.245,15190,3,51.9,yes,2023-11-04
P01179,CNC-Mill,Sensor,Aluminum,EuroMech,Finland,89.89,0.193,5,0,4,medium,5,0.289,7558,9,80.2,yes,2024-08-07
P01180,Packaging,Cable,Composite,PreciseTech,Sweden,12.55,0.72,15,22,33,medium,3,0.175,7625,17,98.1,yes,2024-11-11
P01181,Packaging,Belt,Stainless Steel,FlowCore,Poland,44.11,0.71,27,2,17,critical,9,0.154,3473,2,110.3,yes,2023-11-18
P01182,Press,Belt,Aluminum,SensorWorks,Germany,19.05,0.269,15,26,10,high,7,0.367,3505,7,112.6,yes,2023-02-25
P01183,Lathe,Seal,Stainless Steel,Nordic Motion,Italy,13.51,0.055,7,46,0,medium,9,0.761,1668,2,138.2,yes,2023-04-11
P01184,Packaging,Bearing,Steel,FlowCore,Czech Republic,95.25,0.759,19,6,19,low,9,0.71,5561,8,136.6,yes,2024-05-21
P01185,Assembly,Seal,Aluminum,Activa Parts,Netherlands,8.45,0.029,22,26,24,critical,6,0.597,2929,7,120.6,yes,2024-11-01
P01186,Press,Valve,Steel,EuroMech,Finland,79.42,2.142,19,15,21,high,1,0.258,10234,11,130.2,no,2023-03-25
P01187,Assembly,Sensor,Composite,Activa Parts,Finland,325.76,0.141,16,9,19,low,4,0.219,6482,11,85.1,yes,2023-06-05
P01188,Assembly,Filter,Ceramic,Nordic Motion,Finland,14.23,0.39,12,28,28,low,5,0.579,7542,21,112.6,yes,2024-02-16
P01189,Lathe,Seal,Ceramic,FlowCore,Finland,19.41,0.084,20,17,21,low,6,0.943,2255,5,145.1,yes,2024-04-11
P01190,Assembly,Gear,Steel,EuroMech,Finland,144.35,1.902,14,0,19,medium,5,0.097,6250,4,132.6,yes,2023-12-03
P01191,Conveyor,Filter,Ceramic,MotionHub,Czech Republic,15.18,0.255,5,20,10,high,6,0.363,7552,10,118.6,no,2024-10-08
P01192,Packaging,Filter,Brass,EuroMech,Italy,40.81,0.265,20,20,16,critical,4,0.236,9411,12,86.9,yes,2024-07-10
P01193,Packaging,Controller,Ceramic,Activa Parts,Czech Republic,1312.28,1.171,20,11,3,high,2,0.07,9907,2,94.8,yes,2024-12-04
P01194,Lathe,Tooling,Steel,MotionHub,Sweden,201.69,2.057,24,25,9,medium,8,0.386,2643,9,120.3,yes,2023-11-23
P01195,Lathe,Sensor,Brass,FlowCore,Czech Republic,97.0,0.356,5,68,6,high,9,0.217,7316,7,84.8,yes,2023-09-05
P01196,Assembly,Sensor,Steel,MotionHub,Poland,148.88,0.446,10,10,15,low,4,0.182,6574,12,60.1,no,2024-06-11
P01197,CNC-Mill,Seal,Ceramic,Nordic Motion,Czech Republic,14.87,0.114,9,22,17,low,7,0.26,2129,6,143.3,yes,2024-04-24
P01198,CNC-Mill,Filter,Ceramic,SensorWorks,Italy,21.75,0.323,18,33,25,medium,4,0.273,4990,10,94.7,yes,2023-03-21
P01199,Lathe,Bearing,Stainless Steel,FlowCore,Sweden,94.65,1.304,8,29,18,high,8,0.206,3516,10,145.3,yes,2023-03-17
P01200,Conveyor,Pump,Stainless Steel,MotionHub,Netherlands,855.45,10.599,16,25,19,high,7,0.155,9287,13,91.4,yes,2023-06-30
P01201,Packaging,Filter,Ceramic,MotionHub,Czech Republic,39.93,0.293,15,9,14,high,8,0.183,7850,10,116.9,yes,2024-12-12
P01202,Conveyor,Valve,Steel,PreciseTech,Netherlands,67.22,1.582,9,16,18,low,3,0.246,13681,9,133.0,yes,2024-07-25
P01203,Assembly,Pump,Aluminum,Nordic Motion,Netherlands,580.02,3.906,21,48,20,high,5,0.203,9532,4,86.6,no,2024-09-08
P01204,CNC-Mill,Cable,Composite,EuroMech,Sweden,19.71,0.449,18,25,21,low,4,0.038,8968,20,99.6,yes,2023-04-27
P01205,Packaging,Tooling,Stainless Steel,EuroMech,Czech Republic,117.16,2.907,14,44,10,low,5,0.308,3163,5,127.6,yes,2024-04-24
P01206,Assembly,Gear,Steel,MotionHub,Netherlands,67.49,2.133,18,16,20,medium,5,0.17,9537,6,121.9,yes,2024-11-16
P01207,Packaging,Seal,Ceramic,Activa Parts,Czech Republic,10.4,0.059,18,24,21,medium,7,0.822,2666,3,127.9,no,2023-12-14
P01208,Press,Filter,Composite,PreciseTech,Finland,21.16,0.209,11,27,14,medium,5,0.145,10962,12,91.9,no,2025-02-01
P01209,Lathe,Cable,Aluminum,FlowCore,Netherlands,16.9,1.191,14,56,22,high,3,0.194,6858,16,114.8,yes,2024-10-23
P01210,Conveyor,Gear,Brass,FlowCore,Finland,105.33,0.802,13,29,21,medium,4,0.265,8508,11,106.0,yes,2025-01-20
P01211,Packaging,Filter,Polymer,Nordic Motion,Czech Republic,21.53,0.642,21,0,24,medium,3,0.21,8890,14,93.1,yes,2023-03-25
P01212,Packaging,Bearing,Stainless Steel,FlowCore,Netherlands,107.24,0.685,16,22,14,low,3,0.397,4832,14,138.5,yes,2024-08-30
P01213,Press,Bearing,Stainless Steel,Activa Parts,Poland,65.9,0.784,11,10,19,medium,5,0.47,5926,10,128.7,yes,2023-01-03
P01214,Lathe,Tooling,Aluminum,SensorWorks,Finland,138.48,2.571,19,7,10,medium,10,0.329,3743,6,130.1,yes,2023-01-02
P01215,Press,Valve,Stainless Steel,FlowCore,Netherlands,500.26,1.508,22,33,31,low,3,0.148,10286,5,110.0,no,2024-04-30
P01216,Conveyor,Filter,Steel,Activa Parts,Germany,37.65,0.111,16,44,15,low,4,0.362,8443,14,104.2,yes,2024-08-26
P01217,Packaging,Pump,Polymer,MotionHub,Poland,570.85,8.996,18,41,19,critical,5,0.148,8837,5,127.0,no,2023-04-29
P01218,Assembly,Seal,Ceramic,EuroMech,Germany,17.79,0.038,12,27,2,medium,5,0.403,2662,6,165.9,yes,2024-12-15
P01219,Assembly,Filter,Stainless Steel,Nordic Motion,Finland,67.81,0.279,15,0,26,low,5,0.234,6197,12,93.7,no,2023-10-02
P01220,Conveyor,Pump,Brass,SensorWorks,Finland,515.73,7.232,11,32,16,low,4,0.174,9399,8,115.0,yes,2023-06-02
P01221,Assembly,Tooling,Ceramic,MotionHub,Poland,140.81,3.579,14,32,10,medium,6,0.6,2999,10,121.1,yes,2023-04-06
P01222,Lathe,Seal,Stainless Steel,SensorWorks,Italy,16.88,0.113,16,59,22,medium,10,1.272,2247,9,134.7,yes,2025-03-10
P01223,Press,Cable,Stainless Steel,FlowCore,Netherlands,26.05,0.701,13,26,12,low,8,0.134,7954,18,113.5,yes,2025-01-28
P01224,Lathe,Tooling,Aluminum,Nordic Motion,Czech Republic,154.04,2.799,14,30,21,low,8,0.795,3119,5,95.9,no,2024-04-14
P01225,Packaging,Gear,Aluminum,PreciseTech,Czech Republic,137.36,1.704,15,12,12,medium,2,0.183,8746,3,118.8,yes,2024-11-29
P01226,Packaging,Cable,Stainless Steel,EuroMech,Sweden,55.57,0.831,13,35,23,medium,4,0.484,8354,16,96.9,yes,2025-01-08
P01227,Conveyor,Gear,Steel,Activa Parts,Netherlands,240.13,1.199,18,21,21,medium,3,0.164,7992,3,145.5,yes,2025-03-11
P01228,CNC-Mill,Valve,Steel,FlowCore,Italy,306.58,2.919,19,0,26,medium,4,0.223,8425,7,128.0,no,2023-05-20
P01229,Assembly,Seal,Ceramic,MotionHub,Sweden,23.03,0.039,10,61,20,low,8,0.44,3023,4,127.4,yes,2023-09-23
P01230,CNC-Mill,Sensor,Brass,Nordic Motion,Finland,156.96,0.215,13,24,18,low,4,0.151,5902,5,85.4,yes,2023-04-20
P01231,Assembly,Bearing,Aluminum,MotionHub,Germany,70.94,0.725,15,24,28,low,8,0.372,4460,10,150.0,no,2024-03-17
P01232,Packaging,Cable,Brass,Nordic Motion,Poland,23.63,0.924,14,44,13,medium,5,0.304,6888,15,120.1,yes,2024-06-29
P01233,Press,Filter,Polymer,Nordic Motion,Sweden,20.77,0.502,11,44,15,high,5,0.103,5571,11,87.3,no,2023-10-08
P01234,Press,Pump,Ceramic,PreciseTech,Finland,477.93,9.458,14,0,17,low,3,0.102,7636,10,125.2,yes,2023-12-09
P01235,Packaging,Cable,Stainless Steel,FlowCore,Czech Republic,24.82,0.954,20,30,24,critical,1,0.204,6645,17,112.3,yes,2023-07-14
P01236,Press,Belt,Stainless Steel,MotionHub,Sweden,32.39,0.448,9,46,10,low,4,0.529,2393,8,98.8,yes,2023-05-05
P01237,Packaging,Cable,Stainless Steel,PreciseTech,Italy,16.21,1.097,10,42,16,low,3,0.434,9775,18,94.0,no,2023-12-16
P01238,Press,Sensor,Ceramic,MotionHub,Italy,83.16,0.288,15,18,11,medium,4,0.483,5201,13,95.6,yes,2023-06-16
P01239,Assembly,Valve,Brass,MotionHub,Italy,264.74,2.954,17,34,13,medium,6,0.28,6732,3,113.6,no,2023-05-16
P01240,Press,Tooling,Ceramic,FlowCore,Sweden,63.64,1.343,3,25,8,medium,10,0.313,2800,7,141.2,yes,2024-04-18
P01241,Assembly,Tooling,Aluminum,Activa Parts,Germany,177.66,2.078,21,17,16,low,9,0.469,2794,9,116.5,no,2023-05-20
P01242,Assembly,Valve,Brass,MotionHub,Poland,200.75,1.622,21,20,17,high,5,0.234,12750,7,109.3,yes,2023-09-23
P01243,Assembly,Filter,Ceramic,Activa Parts,Sweden,41.44,0.267,14,19,15,medium,8,0.334,8043,14,114.5,no,2023-03-19
P01244,Assembly,Seal,Aluminum,MotionHub,Poland,10.54,0.081,27,24,23,low,9,0.992,2852,8,125.8,yes,2025-03-10
P01245,CNC-Mill,Tooling,Composite,PreciseTech,Italy,83.54,1.963,15,17,22,high,8,0.169,3006,15,94.3,yes,2025-02-11
P01246,Conveyor,Belt,Brass,FlowCore,Poland,24.72,0.545,9,38,5,medium,9,0.235,3626,9,95.9,no,2025-01-26
P01247,Assembly,Valve,Ceramic,EuroMech,Sweden,158.19,1.173,9,27,9,medium,6,0.22,11578,11,143.2,yes,2023-08-17
P01248,Lathe,Valve,Polymer,SensorWorks,Poland,241.63,0.9,18,33,37,low,6,0.292,10897,1,128.6,yes,2023-03-18
P01249,Lathe,Filter,Composite,MotionHub,Finland,28.82,0.188,5,54,9,low,5,0.195,11023,7,100.4,yes,2024-01-07
P01250,CNC-Mill,Sensor,Brass,SensorWorks,Italy,125.39,0.313,25,3,25,critical,4,0.14,7472,4,95.3,yes,2024-11-12
P01251,CNC-Mill,Belt,Aluminum,Activa Parts,Czech Republic,24.37,0.825,20,9,29,high,5,0.183,2660,6,90.7,yes,2024-01-17
P01252,Assembly,Pump,Aluminum,SensorWorks,Germany,748.29,8.019,22,30,30,high,6,0.141,7622,9,95.1,no,2023-05-16
P01253,Assembly,Bearing,Stainless Steel,EuroMech,Italy,41.93,1.379,26,23,32,low,9,0.627,4965,11,128.1,yes,2023-05-11
P01254,Press,Seal,Stainless Steel,EuroMech,Netherlands,15.17,0.033,14,43,16,medium,7,0.211,1766,7,98.0,yes,2023-10-13
P01255,Press,Controller,Ceramic,MotionHub,Netherlands,566.4,1.812,8,46,24,medium,6,0.053,11454,3,91.1,yes,2024-06-18
P01256,Press,Motor,Brass,FlowCore,Germany,764.31,6.343,19,19,26,medium,7,0.09,12381,3,99.0,yes,2024-10-19
P01257,Packaging,Sensor,Polymer,Activa Parts,Czech Republic,119.28,0.389,11,29,3,high,3,0.393,7407,10,111.7,yes,2024-06-13
P01258,Packaging,Seal,Composite,MotionHub,Czech Republic,15.97,0.05,14,29,6,high,5,0.413,2472,6,116.4,no,2023-07-05
P01259,Press,Valve,Aluminum,Activa Parts,Czech Republic,325.93,1.42,14,36,18,low,6,0.108,8650,4,139.9,yes,2023-04-11
P01260,Conveyor,Sensor,Ceramic,PreciseTech,Finland,107.37,0.369,19,27,22,medium,3,0.275,5523,8,108.1,yes,2024-11-03
P01261,Conveyor,Pump,Aluminum,Activa Parts,Netherlands,690.78,10.426,9,27,11,medium,6,0.112,8398,5,113.4,no,2024-04-23
P01262,CNC-Mill,Filter,Polymer,MotionHub,Poland,28.82,0.23,15,18,12,high,4,0.12,8052,14,103.4,yes,2023-02-24
P01263,Lathe,Motor,Steel,PreciseTech,Netherlands,375.37,7.323,8,19,23,medium,6,0.237,13576,7,92.6,yes,2024-08-23
P01264,Assembly,Sensor,Aluminum,MotionHub,Finland,73.62,0.198,16,26,22,low,4,0.165,5146,6,99.8,yes,2024-11-15
P01265,CNC-Mill,Valve,Polymer,SensorWorks,Finland,333.44,2.166,11,21,25,medium,2,0.113,10821,9,127.5,yes,2023-01-04
P01266,Lathe,Controller,Steel,EuroMech,Czech Republic,968.6,0.689,23,8,30,low,7,0.106,12799,2,48.3,no,2024-08-04
P01267,Lathe,Bearing,Composite,Nordic Motion,Germany,76.93,0.639,13,40,13,low,5,0.196,5303,13,150.0,no,2023-09-28
P01268,Lathe,Motor,Composite,FlowCore,Finland,547.4,5.787,15,27,15,medium,6,0.082,13136,1,127.4,yes,2023-06-06
P01269,Lathe,Sensor,Composite,MotionHub,Finland,181.71,0.29,21,12,14,low,7,0.191,6158,10,90.8,yes,2023-06-16
P01270,CNC-Mill,Pump,Steel,Activa Parts,Italy,869.32,3.49,19,29,27,high,6,0.09,8928,7,127.7,yes,2024-05-24
P01271,Assembly,Motor,Brass,EuroMech,Sweden,977.87,8.648,22,18,17,medium,6,0.261,14910,7,96.4,yes,2025-03-25
P01272,CNC-Mill,Controller,Stainless Steel,SensorWorks,Sweden,876.93,1.696,5,40,19,medium,6,0.094,14780,7,47.2,yes,2024-03-18
P01273,Packaging,Sensor,Ceramic,FlowCore,Czech Republic,100.72,0.368,25,30,25,medium,7,0.389,6935,4,112.1,yes,2025-01-10
P01274,Assembly,Sensor,Polymer,SensorWorks,Finland,90.24,0.223,5,60,11,low,5,0.133,7969,5,74.8,yes,2024-05-08
P01275,Packaging,Belt,Brass,MotionHub,Italy,85.76,0.367,15,18,18,medium,8,0.366,3085,6,99.5,yes,2023-10-18
P01276,CNC-Mill,Seal,Brass,Nordic Motion,Netherlands,25.04,0.06,13,0,17,medium,7,0.547,2350,4,136.8,yes,2024-08-10
P01277,CNC-Mill,Cable,Polymer,MotionHub,Finland,64.92,0.729,24,25,12,medium,5,0.347,6894,18,82.8,no,2023-12-07
P01278,Assembly,Filter,Polymer,Activa Parts,Netherlands,29.44,0.157,15,23,14,high,4,0.145,6388,13,103.5,yes,2024-07-02
P01279,Press,Cable,Aluminum,FlowCore,Netherlands,23.79,0.536,15,14,23,medium,4,0.143,9557,17,100.0,yes,2024-02-28
P01280,Conveyor,Belt,Composite,Activa Parts,Netherlands,21.01,0.522,2,56,6,high,10,0.45,2278,4,110.3,no,2023-05-19
P01281,Assembly,Tooling,Stainless Steel,EuroMech,Italy,77.73,3.049,15,30,17,low,10,0.505,2553,4,106.0,no,2023-03-31
P01282,Lathe,Sensor,Ceramic,Activa Parts,Czech Republic,107.33,0.194,14,25,27,high,3,0.162,3538,10,107.0,yes,2023-06-25
P01283,CNC-Mill,Belt,Brass,Activa Parts,Italy,44.27,0.254,18,19,23,medium,4,0.65,3700,5,102.4,no,2025-03-06
P01284,CNC-Mill,Belt,Steel,Activa Parts,Italy,50.64,0.4,17,35,34,low,8,0.393,4455,13,117.1,yes,2023-04-01
P01285,Conveyor,Seal,Steel,EuroMech,Sweden,17.98,0.07,12,20,10,medium,8,0.677,2593,8,124.6,no,2023-09-07
P01286,Assembly,Gear,Brass,SensorWorks,Poland,149.24,1.911,18,31,22,medium,4,0.158,9938,10,104.3,yes,2025-01-25
P01287,Lathe,Sensor,Steel,PreciseTech,Finland,129.71,0.222,20,19,21,low,5,0.205,8342,8,114.0,yes,2023-06-05
P01288,Packaging,Sensor,Polymer,Activa Parts,Sweden,162.94,0.222,8,15,10,medium,5,0.115,7621,9,77.6,yes,2024-05-19
P01289,Press,Pump,Ceramic,FlowCore,Finland,462.79,11.602,13,1,24,low,3,0.288,9468,8,113.6,yes,2023-03-24
P01290,Assembly,Filter,Polymer,MotionHub,Italy,66.09,0.347,25,0,26,low,6,0.1,8949,14,97.3,yes,2024-02-05
P01291,CNC-Mill,Sensor,Composite,EuroMech,Germany,132.37,0.547,27,42,15,critical,3,0.289,7156,7,77.1,yes,2023-10-20
P01292,CNC-Mill,Pump,Steel,SensorWorks,Czech Republic,480.88,8.216,11,54,18,medium,6,0.118,5180,8,101.0,no,2023-03-17
P01293,CNC-Mill,Seal,Ceramic,MotionHub,Poland,23.99,0.087,13,41,18,high,10,0.231,1849,3,130.8,yes,2024-04-03
P01294,CNC-Mill,Pump,Steel,PreciseTech,Italy,199.54,8.905,13,18,16,medium,4,0.302,10071,7,107.6,yes,2024-04-19
P01295,Conveyor,Belt,Brass,SensorWorks,Sweden,48.63,0.419,26,41,17,medium,4,0.252,3046,7,125.0,yes,2023-11-28
P01296,Press,Gear,Stainless Steel,FlowCore,Czech Republic,176.27,2.295,36,37,31,critical,7,0.523,11540,11,114.5,yes,2023-08-20
P01297,Conveyor,Pump,Composite,PreciseTech,Netherlands,338.6,7.262,18,10,22,medium,5,0.201,5287,4,118.4,no,2023-12-24
P01298,Lathe,Seal,Polymer,MotionHub,Sweden,7.61,0.063,6,42,16,medium,8,1.149,2748,3,115.2,yes,2023-11-16
P01299,Packaging,Seal,Brass,FlowCore,Poland,53.63,0.043,23,36,28,critical,9,0.232,2178,9,122.5,yes,2024-02-11
P01300,Assembly,Pump,Ceramic,Nordic Motion,Sweden,473.25,8.913,15,32,25,medium,7,0.129,7482,5,117.8,yes,2024-05-05
P01301,Conveyor,Belt,Brass,Activa Parts,Sweden,26.91,0.272,16,31,19,critical,7,0.451,2345,7,120.5,no,2023-08-19
P01302,Conveyor,Bearing,Brass,MotionHub,Finland,95.59,1.492,21,61,24,low,4,0.39,5253,10,154.8,yes,2023-10-07
P01303,CNC-Mill,Valve,Stainless Steel,PreciseTech,Czech Republic,355.96,1.115,33,7,32,critical,3,0.128,11581,1,109.4,yes,2024-01-22
P01304,Assembly,Motor,Stainless Steel,Nordic Motion,Sweden,248.41,5.476,18,39,11,low,7,0.189,14889,2,117.7,no,2024-04-09
P01305,Packaging,Seal,Polymer,Activa Parts,Netherlands,9.93,0.051,22,26,19,critical,7,0.937,3178,4,108.3,yes,2023-05-10
P01306,Lathe,Belt,Composite,PreciseTech,Czech Republic,41.09,0.317,14,44,6,high,7,0.384,3443,5,97.5,no,2024-04-16
P01307,Assembly,Bearing,Ceramic,SensorWorks,Poland,135.03,0.859,20,25,23,critical,5,0.349,5406,13,173.7,no,2024-06-05
P01308,Press,Bearing,Polymer,SensorWorks,Germany,69.44,1.005,17,51,14,medium,8,0.306,4315,11,146.2,yes,2024-07-15
P01309,Conveyor,Sensor,Aluminum,MotionHub,Germany,89.79,0.484,16,8,19,medium,4,0.076,6954,11,87.0,yes,2023-01-25
P01310,Lathe,Filter,Polymer,Nordic Motion,Netherlands,32.16,0.238,11,33,20,high,4,0.229,7692,13,85.4,no,2024-08-12
P01311,Assembly,Filter,Ceramic,EuroMech,Finland,36.38,0.265,18,27,14,medium,5,0.335,8372,16,110.2,yes,2024-10-12
P01312,Conveyor,Cable,Steel,EuroMech,Finland,45.56,0.677,22,22,15,medium,6,0.157,5019,13,106.3,yes,2023-12-11
P01313,Packaging,Bearing,Aluminum,Nordic Motion,Germany,132.5,1.024,26,22,22,medium,3,0.559,4083,9,138.3,yes,2023-07-06
P01314,Conveyor,Bearing,Brass,SensorWorks,Netherlands,126.88,0.771,16,15,11,high,9,0.423,5395,11,153.6,no,2023-09-02
P01315,CNC-Mill,Bearing,Ceramic,EuroMech,Finland,59.2,1.141,23,20,24,medium,6,0.235,4355,12,191.2,yes,2023-07-28
P01316,Conveyor,Gear,Aluminum,Nordic Motion,Netherlands,184.21,1.169,10,24,25,low,6,0.282,8340,12,103.8,yes,2024-12-11
P01317,Conveyor,Pump,Ceramic,Nordic Motion,Poland,381.25,16.767,15,32,18,medium,7,0.373,8439,8,138.2,yes,2025-02-22
P01318,Packaging,Bearing,Aluminum,MotionHub,Finland,95.44,1.11,15,0,29,medium,3,0.457,5724,10,145.0,yes,2024-08-03
P01319,Packaging,Filter,Steel,Activa Parts,Sweden,19.84,0.308,7,38,14,medium,5,0.089,8300,14,81.1,yes,2023-02-02
P01320,Assembly,Motor,Composite,FlowCore,Sweden,644.79,17.284,23,19,29,low,4,0.155,9357,9,99.4,no,2025-02-22
P01321,Lathe,Valve,Polymer,FlowCore,Sweden,90.11,3.065,15,31,19,medium,5,0.276,11562,6,123.4,yes,2024-02-08
P01322,Packaging,Motor,Polymer,Nordic Motion,Netherlands,435.92,12.202,12,64,9,high,4,0.082,11250,1,101.1,yes,2024-06-14
P01323,Press,Pump,Stainless Steel,SensorWorks,Germany,227.38,9.01,21,20,24,high,2,0.15,10254,9,106.0,yes,2024-03-26
P01324,Conveyor,Pump,Brass,Nordic Motion,Finland,363.51,7.513,22,11,18,critical,8,0.176,8624,8,99.9,yes,2024-02-29
P01325,Packaging,Sensor,Composite,FlowCore,Germany,131.77,0.22,23,18,27,medium,5,0.457,5007,10,78.8,yes,2024-06-19
P01326,CNC-Mill,Pump,Steel,Activa Parts,Sweden,305.69,11.923,19,25,23,medium,3,0.13,8958,6,94.3,no,2025-01-28
P01327,Assembly,Motor,Stainless Steel,SensorWorks,Netherlands,638.78,14.688,14,47,26,low,10,0.134,12516,7,124.9,yes,2023-01-22
P01328,Conveyor,Bearing,Steel,EuroMech,Italy,58.44,0.802,15,30,17,medium,6,0.411,5595,7,145.4,yes,2025-01-06
P01329,Press,Cable,Steel,FlowCore,Czech Republic,26.55,0.609,13,19,14,medium,1,0.238,8423,17,118.4,yes,2023-11-26
P01330,Packaging,Filter,Aluminum,EuroMech,Poland,36.06,0.179,24,13,23,medium,3,0.169,7716,15,94.6,no,2024-10-18
P01331,Packaging,Motor,Brass,EuroMech,Germany,387.83,14.56,14,26,10,medium,6,0.089,10036,5,123.4,yes,2025-03-11
P01332,Press,Valve,Brass,Nordic Motion,Poland,112.07,1.271,11,13,16,medium,4,0.047,9753,3,108.7,yes,2025-03-08
P01333,Lathe,Bearing,Steel,PreciseTech,Netherlands,121.97,1.269,21,29,18,high,7,0.479,5236,7,150.0,yes,2025-01-16
P01334,Lathe,Controller,Brass,Nordic Motion,Poland,701.82,1.088,8,21,7,low,4,0.267,17253,10,45.6,yes,2023-04-12
P01335,CNC-Mill,Seal,Polymer,Nordic Motion,Sweden,22.93,0.072,11,38,20,medium,5,0.855,2152,10,124.6,yes,2024-08-12
P01336,Conveyor,Seal,Brass,SensorWorks,Finland,12.98,0.064,11,27,13,low,9,0.615,3620,7,137.2,yes,2024-04-23
P01337,CNC-Mill,Gear,Stainless Steel,EuroMech,Poland,126.25,2.561,2,24,7,low,5,0.094,6032,4,89.4,yes,2024-07-17
P01338,Assembly,Bearing,Aluminum,EuroMech,Italy,45.4,0.782,14,26,12,low,5,0.384,5173,7,129.2,yes,2024-06-03
P01339,Press,Belt,Polymer,EuroMech,Czech Republic,19.33,0.409,7,30,18,low,5,0.813,4023,8,104.8,yes,2024-07-05
P01340,Conveyor,Motor,Aluminum,FlowCore,Finland,792.95,15.389,23,18,20,critical,9,0.433,7915,1,112.2,yes,2024-04-19
P01341,Assembly,Filter,Aluminum,MotionHub,Germany,35.8,0.42,18,38,17,high,3,0.209,7544,11,93.0,yes,2025-03-04
P01342,Packaging,Bearing,Brass,PreciseTech,Sweden,86.63,0.817,13,32,6,low,3,0.823,5273,6,125.6,yes,2023-10-05
P01343,Packaging,Cable,Composite,SensorWorks,Italy,41.75,0.98,28,31,23,medium,8,0.11,10822,14,87.2,yes,2025-01-30
P01344,Assembly,Cable,Composite,EuroMech,Finland,22.82,0.757,17,20,14,high,6,0.094,6216,16,110.7,no,2023-08-29
P01345,Packaging,Controller,Ceramic,MotionHub,Finland,1061.61,1.137,18,36,14,medium,1,0.085,16222,4,83.8,yes,2023-06-03
P01346,Lathe,Seal,Polymer,PreciseTech,Sweden,11.5,0.052,12,57,10,high,10,0.344,2379,7,107.6,no,2024-07-13
P01347,Packaging,Seal,Composite,Activa Parts,Italy,25.94,0.047,11,21,20,high,7,0.846,2810,7,121.6,yes,2024-10-06
P01348,Press,Tooling,Steel,PreciseTech,Finland,165.28,3.283,14,31,19,medium,6,0.555,2298,5,98.7,yes,2024-06-10
P01349,Packaging,Filter,Aluminum,Nordic Motion,Netherlands,61.39,0.422,12,26,21,medium,3,0.272,8141,12,92.2,no,2024-02-02
P01350,Packaging,Bearing,Brass,Nordic Motion,Italy,147.26,0.584,12,39,13,medium,8,0.516,5255,14,134.4,yes,2025-02-10
P01351,CNC-Mill,Gear,Polymer,Nordic Motion,Sweden,105.03,1.875,14,26,28,medium,8,0.168,9052,7,89.1,yes,2024-10-18
P01352,Lathe,Bearing,Aluminum,EuroMech,Germany,296.71,1.112,23,27,25,medium,6,0.264,5531,11,166.9,yes,2024-07-25
P01353,Press,Filter,Composite,EuroMech,Czech Republic,37.51,0.291,16,18,15,low,6,0.347,9000,18,69.1,yes,2023-01-24
P01354,Assembly,Valve,Polymer,Nordic Motion,Netherlands,212.13,1.982,20,46,24,medium,6,0.107,9015,8,114.3,yes,2023-07-13
P01355,Press,Tooling,Composite,MotionHub,Poland,92.99,1.443,6,53,14,high,10,0.439,2875,6,114.6,yes,2023-11-19
P01356,CNC-Mill,Bearing,Aluminum,Nordic Motion,Finland,87.77,0.845,12,23,10,low,5,0.246,6537,6,144.6,yes,2024-04-13
P01357,Conveyor,Pump,Polymer,FlowCore,Italy,443.8,8.493,21,27,21,high,7,0.129,9672,3,101.4,yes,2023-03-04
P01358,Conveyor,Seal,Brass,FlowCore,Czech Republic,31.35,0.035,13,26,17,high,10,0.498,3025,4,110.0,yes,2025-03-03
P01359,CNC-Mill,Motor,Brass,PreciseTech,Netherlands,693.8,14.075,22,37,17,critical,4,0.219,13449,5,120.4,yes,2024-01-01
P01360,CNC-Mill,Sensor,Aluminum,SensorWorks,Italy,161.46,0.388,15,32,24,low,4,0.23,5230,13,77.9,yes,2024-10-20
P01361,Press,Cable,Brass,PreciseTech,Germany,16.45,0.949,12,40,14,medium,1,0.187,6246,14,121.7,yes,2024-09-08
P01362,Lathe,Cable,Steel,PreciseTech,Sweden,40.59,0.417,17,24,22,medium,9,0.286,9781,20,121.9,no,2024-01-10
P01363,Press,Cable,Polymer,Activa Parts,Sweden,16.28,0.59,16,17,21,low,5,0.577,10997,17,87.0,yes,2024-01-25
P01364,Assembly,Valve,Brass,PreciseTech,Netherlands,152.63,1.402,6,21,11,medium,3,0.11,12769,7,134.5,no,2024-10-22
P01365,Press,Controller,Aluminum,FlowCore,Poland,367.47,0.844,13,25,12,low,3,0.084,13060,5,68.3,yes,2024-02-11
P01366,Conveyor,Bearing,Aluminum,FlowCore,Germany,97.88,0.763,19,36,21,medium,7,0.166,6627,12,120.8,no,2024-12-13
P01367,Assembly,Sensor,Ceramic,Nordic Motion,Czech Republic,77.04,0.188,17,28,22,medium,3,0.16,7325,10,98.6,no,2024-02-14
P01368,Assembly,Gear,Steel,MotionHub,Italy,118.46,1.012,20,10,12,medium,4,0.161,7148,4,129.5,yes,2023-12-25
P01369,Packaging,Bearing,Aluminum,EuroMech,Germany,143.59,0.428,28,0,29,medium,6,0.233,3249,12,135.6,no,2024-06-06
P01370,Press,Cable,Steel,PreciseTech,Italy,18.66,0.846,8,29,12,low,7,0.235,8846,15,104.2,no,2024-03-28
P01371,Press,Seal,Aluminum,EuroMech,Germany,16.11,0.042,14,7,17,low,8,0.978,2131,10,116.1,yes,2024-11-28
P01372,Packaging,Bearing,Polymer,PreciseTech,Czech Republic,116.64,0.948,14,56,21,high,6,0.319,5793,9,130.6,yes,2023-05-23
P01373,Packaging,Controller,Steel,Activa Parts,Italy,975.64,0.693,12,28,15,high,7,0.09,19728,4,78.6,yes,2024-03-14
P01374,Assembly,Bearing,Aluminum,EuroMech,Czech Republic,101.38,0.952,34,9,29,critical,8,0.503,5785,4,142.2,yes,2024-11-16
P01375,Press,Filter,Ceramic,MotionHub,Germany,26.15,0.327,9,24,11,low,3,0.096,8155,9,120.8,no,2024-10-25
P01376,Lathe,Bearing,Aluminum,Activa Parts,Italy,112.04,0.608,23,42,28,critical,4,0.36,6764,9,112.4,yes,2024-04-25
P01377,Packaging,Seal,Brass,FlowCore,Czech Republic,28.73,0.094,22,3,26,high,10,0.791,2677,5,98.2,yes,2024-07-06
P01378,Packaging,Motor,Stainless Steel,EuroMech,Poland,545.01,11.427,20,27,25,medium,4,0.26,8564,1,102.8,yes,2024-11-22
P01379,Assembly,Bearing,Polymer,EuroMech,Czech Republic,69.19,1.346,10,15,17,low,5,0.296,5554,14,160.7,yes,2024-11-14
P01380,Press,Filter,Steel,Activa Parts,Italy,17.48,0.39,15,33,24,low,8,0.242,5217,10,90.0,yes,2024-03-08
P01381,Press,Filter,Ceramic,PreciseTech,Poland,26.84,0.402,10,36,7,low,3,0.219,7888,14,120.7,no,2023-10-07
P01382,Press,Cable,Ceramic,MotionHub,Finland,26.0,0.405,18,29,25,medium,6,0.132,6635,12,111.7,no,2024-09-24
P01383,Conveyor,Pump,Composite,Activa Parts,Netherlands,683.09,8.321,20,27,11,high,4,0.204,7534,3,90.7,no,2023-09-25
P01384,CNC-Mill,Cable,Steel,Nordic Motion,Finland,17.07,0.417,7,49,9,medium,6,0.118,6322,22,135.6,yes,2024-09-26
P01385,Assembly,Seal,Polymer,FlowCore,Sweden,10.87,0.053,18,32,21,medium,9,0.328,2500,9,118.2,no,2024-04-01
P01386,Press,Gear,Composite,Activa Parts,Czech Republic,147.59,1.64,8,23,6,low,5,0.274,6515,7,134.1,yes,2024-05-29
P01387,Assembly,Gear,Aluminum,EuroMech,Italy,124.44,2.88,17,34,23,low,4,0.225,10504,10,128.4,yes,2024-08-14
P01388,CNC-Mill,Pump,Stainless Steel,MotionHub,Italy,365.59,5.146,18,38,21,medium,5,0.229,7963,9,106.3,no,2023-11-02
P01389,Lathe,Bearing,Steel,Nordic Motion,Netherlands,67.85,0.688,15,18,17,low,4,0.763,5734,15,137.5,yes,2024-04-30
P01390,Conveyor,Belt,Ceramic,Nordic Motion,Finland,70.68,0.486,20,0,23,medium,9,0.667,2978,14,113.2,yes,2023-11-01
P01391,Conveyor,Seal,Ceramic,SensorWorks,Poland,53.88,0.054,15,29,12,low,9,0.69,1788,1,135.0,yes,2024-01-28
P01392,Press,Filter,Brass,EuroMech,Germany,31.87,0.873,19,19,23,high,6,0.259,8287,14,96.3,yes,2024-09-06
P01393,Assembly,Cable,Aluminum,SensorWorks,Germany,24.05,0.487,20,13,34,medium,3,0.093,7347,15,98.2,no,2023-12-10
P01394,Conveyor,Seal,Ceramic,EuroMech,Italy,14.79,0.045,10,27,8,medium,7,0.614,2338,5,126.7,yes,2023-12-23
P01395,Conveyor,Sensor,Polymer,MotionHub,Italy,180.95,0.186,14,11,16,medium,8,0.147,7492,6,85.8,yes,2024-04-22
P01396,Packaging,Belt,Ceramic,SensorWorks,Czech Republic,24.76,0.311,4,48,10,medium,7,0.597,3747,1,99.9,yes,2024-12-11
P01397,Press,Bearing,Aluminum,MotionHub,Finland,78.43,1.418,14,11,19,medium,6,1.169,4767,10,138.0,yes,2024-06-16
P01398,Press,Bearing,Aluminum,Nordic Motion,Czech Republic,89.32,0.712,19,30,32,medium,2,1.443,6633,10,106.5,yes,2024-08-28
P01399,Assembly,Cable,Steel,Nordic Motion,Sweden,44.5,1.062,13,11,15,low,5,0.911,7109,16,113.2,no,2025-01-06
P01400,Packaging,Belt,Steel,Activa Parts,Czech Republic,39.07,0.372,19,38,20,low,7,1.087,3536,3,117.7,no,2024-01-07
P01401,Lathe,Gear,Brass,MotionHub,Poland,165.38,1.783,22,47,19,critical,5,0.526,12369,7,117.2,no,2023-04-11
P01402,Conveyor,Filter,Stainless Steel,PreciseTech,Netherlands,35.81,0.28,24,0,29,critical,3,0.268,9327,13,85.7,yes,2024-05-20
P01403,Lathe,Bearing,Steel,EuroMech,Germany,61.39,0.653,13,28,20,low,7,0.135,5018,15,134.1,yes,2025-02-17
P01404,Packaging,Filter,Aluminum,Activa Parts,Sweden,18.72,0.17,13,21,21,medium,1,0.233,10108,7,90.6,yes,2024-05-24
P01405,Packaging,Motor,Steel,FlowCore,Finland,961.91,8.356,17,32,18,medium,3,0.06,13431,1,110.3,no,2025-01-03
P01406,Press,Bearing,Composite,EuroMech,Germany,55.35,0.932,13,27,6,critical,4,0.247,3759,12,145.2,yes,2023-09-30
P01407,Conveyor,Tooling,Steel,SensorWorks,Poland,140.54,1.803,10,46,3,high,7,0.186,2713,3,94.4,yes,2024-12-18
P01408,Packaging,Bearing,Brass,Nordic Motion,Sweden,92.71,0.91,15,11,20,medium,5,0.451,5411,13,119.2,no,2023-12-11
P01409,Assembly,Sensor,Brass,MotionHub,Czech Republic,195.06,0.232,30,0,31,critical,4,0.146,4215,13,74.3,no,2024-03-06
P01410,Press,Sensor,Brass,Nordic Motion,Italy,82.71,0.449,26,23,21,medium,7,0.222,5844,8,74.0,no,2023-09-09
P01411,Conveyor,Sensor,Stainless Steel,Nordic Motion,Poland,113.85,0.198,22,18,20,low,5,0.199,6378,12,84.2,yes,2024-06-24
P01412,Conveyor,Sensor,Brass,Activa Parts,Germany,188.78,0.181,11,33,13,medium,1,0.133,8893,10,94.1,yes,2024-02-16
P01413,Packaging,Bearing,Ceramic,Nordic Motion,Sweden,49.92,0.842,18,28,16,medium,5,0.542,4606,7,155.8,yes,2023-08-16
P01414,Conveyor,Tooling,Aluminum,SensorWorks,Poland,124.53,1.594,17,41,16,low,8,0.521,2627,8,119.3,yes,2024-09-30
P01415,Packaging,Sensor,Brass,PreciseTech,Finland,36.38,0.219,12,19,16,high,6,0.137,5461,4,90.2,no,2023-12-08
P01416,Assembly,Seal,Brass,SensorWorks,Finland,20.33,0.064,17,0,14,medium,6,0.29,3953,7,110.8,yes,2023-09-28
P01417,CNC-Mill,Valve,Aluminum,Nordic Motion,Sweden,132.19,0.969,7,16,13,low,9,0.32,12393,11,110.9,yes,2025-03-17
P01418,Assembly,Bearing,Ceramic,EuroMech,Sweden,156.45,0.983,20,15,33,high,7,0.224,3824,10,156.1,yes,2025-03-15
P01419,Assembly,Sensor,Composite,EuroMech,Germany,114.41,0.144,11,37,14,medium,6,0.221,5599,11,99.7,no,2023-04-13
P01420,CNC-Mill,Filter,Steel,Nordic Motion,Netherlands,17.12,0.25,16,15,19,low,4,0.22,9249,14,108.7,yes,2023-12-31
P01421,CNC-Mill,Gear,Aluminum,Nordic Motion,Poland,196.19,2.145,11,40,15,low,2,0.117,8835,11,108.9,no,2023-08-26
P01422,Press,Bearing,Stainless Steel,SensorWorks,Sweden,70.5,0.432,16,17,17,low,7,0.249,5359,13,138.8,yes,2023-02-19
P01423,Lathe,Valve,Composite,EuroMech,Netherlands,88.92,2.281,10,34,18,medium,6,0.129,12028,2,136.4,yes,2024-05-30
P01424,Assembly,Valve,Stainless Steel,SensorWorks,Czech Republic,190.53,1.449,7,15,27,low,3,0.337,8887,5,128.9,yes,2023-06-11
P01425,Packaging,Gear,Polymer,MotionHub,Italy,335.95,2.013,15,18,23,medium,5,0.159,8330,6,106.9,yes,2023-04-14
P01426,Assembly,Seal,Ceramic,Nordic Motion,Czech Republic,16.13,0.041,17,32,18,high,9,0.221,2452,7,137.6,yes,2023-12-24
P01427,Conveyor,Seal,Steel,Activa Parts,Italy,10.12,0.048,17,21,24,critical,7,0.429,2418,9,101.9,yes,2024-02-27
P01428,Assembly,Filter,Steel,Nordic Motion,Poland,21.85,0.301,18,2,18,medium,3,0.248,6783,12,73.5,yes,2023-09-28
P01429,Press,Belt,Aluminum,EuroMech,Czech Republic,80.56,0.53,21,14,18,low,8,0.271,3091,3,112.3,yes,2024-07-12
P01430,Press,Valve,Aluminum,EuroMech,Czech Republic,148.57,1.566,21,0,24,critical,4,0.35,9043,11,109.8,yes,2024-09-08
P01431,Conveyor,Controller,Steel,PreciseTech,Finland,661.34,1.104,18,0,24,medium,5,0.095,18149,6,51.2,yes,2023-08-25
P01432,CNC-Mill,Controller,Ceramic,Activa Parts,Finland,746.54,1.272,20,17,23,medium,8,0.026,15407,8,48.9,yes,2024-05-10
P01433,Assembly,Gear,Ceramic,FlowCore,Netherlands,163.14,3.069,18,45,33,low,4,0.438,8506,5,148.9,no,2024-10-31
P01434,Press,Cable,Ceramic,FlowCore,Poland,26.02,0.616,16,28,20,high,8,0.222,3351,18,127.7,no,2024-08-23
P01435,Assembly,Sensor,Composite,EuroMech,Sweden,183.38,0.1,22,46,22,medium,1,0.225,7593,10,67.3,no,2023-03-18
P01436,Packaging,Bearing,Brass,Nordic Motion,Netherlands,63.67,0.957,9,10,12,medium,7,0.265,4382,6,153.8,yes,2023-02-19
P01437,CNC-Mill,Motor,Aluminum,SensorWorks,Germany,597.08,7.646,14,20,12,medium,5,0.108,18833,4,114.2,no,2024-04-23
P01438,Assembly,Seal,Steel,MotionHub,Poland,9.86,0.039,14,47,13,low,10,1.098,3023,6,118.0,no,2024-01-10
P01439,Assembly,Controller,Steel,SensorWorks,Italy,731.42,0.957,22,42,31,high,4,0.136,20457,7,61.0,no,2024-07-10
P01440,Lathe,Seal,Polymer,FlowCore,Netherlands,15.31,0.05,14,38,13,high,9,0.543,2399,8,136.7,yes,2023-05-22
P01441,Packaging,Controller,Brass,MotionHub,Czech Republic,964.48,1.832,13,23,11,critical,6,0.096,14459,1,45.0,no,2024-05-26
P01442,Press,Sensor,Aluminum,PreciseTech,Czech Republic,110.52,0.24,11,28,23,high,6,0.176,8058,12,76.3,yes,2023-05-07
P01443,Conveyor,Motor,Ceramic,Nordic Motion,Germany,677.95,10.304,12,37,21,low,4,0.206,8931,4,153.3,no,2023-01-27
P01444,Press,Sensor,Brass,MotionHub,Finland,71.89,0.194,9,36,7,low,7,0.075,7230,8,52.7,yes,2024-07-23
P01445,Packaging,Filter,Stainless Steel,SensorWorks,Sweden,26.26,0.564,17,1,30,high,4,0.111,7718,11,95.2,yes,2023-03-13
P01446,Press,Motor,Brass,MotionHub,Germany,800.14,6.592,16,34,15,medium,6,0.133,10025,8,102.5,yes,2023-04-08
P01447,Press,Gear,Steel,EuroMech,Finland,71.03,1.445,15,23,27,high,7,0.342,6237,10,101.1,no,2024-11-06
P01448,Assembly,Gear,Composite,Activa Parts,Sweden,134.5,2.576,26,21,28,medium,9,0.277,7984,7,112.2,yes,2024-09-25
P01449,Assembly,Sensor,Composite,Nordic Motion,Finland,135.87,0.27,25,31,36,high,6,0.199,6361,11,63.6,yes,2024-08-18
P01450,CNC-Mill,Controller,Polymer,PreciseTech,Netherlands,550.52,1.695,15,33,25,low,5,0.096,20320,4,75.8,yes,2024-01-11
P01451,CNC-Mill,Filter,Ceramic,Nordic Motion,Czech Republic,45.52,0.112,17,16,14,low,8,0.27,8560,12,93.0,yes,2024-06-29
P01452,CNC-Mill,Motor,Ceramic,EuroMech,Germany,946.48,10.234,22,9,23,medium,7,0.275,10965,4,105.7,no,2024-02-27
P01453,Lathe,Belt,Ceramic,SensorWorks,Germany,32.26,0.186,19,37,13,medium,4,0.37,3223,9,119.4,no,2023-07-17
P01454,Assembly,Belt,Brass,PreciseTech,Finland,69.19,0.366,15,34,17,medium,9,0.489,3021,5,98.7,yes,2023-05-05
P01455,Lathe,Belt,Brass,PreciseTech,Finland,50.53,0.43,12,42,23,medium,8,0.166,3668,11,100.0,yes,2024-02-04
P01456,CNC-Mill,Seal,Aluminum,MotionHub,Czech Republic,13.35,0.054,16,7,20,medium,9,0.601,2666,9,135.4,yes,2023-09-30
P01457,Assembly,Motor,Polymer,FlowCore,Italy,612.84,10.53,12,34,25,medium,5,0.164,9032,7,98.7,yes,2023-05-07
P01458,CNC-Mill,Bearing,Composite,PreciseTech,Sweden,108.57,1.136,19,16,13,medium,6,0.426,5286,10,143.5,yes,2024-12-01
P01459,Packaging,Bearing,Ceramic,MotionHub,Finland,42.71,0.702,7,24,16,medium,5,0.163,5252,9,163.5,yes,2023-11-25
P01460,Press,Seal,Polymer,Activa Parts,Sweden,21.84,0.056,24,15,31,medium,10,0.811,2756,4,117.3,yes,2024-11-25
P01461,CNC-Mill,Sensor,Aluminum,EuroMech,Poland,143.62,0.265,13,28,23,low,3,0.212,7483,9,85.7,yes,2025-01-15
P01462,Press,Bearing,Steel,PreciseTech,Finland,83.92,0.478,19,28,26,low,6,0.5,4069,7,141.0,no,2025-03-07
P01463,Packaging,Pump,Polymer,Nordic Motion,Germany,582.68,19.902,17,28,28,high,5,0.123,8183,7,118.8,yes,2024-07-28
P01464,Packaging,Filter,Ceramic,SensorWorks,Czech Republic,23.1,0.121,18,19,29,medium,3,0.184,7069,15,113.9,yes,2024-08-15
P01465,Lathe,Cable,Polymer,EuroMech,Sweden,20.64,0.536,17,47,25,high,6,0.189,7008,17,135.5,yes,2024-05-13
P01466,CNC-Mill,Motor,Aluminum,PreciseTech,Italy,931.05,8.562,22,16,25,low,9,0.138,14842,9,128.0,yes,2025-03-17
P01467,Lathe,Bearing,Polymer,PreciseTech,Netherlands,59.54,0.864,15,25,14,high,5,0.225,4187,8,132.3,yes,2024-05-13
P01468,Assembly,Filter,Aluminum,Activa Parts,Italy,32.45,0.379,14,21,20,high,6,0.174,6163,15,97.8,yes,2024-02-20
P01469,Lathe,Sensor,Aluminum,PreciseTech,Poland,48.87,0.276,16,8,24,high,4,0.167,5325,6,92.5,yes,2023-05-12
P01470,Lathe,Sensor,Steel,SensorWorks,Sweden,117.18,0.46,17,8,19,high,6,0.274,6032,4,68.3,yes,2024-06-06
P01471,Press,Sensor,Ceramic,FlowCore,Sweden,79.23,0.421,7,18,12,high,9,0.164,5107,10,106.0,no,2023-02-21
P01472,Lathe,Seal,Steel,SensorWorks,Sweden,26.8,0.053,9,37,14,medium,8,0.534,2179,1,111.2,yes,2023-01-03
P01473,CNC-Mill,Seal,Aluminum,SensorWorks,Netherlands,17.1,0.061,15,45,14,low,8,0.544,1731,8,95.3,yes,2024-03-18
P01474,CNC-Mill,Controller,Stainless Steel,Activa Parts,Germany,1056.51,1.213,21,20,14,high,8,0.157,12607,1,56.6,yes,2024-02-08
P01475,Lathe,Gear,Composite,Activa Parts,Finland,123.49,1.249,11,37,9,high,7,0.559,8727,7,107.9,no,2024-10-11
P01476,Assembly,Sensor,Brass,PreciseTech,Sweden,183.02,0.355,24,17,22,low,5,0.252,6778,12,71.9,no,2024-12-14
P01477,Press,Pump,Ceramic,PreciseTech,Czech Republic,340.55,5.164,18,24,15,low,4,0.224,9972,11,142.2,yes,2023-06-03
P01478,Press,Sensor,Stainless Steel,Nordic Motion,Netherlands,50.6,0.214,9,41,14,high,4,0.135,7612,8,97.6,yes,2024-07-04
P01479,Press,Gear,Aluminum,Nordic Motion,Netherlands,223.72,2.629,14,39,18,medium,7,0.102,8810,8,91.1,yes,2024-05-31
P01480,Conveyor,Tooling,Brass,PreciseTech,Sweden,121.71,1.869,27,51,26,critical,10,0.522,2716,8,106.2,yes,2024-10-02
P01481,CNC-Mill,Cable,Stainless Steel,Nordic Motion,Italy,22.7,1.177,18,18,27,high,4,0.139,9361,16,119.0,yes,2024-10-12
P01482,Press,Sensor,Brass,EuroMech,Sweden,183.19,0.36,13,13,8,low,4,0.496,6832,8,86.6,yes,2024-11-03
P01483,Assembly,Cable,Stainless Steel,PreciseTech,Finland,35.1,0.465,18,23,25,high,4,0.212,5601,16,108.7,yes,2023-04-16
P01484,Lathe,Sensor,Steel,Nordic Motion,Czech Republic,85.58,0.383,13,30,13,medium,3,0.153,6377,11,92.8,yes,2023-12-24
P01485,Lathe,Motor,Ceramic,Nordic Motion,Sweden,688.0,9.244,18,0,13,low,6,0.103,9213,2,122.9,yes,2023-02-05
P01486,Packaging,Controller,Stainless Steel,EuroMech,Finland,1066.53,1.268,12,31,14,low,4,0.1,11385,2,66.1,yes,2023-02-11
P01487,Lathe,Filter,Aluminum,SensorWorks,Germany,26.28,0.465,11,0,26,medium,5,0.204,9859,14,102.4,no,2023-11-07
P01488,CNC-Mill,Sensor,Composite,Activa Parts,Sweden,92.4,0.202,23,38,9,medium,7,0.096,3602,13,98.7,yes,2023-06-14
P01489,Conveyor,Bearing,Aluminum,Activa Parts,Poland,93.41,0.88,23,31,18,critical,6,0.305,5599,8,144.5,yes,2023-06-19
P01490,Assembly,Filter,Stainless Steel,Activa Parts,Sweden,28.97,0.188,9,5,21,low,10,0.223,3659,10,90.6,yes,2024-06-02
P01491,Lathe,Gear,Ceramic,Activa Parts,Czech Republic,158.78,2.242,16,11,10,medium,3,0.13,5577,7,129.7,yes,2023-05-12
P01492,Conveyor,Belt,Brass,PreciseTech,Sweden,36.63,0.185,21,20,15,critical,9,0.389,3205,7,112.3,yes,2024-08-11
P01493,Packaging,Belt,Steel,FlowCore,Poland,34.68,0.275,18,58,23,medium,6,0.383,3167,4,118.7,yes,2024-08-01
P01494,Assembly,Gear,Brass,PreciseTech,Czech Republic,80.48,2.473,15,50,19,medium,1,0.226,3818,6,133.3,yes,2024-12-16
P01495,Lathe,Belt,Brass,SensorWorks,Czech Republic,45.49,0.558,14,47,20,medium,4,0.25,3261,13,149.7,yes,2024-12-12
P01496,Lathe,Sensor,Composite,Activa Parts,Poland,96.97,0.213,10,34,7,medium,4,0.172,5638,8,67.1,yes,2023-08-03
P01497,Packaging,Sensor,Polymer,Nordic Motion,Netherlands,154.15,0.218,15,10,22,medium,6,0.374,6602,10,77.4,yes,2023-02-05
P01498,Packaging,Motor,Brass,FlowCore,Italy,382.48,9.4,15,28,13,low,3,0.179,13793,5,109.0,no,2024-09-30
P01499,Conveyor,Motor,Polymer,Nordic Motion,Sweden,645.75,12.04,16,35,20,critical,4,0.182,12092,7,88.5,yes,2025-03-09
P01500,Lathe,Seal,Aluminum,MotionHub,Italy,12.45,0.04,12,26,19,medium,6,0.731,2442,2,123.9,yes,2023-12-02
P01501,Lathe,Gear,Composite,Activa Parts,Finland,221.26,1.505,8,8,18,medium,9,0.265,5147,8,142.1,yes,2023-12-12
P01502,Conveyor,Tooling,Polymer,MotionHub,Finland,154.74,1.28,14,0,15,medium,8,0.671,2031,8,91.2,yes,2024-03-28
P01503,Assembly,Belt,Steel,SensorWorks,Poland,38.0,0.264,10,27,20,medium,7,0.304,3180,6,108.0,yes,2024-05-31
P01504,Assembly,Sensor,Aluminum,MotionHub,Netherlands,166.04,0.223,14,11,19,medium,3,0.191,5499,11,80.8,no,2024-11-26
P01505,Lathe,Filter,Brass,MotionHub,Sweden,20.53,0.342,13,41,15,low,6,0.16,7275,10,91.6,yes,2023-01-11
P01506,CNC-Mill,Bearing,Steel,PreciseTech,Germany,99.14,0.891,17,3,31,medium,7,1.483,5519,9,131.0,yes,2024-09-19
P01507,Lathe,Belt,Polymer,Nordic Motion,Sweden,64.62,0.316,20,28,27,medium,10,0.763,4164,7,95.9,yes,2023-11-05
P01508,Packaging,Gear,Ceramic,MotionHub,Germany,94.94,1.482,22,20,31,medium,4,0.171,6867,5,149.4,yes,2023-01-11
P01509,Lathe,Gear,Brass,Activa Parts,Germany,126.63,1.976,23,0,28,medium,5,0.126,8528,2,105.8,no,2024-11-21
P01510,Conveyor,Gear,Polymer,SensorWorks,Sweden,191.86,1.642,11,27,11,low,5,0.142,9881,6,107.5,yes,2024-09-29
P01511,CNC-Mill,Sensor,Polymer,Activa Parts,Poland,63.4,0.385,10,29,14,high,5,0.188,4413,13,83.5,yes,2025-01-16
P01512,CNC-Mill,Bearing,Composite,EuroMech,Czech Republic,39.86,0.72,7,31,3,high,3,0.154,4771,16,136.0,no,2023-05-22
P01513,CNC-Mill,Bearing,Steel,FlowCore,Czech Republic,108.46,0.883,14,7,8,medium,8,0.421,5644,14,134.0,no,2023-11-16
P01514,Conveyor,Belt,Polymer,FlowCore,Italy,34.97,0.475,21,41,33,medium,9,0.788,2533,9,89.6,yes,2024-06-07
P01515,Press,Motor,Composite,FlowCore,Sweden,804.78,9.527,14,39,16,medium,4,0.133,14256,9,106.5,yes,2023-12-23
P01516,Lathe,Tooling,Steel,SensorWorks,Czech Republic,159.13,2.403,15,21,21,medium,10,0.264,3783,3,120.5,no,2024-10-13
P01517,Packaging,Sensor,Ceramic,Nordic Motion,Germany,138.37,0.327,15,39,27,low,6,0.183,6679,10,100.2,no,2024-07-16
P01518,Packaging,Bearing,Composite,MotionHub,Finland,88.53,0.984,13,0,12,high,7,0.106,5956,11,158.8,yes,2024-07-25
P01519,CNC-Mill,Bearing,Brass,PreciseTech,Sweden,81.87,0.883,23,19,18,high,8,0.263,5024,11,149.6,yes,2024-09-13
P01520,Press,Pump,Stainless Steel,Activa Parts,Netherlands,497.39,6.945,17,16,28,medium,7,0.142,9291,3,137.2,yes,2024-01-23
P01521,CNC-Mill,Gear,Composite,PreciseTech,Italy,164.42,2.008,13,5,29,high,4,0.212,7836,7,113.1,no,2023-04-16
P01522,Press,Filter,Brass,Nordic Motion,Germany,35.78,0.281,11,29,16,high,5,0.281,6104,12,100.5,yes,2024-08-30
P01523,Assembly,Sensor,Stainless Steel,SensorWorks,Italy,102.3,0.187,10,21,20,medium,5,0.123,8049,6,100.1,no,2024-04-03
P01524,Lathe,Bearing,Brass,FlowCore,Netherlands,89.83,0.786,18,22,17,high,6,0.14,4294,7,136.2,yes,2023-03-24
P01525,Conveyor,Bearing,Ceramic,MotionHub,Italy,63.58,0.662,18,31,23,high,5,0.17,5825,11,136.4,yes,2023-06-25
P01526,CNC-Mill,Filter,Stainless Steel,MotionHub,Czech Republic,40.55,0.223,14,37,24,low,3,0.334,6294,15,101.5,no,2024-10-03
P01527,CNC-Mill,Bearing,Stainless Steel,MotionHub,Italy,52.44,0.84,11,23,27,high,5,1.161,5318,11,148.3,no,2025-01-31
P01528,Packaging,Bearing,Stainless Steel,EuroMech,Czech Republic,110.37,0.838,22,53,14,medium,6,0.277,6947,15,139.9,yes,2023-09-07
P01529,Lathe,Seal,Stainless Steel,SensorWorks,Poland,12.74,0.023,18,27,20,low,8,0.553,2859,5,136.6,yes,2023-05-02
P01530,Press,Sensor,Steel,FlowCore,Czech Republic,208.5,0.185,17,14,22,low,8,0.184,6656,11,86.6,yes,2023-12-04
P01531,Packaging,Filter,Composite,Activa Parts,Netherlands,20.25,0.458,31,31,34,critical,6,0.112,9789,7,100.0,yes,2024-06-27
P01532,CNC-Mill,Bearing,Steel,FlowCore,Germany,76.02,0.971,23,39,26,low,3,0.223,5126,14,137.6,no,2024-09-09
P01533,Conveyor,Sensor,Brass,MotionHub,Sweden,126.44,0.217,11,45,8,low,3,0.196,6970,7,76.6,yes,2024-04-03
P01534,Assembly,Belt,Steel,PreciseTech,Czech Republic,49.64,0.442,20,38,32,critical,7,0.284,3073,8,106.6,yes,2023-05-31
P01535,Press,Filter,Stainless Steel,Nordic Motion,Italy,33.21,0.302,15,23,26,low,6,0.233,5285,16,72.8,yes,2024-06-26
P01536,Assembly,Motor,Stainless Steel,EuroMech,Germany,690.7,25.877,13,41,31,high,5,0.203,11812,1,110.3,no,2023-03-22
P01537,Conveyor,Gear,Aluminum,PreciseTech,Netherlands,176.87,2.367,7,4,6,high,3,0.452,5733,5,126.6,yes,2024-11-30
P01538,Conveyor,Sensor,Polymer,EuroMech,Italy,110.01,0.212,16,23,17,high,10,0.207,6556,9,79.2,no,2023-12-05
P01539,Assembly,Belt,Ceramic,PreciseTech,Netherlands,54.08,0.505,18,17,18,high,3,0.553,2039,1,140.0,no,2024-11-20
P01540,Conveyor,Valve,Stainless Steel,FlowCore,Poland,196.79,2.449,12,38,16,medium,3,0.207,9481,4,123.1,no,2025-01-13
P01541,Lathe,Bearing,Polymer,EuroMech,Germany,211.76,1.108,18,50,28,low,5,0.158,6207,11,146.2,yes,2024-12-18
P01542,Assembly,Motor,Ceramic,EuroMech,Poland,505.05,6.561,16,20,27,medium,3,0.247,16719,6,137.2,yes,2023-05-08
P01543,CNC-Mill,Sensor,Composite,EuroMech,Czech Republic,132.82,0.265,14,38,14,low,3,0.357,6602,7,70.2,yes,2024-08-26
P01544,Press,Valve,Brass,EuroMech,Finland,284.81,1.175,24,0,14,critical,6,0.118,9096,1,135.6,yes,2024-11-12
P01545,Conveyor,Sensor,Steel,Nordic Motion,Italy,126.77,0.344,10,25,16,low,5,0.169,7804,11,72.8,yes,2024-12-08
P01546,Press,Filter,Steel,MotionHub,Czech Republic,20.23,0.168,12,35,6,high,5,0.126,7947,12,88.7,yes,2024-12-28
P01547,CNC-Mill,Valve,Steel,MotionHub,Czech Republic,106.03,1.62,14,16,20,medium,4,0.174,10292,8,124.8,no,2023-01-28
P01548,Conveyor,Belt,Steel,EuroMech,Finland,59.49,0.334,18,2,25,medium,10,0.451,2937,7,99.8,yes,2024-01-04
P01549,Conveyor,Motor,Stainless Steel,PreciseTech,Netherlands,919.38,17.825,20,37,12,low,6,0.278,10079,5,97.6,yes,2023-11-09
P01550,CNC-Mill,Gear,Aluminum,Activa Parts,Italy,61.46,0.992,20,32,29,medium,4,0.336,6601,1,88.0,yes,2024-11-30
P01551,Conveyor,Filter,Stainless Steel,PreciseTech,Poland,29.77,0.382,18,21,25,low,4,0.253,6550,13,102.6,yes,2023-11-01
P01552,Assembly,Bearing,Polymer,MotionHub,Germany,112.34,0.767,12,38,17,high,2,0.204,5334,6,134.8,no,2023-05-22
P01553,Packaging,Cable,Stainless Steel,EuroMech,Finland,14.12,0.629,10,51,10,medium,5,0.182,9042,19,133.4,no,2024-11-02
P01554,Lathe,Seal,Ceramic,Activa Parts,Poland,21.98,0.039,14,10,20,high,5,0.647,1997,6,147.0,no,2024-04-28
P01555,CNC-Mill,Belt,Polymer,PreciseTech,Italy,37.4,0.242,16,38,7,low,5,0.124,2485,7,122.3,no,2024-10-30
P01556,Conveyor,Motor,Brass,Activa Parts,Sweden,659.82,17.959,8,45,26,low,2,0.067,7896,1,114.1,yes,2024-02-23
P01557,Assembly,Pump,Steel,Nordic Motion,Poland,493.91,13.608,8,36,4,medium,5,0.255,7901,6,100.9,no,2025-02-07
P01558,Press,Seal,Steel,Activa Parts,Germany,27.85,0.042,10,11,12,medium,8,0.671,1514,8,123.1,no,2023-02-19
P01559,CNC-Mill,Sensor,Aluminum,FlowCore,Finland,92.78,0.286,26,63,32,critical,6,0.089,5035,13,94.1,yes,2023-03-18
P01560,Conveyor,Gear,Stainless Steel,MotionHub,Germany,125.89,1.572,19,25,27,medium,6,0.314,6662,5,117.7,yes,2024-09-12
P01561,Assembly,Motor,Ceramic,Activa Parts,Italy,882.99,9.583,18,28,26,medium,7,0.127,11563,8,109.2,yes,2023-08-03
P01562,Packaging,Valve,Stainless Steel,Nordic Motion,Finland,226.78,1.67,31,16,33,low,3,0.092,11740,14,119.7,no,2023-10-23
P01563,Lathe,Filter,Composite,MotionHub,Italy,40.4,0.991,19,23,18,critical,5,0.097,9070,14,119.7,yes,2023-06-05
P01564,Lathe,Motor,Brass,PreciseTech,Czech Republic,661.88,6.588,13,43,13,high,6,0.092,12234,2,97.5,yes,2023-06-09
P01565,Conveyor,Valve,Steel,FlowCore,Poland,124.14,2.05,12,22,20,medium,2,0.162,10236,7,140.6,no,2023-09-15
P01566,CNC-Mill,Pump,Stainless Steel,MotionHub,Netherlands,358.86,5.752,23,30,26,low,5,0.086,8169,14,114.7,yes,2025-03-17
P01567,Assembly,Seal,Steel,PreciseTech,Sweden,17.18,0.02,14,42,14,high,8,0.953,2040,9,131.6,yes,2024-09-07
P01568,Press,Tooling,Polymer,FlowCore,Czech Republic,224.43,3.863,25,23,19,critical,7,0.45,2660,2,99.5,no,2024-06-26
P01569,Assembly,Pump,Polymer,FlowCore,Czech Republic,450.69,9.616,20,53,22,high,4,0.26,12028,7,99.6,yes,2023-07-26
P01570,Packaging,Pump,Aluminum,MotionHub,Poland,227.16,7.796,21,25,27,medium,6,0.199,8736,6,107.6,yes,2024-12-05
P01571,Lathe,Pump,Stainless Steel,MotionHub,Italy,338.29,7.031,9,2,6,medium,5,0.313,12947,11,119.9,yes,2023-07-16
P01572,CNC-Mill,Sensor,Brass,PreciseTech,Poland,146.05,0.322,14,5,9,critical,4,0.097,6822,14,63.5,yes,2023-11-27
P01573,CNC-Mill,Filter,Polymer,Activa Parts,Germany,20.88,0.391,12,23,17,medium,3,0.167,7507,16,109.8,yes,2025-01-15
P01574,Lathe,Valve,Ceramic,PreciseTech,Italy,350.3,1.53,21,28,28,low,4,0.205,13188,11,135.0,no,2024-03-11
P01575,Packaging,Seal,Ceramic,EuroMech,Finland,15.43,0.068,12,59,17,medium,6,0.821,2017,4,152.0,no,2023-10-09
P01576,Lathe,Belt,Composite,EuroMech,Poland,45.47,0.439,24,15,31,medium,5,0.667,2737,8,115.7,no,2023-03-13
P01577,CNC-Mill,Filter,Brass,SensorWorks,Czech Republic,19.32,0.3,23,9,30,critical,4,0.18,7815,13,105.3,yes,2023-06-11
P01578,Lathe,Motor,Aluminum,Activa Parts,Poland,572.06,15.388,15,24,20,high,3,0.113,12884,7,78.2,yes,2024-03-01
P01579,Conveyor,Tooling,Aluminum,SensorWorks,Poland,158.39,2.024,16,27,21,high,8,0.434,2043,9,104.2,yes,2023-09-03
P01580,Press,Motor,Composite,MotionHub,Finland,448.32,14.652,28,0,23,critical,3,0.094,11814,1,95.8,yes,2023-02-12
P01581,Conveyor,Bearing,Composite,SensorWorks,Poland,64.5,1.243,20,13,27,critical,3,0.207,5148,13,143.7,no,2023-02-20
P01582,Press,Tooling,Polymer,Activa Parts,Italy,162.3,1.889,22,33,14,low,8,0.532,2206,4,91.7,yes,2024-08-04
P01583,Conveyor,Filter,Aluminum,Nordic Motion,Sweden,15.75,0.338,17,23,27,low,5,0.48,7881,11,81.5,yes,2023-05-30
P01584,Lathe,Gear,Polymer,FlowCore,Germany,237.37,2.148,20,29,19,medium,6,0.295,8340,2,101.7,yes,2023-12-01
P01585,Conveyor,Sensor,Ceramic,PreciseTech,Czech Republic,138.19,0.384,14,28,19,medium,4,0.259,5297,7,117.4,yes,2023-04-26
P01586,CNC-Mill,Pump,Aluminum,MotionHub,Germany,366.81,9.934,15,32,21,high,3,0.126,7934,7,98.7,no,2023-05-06
P01587,Conveyor,Filter,Composite,Nordic Motion,Italy,43.19,0.198,21,14,22,low,8,0.159,6449,16,89.5,yes,2023-02-07
P01588,Press,Motor,Ceramic,MotionHub,Czech Republic,522.58,7.44,5,8,14,medium,3,0.133,14241,3,127.8,yes,2024-03-13
P01589,Press,Gear,Aluminum,FlowCore,Italy,159.69,2.608,16,17,20,medium,5,0.206,8263,4,117.5,no,2023-04-24
P01590,Conveyor,Valve,Steel,EuroMech,Poland,347.6,1.481,6,61,16,medium,7,0.161,9080,7,133.2,yes,2024-12-07
P01591,CNC-Mill,Belt,Ceramic,MotionHub,Italy,51.53,0.503,20,45,22,low,7,0.376,2944,6,136.7,yes,2024-07-20
P01592,Packaging,Motor,Steel,EuroMech,Finland,965.98,14.27,12,24,20,high,5,0.24,8893,5,103.7,yes,2023-07-21
P01593,Press,Sensor,Composite,Nordic Motion,Sweden,98.98,0.449,20,20,28,low,5,0.153,8235,7,95.0,yes,2023-10-13
P01594,Conveyor,Valve,Brass,Nordic Motion,Sweden,93.81,1.42,23,22,16,critical,4,0.347,12253,6,106.8,yes,2023-11-28
P01595,Packaging,Filter,Ceramic,SensorWorks,Poland,29.11,0.282,13,13,20,low,6,0.134,10136,7,115.2,no,2025-01-11
P01596,Conveyor,Seal,Ceramic,PreciseTech,Poland,16.94,0.05,6,37,15,low,10,0.49,3148,5,146.4,no,2023-06-02
P01597,Conveyor,Controller,Brass,PreciseTech,Finland,1068.75,1.194,14,22,13,low,8,0.134,14407,1,47.5,yes,2023-12-15
P01598,Packaging,Filter,Composite,FlowCore,Germany,30.69,0.267,20,25,33,critical,1,0.119,7777,13,93.2,yes,2024-02-24
P01599,Assembly,Filter,Brass,SensorWorks,Poland,23.61,0.194,17,32,24,low,3,0.199,9315,18,99.1,yes,2024-11-27
P01600,Packaging,Seal,Steel,Nordic Motion,Finland,14.36,0.053,15,32,20,high,7,0.753,1680,10,117.3,yes,2023-05-08
P01601,Conveyor,Motor,Aluminum,MotionHub,Poland,264.07,8.98,11,11,24,medium,6,0.317,9393,6,112.7,no,2023-06-10
P01602,Conveyor,Valve,Aluminum,EuroMech,Germany,146.01,1.281,20,35,11,critical,7,0.38,9632,6,143.8,no,2023-10-09
P01603,CNC-Mill,Pump,Composite,Activa Parts,Germany,318.36,6.414,15,29,32,medium,8,0.124,6015,2,93.7,no,2024-02-12
P01604,Conveyor,Tooling,Aluminum,EuroMech,Netherlands,136.89,2.72,17,18,27,low,9,1.075,3108,3,126.8,no,2024-01-26
P01605,Assembly,Controller,Aluminum,Nordic Motion,Sweden,793.39,0.611,7,26,8,medium,3,0.084,13329,6,56.2,no,2023-09-18
P01606,CNC-Mill,Controller,Ceramic,Nordic Motion,Italy,675.95,1.378,23,15,27,critical,7,0.068,14901,4,97.1,no,2023-11-13
P01607,Packaging,Gear,Brass,EuroMech,Germany,127.26,2.082,3,18,11,low,7,0.106,9416,12,103.6,yes,2023-06-09
P01608,Lathe,Sensor,Steel,Nordic Motion,Czech Republic,139.9,0.316,9,17,14,high,3,0.22,6854,12,63.3,yes,2024-04-28
P01609,Lathe,Valve,Composite,EuroMech,Sweden,649.48,1.93,26,38,17,high,3,0.138,13477,6,111.1,no,2024-08-23
P01610,Lathe,Tooling,Aluminum,Activa Parts,Italy,100.98,2.317,12,27,26,low,6,0.442,2489,2,104.5,yes,2023-09-02
P01611,Packaging,Filter,Composite,PreciseTech,Italy,23.1,0.358,27,22,19,critical,4,0.107,7062,13,95.7,yes,2024-06-22
P01612,Conveyor,Filter,Ceramic,Nordic Motion,Italy,31.72,0.259,15,34,12,medium,3,0.179,8645,14,112.7,no,2023-03-20
P01613,Assembly,Seal,Composite,PreciseTech,Czech Republic,22.53,0.051,18,18,32,low,6,0.594,1563,16,105.7,no,2023-04-07
P01614,CNC-Mill,Belt,Ceramic,Nordic Motion,Finland,39.28,0.414,18,26,27,critical,8,1.026,3123,7,95.6,yes,2024-07-05
P01615,Lathe,Cable,Polymer,MotionHub,Netherlands,16.94,0.555,16,10,23,medium,3,0.134,10311,18,97.8,yes,2023-04-23
P01616,Packaging,Seal,Brass,Nordic Motion,Italy,10.04,0.058,18,4,10,low,3,0.508,2284,2,101.5,yes,2024-08-21
P01617,Assembly,Seal,Steel,EuroMech,Poland,57.58,0.063,29,29,20,critical,7,0.498,2046,5,124.2,no,2024-05-05
P01618,Assembly,Gear,Ceramic,PreciseTech,Sweden,210.79,2.608,22,47,11,low,5,0.3,8946,6,140.5,no,2024-06-15
P01619,Packaging,Gear,Steel,Activa Parts,Poland,158.37,2.051,9,28,21,medium,4,0.148,8777,6,112.6,yes,2023-04-13
P01620,Conveyor,Bearing,Polymer,Activa Parts,Germany,62.11,0.566,14,31,16,medium,5,0.277,8050,6,146.7,yes,2023-04-22
P01621,Press,Bearing,Polymer,PreciseTech,Czech Republic,107.0,1.917,17,29,16,medium,3,0.459,2966,12,126.3,yes,2023-04-09
P01622,Lathe,Tooling,Steel,Activa Parts,Poland,58.92,1.836,12,43,18,medium,8,0.123,2545,10,109.1,no,2023-04-20
P01623,Press,Bearing,Composite,MotionHub,Finland,133.87,0.667,3,24,6,medium,5,0.467,5142,11,120.9,yes,2023-08-16
P01624,Packaging,Bearing,Aluminum,EuroMech,Netherlands,133.03,0.538,16,24,19,medium,7,0.237,5162,16,144.3,no,2024-01-25
P01625,CNC-Mill,Seal,Polymer,EuroMech,Finland,16.32,0.08,12,26,14,low,9,0.262,2597,3,119.5,no,2025-03-03
P01626,Conveyor,Pump,Ceramic,Activa Parts,Netherlands,449.69,9.267,6,44,5,medium,2,0.131,8496,10,134.2,yes,2024-03-29
P01627,Lathe,Bearing,Brass,Activa Parts,Germany,65.82,0.962,13,11,13,high,2,0.521,4615,12,131.1,yes,2024-05-17
P01628,CNC-Mill,Pump,Steel,SensorWorks,Netherlands,281.19,11.608,13,35,18,low,6,0.257,7433,1,125.0,no,2025-02-20
P01629,Press,Sensor,Ceramic,EuroMech,Netherlands,149.87,0.325,7,0,9,medium,4,0.208,4892,11,93.6,no,2023-05-08
P01630,Lathe,Motor,Aluminum,Nordic Motion,Germany,619.46,21.428,11,18,16,medium,4,0.212,13368,11,107.8,yes,2025-02-16
P01631,Assembly,Valve,Brass,FlowCore,Finland,231.03,1.118,17,41,17,medium,3,0.158,8817,11,117.9,yes,2023-04-11
P01632,Lathe,Gear,Polymer,MotionHub,Germany,130.6,2.165,19,26,22,low,2,0.219,6056,8,109.5,no,2024-07-16
P01633,Assembly,Filter,Brass,PreciseTech,Italy,31.13,0.281,20,34,15,low,4,0.162,6440,17,78.2,yes,2023-02-04
P01634,CNC-Mill,Filter,Brass,Nordic Motion,Sweden,24.66,0.148,21,33,23,critical,6,0.395,6816,12,98.1,yes,2023-05-23
P01635,Packaging,Bearing,Aluminum,SensorWorks,Poland,131.35,0.923,19,13,28,medium,6,0.274,4988,12,135.5,no,2024-07-13
P01636,Packaging,Sensor,Steel,MotionHub,Italy,74.57,0.283,9,26,5,high,3,0.296,10404,8,104.0,yes,2023-01-21
P01637,CNC-Mill,Belt,Aluminum,FlowCore,Czech Republic,25.05,0.291,7,19,2,low,8,0.292,3425,12,122.1,yes,2024-01-23
P01638,CNC-Mill,Seal,Steel,EuroMech,Poland,10.35,0.018,23,18,15,low,6,1.052,2167,5,114.7,no,2024-08-19
P01639,CNC-Mill,Bearing,Polymer,PreciseTech,Sweden,62.13,1.517,14,18,17,medium,5,0.193,6082,11,134.8,yes,2024-09-29
P01640,Press,Bearing,Steel,Activa Parts,Italy,120.58,0.288,18,0,27,medium,7,0.695,4056,9,158.8,yes,2024-08-04
P01641,CNC-Mill,Seal,Polymer,SensorWorks,Italy,17.22,0.047,17,31,28,low,9,0.391,2206,6,137.7,no,2023-04-08
P01642,Lathe,Seal,Polymer,EuroMech,Germany,17.04,0.047,14,51,9,medium,7,0.521,2056,8,126.7,no,2024-11-25
P01643,CNC-Mill,Motor,Composite,Activa Parts,Czech Republic,332.91,10.864,12,48,18,low,2,0.177,13017,7,113.3,yes,2023-06-21
P01644,Conveyor,Belt,Steel,Activa Parts,Finland,89.22,0.401,21,6,12,low,8,1.442,3530,4,107.6,yes,2024-01-02
P01645,Lathe,Sensor,Polymer,MotionHub,Netherlands,157.28,0.335,13,38,21,medium,6,0.404,5439,5,90.7,yes,2024-03-11
P01646,Assembly,Filter,Composite,Nordic Motion,Poland,38.36,0.41,21,0,28,medium,3,0.214,10011,15,96.4,yes,2024-11-01
P01647,Lathe,Bearing,Aluminum,FlowCore,Czech Republic,113.75,0.615,8,29,18,medium,8,1.003,3622,6,148.5,yes,2024-02-01
P01648,Conveyor,Motor,Polymer,FlowCore,Sweden,769.43,14.553,19,37,21,high,3,0.16,11662,5,118.0,yes,2025-02-18
P01649,Packaging,Bearing,Composite,FlowCore,Netherlands,72.64,1.034,14,21,13,high,5,0.316,5828,12,144.2,no,2024-06-26
P01650,Conveyor,Belt,Brass,EuroMech,Netherlands,65.51,0.362,5,23,16,medium,9,0.241,3338,10,114.3,no,2024-09-04
P01651,Packaging,Valve,Aluminum,FlowCore,Italy,198.3,1.195,15,19,15,medium,6,0.216,10038,7,122.4,yes,2023-11-12
P01652,CNC-Mill,Pump,Ceramic,PreciseTech,Italy,437.71,7.199,19,17,9,high,5,0.145,8418,10,120.8,no,2023-12-13
P01653,Lathe,Cable,Steel,PreciseTech,Italy,8.46,0.534,5,46,12,low,4,0.082,6722,19,123.5,no,2023-04-01
P01654,Lathe,Belt,Brass,SensorWorks,Czech Republic,58.63,0.508,25,33,11,high,7,0.808,3963,11,115.1,yes,2023-05-05
P01655,Packaging,Controller,Aluminum,PreciseTech,Italy,1323.78,1.301,16,47,26,low,2,0.119,19010,4,56.2,no,2023-08-19
P01656,Lathe,Filter,Ceramic,EuroMech,Sweden,27.83,0.167,14,27,23,medium,5,0.148,5913,16,103.1,yes,2023-04-28
P01657,Assembly,Bearing,Stainless Steel,EuroMech,Poland,103.95,0.91,16,16,21,medium,7,0.161,4599,13,158.0,yes,2024-03-10
P01658,Lathe,Filter,Composite,MotionHub,Czech Republic,30.92,0.34,12,22,17,medium,6,0.16,9140,15,96.9,yes,2024-10-23
P01659,Lathe,Bearing,Composite,FlowCore,Czech Republic,56.12,0.488,1,36,4,high,5,0.179,5706,16,142.7,yes,2023-06-21
P01660,Packaging,Tooling,Brass,SensorWorks,Sweden,66.02,3.164,21,27,22,critical,8,0.35,2434,5,78.8,yes,2023-04-03
P01661,Packaging,Motor,Composite,Activa Parts,Sweden,360.9,10.347,23,12,28,medium,4,0.099,11112,5,103.0,yes,2024-05-02
P01662,Press,Belt,Stainless Steel,Activa Parts,Sweden,95.78,0.509,21,19,17,low,7,0.61,3103,6,107.7,yes,2023-02-16
P01663,Assembly,Cable,Steel,FlowCore,Czech Republic,22.23,0.605,11,28,8,high,2,0.115,9660,13,104.7,no,2024-06-04
P01664,Assembly,Gear,Stainless Steel,MotionHub,Sweden,120.69,2.908,13,41,21,medium,7,0.299,7340,8,118.5,yes,2024-01-08
P01665,CNC-Mill,Controller,Polymer,FlowCore,Italy,521.46,0.631,20,28,29,high,5,0.142,12286,4,55.7,no,2023-02-26
P01666,Press,Tooling,Aluminum,Activa Parts,Czech Republic,116.99,1.935,13,8,33,medium,7,0.305,2825,3,112.0,yes,2024-07-16
P01667,Press,Motor,Stainless Steel,EuroMech,Germany,552.07,13.348,32,15,34,critical,6,0.247,12494,1,107.8,yes,2024-10-28
P01668,Press,Sensor,Composite,Nordic Motion,Poland,61.47,0.237,9,26,11,medium,1,0.297,5853,8,75.7,no,2024-10-09
P01669,Press,Bearing,Ceramic,Nordic Motion,Poland,129.45,0.915,18,33,23,medium,7,0.261,6026,10,156.8,yes,2024-10-29
P01670,Lathe,Controller,Steel,PreciseTech,Netherlands,535.28,1.294,4,33,11,low,5,0.066,14970,3,65.9,no,2024-10-27
P01671,CNC-Mill,Belt,Steel,FlowCore,Netherlands,48.88,0.3,14,28,19,high,7,0.364,3031,6,102.1,yes,2024-02-19
P01672,CNC-Mill,Sensor,Aluminum,FlowCore,Czech Republic,71.3,0.327,20,2,29,critical,4,0.123,5301,7,74.6,no,2025-03-19
P01673,Conveyor,Pump,Brass,Activa Parts,Sweden,584.91,10.53,15,20,18,low,1,0.091,8426,8,111.5,no,2024-05-29
P01674,Assembly,Bearing,Composite,Nordic Motion,Germany,71.06,1.585,12,0,13,medium,6,0.267,6146,16,144.4,no,2023-07-19
P01675,Conveyor,Motor,Stainless Steel,Activa Parts,Czech Republic,1023.36,4.95,18,22,27,critical,5,0.13,10534,8,109.7,no,2023-07-07
P01676,CNC-Mill,Sensor,Brass,MotionHub,Germany,108.28,0.233,12,41,23,critical,5,0.41,5156,12,73.7,yes,2023-07-23
P01677,Conveyor,Cable,Steel,PreciseTech,Italy,20.29,0.562,7,55,7,medium,6,0.123,7001,18,129.0,yes,2024-06-28
P01678,Lathe,Seal,Ceramic,PreciseTech,Finland,17.47,0.069,10,40,13,high,10,1.112,2593,4,149.3,yes,2024-02-13
P01679,CNC-Mill,Pump,Steel,Nordic Motion,Sweden,732.96,4.696,22,2,21,low,6,0.054,8874,3,92.7,yes,2023-08-08
P01680,Conveyor,Cable,Brass,Activa Parts,Sweden,12.21,0.499,24,45,25,critical,2,0.41,8391,16,111.8,yes,2024-01-19
P01681,Conveyor,Bearing,Polymer,PreciseTech,Poland,46.77,0.71,21,7,22,critical,5,0.549,2153,11,141.9,yes,2024-05-08
P01682,Assembly,Cable,Stainless Steel,EuroMech,Italy,16.72,0.76,14,30,21,low,3,0.26,10306,17,111.7,yes,2023-06-24
P01683,Packaging,Controller,Aluminum,PreciseTech,Sweden,885.5,1.925,4,26,19,medium,2,0.083,15845,3,76.1,yes,2024-11-15
P01684,Conveyor,Valve,Stainless Steel,EuroMech,Sweden,63.22,1.339,13,16,14,low,5,0.174,10281,7,133.1,yes,2025-02-06
P01685,Press,Cable,Steel,Nordic Motion,Poland,21.97,0.666,17,37,20,medium,5,0.385,9238,16,91.1,yes,2024-04-07
P01686,CNC-Mill,Sensor,Aluminum,SensorWorks,Sweden,79.96,0.301,16,29,24,medium,8,0.345,8497,3,91.8,yes,2024-12-13
P01687,Conveyor,Tooling,Ceramic,PreciseTech,Czech Republic,89.3,2.177,13,51,16,medium,7,0.491,3129,7,99.5,yes,2025-01-25
P01688,Lathe,Filter,Stainless Steel,Activa Parts,Poland,73.76,0.298,20,24,28,high,3,0.172,8607,12,96.2,yes,2024-06-15
P01689,CNC-Mill,Motor,Ceramic,FlowCore,Czech Republic,668.07,10.548,16,41,16,medium,5,0.062,12255,2,116.0,yes,2023-01-22
P01690,Press,Bearing,Ceramic,Nordic Motion,Germany,67.82,1.315,19,8,16,medium,4,0.426,6656,16,159.0,no,2023-06-30
P01691,Assembly,Bearing,Composite,FlowCore,Germany,100.29,1.009,10,18,24,medium,6,0.393,4357,10,143.2,yes,2024-02-18
P01692,Packaging,Pump,Stainless Steel,Activa Parts,Netherlands,939.63,15.891,22,0,20,low,6,0.13,8997,1,110.8,no,2024-04-16
P01693,Lathe,Cable,Polymer,SensorWorks,Italy,20.74,0.65,24,14,11,critical,4,0.242,10658,13,96.0,yes,2024-05-09
P01694,Lathe,Bearing,Composite,PreciseTech,Finland,81.16,0.496,16,33,20,high,4,0.432,5285,10,133.9,yes,2024-07-23
P01695,CNC-Mill,Motor,Polymer,FlowCore,Germany,1033.21,8.432,13,40,18,medium,8,0.042,12425,1,110.7,yes,2024-12-16
P01696,Lathe,Controller,Composite,Nordic Motion,Finland,1313.74,0.697,16,13,6,medium,4,0.076,19164,4,68.0,no,2024-07-05
P01697,CNC-Mill,Motor,Composite,FlowCore,Italy,654.52,6.866,13,9,14,low,7,0.081,15409,3,108.7,yes,2024-09-22
P01698,CNC-Mill,Pump,Ceramic,MotionHub,Netherlands,381.37,9.228,17,15,17,low,7,0.201,7671,9,108.2,no,2023-12-18
P01699,Assembly,Valve,Stainless Steel,MotionHub,Germany,172.96,1.737,15,11,15,high,2,0.293,9891,7,130.3,yes,2025-01-22
P01700,CNC-Mill,Motor,Ceramic,FlowCore,Germany,1795.43,12.851,20,0,19,high,6,0.079,14292,7,129.6,yes,2023-07-29
P01701,Packaging,Filter,Ceramic,EuroMech,Finland,13.52,0.325,13,33,23,high,7,0.076,7576,11,125.0,yes,2023-01-07
P01702,Packaging,Gear,Polymer,Activa Parts,Czech Republic,74.33,1.853,13,36,14,high,3,0.12,8079,7,116.0,yes,2024-03-27
P01703,Packaging,Cable,Composite,Activa Parts,Poland,34.82,0.529,13,37,15,high,5,0.118,7432,20,99.0,no,2023-10-08
P01704,Assembly,Seal,Brass,MotionHub,Czech Republic,24.63,0.031,23,24,26,critical,10,0.525,3068,9,122.3,yes,2025-03-02
P01705,Lathe,Pump,Aluminum,SensorWorks,Finland,453.63,9.484,10,0,19,medium,6,0.091,8447,5,109.2,no,2023-12-28
P01706,Press,Seal,Stainless Steel,MotionHub,Czech Republic,12.59,0.035,22,38,25,critical,10,0.806,2664,10,115.8,yes,2023-04-16
P01707,CNC-Mill,Seal,Ceramic,Nordic Motion,Germany,20.74,0.041,7,37,9,high,8,0.773,2760,7,148.4,yes,2023-02-27
P01708,CNC-Mill,Valve,Brass,EuroMech,Finland,209.24,1.996,12,45,12,low,7,0.162,12516,3,133.4,yes,2024-09-24
P01709,Conveyor,Valve,Brass,FlowCore,Czech Republic,147.5,1.926,19,27,32,medium,5,0.189,8371,8,133.3,no,2023-03-01
P01710,Conveyor,Bearing,Polymer,PreciseTech,Netherlands,75.68,0.714,14,38,20,high,5,0.277,3913,6,138.0,yes,2024-09-07
P01711,Lathe,Motor,Stainless Steel,EuroMech,Sweden,597.02,22.176,17,31,14,high,4,0.071,12971,2,113.9,yes,2023-02-13
P01712,Assembly,Controller,Composite,FlowCore,Finland,496.48,1.108,13,7,23,high,5,0.099,16880,4,54.2,yes,2023-10-08
P01713,Packaging,Tooling,Polymer,SensorWorks,Poland,87.75,1.276,9,32,10,low,5,0.338,3018,8,126.0,yes,2023-02-10
P01714,Press,Pump,Stainless Steel,FlowCore,Czech Republic,257.32,9.663,17,18,10,medium,6,0.043,9656,9,131.0,yes,2023-11-23
P01715,Conveyor,Bearing,Polymer,Nordic Motion,Netherlands,84.52,0.806,22,27,23,critical,8,0.316,5520,8,137.1,no,2024-04-25
P01716,CNC-Mill,Belt,Brass,MotionHub,Netherlands,23.35,0.323,12,13,18,low,9,0.122,3379,4,113.1,yes,2023-04-12
P01717,CNC-Mill,Bearing,Ceramic,FlowCore,Netherlands,33.57,1.038,10,31,15,medium,5,0.389,7366,7,156.6,yes,2024-11-26
P01718,Assembly,Cable,Brass,SensorWorks,Finland,52.37,0.844,23,5,14,medium,6,0.209,9751,17,95.2,yes,2024-01-05
P01719,Conveyor,Valve,Polymer,PreciseTech,Netherlands,341.86,1.282,12,51,15,low,4,0.158,12247,6,145.7,yes,2024-09-19
P01720,Assembly,Bearing,Stainless Steel,SensorWorks,Sweden,91.42,1.252,19,32,16,high,4,0.239,4831,9,146.1,yes,2024-07-31
P01721,Press,Filter,Stainless Steel,PreciseTech,Netherlands,48.35,0.236,23,1,26,medium,5,0.304,5235,12,72.5,yes,2023-02-03
P01722,CNC-Mill,Sensor,Stainless Steel,EuroMech,Germany,211.45,0.325,6,42,12,medium,6,0.161,6664,8,93.6,no,2023-06-15
P01723,Conveyor,Seal,Stainless Steel,Nordic Motion,Netherlands,11.91,0.065,11,19,23,low,10,1.198,2917,8,108.9,yes,2023-04-15
P01724,Packaging,Gear,Ceramic,SensorWorks,Finland,116.31,1.964,17,20,10,low,3,0.35,10562,14,135.6,no,2024-09-23
P01725,Assembly,Filter,Steel,Activa Parts,Germany,25.14,0.199,21,21,14,low,7,0.09,8917,10,102.5,yes,2024-12-13
P01726,CNC-Mill,Valve,Ceramic,EuroMech,Sweden,190.98,1.186,14,31,20,medium,6,0.109,12359,4,134.4,yes,2024-12-24
P01727,Assembly,Filter,Composite,EuroMech,Germany,27.67,0.225,12,40,10,medium,4,0.175,8384,13,84.5,yes,2024-11-22
P01728,CNC-Mill,Bearing,Aluminum,Nordic Motion,Czech Republic,63.54,0.988,6,39,15,high,6,0.315,5308,12,141.3,yes,2023-04-03
P01729,Lathe,Bearing,Ceramic,PreciseTech,Finland,26.29,0.647,13,25,20,low,7,0.741,3945,13,153.9,yes,2024-11-14
P01730,Lathe,Bearing,Aluminum,Activa Parts,Italy,112.14,0.884,15,57,25,medium,7,0.393,6326,12,151.7,yes,2024-12-30
P01731,Lathe,Bearing,Composite,MotionHub,Czech Republic,115.95,1.056,22,21,28,high,8,0.362,3687,6,154.7,yes,2024-09-05
P01732,Assembly,Bearing,Brass,FlowCore,Finland,46.74,1.02,16,43,25,high,8,0.242,6714,13,150.7,yes,2024-09-30
P01733,Assembly,Belt,Brass,Activa Parts,Germany,46.15,0.329,10,18,20,low,7,0.327,3595,7,113.1,yes,2023-05-24
P01734,CNC-Mill,Filter,Polymer,FlowCore,Netherlands,47.3,0.224,10,29,13,low,3,0.143,11615,12,111.2,yes,2024-10-14
P01735,Press,Tooling,Aluminum,SensorWorks,Finland,203.33,2.421,13,30,14,medium,7,0.319,1657,7,114.7,yes,2024-01-17
P01736,CNC-Mill,Filter,Stainless Steel,MotionHub,Italy,31.4,0.566,17,5,20,medium,6,0.112,8805,20,83.0,yes,2023-11-05
P01737,Conveyor,Motor,Polymer,SensorWorks,Netherlands,753.54,11.231,14,36,21,low,5,0.259,12737,1,110.8,yes,2025-03-07
P01738,Assembly,Cable,Stainless Steel,MotionHub,Sweden,17.21,1.189,15,19,27,low,6,0.124,11638,16,105.6,yes,2023-07-11
P01739,CNC-Mill,Valve,Brass,EuroMech,Germany,153.45,1.333,22,36,30,high,9,0.122,9386,6,138.3,yes,2024-03-18
P01740,Packaging,Bearing,Aluminum,SensorWorks,Germany,127.31,0.485,11,23,22,high,1,0.258,3978,7,154.5,no,2023-01-23
P01741,Lathe,Valve,Aluminum,Nordic Motion,Netherlands,324.95,1.497,9,48,16,medium,7,0.263,6524,8,126.0,yes,2023-12-27
P01742,Press,Gear,Stainless Steel,PreciseTech,Netherlands,167.59,2.098,1,22,10,medium,1,0.069,8161,5,115.0,yes,2023-12-23
P01743,Press,Filter,Polymer,MotionHub,Czech Republic,38.78,0.375,17,29,28,medium,3,0.106,6289,18,92.7,no,2024-07-10
P01744,Assembly,Cable,Steel,Nordic Motion,Netherlands,30.59,1.29,12,42,20,medium,5,0.338,9232,19,113.7,yes,2024-01-29
P01745,Packaging,Filter,Brass,SensorWorks,Italy,21.63,0.28,13,2,26,high,8,0.097,7964,12,77.0,yes,2025-03-12
P01746,Conveyor,Cable,Polymer,FlowCore,Netherlands,30.95,0.991,26,40,32,critical,3,0.287,11105,18,97.1,yes,2024-02-17
P01747,Assembly,Gear,Polymer,Nordic Motion,Germany,465.7,2.414,27,3,40,medium,4,0.181,10135,6,114.8,yes,2023-02-11
P01748,Conveyor,Valve,Stainless Steel,Activa Parts,Italy,218.9,2.042,20,27,22,low,2,0.29,10954,8,128.9,no,2023-09-01
P01749,Packaging,Bearing,Aluminum,FlowCore,Sweden,104.81,0.633,12,37,17,high,4,0.38,3983,10,136.3,yes,2024-08-24
P01750,Assembly,Motor,Composite,Activa Parts,Italy,670.42,5.47,16,24,20,medium,6,0.1,11112,7,126.5,yes,2023-03-22
P01751,Assembly,Bearing,Ceramic,PreciseTech,Netherlands,112.65,1.109,27,50,28,medium,5,0.201,6856,6,169.5,yes,2024-06-03
P01752,Packaging,Sensor,Ceramic,Nordic Motion,Finland,133.23,0.208,22,23,25,low,7,0.246,7190,3,101.1,yes,2025-03-06
P01753,Packaging,Sensor,Steel,MotionHub,Germany,110.44,0.274,10,22,25,low,3,0.245,8878,4,91.5,yes,2023-03-25
P01754,Packaging,Sensor,Polymer,Nordic Motion,Germany,41.79,0.285,2,27,8,high,3,0.157,7535,13,77.6,yes,2024-09-23
P01755,Assembly,Controller,Stainless Steel,MotionHub,Italy,1472.18,1.532,16,12,18,low,6,0.056,18057,5,47.8,yes,2024-12-16
P01756,CNC-Mill,Bearing,Ceramic,FlowCore,Poland,74.96,0.724,14,45,22,medium,6,0.626,4654,12,179.7,yes,2024-08-31
P01757,Lathe,Motor,Composite,Activa Parts,Poland,1028.24,11.292,9,27,14,medium,7,0.425,12320,3,118.8,yes,2023-07-25
P01758,Lathe,Pump,Brass,FlowCore,Czech Republic,423.93,9.015,14,0,16,low,6,0.324,8643,6,105.6,yes,2024-11-04
P01759,Conveyor,Filter,Aluminum,SensorWorks,Czech Republic,34.23,0.231,14,22,29,medium,7,0.193,6392,15,105.7,yes,2024-04-16
P01760,CNC-Mill,Motor,Steel,EuroMech,Germany,1818.25,10.759,27,6,31,critical,5,0.197,11905,9,104.6,yes,2025-01-24
P01761,CNC-Mill,Tooling,Ceramic,MotionHub,Italy,100.74,2.915,9,24,0,medium,7,0.562,2720,5,143.5,yes,2024-04-01
P01762,Assembly,Cable,Aluminum,FlowCore,Netherlands,30.9,0.818,11,33,19,low,5,0.152,7019,17,104.5,yes,2024-10-16
P01763,CNC-Mill,Sensor,Polymer,PreciseTech,Netherlands,251.49,0.316,18,22,20,low,9,0.469,6179,11,91.3,yes,2023-05-21
P01764,Packaging,Cable,Stainless Steel,MotionHub,Poland,17.7,0.567,21,16,20,critical,3,0.154,8130,15,116.7,yes,2024-11-12
P01765,Packaging,Filter,Steel,EuroMech,Netherlands,32.68,0.273,15,38,17,low,2,0.152,6952,14,98.7,no,2023-12-21
P01766,Conveyor,Controller,Aluminum,Nordic Motion,Sweden,1835.03,0.588,19,26,21,high,6,0.103,13846,3,73.8,yes,2023-10-11
P01767,Lathe,Bearing,Steel,EuroMech,Poland,56.56,0.875,12,9,23,medium,5,0.642,6579,8,158.0,yes,2024-03-03
P01768,Lathe,Bearing,Ceramic,FlowCore,Italy,82.95,0.963,13,52,25,critical,5,0.693,3907,8,146.2,yes,2023-05-14
P01769,Assembly,Valve,Steel,MotionHub,Netherlands,117.26,2.013,14,40,18,medium,2,0.208,11174,3,149.1,no,2023-01-21
P01770,Assembly,Sensor,Brass,FlowCore,Germany,73.41,0.294,15,30,15,medium,4,0.368,7470,10,69.4,yes,2024-08-10
P01771,Packaging,Seal,Polymer,SensorWorks,Sweden,26.05,0.028,15,27,17,medium,7,0.523,2920,4,113.9,yes,2024-10-14
P01772,Packaging,Seal,Aluminum,Activa Parts,Czech Republic,12.59,0.034,17,18,17,medium,9,0.731,2481,2,113.1,yes,2025-01-14
P01773,Conveyor,Motor,Composite,PreciseTech,Netherlands,515.85,13.272,23,9,31,critical,5,0.064,14838,10,98.4,no,2025-01-08
P01774,CNC-Mill,Bearing,Steel,Activa Parts,Germany,73.77,0.829,11,22,9,high,5,0.616,6353,9,137.6,no,2023-09-11
P01775,Conveyor,Gear,Composite,FlowCore,Sweden,125.38,2.007,16,15,12,low,4,0.112,6866,3,91.7,yes,2023-07-19
P01776,CNC-Mill,Bearing,Ceramic,EuroMech,Italy,116.21,0.747,16,43,22,high,10,0.324,5608,14,139.1,yes,2023-04-23
P01777,Assembly,Valve,Steel,MotionHub,Netherlands,279.28,1.454,16,8,24,high,3,0.202,10985,9,97.2,yes,2024-10-02
P01778,Assembly,Motor,Polymer,Nordic Motion,Italy,1515.73,6.374,31,6,34,critical,8,0.048,11250,5,94.2,yes,2023-09-11
P01779,Lathe,Tooling,Stainless Steel,FlowCore,Sweden,116.69,1.334,33,1,39,critical,9,0.242,2712,3,114.2,no,2024-09-28
P01780,Packaging,Seal,Steel,PreciseTech,Czech Republic,31.6,0.075,9,6,18,high,7,1.055,1354,11,133.6,no,2024-01-07
P01781,Packaging,Sensor,Polymer,Activa Parts,Finland,71.42,0.321,13,0,18,medium,4,0.253,5519,9,66.7,no,2024-06-14
P01782,Packaging,Gear,Steel,MotionHub,Italy,161.63,1.583,10,49,1,high,1,0.217,6958,6,129.6,yes,2024-07-24
P01783,Assembly,Cable,Stainless Steel,PreciseTech,Sweden,23.12,1.349,23,22,15,low,5,0.25,9298,12,97.7,yes,2024-09-03
P01784,Press,Seal,Ceramic,PreciseTech,Italy,17.0,0.043,13,43,8,medium,7,0.678,2138,2,123.1,yes,2024-07-18
P01785,Conveyor,Gear,Polymer,MotionHub,Germany,138.15,2.294,8,17,15,medium,5,0.237,7737,6,111.2,no,2024-06-02
P01786,CNC-Mill,Valve,Brass,PreciseTech,Germany,323.31,1.721,19,31,25,high,7,0.177,9132,6,136.8,no,2025-01-17
P01787,Press,Tooling,Stainless Steel,PreciseTech,Sweden,88.17,3.452,12,45,19,low,7,0.857,2349,1,95.4,yes,2025-03-12
P01788,Packaging,Gear,Aluminum,Nordic Motion,Netherlands,130.87,1.228,22,23,28,medium,5,0.352,5048,8,87.7,yes,2024-04-24
P01789,Assembly,Belt,Aluminum,FlowCore,Netherlands,56.32,0.187,6,45,0,high,7,0.499,4030,10,118.9,yes,2024-02-25
P01790,Press,Sensor,Steel,EuroMech,Netherlands,249.41,0.134,18,27,11,medium,4,0.341,6466,9,92.8,yes,2024-04-10
P01791,Conveyor,Cable,Steel,SensorWorks,Germany,18.95,0.653,18,18,17,high,4,0.224,7819,16,107.5,yes,2024-10-21
P01792,Lathe,Sensor,Composite,SensorWorks,Finland,178.98,0.2,26,27,12,high,4,0.108,6272,10,79.8,yes,2024-05-20
P01793,Conveyor,Valve,Polymer,Nordic Motion,Italy,229.08,1.942,7,27,21,medium,4,0.171,12979,7,112.6,yes,2024-10-06
P01794,Conveyor,Seal,Composite,MotionHub,Finland,10.89,0.04,7,38,16,medium,8,0.713,2653,4,94.5,yes,2023-06-27
P01795,Conveyor,Seal,Aluminum,Nordic Motion,Sweden,15.94,0.043,17,9,19,low,9,0.909,2531,5,122.1,no,2023-07-27
P01796,Lathe,Controller,Steel,EuroMech,Germany,786.83,1.398,32,15,28,critical,4,0.199,18524,6,61.6,yes,2023-04-17
P01797,Press,Sensor,Steel,MotionHub,Italy,101.62,0.399,18,22,18,medium,4,0.299,6150,9,82.9,yes,2023-11-16
P01798,CNC-Mill,Motor,Aluminum,Activa Parts,Italy,546.42,12.984,15,4,17,low,5,0.093,11265,7,103.0,yes,2024-10-19
P01799,Conveyor,Seal,Aluminum,PreciseTech,Poland,6.44,0.039,13,27,10,low,8,0.68,2904,6,121.8,no,2023-02-21
P01800,Conveyor,Sensor,Stainless Steel,SensorWorks,Czech Republic,238.63,0.163,26,23,29,low,5,0.131,5049,11,80.9,no,2023-12-10
P01801,Conveyor,Cable,Steel,FlowCore,Germany,38.2,1.037,16,12,18,medium,4,0.182,9833,12,96.4,no,2023-12-16
P01802,Press,Gear,Polymer,EuroMech,Sweden,192.68,2.081,13,25,15,medium,7,0.261,7141,11,113.0,yes,2024-12-03
P01803,CNC-Mill,Bearing,Brass,SensorWorks,Finland,103.69,1.046,4,56,8,low,6,0.51,6352,6,144.9,yes,2023-09-07
P01804,Assembly,Bearing,Steel,Activa Parts,Finland,35.83,0.734,17,0,14,medium,8,0.3,6720,6,148.7,yes,2023-06-17
P01805,Packaging,Valve,Brass,EuroMech,Poland,205.08,2.046,4,22,10,medium,6,0.357,10174,2,126.8,yes,2023-09-20
P01806,Lathe,Bearing,Composite,Activa Parts,Czech Republic,36.56,0.668,15,27,13,low,5,0.213,4837,8,140.0,yes,2024-03-02
P01807,CNC-Mill,Belt,Steel,Nordic Motion,Germany,49.7,0.379,16,21,18,medium,8,0.499,2492,1,103.3,yes,2023-06-09
P01808,Packaging,Seal,Polymer,Activa Parts,Sweden,18.19,0.035,15,43,21,medium,10,1.253,2851,9,129.0,no,2023-04-15
P01809,Packaging,Motor,Stainless Steel,PreciseTech,Czech Republic,594.77,7.457,18,49,19,medium,6,0.088,12116,1,94.1,no,2023-06-29
P01810,Assembly,Gear,Stainless Steel,SensorWorks,Germany,79.45,1.601,14,17,21,high,5,0.168,10065,4,110.1,no,2024-12-28
P01811,Conveyor,Filter,Ceramic,SensorWorks,Finland,42.39,0.583,7,34,15,medium,7,0.199,4438,9,82.0,yes,2023-05-25
P01812,Conveyor,Seal,Aluminum,SensorWorks,Sweden,8.48,0.04,11,46,17,low,10,0.786,3279,10,111.5,yes,2025-02-04
P01813,Assembly,Bearing,Ceramic,SensorWorks,Sweden,52.88,0.647,15,32,15,medium,7,0.564,5477,12,168.0,yes,2024-01-04
P01814,Packaging,Tooling,Stainless Steel,EuroMech,Italy,137.36,1.884,9,47,19,medium,7,0.681,2815,2,93.1,yes,2024-10-20
P01815,Lathe,Sensor,Ceramic,Activa Parts,Netherlands,92.41,0.421,17,19,15,high,4,0.189,5409,9,101.2,yes,2023-04-17
P01816,CNC-Mill,Valve,Steel,Activa Parts,Sweden,109.79,0.854,9,27,11,high,6,0.168,8332,7,140.0,yes,2023-11-23
P01817,Packaging,Filter,Stainless Steel,EuroMech,Italy,35.91,0.582,14,36,9,medium,5,0.194,8305,14,80.3,yes,2024-03-02
P01818,Packaging,Sensor,Brass,MotionHub,Netherlands,81.69,0.215,20,42,19,critical,3,0.399,7371,17,57.4,yes,2023-02-20
P01819,Conveyor,Controller,Aluminum,Nordic Motion,Netherlands,1108.61,0.642,17,49,24,low,4,0.136,20692,5,45.4,yes,2024-01-23
P01820,Assembly,Gear,Stainless Steel,FlowCore,Netherlands,222.12,1.453,6,6,15,medium,5,0.182,7034,4,131.5,yes,2023-09-22
P01821,CNC-Mill,Tooling,Stainless Steel,SensorWorks,Netherlands,82.79,1.389,21,47,21,low,10,0.202,2277,5,123.2,yes,2024-09-18
P01822,Lathe,Motor,Composite,Activa Parts,Italy,1413.13,12.028,18,32,19,medium,3,0.186,11984,5,91.8,no,2023-01-30
P01823,Conveyor,Valve,Ceramic,MotionHub,Sweden,548.34,1.825,27,17,32,medium,5,0.156,12654,5,156.5,no,2024-02-22
P01824,CNC-Mill,Seal,Stainless Steel,Activa Parts,Poland,9.39,0.039,13,32,14,high,8,0.533,1995,6,126.6,yes,2023-05-23
P01825,Assembly,Filter,Stainless Steel,SensorWorks,Germany,34.13,0.265,2,43,5,low,7,0.288,8457,11,89.8,yes,2025-01-15
P01826,CNC-Mill,Cable,Composite,PreciseTech,Poland,35.4,0.622,10,30,16,low,3,0.1,8411,15,117.7,yes,2023-07-10
P01827,Press,Seal,Ceramic,SensorWorks,Finland,18.66,0.041,18,28,16,low,7,0.8,2132,4,144.6,yes,2023-03-25
P01828,Press,Filter,Steel,EuroMech,Finland,38.11,0.359,16,19,28,medium,5,0.231,8534,11,84.2,yes,2024-10-10
P01829,Conveyor,Sensor,Stainless Steel,EuroMech,Finland,192.3,0.348,7,25,16,medium,7,0.096,6308,6,55.2,yes,2024-02-24
P01830,Conveyor,Sensor,Polymer,FlowCore,Germany,106.63,0.177,15,33,14,medium,4,0.337,8811,8,88.1,yes,2023-11-21
P01831,Lathe,Bearing,Aluminum,MotionHub,Finland,44.63,0.741,14,35,16,medium,7,0.252,4281,4,116.4,yes,2023-05-03
P01832,Lathe,Belt,Steel,Nordic Motion,Czech Republic,40.9,0.502,14,1,15,low,5,0.172,3557,5,102.7,yes,2024-10-07
P01833,Assembly,Tooling,Composite,PreciseTech,Poland,133.39,1.012,9,31,10,medium,6,0.995,2477,10,89.6,yes,2024-10-01
P01834,Packaging,Bearing,Brass,Nordic Motion,Poland,81.31,1.119,14,37,23,low,6,0.13,4978,12,149.3,yes,2024-01-15
P01835,Packaging,Motor,Composite,FlowCore,Sweden,798.71,8.98,11,32,19,high,5,0.1,11656,4,113.0,yes,2024-07-23
P01836,Conveyor,Pump,Steel,MotionHub,Sweden,350.35,10.735,10,34,19,low,5,0.119,7314,6,107.9,yes,2024-03-01
P01837,Packaging,Filter,Aluminum,EuroMech,Poland,19.85,0.339,13,22,28,medium,6,0.127,6767,13,105.2,no,2023-04-20
P01838,Lathe,Sensor,Aluminum,MotionHub,Finland,143.5,0.299,20,30,19,low,6,0.089,6232,10,95.7,yes,2023-05-19
P01839,Lathe,Controller,Aluminum,EuroMech,Finland,1159.91,0.61,16,13,20,medium,2,0.206,16255,1,70.5,yes,2024-11-04
P01840,Assembly,Motor,Steel,Activa Parts,Czech Republic,1262.0,14.547,25,12,22,medium,5,0.187,15449,7,107.1,yes,2023-05-17
P01841,Conveyor,Sensor,Steel,EuroMech,Italy,200.64,0.152,14,30,17,high,7,0.323,3387,8,96.4,yes,2023-07-15
P01842,CNC-Mill,Pump,Polymer,Nordic Motion,Sweden,319.81,9.059,13,37,18,medium,3,0.157,9432,8,113.9,yes,2024-12-18
P01843,Lathe,Gear,Polymer,Activa Parts,Sweden,138.41,1.917,19,35,28,medium,5,0.136,9268,10,98.4,yes,2023-11-22
P01844,Press,Motor,Stainless Steel,SensorWorks,Sweden,615.51,10.399,11,0,14,low,4,0.211,14445,5,105.3,yes,2025-02-10
P01845,CNC-Mill,Pump,Steel,EuroMech,Netherlands,470.04,8.429,26,40,29,low,2,0.203,9343,5,108.9,yes,2024-08-19
P01846,Lathe,Motor,Ceramic,SensorWorks,Netherlands,486.87,9.098,12,37,10,medium,4,0.122,12211,2,123.3,yes,2025-03-15
P01847,Assembly,Sensor,Stainless Steel,PreciseTech,Italy,107.94,0.193,17,40,24,high,4,0.522,6231,4,88.1,yes,2023-09-05
P01848,Lathe,Belt,Aluminum,PreciseTech,Germany,59.27,0.435,16,28,25,medium,7,0.686,4142,9,132.8,yes,2024-05-03
P01849,Conveyor,Valve,Composite,PreciseTech,Sweden,406.1,1.647,13,29,15,medium,4,0.152,9867,7,127.6,no,2023-04-24
P01850,Lathe,Gear,Ceramic,Nordic Motion,Netherlands,188.17,3.098,20,28,5,high,4,0.156,5854,10,134.3,yes,2023-08-09
P01851,Press,Tooling,Stainless Steel,EuroMech,Germany,169.5,2.225,13,20,18,low,6,0.821,3140,2,102.0,yes,2023-06-09
P01852,Packaging,Bearing,Stainless Steel,MotionHub,Poland,171.26,0.583,17,15,21,low,8,0.296,6544,14,150.3,yes,2023-03-19
P01853,Press,Tooling,Ceramic,FlowCore,Poland,79.06,1.825,11,40,16,medium,9,0.337,2357,6,145.9,yes,2025-02-19
P01854,Lathe,Pump,Brass,FlowCore,Poland,325.26,9.962,16,35,22,medium,4,0.047,10174,11,110.9,yes,2024-03-31
P01855,CNC-Mill,Valve,Stainless Steel,PreciseTech,Poland,250.15,2.039,12,38,16,low,4,0.183,11883,1,122.9,yes,2024-08-11
P01856,Packaging,Valve,Aluminum,Nordic Motion,Sweden,156.89,2.147,30,0,36,critical,4,0.116,11561,9,130.7,yes,2023-11-02
P01857,Conveyor,Sensor,Composite,EuroMech,Finland,84.65,0.221,9,55,19,high,5,0.144,5451,6,68.0,no,2024-01-31
P01858,Lathe,Controller,Brass,Nordic Motion,Czech Republic,674.61,0.969,25,21,31,critical,5,0.055,16152,5,45.0,yes,2023-07-24
P01859,Assembly,Valve,Polymer,EuroMech,Finland,86.16,1.609,1,35,9,low,3,0.155,11331,6,109.7,no,2023-02-16
P01860,Lathe,Pump,Polymer,MotionHub,Netherlands,964.66,13.804,15,2,12,low,8,0.117,7552,6,122.8,yes,2023-04-22
P01861,Conveyor,Bearing,Polymer,Activa Parts,Finland,82.83,0.413,4,36,16,low,5,0.22,4748,8,133.5,yes,2023-02-17
P01862,CNC-Mill,Filter,Stainless Steel,Nordic Motion,Italy,29.91,0.162,18,30,27,high,6,0.204,6648,12,107.1,yes,2025-03-03
P01863,CNC-Mill,Motor,Steel,Nordic Motion,Poland,405.57,12.512,9,20,13,high,5,0.128,12689,5,88.0,yes,2024-11-25
P01864,Press,Seal,Aluminum,MotionHub,Netherlands,22.18,0.035,12,37,21,medium,8,0.308,2510,9,112.1,no,2023-06-01
P01865,Lathe,Gear,Aluminum,SensorWorks,Italy,133.4,2.459,18,23,19,low,5,0.163,7111,12,91.4,no,2023-08-12
P01866,Assembly,Cable,Stainless Steel,MotionHub,Netherlands,46.04,0.42,26,15,24,critical,6,0.576,8634,20,110.2,yes,2024-02-12
P01867,Lathe,Bearing,Stainless Steel,MotionHub,Germany,163.91,0.982,22,15,23,high,4,0.425,5229,8,153.7,yes,2025-01-11
P01868,Conveyor,Belt,Polymer,PreciseTech,Germany,45.87,0.525,15,23,33,critical,6,0.335,1738,11,116.5,no,2025-01-14
P01869,CNC-Mill,Tooling,Ceramic,SensorWorks,Czech Republic,91.44,1.558,14,28,20,critical,5,0.461,2172,8,133.3,yes,2024-06-28
P01870,Lathe,Seal,Brass,EuroMech,Poland,25.68,0.031,18,18,18,high,10,0.674,1415,5,121.7,yes,2024-01-07
P01871,Lathe,Controller,Stainless Steel,Nordic Motion,Poland,1088.09,1.215,13,49,19,medium,7,0.108,10971,5,68.9,yes,2023-04-28
P01872,Press,Sensor,Aluminum,PreciseTech,Netherlands,153.81,0.166,18,16,14,medium,5,0.14,8245,10,107.7,no,2024-05-03
P01873,Conveyor,Belt,Ceramic,MotionHub,Czech Republic,20.86,0.703,3,39,8,high,7,0.625,2619,5,121.9,yes,2024-04-26
P01874,Assembly,Seal,Composite,Activa Parts,Finland,16.32,0.033,28,29,26,critical,7,0.544,2849,8,113.2,yes,2025-03-18
P01875,Packaging,Tooling,Composite,MotionHub,Italy,76.79,4.097,8,28,10,high,6,0.264,2719,3,124.2,yes,2023-04-02
P01876,Press,Bearing,Ceramic,Nordic Motion,Sweden,41.52,0.58,17,30,22,high,7,0.51,4992,13,163.5,yes,2023-10-22
P01877,Conveyor,Bearing,Polymer,FlowCore,Finland,148.18,0.602,18,22,19,low,6,0.353,6238,12,131.4,no,2023-09-28
P01878,Assembly,Pump,Steel,SensorWorks,Czech Republic,589.67,7.495,22,10,27,medium,5,0.22,7274,10,87.2,yes,2024-07-11
P01879,Assembly,Valve,Stainless Steel,FlowCore,Sweden,170.99,3.176,14,22,25,low,4,0.095,7562,7,121.3,no,2023-12-21
P01880,Press,Sensor,Steel,MotionHub,Sweden,106.49,0.103,18,16,21,medium,3,0.251,6944,2,97.5,no,2024-09-20
P01881,Assembly,Bearing,Steel,PreciseTech,Poland,88.5,0.655,22,4,24,high,4,0.31,7238,12,144.9,yes,2024-05-14
P01882,Press,Gear,Stainless Steel,MotionHub,Poland,168.69,1.062,11,36,16,low,6,0.324,5146,6,114.7,yes,2024-04-13
P01883,Press,Bearing,Aluminum,PreciseTech,Germany,54.87,0.843,11,1,10,medium,5,0.526,7617,14,122.4,yes,2024-12-21
P01884,Conveyor,Bearing,Composite,EuroMech,Germany,70.58,0.659,15,43,18,high,7,0.511,6232,12,135.8,yes,2023-12-05
P01885,Packaging,Seal,Brass,FlowCore,Netherlands,25.62,0.067,15,4,26,medium,7,0.659,2470,3,124.5,yes,2024-08-25
P01886,Packaging,Controller,Stainless Steel,MotionHub,Netherlands,593.49,1.006,5,54,28,low,4,0.091,21505,7,56.2,yes,2023-09-21
P01887,Press,Gear,Aluminum,PreciseTech,Czech Republic,130.03,3.745,24,7,23,critical,10,0.133,7531,3,133.3,yes,2024-04-27
P01888,Conveyor,Valve,Ceramic,Nordic Motion,Poland,305.22,1.288,13,26,13,medium,4,0.171,10830,7,159.7,yes,2023-01-16
P01889,Press,Tooling,Stainless Steel,Nordic Motion,Czech Republic,203.79,1.631,17,27,20,low,6,0.34,3378,9,115.3,yes,2023-11-10
P01890,Lathe,Controller,Steel,PreciseTech,Italy,1034.69,0.947,20,12,31,medium,8,0.095,11721,5,66.3,yes,2023-06-03
P01891,Press,Sensor,Ceramic,MotionHub,Netherlands,135.76,0.54,10,29,19,medium,4,0.152,4174,10,105.1,yes,2023-01-27
P01892,Lathe,Cable,Polymer,PreciseTech,Italy,13.25,0.905,14,53,21,medium,2,0.112,8575,16,100.4,yes,2024-02-29
P01893,Assembly,Filter,Brass,FlowCore,Netherlands,19.97,0.316,11,23,15,medium,5,0.12,5681,13,103.5,yes,2025-03-19
P01894,Packaging,Pump,Composite,SensorWorks,Sweden,471.7,11.014,11,16,25,medium,6,0.18,6914,14,102.6,yes,2023-01-10
P01895,Lathe,Belt,Polymer,SensorWorks,Sweden,78.99,0.218,24,12,38,critical,8,0.417,3359,6,103.1,yes,2024-06-12
P01896,Press,Controller,Ceramic,PreciseTech,Poland,784.48,1.406,22,27,18,critical,5,0.151,12458,3,70.4,no,2023-02-02
P01897,Packaging,Bearing,Polymer,Activa Parts,Czech Republic,59.57,1.49,10,11,17,high,5,0.28,5009,10,120.4,yes,2023-10-05
P01898,Assembly,Filter,Composite,FlowCore,Czech Republic,40.11,0.243,13,34,24,high,8,0.176,6765,10,80.0,yes,2023-08-29
P01899,Assembly,Motor,Polymer,Nordic Motion,Italy,503.56,9.437,17,13,18,low,2,0.285,10732,3,116.5,yes,2023-05-08
P01900,Lathe,Motor,Polymer,FlowCore,Finland,1014.84,18.669,31,22,31,critical,6,0.045,16176,5,101.7,yes,2024-12-24
P01901,Press,Sensor,Polymer,EuroMech,Sweden,180.47,0.255,28,11,23,critical,5,0.144,5013,6,68.2,yes,2023-06-20
P01902,Press,Bearing,Ceramic,MotionHub,Italy,70.57,0.634,11,27,13,low,6,0.197,5605,8,185.4,yes,2024-01-18
P01903,Assembly,Filter,Ceramic,EuroMech,Germany,36.25,0.358,10,30,12,high,7,0.218,9775,10,102.4,yes,2025-01-31
P01904,Assembly,Cable,Steel,PreciseTech,Sweden,35.98,0.567,12,34,22,medium,4,0.287,5692,16,104.0,no,2024-02-23
P01905,CNC-Mill,Pump,Brass,PreciseTech,Netherlands,701.31,8.515,20,24,23,medium,4,0.114,12041,10,104.4,yes,2024-06-03
P01906,Press,Sensor,Steel,FlowCore,Sweden,150.1,0.277,16,29,30,medium,3,0.201,7562,8,78.8,yes,2023-02-02
P01907,Lathe,Bearing,Composite,PreciseTech,Czech Republic,38.51,0.522,17,30,21,high,7,0.225,6399,13,128.7,no,2025-01-08
P01908,Packaging,Pump,Stainless Steel,EuroMech,Sweden,479.28,4.998,26,0,19,critical,5,0.102,9152,6,97.2,no,2024-03-26
P01909,Packaging,Gear,Steel,SensorWorks,Germany,229.0,1.246,12,19,11,low,6,0.2,9828,1,116.0,yes,2025-02-22
P01910,Conveyor,Gear,Aluminum,Activa Parts,Poland,278.06,2.738,23,50,30,medium,4,0.161,7420,3,107.1,yes,2023-10-09
P01911,CNC-Mill,Gear,Brass,FlowCore,Italy,138.51,1.444,10,40,18,medium,7,0.39,10476,7,109.9,no,2025-02-07
P01912,CNC-Mill,Belt,Polymer,FlowCore,Netherlands,41.34,0.333,13,33,29,medium,7,0.42,3746,11,97.8,no,2024-06-26
P01913,Packaging,Bearing,Ceramic,FlowCore,Finland,116.25,0.685,24,0,12,medium,5,0.415,3386,12,167.2,no,2023-08-18
P01914,Press,Controller,Ceramic,PreciseTech,Czech Republic,467.74,1.405,17,35,15,low,5,0.063,11959,8,75.9,no,2023-05-15
P01915,Assembly,Controller,Ceramic,MotionHub,Sweden,448.77,1.207,11,41,11,low,4,0.204,16312,7,104.4,yes,2023-01-21
P01916,CNC-Mill,Belt,Polymer,Nordic Motion,Finland,37.5,0.393,26,43,22,critical,6,0.27,3038,9,96.0,yes,2023-04-13
P01917,Conveyor,Bearing,Composite,SensorWorks,Netherlands,31.93,0.733,12,44,12,medium,8,0.283,5811,7,149.1,yes,2023-12-31
P01918,Lathe,Tooling,Composite,PreciseTech,Germany,132.02,1.662,12,35,23,medium,8,0.965,3512,10,114.8,yes,2025-02-14
P01919,Lathe,Valve,Composite,SensorWorks,Poland,241.71,2.513,20,26,20,low,5,0.154,8736,4,131.5,no,2024-06-23
P01920,Press,Valve,Ceramic,SensorWorks,Czech Republic,116.7,2.311,15,37,30,medium,5,0.098,10339,5,141.6,yes,2025-01-02
P01921,Assembly,Seal,Aluminum,EuroMech,Sweden,12.8,0.026,13,47,20,medium,7,0.355,2260,10,116.1,yes,2023-12-20
P01922,Press,Tooling,Ceramic,EuroMech,Netherlands,241.98,2.776,16,38,22,high,9,0.798,2745,5,130.8,yes,2025-01-19
P01923,CNC-Mill,Controller,Aluminum,Nordic Motion,Italy,879.7,1.361,10,31,21,high,2,0.12,15144,1,66.2,yes,2023-09-14
P01924,Assembly,Seal,Brass,EuroMech,Czech Republic,24.6,0.034,18,21,20,medium,10,2.315,2081,9,110.6,no,2023-09-20
P01925,Conveyor,Belt,Stainless Steel,FlowCore,Sweden,23.31,0.261,17,48,16,medium,5,1.418,2069,5,105.9,yes,2025-02-03
P01926,Lathe,Bearing,Polymer,SensorWorks,Germany,102.81,1.007,21,0,22,low,7,0.131,4880,10,152.7,yes,2023-06-26
P01927,Press,Filter,Ceramic,SensorWorks,Netherlands,41.32,0.138,14,4,23,low,3,0.183,8667,15,92.8,yes,2023-03-19
P01928,Conveyor,Seal,Stainless Steel,MotionHub,Germany,35.15,0.057,10,39,11,high,10,0.572,2948,10,109.8,no,2023-08-04
P01929,Press,Seal,Composite,Nordic Motion,Sweden,15.71,0.071,2,34,17,low,9,0.46,1767,10,120.3,yes,2024-01-04
P01930,Packaging,Controller,Polymer,Activa Parts,Netherlands,806.22,0.645,15,10,16,medium,6,0.119,21867,2,67.9,yes,2023-05-12
P01931,Packaging,Seal,Steel,SensorWorks,Sweden,16.34,0.042,21,23,11,low,10,0.573,3438,7,143.2,yes,2023-06-03
P01932,Conveyor,Sensor,Steel,MotionHub,Germany,186.42,0.191,19,7,22,medium,7,0.106,5892,8,80.2,no,2024-07-29
P01933,Press,Bearing,Aluminum,PreciseTech,Germany,115.2,0.749,17,7,18,low,7,0.65,4803,9,119.1,no,2023-03-20
P01934,Packaging,Controller,Brass,SensorWorks,Germany,1733.52,0.957,19,30,18,medium,10,0.128,15197,2,66.6,yes,2025-02-16
P01935,Press,Bearing,Brass,FlowCore,Finland,42.16,0.486,12,50,17,medium,7,0.507,6542,13,130.9,yes,2024-11-29
P01936,Press,Filter,Stainless Steel,Activa Parts,Poland,18.86,0.472,15,40,19,medium,4,0.261,9620,12,93.2,yes,2023-03-30
P01937,Packaging,Bearing,Brass,PreciseTech,Italy,56.77,0.549,5,33,17,low,7,0.259,3893,14,143.9,no,2024-01-11
P01938,Packaging,Sensor,Brass,FlowCore,Germany,238.12,0.427,17,0,15,medium,6,0.164,6086,10,100.1,yes,2024-01-23
P01939,CNC-Mill,Motor,Polymer,EuroMech,Germany,798.5,14.961,20,33,26,medium,6,0.15,9235,2,78.3,yes,2024-04-27
P01940,Lathe,Bearing,Brass,Activa Parts,Poland,47.34,0.82,14,47,20,medium,3,0.98,5174,13,123.9,no,2023-01-09
P01941,Assembly,Pump,Aluminum,Nordic Motion,Finland,574.59,4.07,18,40,26,high,3,0.17,8456,2,126.8,yes,2023-06-30
P01942,Press,Belt,Aluminum,SensorWorks,Czech Republic,31.74,0.304,25,8,33,critical,9,0.503,2611,7,107.4,yes,2024-09-24
P01943,Conveyor,Controller,Polymer,Nordic Motion,Germany,741.23,1.285,4,20,14,high,5,0.048,18287,8,55.0,yes,2023-06-03
P01944,CNC-Mill,Filter,Composite,MotionHub,Sweden,44.47,0.238,9,11,12,medium,6,0.118,5427,8,106.8,yes,2024-03-30
P01945,CNC-Mill,Tooling,Steel,FlowCore,Netherlands,149.61,1.955,10,26,11,high,9,0.933,3876,12,107.4,yes,2023-07-21
P01946,CNC-Mill,Gear,Ceramic,Nordic Motion,Italy,60.86,1.23,12,28,16,low,5,0.179,8205,3,118.4,no,2023-11-04
P01947,Assembly,Tooling,Stainless Steel,FlowCore,Netherlands,146.05,2.234,15,28,14,low,10,0.437,1710,6,117.5,yes,2023-11-19
P01948,Conveyor,Controller,Steel,FlowCore,Sweden,860.64,0.715,14,11,14,medium,3,0.17,14904,1,50.6,yes,2024-03-26
P01949,Conveyor,Cable,Steel,Nordic Motion,Netherlands,30.55,1.076,14,41,18,high,5,0.278,7426,16,110.6,no,2023-10-22
P01950,Press,Seal,Composite,SensorWorks,Netherlands,29.95,0.027,20,31,17,medium,8,0.637,1751,7,112.1,no,2025-01-13
P01951,Packaging,Seal,Stainless Steel,PreciseTech,Poland,17.57,0.074,14,27,18,low,10,0.66,1828,4,128.5,yes,2023-05-08
P01952,Press,Bearing,Aluminum,PreciseTech,Netherlands,108.2,1.762,11,11,26,medium,3,0.253,5929,15,128.7,no,2023-08-20
P01953,Assembly,Bearing,Polymer,FlowCore,Italy,64.67,0.621,12,32,15,medium,9,0.412,4979,10,147.5,yes,2023-09-11
P01954,Lathe,Filter,Steel,SensorWorks,Finland,35.29,0.346,17,15,22,high,8,0.445,8260,18,92.4,yes,2024-01-28
P01955,CNC-Mill,Controller,Steel,EuroMech,Germany,483.62,0.664,15,17,22,low,3,0.295,8318,10,56.8,no,2023-05-05
P01956,Conveyor,Seal,Brass,EuroMech,Italy,16.44,0.052,15,43,14,low,7,1.036,2060,3,120.2,yes,2024-04-27
P01957,Assembly,Sensor,Aluminum,PreciseTech,Finland,160.15,0.195,19,17,8,high,3,0.132,7329,9,79.4,no,2023-12-20
P01958,CNC-Mill,Seal,Steel,SensorWorks,Sweden,25.35,0.04,18,34,22,high,6,0.45,2170,6,112.0,no,2023-04-15
P01959,Packaging,Sensor,Steel,MotionHub,Italy,44.56,0.382,19,23,24,high,5,0.119,3662,7,92.8,yes,2024-01-06
P01960,Press,Controller,Aluminum,PreciseTech,Czech Republic,531.64,1.031,18,1,20,medium,1,0.116,17726,9,46.5,yes,2024-04-23
P01961,CNC-Mill,Bearing,Stainless Steel,Nordic Motion,Italy,105.83,0.741,7,31,14,high,5,0.526,6683,11,129.0,yes,2024-12-10
P01962,Lathe,Gear,Aluminum,SensorWorks,Netherlands,160.0,1.151,15,12,13,low,5,0.176,8988,7,118.6,no,2023-10-09
P01963,Assembly,Tooling,Brass,PreciseTech,Czech Republic,220.64,1.679,19,27,19,critical,10,0.36,3139,7,115.7,yes,2025-01-30
P01964,Lathe,Sensor,Steel,Activa Parts,Poland,147.72,0.239,25,22,24,medium,3,0.138,6920,7,66.3,yes,2023-01-07
P01965,Press,Gear,Ceramic,EuroMech,Netherlands,155.82,1.581,20,20,21,medium,5,0.078,10718,8,137.7,yes,2023-07-27
P01966,Press,Bearing,Ceramic,EuroMech,Finland,92.46,0.629,18,39,20,low,10,0.232,4622,12,156.2,yes,2023-09-09
P01967,Assembly,Seal,Polymer,MotionHub,Finland,17.13,0.027,16,20,11,high,10,1.017,2559,5,108.9,yes,2023-06-25
P01968,Press,Bearing,Stainless Steel,MotionHub,Finland,78.73,0.866,14,39,10,medium,4,0.738,5615,13,127.2,yes,2023-04-14
P01969,Conveyor,Pump,Aluminum,FlowCore,Poland,620.08,7.753,23,24,31,high,4,0.202,11807,7,116.9,yes,2023-03-29
P01970,Conveyor,Sensor,Steel,SensorWorks,Italy,73.99,0.172,9,21,16,low,4,0.152,6362,5,68.4,yes,2023-09-02
P01971,Lathe,Cable,Steel,PreciseTech,Germany,16.55,0.864,22,20,28,critical,6,0.315,7092,17,106.4,yes,2024-03-13
P01972,CNC-Mill,Bearing,Stainless Steel,FlowCore,Germany,105.57,0.609,3,46,9,high,6,0.446,3965,10,160.4,no,2024-03-16
P01973,CNC-Mill,Pump,Brass,EuroMech,Czech Republic,1008.37,7.304,20,27,18,low,2,0.255,9629,11,112.5,yes,2024-09-26
P01974,Conveyor,Belt,Ceramic,MotionHub,Italy,29.96,0.269,24,18,28,medium,3,0.285,2335,8,130.4,no,2023-09-11
P01975,Conveyor,Cable,Stainless Steel,Activa Parts,Finland,30.81,0.28,15,20,21,high,5,0.373,7257,19,105.8,yes,2024-08-29
P01976,CNC-Mill,Motor,Polymer,Activa Parts,Italy,382.47,12.028,14,51,22,high,6,0.152,12153,4,121.5,yes,2024-10-20
P01977,Press,Belt,Stainless Steel,Nordic Motion,Poland,42.65,0.319,4,47,8,low,8,0.569,2719,8,96.5,no,2023-09-18
P01978,Assembly,Bearing,Polymer,FlowCore,Netherlands,51.82,0.78,14,24,15,high,5,0.126,5822,10,152.7,no,2024-10-17
P01979,Conveyor,Belt,Brass,Activa Parts,Czech Republic,49.23,0.223,23,10,19,low,10,0.615,2312,1,99.6,yes,2024-02-06
P01980,Packaging,Valve,Ceramic,MotionHub,Poland,195.86,3.667,15,6,12,medium,5,0.423,12480,6,139.5,yes,2023-10-18
P01981,Lathe,Sensor,Polymer,MotionHub,Netherlands,173.26,0.2,19,9,27,medium,6,0.228,7743,12,85.5,yes,2023-04-12
P01982,CNC-Mill,Pump,Stainless Steel,SensorWorks,Czech Republic,384.68,10.538,16,11,26,high,5,0.093,8167,5,118.3,yes,2024-04-01
P01983,Conveyor,Tooling,Aluminum,EuroMech,Netherlands,242.97,1.147,13,4,27,low,7,0.943,3337,4,116.2,yes,2023-01-09
P01984,Packaging,Cable,Polymer,EuroMech,Czech Republic,18.88,0.563,13,41,11,low,4,0.135,6237,16,85.7,yes,2024-02-07
P01985,Press,Seal,Brass,MotionHub,Netherlands,16.89,0.031,15,16,11,medium,7,0.736,2130,7,123.9,yes,2024-02-22
P01986,Conveyor,Tooling,Stainless Steel,PreciseTech,Finland,98.21,2.571,5,39,7,low,8,0.266,3094,4,120.2,no,2024-04-02
P01987,Assembly,Motor,Composite,Nordic Motion,Italy,582.92,6.007,10,32,18,low,10,0.125,16241,5,98.8,yes,2023-09-06
P01988,Packaging,Bearing,Steel,Nordic Motion,Poland,82.07,1.983,15,22,15,medium,4,1.37,5916,10,133.4,yes,2024-12-26
P01989,Assembly,Controller,Steel,EuroMech,Czech Republic,1032.73,0.761,17,33,26,low,3,0.083,13648,7,50.4,yes,2024-09-08
P01990,Conveyor,Motor,Aluminum,SensorWorks,Germany,615.97,15.821,11,33,18,high,3,0.127,10798,9,101.1,no,2023-08-15
P01991,Packaging,Pump,Aluminum,MotionHub,Czech Republic,138.67,16.829,14,27,18,critical,7,0.607,8635,11,108.6,yes,2023-03-23
P01992,Assembly,Motor,Aluminum,SensorWorks,Italy,494.86,12.593,4,22,6,low,5,0.095,7826,4,112.8,yes,2024-10-25
P01993,Packaging,Cable,Polymer,Nordic Motion,Italy,29.57,0.585,12,40,21,medium,6,0.114,7566,13,107.5,yes,2023-05-08
P01994,CNC-Mill,Sensor,Steel,SensorWorks,Poland,122.37,0.369,19,42,13,low,6,0.181,5857,4,102.9,yes,2023-11-26
P01995,Press,Belt,Ceramic,Activa Parts,Czech Republic,50.48,0.41,12,29,26,low,7,0.236,2895,6,141.4,yes,2024-01-03
P01996,Press,Filter,Composite,FlowCore,Poland,22.12,0.322,23,24,32,high,9,0.302,8147,13,97.7,yes,2024-08-05
P01997,Packaging,Sensor,Aluminum,MotionHub,Finland,130.32,0.27,16,31,17,critical,3,0.24,5375,1,98.9,no,2023-06-01
P01998,CNC-Mill,Bearing,Ceramic,Activa Parts,Sweden,53.05,0.518,20,44,19,high,9,0.278,4769,11,162.3,no,2024-09-01
P01999,Press,Filter,Polymer,SensorWorks,Poland,27.56,0.371,22,46,24,medium,4,0.232,8623,11,98.2,yes,2023-07-07
P02000,Conveyor,Motor,Polymer,PreciseTech,Germany,461.07,6.922,11,32,32,medium,5,0.153,14337,6,116.3,yes,2024-10-24
P02001,Press,Belt,Brass,EuroMech,Netherlands,32.06,0.484,9,25,19,low,7,0.799,3923,4,147.4,yes,2023-01-21
P02002,Conveyor,Pump,Steel,Activa Parts,Germany,513.72,14.968,14,31,25,medium,4,0.214,11388,11,104.2,no,2023-01-17
P02003,Conveyor,Belt,Aluminum,Nordic Motion,Sweden,31.65,0.396,5,56,8,medium,5,0.826,3707,12,118.3,yes,2024-05-03
P02004,Packaging,Gear,Steel,SensorWorks,Czech Republic,98.06,1.031,15,16,16,low,6,0.275,6785,9,116.4,no,2023-08-29
P02005,Lathe,Pump,Polymer,PreciseTech,Czech Republic,403.43,16.376,18,9,17,medium,7,0.158,8865,3,108.4,yes,2024-09-02
P02006,Packaging,Filter,Stainless Steel,EuroMech,Finland,52.46,0.142,11,28,13,low,7,0.087,8604,14,89.8,yes,2023-05-26
P02007,Press,Motor,Aluminum,Nordic Motion,Sweden,360.5,9.977,17,21,20,high,6,0.134,12558,1,94.0,yes,2023-02-15
P02008,CNC-Mill,Pump,Aluminum,PreciseTech,Germany,624.06,11.654,18,33,23,critical,8,0.389,9994,3,94.7,no,2023-04-29
P02009,Conveyor,Controller,Steel,Activa Parts,Sweden,861.92,0.941,23,23,34,medium,6,0.123,18373,5,54.2,yes,2025-03-02
P02010,Lathe,Seal,Aluminum,PreciseTech,Netherlands,16.43,0.081,9,32,13,medium,9,1.067,2401,7,120.8,no,2023-09-20
P02011,Conveyor,Bearing,Composite,Nordic Motion,Italy,204.91,0.5,17,41,27,medium,5,0.159,5418,5,136.1,yes,2024-06-13
P02012,Packaging,Valve,Aluminum,SensorWorks,Sweden,196.18,0.732,13,21,27,medium,5,0.244,11572,7,130.6,no,2023-05-16
P02013,Lathe,Belt,Brass,Nordic Motion,Finland,86.64,0.73,23,24,26,low,8,0.559,1601,7,110.6,no,2023-09-13
P02014,Conveyor,Pump,Steel,MotionHub,Czech Republic,858.57,11.075,17,24,26,low,8,0.354,10544,9,113.3,no,2024-12-03
P02015,Assembly,Seal,Aluminum,PreciseTech,Czech Republic,31.22,0.046,12,14,14,low,8,0.967,2363,11,113.0,yes,2024-01-24
P02016,CNC-Mill,Sensor,Brass,PreciseTech,Netherlands,106.72,0.267,21,24,28,medium,5,0.308,7644,10,77.3,yes,2023-09-06
P02017,Press,Valve,Steel,SensorWorks,Netherlands,257.52,1.624,20,0,22,medium,4,0.112,9636,4,117.6,yes,2024-01-17
P02018,Press,Seal,Polymer,EuroMech,Poland,19.28,0.067,16,21,19,high,4,0.699,1995,9,103.9,no,2023-01-26
P02019,Press,Bearing,Ceramic,EuroMech,Czech Republic,98.34,1.033,16,49,15,high,4,0.279,5249,12,169.7,yes,2024-04-10
P02020,CNC-Mill,Motor,Stainless Steel,Activa Parts,Italy,621.73,19.645,13,23,13,medium,2,0.155,11423,1,104.8,yes,2023-07-11
P02021,Press,Pump,Polymer,MotionHub,Poland,597.47,7.384,6,0,11,low,3,0.187,7312,4,110.6,yes,2025-01-07
P02022,Lathe,Seal,Polymer,Activa Parts,Germany,24.75,0.052,20,0,24,low,9,0.561,2354,11,118.0,yes,2024-02-23
P02023,Press,Valve,Composite,SensorWorks,Czech Republic,341.49,0.835,17,26,17,low,8,0.416,12792,8,103.8,yes,2024-10-13
P02024,Press,Motor,Ceramic,EuroMech,Netherlands,569.75,6.04,21,34,24,medium,5,0.197,17003,7,116.3,no,2024-02-01
P02025,CNC-Mill,Sensor,Steel,PreciseTech,Sweden,94.93,0.261,4,42,15,medium,5,0.074,8040,7,98.6,yes,2023-04-03
P02026,Lathe,Valve,Aluminum,Nordic Motion,Germany,108.98,1.491,9,27,17,low,4,0.167,9668,5,108.7,yes,2023-04-23
P02027,Packaging,Bearing,Composite,SensorWorks,Czech Republic,201.82,0.769,18,32,10,low,7,0.3,4514,12,127.8,no,2025-01-24
P02028,Conveyor,Belt,Polymer,Activa Parts,Sweden,37.95,0.232,22,22,20,medium,8,0.386,1899,8,92.8,no,2023-05-22
P02029,Conveyor,Filter,Polymer,MotionHub,Czech Republic,35.56,0.523,13,51,12,medium,8,0.095,5975,15,82.2,yes,2024-10-23
P02030,Packaging,Seal,Steel,Activa Parts,Poland,21.18,0.055,18,26,0,medium,7,0.484,2244,8,107.7,yes,2023-03-28
P02031,Press,Belt,Composite,Activa Parts,Czech Republic,41.33,0.213,23,37,24,low,10,0.585,2330,9,90.8,yes,2024-07-07
P02032,Lathe,Controller,Brass,Activa Parts,Italy,644.41,1.407,19,7,25,critical,6,0.056,12289,1,49.8,no,2023-10-16
P02033,Lathe,Motor,Aluminum,Activa Parts,Sweden,405.65,8.568,19,27,17,medium,4,0.225,12725,1,112.0,yes,2023-10-17
P02034,Packaging,Controller,Ceramic,EuroMech,Finland,1321.76,1.154,20,2,7,critical,3,0.118,16626,7,78.6,yes,2023-06-06
P02035,CNC-Mill,Sensor,Steel,Activa Parts,Czech Republic,98.23,0.302,19,19,23,critical,3,0.562,6181,7,71.4,yes,2023-07-04
P02036,Lathe,Cable,Polymer,EuroMech,Germany,20.71,0.429,12,22,10,low,3,0.114,6374,13,111.6,no,2023-02-15
P02037,CNC-Mill,Controller,Polymer,MotionHub,Netherlands,689.99,1.056,16,30,19,medium,6,0.075,14114,1,62.8,yes,2023-03-04
P02038,Assembly,Cable,Brass,MotionHub,Germany,9.52,1.378,9,34,12,medium,5,0.305,10380,14,104.6,yes,2023-03-28
P02039,Press,Bearing,Aluminum,FlowCore,Germany,69.62,0.929,20,33,26,medium,1,0.235,6071,12,129.3,yes,2023-10-10
P02040,Assembly,Bearing,Stainless Steel,FlowCore,Italy,72.58,1.356,13,34,20,high,7,0.273,6107,10,131.0,yes,2023-09-11
P02041,Press,Controller,Steel,EuroMech,Italy,2462.71,0.884,28,40,29,critical,5,0.215,8281,5,67.1,yes,2023-04-23
P02042,Press,Gear,Stainless Steel,Activa Parts,Czech Republic,115.66,1.693,9,37,28,medium,6,0.392,7707,5,108.6,yes,2023-08-18
P02043,Assembly,Filter,Brass,EuroMech,Poland,25.53,0.393,13,35,25,low,4,0.113,5061,17,106.3,yes,2023-09-02
P02044,Conveyor,Sensor,Steel,Nordic Motion,Italy,51.69,0.21,12,20,8,low,3,0.151,4599,8,61.9,yes,2024-10-21
P02045,CNC-Mill,Bearing,Ceramic,SensorWorks,Czech Republic,104.44,0.605,21,24,17,critical,8,0.295,6909,8,168.7,no,2024-06-30
P02046,Assembly,Tooling,Ceramic,PreciseTech,Poland,172.04,1.865,18,5,23,medium,8,1.076,2943,6,130.9,yes,2023-12-17
P02047,Conveyor,Motor,Brass,MotionHub,Poland,934.46,12.92,20,24,25,critical,4,0.109,15331,3,102.0,yes,2025-01-05
P02048,Press,Motor,Steel,MotionHub,Czech Republic,529.4,15.993,18,21,20,low,3,0.371,8965,8,93.2,yes,2023-04-08
P02049,Press,Sensor,Steel,SensorWorks,Finland,98.92,0.226,10,20,18,high,8,0.201,6247,6,100.7,yes,2023-07-05
P02050,Conveyor,Bearing,Stainless Steel,FlowCore,Finland,65.65,1.023,14,29,22,medium,5,0.212,3681,10,136.5,yes,2025-02-01
P02051,Conveyor,Cable,Composite,Nordic Motion,Poland,24.33,0.624,21,36,20,high,5,0.153,6827,20,118.1,yes,2024-11-11
P02052,Press,Tooling,Aluminum,PreciseTech,Germany,96.74,2.981,6,43,14,high,9,0.514,3283,6,116.2,no,2024-07-21
P02053,Assembly,Pump,Brass,MotionHub,Italy,485.59,7.764,10,54,19,medium,6,0.225,11771,9,97.8,yes,2025-02-11
P02054,Lathe,Motor,Steel,MotionHub,Italy,527.29,7.52,18,46,30,critical,1,0.079,8658,7,94.5,yes,2023-03-05
P02055,Packaging,Belt,Steel,Nordic Motion,Netherlands,38.64,0.127,15,33,21,medium,8,0.459,3790,1,133.0,yes,2024-01-22
P02056,Lathe,Sensor,Brass,PreciseTech,Finland,72.53,0.174,15,34,16,high,6,0.445,8325,12,100.7,yes,2025-01-27
P02057,Conveyor,Filter,Polymer,PreciseTech,Poland,34.04,0.258,25,10,20,critical,4,0.094,7192,17,95.9,yes,2023-08-06
P02058,Lathe,Seal,Ceramic,MotionHub,Netherlands,14.37,0.085,15,26,18,high,9,1.014,3029,7,147.1,no,2025-03-18
P02059,Lathe,Motor,Ceramic,FlowCore,Italy,647.08,8.631,25,30,26,low,2,0.169,8030,6,134.4,yes,2023-02-13
P02060,Press,Pump,Aluminum,FlowCore,Germany,659.86,10.56,23,16,16,high,8,0.225,7475,4,85.9,yes,2024-12-05
P02061,Packaging,Motor,Aluminum,EuroMech,Poland,474.9,7.465,20,10,18,low,2,0.102,10002,1,95.6,yes,2025-01-16
P02062,Lathe,Seal,Composite,EuroMech,Germany,20.27,0.067,16,10,9,high,5,0.554,1792,8,120.5,yes,2023-08-12
P02063,Lathe,Motor,Aluminum,FlowCore,Netherlands,906.33,13.471,12,12,22,medium,6,0.045,12698,9,105.8,yes,2023-12-12
P02064,CNC-Mill,Tooling,Steel,EuroMech,Finland,193.24,2.281,8,27,5,high,7,0.228,3027,8,109.5,yes,2023-09-24
P02065,Assembly,Filter,Composite,FlowCore,Sweden,21.43,0.144,14,16,19,medium,6,0.167,9162,10,87.0,yes,2023-05-02
P02066,Assembly,Bearing,Composite,Activa Parts,Italy,163.43,0.761,14,25,14,low,10,0.226,6703,7,152.2,yes,2023-10-20
P02067,Assembly,Tooling,Polymer,Nordic Motion,Poland,148.91,2.496,16,47,22,high,7,1.204,3324,7,122.2,no,2024-04-28
P02068,Packaging,Motor,Composite,FlowCore,Netherlands,413.88,15.45,15,29,13,medium,5,0.256,13993,3,104.3,yes,2025-02-24
P02069,Packaging,Valve,Composite,MotionHub,Sweden,354.28,2.459,23,18,21,high,8,0.252,11760,12,143.1,no,2023-11-27
P02070,CNC-Mill,Motor,Polymer,Nordic Motion,Sweden,668.84,19.085,13,32,25,high,5,0.091,7712,1,105.5,yes,2024-02-28
P02071,Lathe,Bearing,Ceramic,FlowCore,Netherlands,115.99,0.715,23,52,20,medium,6,0.243,3329,9,184.2,no,2024-03-05
P02072,Packaging,Tooling,Aluminum,MotionHub,Poland,203.66,1.884,18,35,16,low,5,0.374,3737,8,112.9,yes,2024-10-15
P02073,Assembly,Tooling,Aluminum,PreciseTech,Italy,196.48,1.818,24,26,20,medium,10,0.613,3441,1,121.5,yes,2025-03-16
P02074,Assembly,Seal,Polymer,SensorWorks,Germany,27.83,0.061,11,34,18,high,6,0.262,1954,10,120.5,yes,2024-10-13
P02075,CNC-Mill,Seal,Stainless Steel,EuroMech,Poland,19.59,0.034,22,15,24,critical,10,0.667,3232,7,110.1,no,2024-07-07
P02076,Packaging,Bearing,Aluminum,FlowCore,Netherlands,58.57,0.999,9,0,3,high,7,0.486,4370,12,158.6,no,2023-05-28
P02077,Assembly,Bearing,Aluminum,PreciseTech,Finland,61.66,1.169,13,17,21,medium,5,0.543,5118,2,139.7,yes,2024-04-22
P02078,Press,Tooling,Brass,PreciseTech,Czech Republic,88.19,2.289,7,36,17,medium,5,0.346,1994,6,111.6,yes,2024-11-23
P02079,Assembly,Controller,Steel,Activa Parts,Germany,504.06,2.37,17,55,24,critical,4,0.107,16069,1,60.2,yes,2025-01-09
P02080,Conveyor,Bearing,Stainless Steel,Activa Parts,Czech Republic,63.52,0.66,3,62,16,low,8,0.309,5625,12,141.3,yes,2025-03-11
P02081,Lathe,Motor,Composite,FlowCore,Sweden,765.07,19.61,12,19,15,high,5,0.296,13706,9,98.0,yes,2024-04-17
P02082,Assembly,Bearing,Composite,Activa Parts,Poland,44.97,0.579,14,18,3,high,6,0.658,4330,10,153.2,no,2023-06-07
P02083,CNC-Mill,Tooling,Stainless Steel,MotionHub,Netherlands,271.31,2.104,19,3,30,low,10,0.519,2414,2,126.2,no,2023-10-20
P02084,Press,Motor,Steel,FlowCore,Italy,461.74,12.283,16,24,20,high,7,0.134,15359,1,104.1,yes,2023-12-30
P02085,Lathe,Bearing,Ceramic,MotionHub,Germany,106.61,0.464,24,7,25,high,8,0.281,6555,11,167.4,yes,2024-12-06
P02086,Press,Belt,Brass,Nordic Motion,Finland,48.43,0.217,4,40,1,medium,4,0.362,2852,6,92.3,yes,2025-01-12
P02087,Conveyor,Motor,Composite,Activa Parts,Czech Republic,587.55,7.084,15,29,24,critical,5,0.072,13844,6,123.4,yes,2024-11-12
P02088,Lathe,Pump,Ceramic,PreciseTech,Netherlands,1072.76,8.594,12,19,23,medium,5,0.227,10638,8,121.7,yes,2023-05-15
P02089,Lathe,Cable,Stainless Steel,Nordic Motion,Sweden,56.24,0.636,26,2,32,critical,8,0.221,7583,15,113.7,yes,2023-07-31
P02090,Conveyor,Filter,Polymer,PreciseTech,Sweden,22.44,0.163,20,13,31,medium,7,0.434,9335,11,111.0,yes,2023-04-24
P02091,Press,Filter,Polymer,MotionHub,Poland,80.89,0.178,22,28,22,medium,6,0.104,8028,15,107.1,yes,2024-04-13
P02092,CNC-Mill,Bearing,Aluminum,PreciseTech,Czech Republic,69.61,0.863,17,43,23,low,5,0.706,4274,9,125.7,no,2024-05-17
P02093,Press,Seal,Brass,Activa Parts,Czech Republic,16.58,0.043,32,21,31,critical,8,0.404,2004,3,155.4,no,2024-01-09
P02094,Assembly,Cable,Steel,FlowCore,Czech Republic,35.53,0.555,14,26,17,low,4,0.292,4729,22,101.2,yes,2023-01-02
P02095,Assembly,Controller,Composite,FlowCore,Poland,718.86,1.576,14,0,23,low,5,0.118,12172,1,48.9,yes,2024-08-14
P02096,Press,Sensor,Steel,SensorWorks,Sweden,250.03,0.188,10,38,24,high,5,0.336,4976,4,78.6,no,2023-11-15
P02097,Assembly,Bearing,Stainless Steel,MotionHub,Sweden,71.14,1.202,18,30,18,critical,3,0.233,4308,13,157.6,no,2023-08-30
P02098,Lathe,Motor,Steel,Activa Parts,Czech Republic,590.29,12.877,23,25,30,critical,5,0.168,9570,3,112.9,yes,2024-06-05
P02099,Assembly,Tooling,Steel,SensorWorks,Czech Republic,93.38,2.365,5,35,9,high,7,0.922,2137,9,109.9,yes,2024-12-25
P02100,Conveyor,Belt,Composite,Activa Parts,Italy,35.57,0.258,20,34,29,critical,8,0.542,3264,5,119.1,no,2023-09-15
P02101,Packaging,Pump,Polymer,Nordic Motion,Poland,642.61,7.031,10,38,18,low,4,0.154,10311,1,124.0,no,2024-09-14
P02102,CNC-Mill,Bearing,Stainless Steel,FlowCore,Germany,111.27,0.498,19,22,22,medium,4,0.725,6483,11,154.1,no,2023-05-12
P02103,Press,Belt,Composite,Activa Parts,Netherlands,52.95,0.173,8,53,16,medium,9,0.506,2655,8,106.8,no,2024-01-18
P02104,Packaging,Seal,Steel,Nordic Motion,Poland,25.14,0.04,21,44,9,medium,7,1.212,1034,8,104.1,yes,2024-05-01
P02105,Press,Valve,Composite,MotionHub,Poland,254.46,1.138,19,13,26,high,3,0.188,10079,10,126.1,yes,2025-02-01
P02106,Packaging,Tooling,Steel,Activa Parts,Sweden,197.22,2.041,20,0,32,medium,8,0.322,3157,1,107.7,yes,2023-02-28
P02107,CNC-Mill,Bearing,Stainless Steel,MotionHub,Germany,97.25,0.692,15,6,23,medium,6,0.424,4077,15,126.2,no,2023-09-02
P02108,Conveyor,Gear,Brass,Activa Parts,Sweden,122.49,1.771,31,10,29,low,4,0.299,7141,10,132.0,yes,2024-07-26
P02109,CNC-Mill,Cable,Composite,Activa Parts,Germany,23.32,1.058,6,21,20,medium,3,0.094,7822,27,86.8,yes,2024-09-06
P02110,Lathe,Sensor,Polymer,FlowCore,Finland,95.55,0.604,12,33,21,low,6,0.349,8015,8,85.3,yes,2024-06-27
P02111,Packaging,Filter,Aluminum,PreciseTech,Poland,37.87,0.184,9,40,16,high,4,0.109,9126,13,104.8,no,2024-07-24
P02112,Conveyor,Bearing,Composite,FlowCore,Italy,40.26,0.898,7,34,19,high,6,0.446,4574,10,159.3,yes,2024-11-21
P02113,Press,Seal,Steel,EuroMech,Sweden,10.81,0.033,11,13,19,low,5,0.588,2546,8,115.1,no,2025-01-15
P02114,Conveyor,Filter,Aluminum,PreciseTech,Poland,27.37,0.4,17,20,25,medium,6,0.423,6285,14,99.2,no,2023-11-11
P02115,Press,Valve,Composite,Activa Parts,Czech Republic,239.25,2.277,10,21,18,high,8,0.215,13335,3,115.8,yes,2023-10-21
P02116,Lathe,Bearing,Steel,MotionHub,Finland,94.5,1.092,26,39,27,critical,6,0.227,4978,14,126.4,no,2023-04-15
P02117,Packaging,Seal,Aluminum,EuroMech,Poland,21.84,0.048,23,7,22,high,8,0.298,2933,9,122.8,no,2024-03-16
P02118,Press,Filter,Aluminum,FlowCore,Finland,49.16,0.233,18,23,23,low,6,0.361,4090,10,95.3,no,2023-12-24
P02119,Press,Belt,Stainless Steel,MotionHub,Czech Republic,37.65,0.265,7,26,19,low,6,0.398,4160,8,109.9,yes,2025-03-11
P02120,Assembly,Filter,Composite,FlowCore,Poland,39.33,0.241,16,37,8,high,6,0.114,10484,16,102.9,yes,2023-05-04
P02121,Press,Valve,Composite,Activa Parts,Czech Republic,228.93,1.355,22,39,11,high,5,0.355,11815,3,127.1,yes,2023-08-30
P02122,Packaging,Bearing,Composite,EuroMech,Sweden,135.84,0.638,29,20,19,medium,4,0.389,6299,11,134.6,yes,2023-06-30
P02123,Assembly,Gear,Composite,EuroMech,Germany,95.7,2.923,5,6,21,high,6,0.231,8285,10,87.9,yes,2024-01-26
P02124,Press,Bearing,Polymer,FlowCore,Italy,117.31,0.77,20,20,22,medium,8,0.285,5177,13,158.0,yes,2024-08-02
P02125,Assembly,Cable,Stainless Steel,Activa Parts,Poland,13.19,0.501,12,28,16,low,6,0.122,8912,15,104.8,yes,2023-07-15
P02126,Packaging,Bearing,Ceramic,Activa Parts,Sweden,125.91,1.29,16,16,22,medium,9,0.29,4895,6,150.3,yes,2024-12-30
P02127,Packaging,Sensor,Brass,EuroMech,Czech Republic,210.07,0.161,14,4,29,medium,5,0.234,6471,13,93.5,yes,2024-03-11
P02128,Press,Pump,Aluminum,MotionHub,Finland,686.07,11.109,17,20,14,low,4,0.248,12281,5,117.4,yes,2023-11-19
P02129,Conveyor,Cable,Ceramic,EuroMech,Italy,42.56,0.533,23,26,32,medium,4,0.227,6859,16,137.5,yes,2023-06-12
P02130,Conveyor,Valve,Stainless Steel,EuroMech,Poland,101.52,1.731,14,22,10,medium,3,0.083,9528,3,100.7,yes,2023-07-27
P02131,Conveyor,Belt,Composite,SensorWorks,Germany,24.25,0.353,15,35,20,high,8,0.271,2958,4,117.0,yes,2024-01-28
P02132,Conveyor,Pump,Ceramic,FlowCore,Sweden,349.21,7.426,12,14,25,medium,6,0.282,9233,11,135.5,yes,2024-02-04
P02133,Press,Bearing,Composite,MotionHub,Italy,117.68,1.245,16,9,19,high,7,0.589,5291,10,122.3,yes,2023-05-16
P02134,Packaging,Gear,Stainless Steel,Activa Parts,Finland,347.66,1.139,20,27,28,medium,6,0.27,6126,8,132.1,yes,2024-06-11
P02135,Assembly,Pump,Aluminum,EuroMech,Finland,226.21,11.894,11,40,19,low,4,0.221,9351,3,121.5,no,2024-12-22
P02136,CNC-Mill,Bearing,Aluminum,SensorWorks,Czech Republic,98.21,1.198,13,47,17,medium,5,0.248,5475,13,144.5,no,2024-10-18
P02137,Assembly,Sensor,Stainless Steel,MotionHub,Sweden,88.87,0.199,15,0,26,high,5,0.075,5918,6,89.8,yes,2024-05-28
P02138,Press,Sensor,Aluminum,EuroMech,Netherlands,75.18,0.157,14,49,11,medium,5,0.21,7981,7,83.3,yes,2024-08-09
P02139,Press,Motor,Brass,SensorWorks,Netherlands,263.71,7.906,13,14,17,low,3,0.194,14010,6,89.4,yes,2024-09-18
P02140,Assembly,Filter,Stainless Steel,SensorWorks,Sweden,36.96,0.326,13,41,24,high,6,0.13,6352,14,91.2,no,2023-07-08
P02141,Lathe,Sensor,Polymer,Nordic Motion,Italy,162.49,0.156,9,17,17,high,4,0.328,6110,3,104.3,no,2024-01-10
P02142,Lathe,Motor,Stainless Steel,MotionHub,Poland,321.9,10.769,11,27,18,low,6,0.103,11728,7,101.0,yes,2023-10-30
P02143,Assembly,Bearing,Polymer,FlowCore,Netherlands,118.24,1.032,16,2,20,low,4,0.464,5970,7,130.6,no,2023-01-02
P02144,Press,Tooling,Aluminum,PreciseTech,Poland,99.92,1.609,8,15,11,medium,8,0.68,3148,5,107.8,yes,2024-05-31
P02145,Lathe,Gear,Stainless Steel,Nordic Motion,Finland,228.05,0.943,15,57,21,high,4,0.245,5067,6,123.9,yes,2023-12-01
P02146,Lathe,Bearing,Polymer,EuroMech,Netherlands,195.13,0.752,13,40,19,low,5,0.708,2314,16,159.1,no,2023-01-18
P02147,Conveyor,Filter,Aluminum,MotionHub,Germany,24.2,0.306,18,38,13,medium,5,0.135,5901,11,108.7,yes,2025-03-14
P02148,Press,Controller,Ceramic,Nordic Motion,Finland,529.7,1.006,9,41,15,medium,4,0.106,17542,16,77.4,yes,2023-11-28
P02149,Lathe,Bearing,Composite,EuroMech,Poland,98.29,0.917,14,16,15,medium,5,0.436,5039,12,143.2,yes,2023-10-10
P02150,Assembly,Controller,Polymer,EuroMech,Poland,1221.38,0.869,24,23,30,low,2,0.234,14414,1,45.0,yes,2023-09-02
P02151,Press,Bearing,Ceramic,EuroMech,Netherlands,133.73,0.894,11,53,17,low,3,0.225,5280,9,171.6,no,2024-04-05
P02152,Lathe,Motor,Stainless Steel,FlowCore,Finland,761.69,10.177,22,22,29,high,3,0.343,11020,1,107.0,no,2024-10-17
P02153,Conveyor,Bearing,Composite,Activa Parts,Finland,143.4,1.261,20,4,24,medium,8,0.446,4875,11,151.0,yes,2023-12-23
P02154,Press,Bearing,Composite,EuroMech,Sweden,56.97,0.372,18,23,25,high,5,0.4,5316,10,135.3,no,2023-09-24
P02155,Packaging,Bearing,Aluminum,EuroMech,Sweden,86.87,1.585,13,16,18,low,8,0.378,4574,11,145.8,yes,2023-10-25
P02156,Packaging,Valve,Stainless Steel,MotionHub,Sweden,265.98,0.775,10,13,27,high,2,0.22,7605,9,116.0,no,2025-03-13
P02157,Lathe,Sensor,Stainless Steel,PreciseTech,Sweden,84.42,0.275,16,6,27,low,7,0.114,5196,8,104.8,yes,2024-11-05
P02158,Press,Valve,Brass,SensorWorks,Poland,437.72,1.958,19,17,26,medium,5,0.245,8730,3,127.6,yes,2024-09-04
P02159,Conveyor,Motor,Composite,Nordic Motion,Finland,619.43,19.127,16,40,18,high,3,0.103,12493,5,98.7,yes,2025-01-07
P02160,Press,Bearing,Composite,SensorWorks,Netherlands,102.34,0.547,17,35,24,low,3,0.337,4856,13,142.9,yes,2023-04-21
P02161,Packaging,Bearing,Ceramic,PreciseTech,Poland,93.55,0.902,22,7,35,low,9,0.17,5710,12,156.1,yes,2024-04-25
P02162,Assembly,Filter,Brass,EuroMech,Sweden,33.43,0.3,11,30,2,high,6,0.224,7488,14,83.1,no,2024-07-01
P02163,Lathe,Filter,Steel,FlowCore,Finland,26.47,0.308,21,26,20,medium,3,0.188,8361,18,114.3,yes,2024-10-10
P02164,Lathe,Bearing,Composite,PreciseTech,Italy,101.73,0.898,5,34,12,high,6,0.654,4007,10,133.6,yes,2024-01-10
P02165,Conveyor,Tooling,Brass,Activa Parts,Finland,73.49,2.332,16,16,17,medium,9,0.171,2582,8,98.2,yes,2023-12-08
P02166,Packaging,Bearing,Composite,FlowCore,Italy,72.56,0.756,10,50,11,low,6,0.817,3156,11,147.9,yes,2023-05-24
P02167,Press,Sensor,Stainless Steel,SensorWorks,Italy,115.32,0.347,22,20,18,critical,5,0.172,7668,9,101.4,yes,2024-07-25
P02168,Packaging,Gear,Polymer,Nordic Motion,Poland,167.14,1.308,9,48,18,medium,5,0.124,9606,6,117.5,yes,2023-12-29
P02169,Lathe,Motor,Steel,Activa Parts,Germany,546.28,10.72,27,25,32,high,4,0.122,13645,4,115.8,no,2023-01-02
P02170,Conveyor,Bearing,Brass,SensorWorks,Netherlands,118.86,0.864,10,21,15,low,5,0.233,5873,8,145.1,no,2024-08-11
P02171,Press,Seal,Polymer,FlowCore,Netherlands,16.1,0.071,10,6,21,medium,7,1.166,2091,8,102.6,yes,2023-02-10
P02172,Conveyor,Belt,Brass,Activa Parts,Sweden,55.22,0.366,12,17,14,high,8,0.414,3151,7,105.5,yes,2024-08-05
P02173,Press,Bearing,Composite,MotionHub,Czech Republic,100.87,1.319,18,29,19,medium,5,0.138,5459,16,157.7,no,2024-12-14
P02174,Assembly,Tooling,Steel,MotionHub,Czech Republic,86.36,1.855,13,38,20,medium,8,0.536,962,11,129.7,yes,2023-12-25
P02175,Conveyor,Filter,Steel,Nordic Motion,Finland,19.34,0.501,17,65,22,high,3,0.396,11775,10,114.7,no,2023-05-09
P02176,Conveyor,Pump,Stainless Steel,Nordic Motion,Italy,772.57,8.097,24,36,27,critical,6,0.097,9034,3,135.0,yes,2024-11-27
P02177,Lathe,Seal,Steel,PreciseTech,Germany,39.28,0.047,23,14,24,high,10,0.479,2426,9,130.9,yes,2023-01-25
P02178,Conveyor,Cable,Ceramic,Activa Parts,Czech Republic,9.73,1.179,14,17,19,medium,8,0.356,8483,18,119.4,yes,2024-07-30
P02179,Conveyor,Cable,Ceramic,PreciseTech,Italy,24.4,0.505,14,39,13,medium,8,0.23,11282,14,139.6,yes,2024-01-06
P02180,Lathe,Tooling,Stainless Steel,Activa Parts,Italy,142.91,1.642,16,23,17,medium,8,0.217,3455,4,118.3,yes,2023-11-19
P02181,Lathe,Motor,Stainless Steel,Nordic Motion,Poland,444.63,18.294,21,33,18,critical,6,0.154,14731,10,100.8,yes,2023-11-22
P02182,Assembly,Seal,Composite,Activa Parts,Germany,15.19,0.051,18,9,28,medium,8,0.463,3097,10,119.9,yes,2024-12-30
P02183,Lathe,Bearing,Aluminum,EuroMech,Netherlands,52.11,0.543,6,12,10,medium,4,0.718,6783,12,141.7,yes,2023-05-22
P02184,Packaging,Motor,Aluminum,Activa Parts,Poland,179.87,11.69,15,26,16,low,6,0.147,13551,6,114.5,yes,2024-09-24
P02185,Assembly,Sensor,Ceramic,MotionHub,Poland,110.94,0.266,13,26,20,medium,7,0.277,6553,6,92.8,yes,2023-02-19
P02186,Assembly,Filter,Ceramic,Activa Parts,Italy,48.62,0.234,14,52,24,low,6,0.202,9175,13,115.9,no,2023-04-17
P02187,Lathe,Bearing,Stainless Steel,SensorWorks,Italy,105.94,0.625,19,42,16,low,5,0.738,5318,12,149.7,yes,2023-06-26
P02188,Lathe,Bearing,Brass,Activa Parts,Netherlands,56.93,1.407,10,9,19,low,9,0.322,5668,10,143.3,yes,2023-10-24
P02189,Assembly,Filter,Stainless Steel,MotionHub,Finland,20.13,0.209,17,12,7,critical,6,0.064,10739,13,80.5,no,2024-08-15
P02190,Press,Bearing,Brass,MotionHub,Germany,156.81,0.471,12,12,9,high,10,0.295,5123,5,134.6,no,2023-08-08
P02191,Packaging,Seal,Polymer,SensorWorks,Finland,22.37,0.031,11,26,17,low,10,0.774,2454,11,92.8,yes,2024-12-11
P02192,Lathe,Cable,Steel,Nordic Motion,Italy,24.16,0.564,9,71,23,high,3,0.265,5054,20,81.2,yes,2023-03-23
P02193,Lathe,Sensor,Stainless Steel,EuroMech,Netherlands,133.04,0.242,15,50,6,medium,3,0.3,4655,5,89.4,no,2024-06-14
P02194,Conveyor,Controller,Polymer,EuroMech,Finland,599.5,1.057,13,9,14,low,3,0.079,20829,1,53.4,no,2023-11-16
P02195,Assembly,Belt,Brass,EuroMech,Germany,49.61,0.373,26,13,26,critical,6,0.278,1935,11,109.9,yes,2023-08-27
P02196,Assembly,Gear,Aluminum,PreciseTech,Finland,173.01,2.524,9,34,9,medium,6,0.09,5332,7,91.2,no,2024-12-05
P02197,CNC-Mill,Sensor,Steel,SensorWorks,Czech Republic,146.26,0.22,15,27,19,high,5,0.284,4930,6,85.9,yes,2023-08-10
P02198,Lathe,Gear,Stainless Steel,SensorWorks,Germany,168.06,2.25,19,13,15,medium,5,0.196,6674,7,122.0,yes,2024-08-27
P02199,CNC-Mill,Sensor,Steel,EuroMech,Netherlands,115.67,0.184,29,17,25,critical,6,0.242,6214,12,68.0,yes,2024-05-12
P02200,Press,Seal,Composite,Activa Parts,Italy,33.83,0.035,18,8,26,high,8,0.878,2043,1,116.0,yes,2024-02-24
P02201,CNC-Mill,Motor,Steel,EuroMech,Czech Republic,666.4,14.273,20,18,15,medium,6,0.111,11443,3,114.2,yes,2023-09-24
P02202,Press,Gear,Stainless Steel,FlowCore,Italy,137.26,2.084,20,43,23,medium,6,0.164,10330,11,121.1,no,2023-08-18
P02203,Packaging,Bearing,Brass,Activa Parts,Czech Republic,119.79,0.704,1,15,1,low,7,0.33,4496,11,147.9,yes,2025-02-26
P02204,Conveyor,Pump,Polymer,Activa Parts,Netherlands,478.74,14.918,13,11,29,medium,6,0.158,8780,13,101.4,yes,2023-10-21
P02205,Press,Bearing,Stainless Steel,Activa Parts,Poland,42.06,0.743,20,20,16,low,3,0.338,5568,12,133.4,yes,2024-11-09
P02206,Conveyor,Cable,Ceramic,PreciseTech,Poland,19.4,0.651,18,40,24,low,4,0.131,8640,23,105.8,no,2023-08-19
P02207,Packaging,Bearing,Polymer,Activa Parts,Czech Republic,74.15,0.797,25,2,32,critical,7,0.125,5944,10,153.4,yes,2023-07-31
P02208,Lathe,Sensor,Aluminum,EuroMech,Germany,164.24,0.244,8,40,14,high,6,0.094,5956,3,63.2,yes,2023-03-05
P02209,Packaging,Pump,Ceramic,PreciseTech,Czech Republic,788.68,7.188,18,1,30,low,7,0.244,11378,7,120.5,no,2024-02-10
P02210,Lathe,Valve,Brass,Activa Parts,Italy,133.38,1.692,33,30,17,critical,7,0.126,6744,7,132.2,yes,2023-08-27
P02211,Press,Cable,Polymer,PreciseTech,Italy,19.43,0.378,22,36,21,critical,4,0.265,8341,16,109.1,yes,2023-09-01
P02212,Assembly,Motor,Composite,Activa Parts,Poland,354.82,6.959,20,38,35,medium,8,0.309,13950,4,111.1,yes,2024-05-01
P02213,Lathe,Motor,Composite,PreciseTech,Italy,434.67,13.43,22,0,13,critical,5,0.296,14400,5,74.5,yes,2024-02-18
P02214,Conveyor,Motor,Aluminum,EuroMech,Finland,532.11,10.098,16,0,21,low,5,0.113,9600,9,89.4,yes,2024-07-13
P02215,Packaging,Gear,Polymer,Nordic Motion,Italy,93.7,2.26,9,25,10,medium,8,0.271,8510,7,137.4,no,2023-08-03
P02216,Press,Pump,Stainless Steel,FlowCore,Poland,450.62,6.65,6,33,10,medium,3,0.12,8958,5,118.0,no,2024-03-18
P02217,Assembly,Controller,Polymer,PreciseTech,Italy,500.67,1.04,17,31,21,medium,8,0.062,14623,6,45.0,yes,2024-10-07
P02218,Packaging,Filter,Brass,PreciseTech,Finland,18.43,0.29,20,41,24,medium,5,0.266,6997,12,87.8,yes,2023-10-05
P02219,Press,Cable,Brass,FlowCore,Italy,29.18,1.084,9,7,7,high,4,0.14,10194,17,115.3,yes,2025-03-14
P02220,CNC-Mill,Cable,Brass,SensorWorks,Germany,24.47,0.485,14,16,23,medium,6,0.213,9682,20,94.9,yes,2023-12-30
P02221,Packaging,Motor,Aluminum,FlowCore,Finland,462.77,7.215,23,38,18,critical,5,0.105,9079,4,99.9,yes,2025-02-10
P02222,Assembly,Filter,Steel,Nordic Motion,Czech Republic,18.15,0.188,16,45,24,low,4,0.259,8243,8,88.9,yes,2024-05-01
P02223,Conveyor,Seal,Polymer,SensorWorks,Germany,8.54,0.086,10,51,20,medium,9,0.373,2151,4,124.0,yes,2024-11-30
P02224,Assembly,Pump,Composite,MotionHub,Sweden,206.14,13.896,17,1,14,medium,2,0.185,6419,8,106.8,yes,2024-05-25
P02225,Conveyor,Sensor,Composite,PreciseTech,Sweden,296.44,0.2,23,16,34,low,4,0.193,5480,13,92.2,yes,2023-04-02
P02226,Conveyor,Bearing,Ceramic,FlowCore,Italy,212.9,1.112,21,19,24,medium,9,0.582,5146,14,148.4,yes,2025-02-26
P02227,Lathe,Sensor,Stainless Steel,FlowCore,Czech Republic,87.45,0.198,15,12,21,low,7,0.195,6510,9,72.5,yes,2024-04-29
P02228,Assembly,Motor,Ceramic,EuroMech,Italy,341.4,21.197,11,33,13,medium,5,0.111,14620,2,118.4,yes,2024-06-28
P02229,Conveyor,Sensor,Steel,EuroMech,Germany,186.14,0.373,29,16,18,critical,5,0.107,7638,7,83.0,no,2024-12-06
P02230,Conveyor,Seal,Brass,Nordic Motion,Italy,15.36,0.044,18,30,23,low,6,0.488,2145,8,103.1,yes,2023-02-04
P02231,Conveyor,Sensor,Stainless Steel,Nordic Motion,Italy,83.92,0.252,23,18,26,high,3,0.175,6746,7,108.5,yes,2024-12-11
P02232,Packaging,Pump,Brass,SensorWorks,Finland,344.64,13.402,8,29,8,medium,2,0.14,9370,10,95.7,yes,2023-07-09
P02233,Lathe,Motor,Composite,FlowCore,Sweden,1060.22,9.365,6,50,19,medium,6,0.302,12051,2,104.1,no,2023-08-04
P02234,Press,Bearing,Aluminum,FlowCore,Netherlands,169.69,0.916,34,18,28,critical,6,0.227,5366,10,143.4,yes,2023-05-01
P02235,CNC-Mill,Cable,Steel,PreciseTech,Germany,31.67,0.742,19,22,20,medium,6,0.059,6747,16,106.2,yes,2023-07-26
P02236,Press,Filter,Ceramic,EuroMech,Finland,29.82,0.337,22,34,23,medium,6,0.201,9050,17,119.4,yes,2024-01-13
P02237,CNC-Mill,Motor,Aluminum,MotionHub,Germany,311.74,10.324,12,21,15,medium,5,0.129,11006,3,89.9,yes,2025-02-21
P02238,Packaging,Cable,Aluminum,Activa Parts,Czech Republic,36.25,0.828,16,29,10,medium,5,0.47,7267,15,92.0,yes,2023-11-27
P02239,Press,Sensor,Ceramic,Activa Parts,Sweden,79.19,0.143,15,29,17,medium,2,0.338,7157,13,108.5,yes,2023-01-31
P02240,CNC-Mill,Bearing,Steel,MotionHub,Germany,88.67,0.687,16,0,36,medium,3,0.709,5176,9,167.0,no,2024-01-27
P02241,Press,Tooling,Polymer,SensorWorks,Finland,214.88,2.065,15,25,10,high,9,0.542,3340,11,112.4,yes,2024-07-18
P02242,Conveyor,Bearing,Aluminum,Nordic Motion,Sweden,38.83,0.677,20,25,23,critical,7,0.225,4364,8,131.5,yes,2023-12-18
P02243,Packaging,Motor,Aluminum,SensorWorks,Germany,484.65,13.197,18,14,21,medium,3,0.094,8814,5,96.8,yes,2023-07-31
P02244,Conveyor,Valve,Composite,SensorWorks,Finland,110.35,1.779,21,22,16,medium,7,0.152,12820,9,122.6,no,2023-09-04
P02245,Press,Sensor,Steel,PreciseTech,Italy,182.0,0.414,18,9,18,medium,6,0.349,5990,9,68.1,no,2024-09-02
P02246,Assembly,Cable,Composite,PreciseTech,Poland,33.35,0.692,8,15,28,low,5,0.095,11700,21,106.6,no,2023-06-29
P02247,Press,Valve,Aluminum,FlowCore,Netherlands,112.22,2.011,12,33,22,medium,8,0.221,9110,9,111.5,yes,2024-11-12
P02248,Conveyor,Seal,Polymer,PreciseTech,Czech Republic,16.97,0.063,17,21,22,high,10,0.277,2045,6,115.8,no,2024-11-17
P02249,CNC-Mill,Valve,Composite,SensorWorks,Italy,322.78,2.203,12,0,16,low,6,0.185,9923,6,121.1,yes,2023-12-17
P02250,Assembly,Seal,Brass,SensorWorks,Netherlands,21.23,0.059,20,15,23,medium,10,0.485,2556,2,119.1,no,2024-12-28
P02251,Lathe,Seal,Steel,PreciseTech,Italy,20.73,0.063,28,14,33,critical,8,0.615,2033,6,116.5,no,2024-01-08
P02252,Packaging,Motor,Stainless Steel,SensorWorks,Italy,340.64,8.821,13,20,22,high,3,0.158,13283,7,100.5,no,2024-10-26
P02253,Packaging,Sensor,Stainless Steel,SensorWorks,Germany,74.67,0.308,17,4,8,high,6,0.257,5116,10,90.7,yes,2023-04-24
P02254,Assembly,Seal,Polymer,MotionHub,Poland,30.96,0.052,13,45,21,high,9,0.636,2116,3,111.0,yes,2023-10-06
P02255,Conveyor,Seal,Polymer,FlowCore,Netherlands,9.39,0.072,16,21,16,low,10,1.57,2189,10,113.8,yes,2024-03-09
P02256,Packaging,Controller,Steel,EuroMech,Finland,932.92,1.121,11,28,18,high,2,0.091,13404,10,51.7,yes,2024-11-04
P02257,CNC-Mill,Controller,Steel,SensorWorks,Sweden,693.53,0.818,8,25,12,low,6,0.088,20150,5,75.0,no,2024-02-18
P02258,Lathe,Seal,Composite,Activa Parts,Netherlands,33.55,0.053,11,33,18,medium,6,0.381,2477,12,128.3,yes,2023-12-16
P02259,Conveyor,Belt,Steel,PreciseTech,Netherlands,45.88,0.183,11,23,3,medium,6,0.229,3284,5,107.0,no,2023-10-18
P02260,Packaging,Sensor,Steel,EuroMech,Finland,89.38,0.29,22,41,29,critical,5,0.306,3889,9,91.0,no,2025-01-24
P02261,Assembly,Controller,Composite,MotionHub,Italy,919.43,1.585,17,43,13,low,6,0.108,20400,2,63.2,yes,2025-02-09
P02262,Packaging,Gear,Stainless Steel,EuroMech,Finland,117.95,2.52,9,29,17,low,1,0.178,10660,11,103.1,yes,2024-09-03
P02263,Press,Seal,Polymer,SensorWorks,Germany,20.01,0.052,14,21,16,medium,8,0.41,1793,8,114.4,no,2025-02-22
P02264,Lathe,Controller,Stainless Steel,SensorWorks,Italy,730.46,1.155,21,34,23,critical,6,0.088,20816,2,73.3,no,2025-03-14
P02265,CNC-Mill,Pump,Polymer,EuroMech,Italy,230.52,12.518,19,41,17,medium,2,0.164,8835,12,122.7,no,2025-03-24
P02266,Packaging,Motor,Steel,SensorWorks,Poland,685.12,9.859,13,31,12,medium,4,0.205,13111,4,100.9,yes,2024-06-06
P02267,Lathe,Pump,Composite,EuroMech,Czech Republic,197.18,7.561,13,31,20,medium,3,0.236,9431,3,99.7,yes,2023-03-21
P02268,CNC-Mill,Sensor,Stainless Steel,Activa Parts,Sweden,147.46,0.124,16,21,11,low,5,0.212,8017,11,82.9,no,2024-03-03
P02269,Conveyor,Tooling,Stainless Steel,Activa Parts,Italy,117.6,2.444,26,14,20,critical,9,0.599,2121,11,124.8,yes,2023-08-12
P02270,CNC-Mill,Motor,Composite,Activa Parts,Italy,376.73,6.614,20,6,21,critical,4,0.096,10553,6,94.6,no,2023-05-22
P02271,Lathe,Filter,Aluminum,PreciseTech,Germany,12.48,0.21,12,16,15,medium,5,0.306,8467,13,96.2,no,2025-02-15
P02272,CNC-Mill,Filter,Stainless Steel,Nordic Motion,Czech Republic,23.13,0.392,5,44,5,low,6,0.19,8302,15,106.3,yes,2024-01-27
P02273,Press,Sensor,Steel,FlowCore,Germany,93.02,0.153,14,10,18,low,8,0.247,4887,5,93.0,yes,2023-06-10
P02274,Conveyor,Gear,Polymer,PreciseTech,Czech Republic,251.21,1.478,25,10,24,medium,6,0.208,6883,6,114.1,yes,2023-04-17
P02275,Packaging,Bearing,Polymer,Activa Parts,Czech Republic,63.25,0.684,7,17,16,medium,8,0.239,5083,11,169.4,no,2023-03-20
P02276,Assembly,Bearing,Aluminum,SensorWorks,Sweden,60.83,0.419,19,53,16,high,3,0.204,4027,14,144.5,no,2024-08-02
P02277,Conveyor,Seal,Brass,MotionHub,Italy,28.2,0.044,4,22,20,medium,9,0.578,2903,4,101.3,no,2023-05-23
P02278,CNC-Mill,Tooling,Steel,FlowCore,Czech Republic,181.32,2.326,13,24,12,medium,8,0.58,1781,5,109.3,yes,2024-10-16
P02279,Lathe,Pump,Composite,PreciseTech,Germany,306.35,9.2,8,38,0,medium,5,0.161,7256,2,100.3,no,2025-03-08
P02280,Lathe,Seal,Stainless Steel,MotionHub,Germany,14.78,0.043,11,33,28,low,7,0.466,2791,8,114.8,no,2024-07-06
P02281,Lathe,Tooling,Stainless Steel,FlowCore,Italy,148.12,2.693,16,37,21,medium,8,0.344,2832,10,112.0,yes,2024-08-07
P02282,Lathe,Gear,Steel,EuroMech,Poland,184.21,0.981,13,20,13,low,4,0.177,5073,10,112.7,no,2024-04-26
P02283,Lathe,Valve,Ceramic,SensorWorks,Czech Republic,186.07,1.838,21,8,20,high,2,0.244,13610,8,147.3,no,2024-12-19
P02284,CNC-Mill,Tooling,Stainless Steel,PreciseTech,Netherlands,145.45,0.954,18,28,20,medium,9,0.384,3094,7,82.8,yes,2023-03-02
P02285,Assembly,Tooling,Polymer,FlowCore,Finland,75.6,2.381,8,14,25,medium,8,0.777,3359,4,128.0,yes,2023-01-23
P02286,Assembly,Bearing,Polymer,FlowCore,Italy,77.36,1.128,8,31,18,medium,6,0.695,5896,11,130.4,yes,2024-02-02
P02287,Assembly,Filter,Composite,Nordic Motion,Poland,18.33,0.278,14,21,7,high,6,0.177,7655,17,111.7,yes,2023-04-22
P02288,Press,Motor,Steel,FlowCore,Finland,751.49,8.926,27,20,28,critical,5,0.121,11433,8,81.7,no,2023-02-16
P02289,CNC-Mill,Bearing,Polymer,MotionHub,Poland,145.05,0.522,18,29,22,low,4,0.724,4411,5,140.4,yes,2024-04-25
P02290,Conveyor,Belt,Brass,EuroMech,Sweden,21.75,0.256,14,19,25,low,8,0.734,2880,2,107.6,yes,2024-08-02
P02291,Press,Filter,Steel,FlowCore,Finland,45.78,0.42,19,14,30,low,6,0.588,7865,19,81.1,yes,2024-12-02
P02292,Packaging,Cable,Steel,MotionHub,Poland,23.44,0.499,16,28,17,high,8,0.155,6133,21,104.6,yes,2023-04-02
P02293,Lathe,Motor,Ceramic,EuroMech,Italy,337.96,9.52,13,25,14,low,3,0.063,10889,3,132.2,yes,2023-09-05
P02294,Lathe,Bearing,Composite,Nordic Motion,Netherlands,60.14,1.355,13,26,18,medium,6,0.695,5464,6,157.0,yes,2023-08-23
P02295,Lathe,Filter,Ceramic,PreciseTech,Sweden,22.49,0.229,1,41,5,high,5,0.091,7596,12,104.9,yes,2024-04-29
P02296,Lathe,Cable,Aluminum,PreciseTech,Italy,35.07,1.007,20,29,16,high,5,0.368,6202,20,129.8,yes,2024-02-05
P02297,CNC-Mill,Sensor,Composite,SensorWorks,Germany,129.31,0.438,15,58,18,low,7,0.166,5965,3,68.5,yes,2023-05-02
P02298,Assembly,Motor,Aluminum,Nordic Motion,Italy,669.89,6.948,24,16,23,medium,5,0.11,15218,6,104.6,yes,2023-01-24
P02299,Conveyor,Tooling,Brass,Nordic Motion,Netherlands,108.44,2.233,23,38,32,critical,10,0.55,2790,4,111.6,yes,2024-06-05
P02300,Conveyor,Filter,Composite,FlowCore,Poland,27.56,0.28,3,32,7,medium,6,0.327,5819,16,88.5,yes,2023-10-02
P02301,Press,Filter,Composite,MotionHub,Italy,65.01,0.353,15,29,14,high,3,0.205,5668,17,83.0,no,2023-08-17
P02302,Packaging,Filter,Aluminum,FlowCore,Netherlands,28.35,0.336,7,56,20,low,7,0.299,7169,4,94.5,yes,2025-02-03
P02303,Lathe,Motor,Steel,FlowCore,Germany,290.91,11.095,20,56,33,medium,7,0.145,14080,1,106.4,yes,2024-10-11
P02304,Conveyor,Motor,Stainless Steel,Activa Parts,Germany,663.06,10.292,12,21,28,high,8,0.189,9269,1,111.4,no,2024-06-15
P02305,Lathe,Seal,Composite,PreciseTech,Finland,24.66,0.04,19,13,15,medium,4,0.705,2192,10,109.9,no,2024-06-11
P02306,Conveyor,Sensor,Ceramic,PreciseTech,Germany,98.31,0.238,12,23,30,high,5,0.498,5886,9,104.4,yes,2023-05-10
P02307,Press,Motor,Stainless Steel,MotionHub,Finland,408.44,10.318,14,48,15,high,3,0.175,11394,1,107.1,yes,2025-01-21
P02308,Lathe,Cable,Composite,FlowCore,Netherlands,30.68,0.916,11,24,9,high,5,0.124,9080,12,116.6,yes,2024-12-17
P02309,Press,Seal,Aluminum,SensorWorks,Netherlands,27.74,0.041,16,18,21,medium,7,0.524,1425,7,108.6,yes,2023-05-19
P02310,Packaging,Seal,Steel,Nordic Motion,Germany,17.45,0.094,19,29,18,medium,10,0.497,2376,1,129.9,no,2024-10-18
P02311,Conveyor,Controller,Composite,EuroMech,Italy,1120.23,1.319,17,9,11,medium,4,0.101,11301,2,53.8,yes,2024-08-20
P02312,Packaging,Filter,Composite,Activa Parts,Czech Republic,41.49,0.319,22,21,14,low,3,0.22,6275,13,97.0,yes,2023-03-14
P02313,CNC-Mill,Pump,Aluminum,FlowCore,Sweden,338.86,8.026,12,7,9,high,5,0.216,8931,6,127.1,no,2024-05-04
P02314,Packaging,Cable,Steel,SensorWorks,Czech Republic,45.28,0.624,19,41,20,low,5,0.196,8556,17,94.3,yes,2023-04-23
P02315,Assembly,Controller,Composite,MotionHub,Czech Republic,867.79,0.723,22,20,11,low,2,0.082,12915,6,75.1,no,2024-12-06
P02316,Lathe,Motor,Ceramic,Nordic Motion,Sweden,881.68,17.38,18,27,19,high,7,0.084,10184,5,141.5,yes,2023-04-12
P02317,Press,Bearing,Aluminum,EuroMech,Czech Republic,90.54,0.689,25,19,19,low,4,0.176,4295,9,126.6,yes,2024-09-08
P02318,Assembly,Bearing,Aluminum,Activa Parts,Finland,51.96,0.579,10,29,15,high,8,0.428,4703,10,131.4,no,2024-01-17
P02319,Press,Cable,Brass,SensorWorks,Italy,20.19,0.801,15,15,20,medium,6,0.607,8899,14,130.1,yes,2023-01-20
P02320,Assembly,Motor,Stainless Steel,MotionHub,Poland,373.04,11.672,10,37,18,medium,5,0.215,11336,4,92.4,yes,2024-09-21
P02321,CNC-Mill,Bearing,Polymer,FlowCore,Italy,70.69,1.071,14,59,13,low,4,0.233,5559,10,147.9,yes,2023-03-24
P02322,CNC-Mill,Sensor,Steel,FlowCore,Italy,132.41,0.176,12,46,10,medium,4,0.279,6477,7,72.2,no,2024-06-28
P02323,Conveyor,Bearing,Steel,SensorWorks,Czech Republic,74.02,1.772,16,26,10,medium,10,0.244,4382,13,138.1,no,2024-08-28
P02324,Packaging,Filter,Composite,MotionHub,Finland,30.87,0.193,16,28,15,medium,5,0.118,4478,12,111.5,yes,2023-03-19
P02325,Packaging,Motor,Ceramic,SensorWorks,Finland,1441.98,12.884,22,29,20,low,4,0.065,13557,4,150.1,yes,2024-08-08
P02326,Conveyor,Pump,Ceramic,EuroMech,Sweden,416.28,7.729,11,18,15,medium,5,0.3,8628,12,125.9,no,2023-10-19
P02327,Packaging,Sensor,Aluminum,PreciseTech,Poland,123.18,0.401,17,26,13,low,5,0.251,6382,11,91.0,yes,2024-09-09
P02328,Packaging,Gear,Stainless Steel,FlowCore,Finland,170.68,2.202,24,33,21,low,8,0.111,7969,6,94.9,yes,2023-08-13
P02329,Conveyor,Tooling,Steel,MotionHub,Sweden,92.75,2.704,20,28,23,low,10,0.385,2564,4,108.5,yes,2024-02-06
P02330,CNC-Mill,Belt,Aluminum,EuroMech,Sweden,50.85,0.361,11,22,6,medium,6,0.388,3337,7,131.1,yes,2024-10-06
P02331,Conveyor,Pump,Stainless Steel,FlowCore,Finland,281.22,12.387,13,40,11,high,7,0.171,9976,6,111.5,no,2023-01-14
P02332,Packaging,Seal,Brass,Activa Parts,Germany,11.5,0.037,13,20,21,high,8,0.701,2676,4,111.3,no,2023-10-26
P02333,Packaging,Gear,Aluminum,EuroMech,Sweden,252.87,1.51,16,12,10,low,5,0.145,6905,5,102.6,no,2023-05-07
P02334,Press,Motor,Ceramic,Activa Parts,Poland,286.01,6.852,17,10,13,low,5,0.324,11968,2,116.3,no,2024-06-12
P02335,Lathe,Belt,Ceramic,MotionHub,Czech Republic,19.99,0.545,2,19,9,medium,9,0.425,3756,10,128.4,yes,2023-06-08
P02336,Packaging,Motor,Brass,Activa Parts,Italy,1035.23,9.99,22,31,21,low,4,0.117,12428,6,105.7,no,2024-08-18
P02337,Lathe,Motor,Steel,PreciseTech,Italy,962.52,23.035,11,31,13,low,5,0.314,5402,10,88.1,yes,2023-10-29
P02338,Press,Filter,Stainless Steel,Nordic Motion,Sweden,35.43,0.385,20,15,26,low,5,0.139,9711,13,96.2,no,2023-04-03
P02339,Packaging,Sensor,Polymer,FlowCore,Germany,98.77,0.213,12,31,9,low,7,0.146,5086,3,83.3,yes,2024-01-10
P02340,CNC-Mill,Controller,Brass,Nordic Motion,Finland,784.57,0.979,12,15,18,medium,6,0.071,14077,7,83.6,yes,2023-06-25
P02341,CNC-Mill,Seal,Stainless Steel,SensorWorks,Sweden,14.51,0.057,9,9,9,high,9,0.338,2458,8,114.9,yes,2023-01-21
P02342,Assembly,Sensor,Ceramic,FlowCore,Italy,104.35,0.221,15,14,22,medium,4,0.336,5327,10,100.1,yes,2023-04-01
P02343,Assembly,Cable,Steel,FlowCore,Italy,18.19,0.645,6,38,16,high,4,0.184,6934,15,113.7,yes,2023-10-23
P02344,CNC-Mill,Filter,Stainless Steel,Activa Parts,Italy,37.93,0.56,19,13,35,low,5,0.225,5795,17,99.2,no,2023-09-07
P02345,Press,Sensor,Aluminum,Activa Parts,Germany,76.49,0.188,11,67,12,medium,6,0.222,8649,8,79.3,yes,2023-03-23
P02346,Assembly,Motor,Steel,FlowCore,Italy,1005.82,13.209,13,0,16,medium,6,0.078,14583,7,120.2,yes,2024-04-10
P02347,Assembly,Tooling,Polymer,FlowCore,Poland,154.33,2.403,16,23,14,high,8,0.405,2314,5,116.4,yes,2024-06-16
P02348,Assembly,Filter,Stainless Steel,PreciseTech,Netherlands,38.25,0.296,24,6,22,high,6,0.19,6315,12,103.2,yes,2023-03-14
P02349,Press,Filter,Ceramic,SensorWorks,Italy,23.76,0.356,10,17,6,medium,2,0.221,8982,10,108.7,yes,2024-03-02
P02350,CNC-Mill,Valve,Brass,EuroMech,Netherlands,126.93,1.485,11,33,20,low,5,0.157,7774,4,145.6,yes,2024-11-21
P02351,Conveyor,Tooling,Composite,PreciseTech,Germany,203.31,2.303,20,26,19,high,6,0.7,2180,8,94.3,yes,2023-05-16
P02352,Lathe,Sensor,Stainless Steel,PreciseTech,Netherlands,162.84,0.191,14,0,17,low,5,0.105,6447,4,85.0,no,2023-02-23
P02353,Lathe,Sensor,Ceramic,SensorWorks,Netherlands,152.79,0.34,8,45,16,low,4,0.094,8192,10,86.8,no,2023-04-23
P02354,Conveyor,Gear,Stainless Steel,PreciseTech,Poland,67.32,1.473,9,36,19,low,7,0.334,7419,8,92.2,yes,2025-03-25
P02355,Packaging,Bearing,Brass,MotionHub,Finland,93.46,0.496,15,25,12,medium,7,0.505,6007,10,120.0,yes,2023-03-28
P02356,CNC-Mill,Bearing,Composite,PreciseTech,Germany,158.29,0.895,16,6,25,low,6,0.244,4794,10,134.3,yes,2024-09-18
P02357,Lathe,Cable,Polymer,FlowCore,Netherlands,32.3,0.664,24,37,29,low,6,0.088,7738,19,111.2,no,2024-04-28
P02358,CNC-Mill,Cable,Ceramic,Activa Parts,Finland,29.37,0.764,16,33,10,medium,7,0.283,7223,13,118.9,no,2023-08-27
P02359,CNC-Mill,Pump,Aluminum,Activa Parts,Italy,347.79,7.694,8,49,11,medium,4,0.169,7064,13,98.2,yes,2024-06-06
P02360,Packaging,Cable,Steel,SensorWorks,Netherlands,19.95,1.188,17,15,21,medium,5,0.453,7946,16,107.1,yes,2024-08-07
P02361,Packaging,Tooling,Ceramic,PreciseTech,Netherlands,113.28,3.929,19,20,24,medium,7,1.283,2850,8,137.1,no,2024-02-09
P02362,Lathe,Sensor,Ceramic,Activa Parts,Czech Republic,109.85,0.261,17,25,26,high,3,0.266,5676,7,82.6,yes,2024-09-19
P02363,Press,Filter,Brass,PreciseTech,Italy,20.05,0.234,9,45,11,low,7,0.107,8084,14,94.9,yes,2023-09-04
P02364,Conveyor,Valve,Ceramic,Nordic Motion,Finland,148.6,1.433,21,19,24,medium,4,0.207,10699,7,156.3,yes,2023-06-11
P02365,Conveyor,Sensor,Stainless Steel,PreciseTech,Italy,247.99,0.202,27,0,24,low,3,0.22,7837,4,86.9,yes,2023-05-01
P02366,Press,Seal,Aluminum,EuroMech,Netherlands,14.77,0.04,16,20,18,high,10,0.821,2769,5,102.4,yes,2025-03-12
P02367,Lathe,Valve,Composite,SensorWorks,Italy,278.19,1.084,9,20,6,low,5,0.526,10190,11,145.2,yes,2023-06-23
P02368,Packaging,Tooling,Composite,SensorWorks,Sweden,183.59,1.904,19,45,31,high,4,0.608,1689,9,90.0,no,2024-06-18
P02369,Lathe,Seal,Stainless Steel,MotionHub,Italy,48.76,0.05,24,11,27,medium,10,0.6,2566,9,111.8,no,2025-03-17
P02370,Conveyor,Pump,Steel,Nordic Motion,Sweden,326.35,10.131,12,26,13,low,7,0.159,8241,8,90.5,no,2023-08-11
P02371,Conveyor,Motor,Aluminum,MotionHub,Netherlands,755.05,12.581,17,15,23,high,4,0.249,13569,10,112.8,yes,2024-11-07
P02372,Lathe,Filter,Brass,EuroMech,Finland,41.01,0.308,14,26,15,medium,3,0.123,7685,12,74.6,no,2024-10-31
P02373,Press,Cable,Composite,FlowCore,Netherlands,22.47,0.548,12,62,21,medium,7,0.153,8097,23,108.5,no,2023-10-18
P02374,Press,Bearing,Stainless Steel,Activa Parts,Sweden,149.17,0.942,20,15,15,medium,6,0.363,5832,15,144.2,yes,2023-01-23
P02375,Conveyor,Motor,Polymer,MotionHub,Czech Republic,734.12,12.338,16,41,16,high,5,0.148,8946,5,119.4,yes,2024-12-27
P02376,Press,Gear,Ceramic,FlowCore,Poland,71.95,1.818,8,20,14,medium,8,0.189,5570,6,124.4,yes,2024-03-07
P02377,CNC-Mill,Cable,Brass,Activa Parts,Czech Republic,17.41,0.593,8,11,9,medium,5,0.4,8389,22,98.6,yes,2024-12-19
P02378,Conveyor,Pump,Composite,FlowCore,Finland,438.72,9.27,10,23,14,high,3,0.136,9927,4,111.9,yes,2024-05-21
P02379,Lathe,Bearing,Brass,MotionHub,Sweden,149.25,0.755,21,15,20,medium,3,0.831,6211,12,133.5,yes,2023-04-02
P02380,Conveyor,Gear,Aluminum,EuroMech,Italy,404.91,3.102,30,0,24,critical,3,0.144,8246,5,106.1,yes,2024-08-05
P02381,Packaging,Gear,Aluminum,FlowCore,Czech Republic,220.41,1.463,13,30,30,medium,4,0.398,7764,8,112.2,yes,2024-04-20
P02382,Packaging,Sensor,Brass,FlowCore,Czech Republic,150.52,0.384,26,33,37,low,8,0.174,7637,8,73.0,yes,2024-12-21
P02383,Assembly,Seal,Steel,PreciseTech,Sweden,17.62,0.05,14,2,25,low,5,0.665,3269,2,94.9,yes,2025-02-01
P02384,Press,Filter,Ceramic,FlowCore,Finland,25.19,0.362,12,39,9,low,4,0.14,6864,14,97.7,yes,2024-03-04
P02385,Assembly,Sensor,Composite,Activa Parts,Poland,99.22,0.202,18,36,24,critical,5,0.132,6530,9,82.8,yes,2024-03-15
P02386,Conveyor,Seal,Steel,FlowCore,Italy,15.75,0.035,23,44,14,high,7,0.502,2775,6,96.9,no,2024-09-04
P02387,Packaging,Sensor,Aluminum,EuroMech,Finland,95.17,0.33,31,15,24,critical,6,0.294,7862,8,69.7,yes,2024-06-13
P02388,Press,Bearing,Polymer,EuroMech,Czech Republic,116.98,1.036,5,27,20,medium,7,0.372,4570,7,146.2,no,2023-10-14
P02389,CNC-Mill,Filter,Ceramic,MotionHub,Poland,31.95,0.211,11,36,9,medium,3,0.465,7307,11,123.3,yes,2023-02-11
P02390,Press,Gear,Ceramic,Activa Parts,Poland,331.75,1.682,23,35,29,high,6,0.22,6112,3,144.5,no,2023-10-27
P02391,Conveyor,Valve,Aluminum,PreciseTech,Netherlands,133.87,2.096,27,26,26,medium,8,0.371,6305,6,128.1,yes,2024-03-03
P02392,Press,Sensor,Aluminum,SensorWorks,Germany,89.97,0.263,12,0,20,low,6,0.366,6703,9,97.4,no,2025-02-06
P02393,Assembly,Belt,Brass,SensorWorks,Finland,26.27,0.549,15,41,21,medium,9,0.525,4409,4,111.7,yes,2025-01-15
P02394,CNC-Mill,Belt,Polymer,Activa Parts,Poland,47.84,0.554,19,20,24,critical,10,0.436,3636,5,116.0,yes,2024-01-10
P02395,Assembly,Belt,Brass,SensorWorks,Poland,77.52,0.189,13,26,4,low,10,0.694,2909,4,100.0,no,2023-01-24
P02396,Press,Bearing,Composite,EuroMech,Finland,93.9,0.682,16,45,25,high,7,0.19,5143,11,135.6,no,2023-12-09
P02397,Conveyor,Belt,Polymer,FlowCore,Germany,125.51,0.331,23,22,28,medium,10,0.244,3010,5,98.1,yes,2024-05-29
P02398,CNC-Mill,Bearing,Polymer,EuroMech,Finland,89.16,0.858,20,23,23,medium,7,0.553,5934,13,149.4,yes,2024-11-26
P02399,Packaging,Sensor,Brass,EuroMech,Italy,187.27,0.169,16,15,23,medium,5,0.292,7502,9,78.5,no,2024-08-09
P02400,CNC-Mill,Gear,Ceramic,PreciseTech,Germany,241.41,1.531,11,12,12,medium,4,0.294,7665,7,156.8,yes,2023-01-01
P02401,Conveyor,Bearing,Stainless Steel,PreciseTech,Sweden,34.41,0.452,4,24,13,medium,3,0.482,2686,13,142.3,yes,2023-07-30
P02402,Lathe,Belt,Ceramic,PreciseTech,Sweden,25.93,0.292,11,8,11,medium,4,0.494,1725,5,153.1,yes,2024-09-11
P02403,Assembly,Pump,Ceramic,MotionHub,Italy,309.98,8.637,15,5,33,low,7,0.092,8292,8,112.2,no,2025-01-01
P02404,Press,Belt,Stainless Steel,Activa Parts,Netherlands,25.42,0.408,16,11,19,high,9,0.343,3743,6,97.8,yes,2024-09-19
P02405,Lathe,Pump,Aluminum,Nordic Motion,Italy,135.32,6.257,17,32,27,medium,6,0.991,8460,4,92.8,yes,2024-01-16
P02406,CNC-Mill,Cable,Aluminum,Activa Parts,Sweden,32.98,1.213,5,21,6,low,5,0.11,8873,19,112.0,yes,2024-10-30
P02407,Conveyor,Sensor,Steel,MotionHub,Italy,65.4,0.141,12,41,18,low,4,0.222,6119,5,74.2,yes,2024-11-10
P02408,Press,Bearing,Ceramic,PreciseTech,Sweden,85.62,0.56,25,23,26,critical,7,0.401,6039,10,145.9,yes,2023-10-24
P02409,Assembly,Belt,Stainless Steel,EuroMech,Italy,40.3,0.56,12,50,15,medium,10,0.365,3317,9,134.4,yes,2023-05-18
P02410,CNC-Mill,Gear,Polymer,FlowCore,Poland,69.01,1.841,17,33,21,critical,7,0.321,8603,7,94.9,no,2024-05-09
P02411,Assembly,Valve,Brass,PreciseTech,Finland,142.78,2.071,20,30,13,low,8,0.37,6655,11,121.7,yes,2024-07-18
P02412,Press,Cable,Steel,MotionHub,Germany,20.26,0.933,9,49,11,medium,7,0.083,8184,18,108.3,yes,2023-01-16
P02413,Packaging,Motor,Aluminum,PreciseTech,Finland,278.16,11.291,17,3,22,high,5,0.126,8488,6,99.9,no,2024-09-21
P02414,Lathe,Valve,Stainless Steel,Nordic Motion,Finland,76.0,1.164,12,22,9,high,3,0.151,12281,8,136.7,yes,2023-08-26
P02415,Packaging,Sensor,Composite,MotionHub,Netherlands,101.86,0.091,22,7,24,critical,6,0.11,5015,10,94.6,yes,2024-12-16
P02416,CNC-Mill,Pump,Polymer,SensorWorks,Sweden,895.22,12.191,22,21,30,low,4,0.198,6617,6,111.4,yes,2024-09-10
P02417,CNC-Mill,Tooling,Composite,Activa Parts,Poland,113.44,2.103,11,26,17,high,7,0.399,2048,3,93.2,yes,2024-10-11
P02418,CNC-Mill,Filter,Composite,Activa Parts,Poland,17.28,0.541,16,23,9,critical,7,0.069,8209,15,96.2,yes,2023-11-24
P02419,Conveyor,Motor,Stainless Steel,SensorWorks,Sweden,726.92,13.333,19,14,15,low,7,0.26,17590,9,100.1,no,2023-04-13
P02420,Packaging,Seal,Stainless Steel,Activa Parts,Poland,25.81,0.033,10,15,16,medium,9,0.59,2481,12,127.3,yes,2024-01-05
P02421,Lathe,Pump,Polymer,SensorWorks,Italy,531.76,9.877,8,17,22,medium,5,0.122,7751,7,114.8,yes,2024-03-13
P02422,CNC-Mill,Filter,Stainless Steel,MotionHub,Netherlands,29.39,0.488,9,56,28,medium,9,0.283,6879,14,101.7,yes,2024-08-17
P02423,Press,Valve,Steel,EuroMech,Italy,352.25,1.462,17,18,25,medium,2,0.133,10577,9,129.7,yes,2025-02-03
P02424,Press,Bearing,Polymer,PreciseTech,Czech Republic,90.6,0.807,20,26,23,medium,9,0.386,4810,17,144.2,yes,2025-02-09
P02425,CNC-Mill,Controller,Brass,MotionHub,Poland,1127.13,0.879,15,40,22,medium,4,0.164,12316,7,75.0,yes,2024-01-29
P02426,Lathe,Bearing,Polymer,PreciseTech,Czech Republic,86.62,0.989,15,18,20,medium,4,0.364,5033,13,133.2,yes,2023-06-04
P02427,Press,Filter,Polymer,MotionHub,Italy,20.75,0.311,17,1,29,high,2,0.161,10959,11,73.5,no,2024-09-09
P02428,Conveyor,Belt,Ceramic,PreciseTech,Sweden,43.69,0.482,12,17,18,medium,8,0.444,3815,9,129.1,yes,2024-05-03
P02429,CNC-Mill,Sensor,Stainless Steel,PreciseTech,Poland,127.92,0.584,11,18,30,medium,8,0.172,7094,12,85.6,yes,2024-05-07
P02430,Assembly,Sensor,Steel,Nordic Motion,Germany,229.62,0.302,20,31,20,low,3,0.35,6776,9,71.3,yes,2023-02-01
P02431,Lathe,Bearing,Stainless Steel,SensorWorks,Italy,130.96,0.954,13,46,4,low,5,0.123,4216,14,123.5,yes,2023-04-17
P02432,Packaging,Bearing,Composite,MotionHub,Italy,109.15,1.142,19,25,19,low,5,0.484,5231,9,163.1,yes,2023-05-22
P02433,Press,Tooling,Steel,SensorWorks,Finland,113.89,2.407,12,49,15,high,8,0.553,2695,6,107.7,yes,2024-06-28
P02434,CNC-Mill,Seal,Brass,EuroMech,Poland,14.28,0.057,8,30,6,high,10,0.725,2604,8,129.7,yes,2023-01-02
P02435,Assembly,Bearing,Composite,FlowCore,Finland,89.74,0.863,14,31,12,low,6,0.442,5914,13,142.3,no,2025-02-03
P02436,Conveyor,Gear,Steel,SensorWorks,Germany,149.08,1.568,11,49,18,medium,3,0.204,7745,5,96.5,yes,2023-01-10
P02437,Conveyor,Sensor,Aluminum,PreciseTech,Finland,133.9,0.165,17,35,18,medium,6,0.144,6751,9,61.3,yes,2023-07-07
P02438,Packaging,Sensor,Stainless Steel,SensorWorks,Czech Republic,189.94,0.242,7,36,7,high,5,0.278,7600,4,80.4,yes,2024-06-12
P02439,Press,Motor,Stainless Steel,FlowCore,Sweden,429.05,15.02,12,23,16,medium,6,0.392,12374,9,102.9,yes,2023-07-14
P02440,Lathe,Gear,Brass,SensorWorks,Czech Republic,324.28,2.326,25,26,10,low,3,0.354,7034,7,96.0,yes,2025-01-03
P02441,Lathe,Cable,Polymer,FlowCore,Netherlands,15.64,1.059,26,37,32,medium,4,0.17,7252,19,100.0,no,2023-03-03
P02442,Lathe,Belt,Ceramic,PreciseTech,Germany,17.3,0.289,11,46,24,medium,6,0.462,1602,10,140.8,no,2023-02-22
P02443,Assembly,Motor,Polymer,EuroMech,Germany,802.87,13.194,16,23,14,low,4,0.3,17247,2,109.3,no,2025-01-06
P02444,Packaging,Filter,Stainless Steel,EuroMech,Czech Republic,18.75,0.355,18,26,35,critical,3,0.078,4382,13,113.7,yes,2025-02-10
P02445,Press,Cable,Brass,FlowCore,Poland,14.83,0.405,9,14,1,low,7,0.307,8497,13,119.1,yes,2024-08-18
P02446,Conveyor,Filter,Polymer,MotionHub,Poland,24.67,0.24,15,44,28,low,4,0.299,7681,13,86.4,yes,2024-04-29
P02447,CNC-Mill,Gear,Stainless Steel,SensorWorks,Sweden,74.56,1.977,9,27,8,high,5,0.077,7227,3,122.9,yes,2025-03-09
P02448,CNC-Mill,Controller,Ceramic,Nordic Motion,Finland,767.36,1.272,11,0,21,high,6,0.178,11912,3,74.9,no,2023-04-02
P02449,Lathe,Filter,Ceramic,PreciseTech,Sweden,25.15,0.197,27,19,23,critical,1,0.169,7943,12,104.3,yes,2023-10-03
P02450,Lathe,Tooling,Aluminum,MotionHub,Poland,161.77,1.293,23,32,21,critical,6,0.833,2615,8,102.8,yes,2023-11-30
P02451,Packaging,Bearing,Steel,Nordic Motion,Finland,73.5,1.668,20,19,32,low,9,0.258,5143,11,121.2,yes,2023-03-10
P02452,Lathe,Bearing,Polymer,SensorWorks,Poland,72.03,0.876,11,30,10,high,6,0.199,4945,13,119.4,yes,2024-08-04
P02453,Press,Motor,Stainless Steel,Activa Parts,Poland,632.71,13.713,11,20,26,low,1,0.402,11089,6,125.6,no,2024-12-27
P02454,CNC-Mill,Gear,Brass,FlowCore,Czech Republic,195.04,1.68,22,41,26,low,4,0.109,7581,5,90.5,yes,2024-09-17
P02455,Lathe,Belt,Brass,MotionHub,Finland,48.42,0.394,14,20,13,medium,10,0.714,2772,3,107.3,yes,2023-08-02
P02456,CNC-Mill,Bearing,Polymer,EuroMech,Poland,38.13,0.808,11,62,17,high,6,0.17,4828,9,136.2,yes,2023-12-18
P02457,Conveyor,Valve,Steel,FlowCore,Sweden,107.76,3.287,10,26,6,low,4,0.106,10604,5,143.2,yes,2024-01-26
P02458,Press,Valve,Aluminum,Activa Parts,Netherlands,202.84,3.221,17,26,14,low,4,0.142,11674,10,142.8,yes,2025-01-21
P02459,CNC-Mill,Motor,Stainless Steel,Nordic Motion,Finland,1047.58,15.902,19,40,18,medium,7,0.119,14565,4,111.4,yes,2023-03-13
P02460,Press,Valve,Steel,SensorWorks,Netherlands,319.87,1.931,17,25,25,high,2,0.13,8395,6,122.7,yes,2023-10-16
P02461,Assembly,Sensor,Steel,MotionHub,Finland,106.48,0.317,15,44,12,medium,4,0.191,4888,7,80.8,yes,2024-05-30
P02462,Conveyor,Pump,Steel,FlowCore,Finland,165.14,6.771,14,3,15,low,3,0.296,9302,1,127.8,yes,2024-09-11
P02463,Lathe,Sensor,Brass,Activa Parts,Italy,142.96,0.194,14,22,21,medium,6,0.475,6606,11,58.6,yes,2023-05-27
P02464,CNC-Mill,Pump,Aluminum,Nordic Motion,Netherlands,460.4,12.537,9,32,18,high,2,0.183,10036,3,120.3,yes,2024-08-08
P02465,Lathe,Cable,Steel,FlowCore,Netherlands,19.76,0.681,23,7,17,medium,8,0.245,5160,15,78.6,no,2024-05-18
P02466,CNC-Mill,Valve,Polymer,PreciseTech,Italy,307.05,1.48,27,23,34,critical,3,0.216,12441,10,135.1,no,2025-03-11
P02467,CNC-Mill,Pump,Brass,PreciseTech,Sweden,349.61,14.895,18,50,16,low,3,0.287,10777,3,115.8,yes,2023-09-03
P02468,Conveyor,Bearing,Brass,MotionHub,Sweden,69.37,0.685,9,13,16,high,7,0.533,5411,13,123.7,no,2024-04-14
P02469,Lathe,Gear,Polymer,SensorWorks,Finland,357.38,2.715,17,2,21,low,5,0.325,7156,6,99.4,yes,2024-01-30
P02470,CNC-Mill,Bearing,Ceramic,MotionHub,Sweden,107.85,1.053,4,21,5,medium,5,0.222,5673,11,161.8,yes,2024-11-24
P02471,Press,Belt,Stainless Steel,PreciseTech,Poland,33.53,0.36,29,0,32,critical,5,0.719,4279,8,134.2,yes,2023-12-02
P02472,Packaging,Sensor,Composite,PreciseTech,Netherlands,215.14,0.281,24,11,22,medium,6,0.312,6553,9,80.7,yes,2023-01-12
P02473,CNC-Mill,Pump,Stainless Steel,FlowCore,Czech Republic,175.84,11.259,8,44,19,low,2,0.229,8234,3,115.1,yes,2024-06-05
P02474,Lathe,Belt,Brass,FlowCore,Italy,23.6,0.506,15,26,25,low,5,0.69,3069,7,100.1,yes,2024-11-06
P02475,Conveyor,Valve,Stainless Steel,SensorWorks,Netherlands,170.27,1.58,19,0,27,high,1,0.13,10138,4,149.1,yes,2024-11-17
P02476,CNC-Mill,Bearing,Steel,EuroMech,Netherlands,69.26,0.789,17,50,14,high,7,0.608,4175,12,152.0,yes,2024-10-18
P02477,Conveyor,Valve,Stainless Steel,SensorWorks,Germany,289.01,2.092,18,16,20,medium,8,0.172,8010,6,125.4,yes,2023-08-19
P02478,Lathe,Bearing,Ceramic,PreciseTech,Netherlands,69.24,0.382,14,27,15,low,4,0.617,6013,13,182.4,yes,2023-08-22
P02479,Lathe,Bearing,Brass,Activa Parts,Czech Republic,134.2,0.985,15,22,3,high,5,0.352,4816,15,141.9,no,2023-07-07
P02480,CNC-Mill,Pump,Aluminum,MotionHub,Italy,482.15,10.945,12,22,18,low,6,0.162,8195,7,97.1,yes,2024-11-28
P02481,Assembly,Bearing,Stainless Steel,PreciseTech,Germany,100.25,1.571,13,31,18,medium,5,0.353,4478,15,123.7,yes,2024-11-06
P02482,Conveyor,Seal,Stainless Steel,FlowCore,Poland,17.96,0.021,17,9,22,medium,8,0.415,1770,11,101.3,no,2023-11-10
P02483,Packaging,Sensor,Steel,MotionHub,Germany,132.43,0.14,18,35,16,high,5,0.33,4473,9,81.9,yes,2023-12-16
P02484,Conveyor,Motor,Aluminum,MotionHub,Netherlands,814.27,16.218,15,28,10,medium,7,0.093,10894,3,106.2,yes,2023-10-17
P02485,Conveyor,Belt,Aluminum,Activa Parts,Germany,22.35,0.177,6,30,18,low,6,0.297,3400,8,132.5,yes,2024-05-02
P02486,Packaging,Sensor,Stainless Steel,FlowCore,Finland,198.05,0.381,25,7,32,medium,7,0.263,8451,10,56.9,yes,2023-09-22
P02487,Packaging,Belt,Polymer,MotionHub,Germany,34.58,0.199,11,10,17,low,7,0.436,2857,9,105.2,yes,2024-10-27
P02488,Lathe,Filter,Ceramic,SensorWorks,Netherlands,27.56,0.271,15,50,17,medium,5,0.312,9745,12,129.0,no,2024-04-23
P02489,Conveyor,Gear,Polymer,SensorWorks,Netherlands,103.88,2.385,28,8,14,critical,6,0.19,10202,1,117.9,yes,2023-07-21
P02490,Press,Filter,Aluminum,PreciseTech,Poland,9.97,0.554,6,53,24,medium,6,0.343,10287,13,103.9,yes,2023-12-23
P02491,Assembly,Tooling,Aluminum,FlowCore,Netherlands,181.7,3.207,21,9,25,high,7,0.242,2558,6,114.4,yes,2023-02-09
P02492,Assembly,Motor,Ceramic,Nordic Motion,Sweden,398.07,13.341,13,43,15,high,6,0.117,9529,1,102.2,no,2024-03-11
P02493,Press,Sensor,Stainless Steel,SensorWorks,Germany,111.1,0.35,7,35,20,low,6,0.242,7419,3,67.0,yes,2023-06-21
P02494,CNC-Mill,Seal,Composite,FlowCore,Czech Republic,17.14,0.031,11,28,15,high,8,0.554,1940,4,115.6,no,2024-03-21
P02495,CNC-Mill,Sensor,Aluminum,FlowCore,Germany,201.95,0.17,9,23,8,high,4,0.315,6066,8,86.3,yes,2023-10-13
P02496,Assembly,Filter,Steel,EuroMech,Sweden,28.69,0.298,21,29,30,high,8,0.151,8699,16,86.5,no,2024-02-18
P02497,Assembly,Belt,Ceramic,SensorWorks,Poland,41.71,0.293,10,14,21,medium,7,0.252,2265,4,122.1,yes,2025-01-08
P02498,Packaging,Controller,Stainless Steel,Nordic Motion,Netherlands,898.16,1.195,14,19,12,medium,2,0.162,19547,6,61.4,yes,2024-01-25
P02499,Assembly,Motor,Ceramic,PreciseTech,Italy,465.03,17.979,19,45,24,low,6,0.245,11375,6,130.3,yes,2023-12-10
P02500,Conveyor,Valve,Composite,FlowCore,Germany,233.3,1.492,11,36,16,medium,4,0.121,8349,10,104.2,yes,2023-04-22
P02501,Conveyor,Pump,Stainless Steel,FlowCore,Finland,544.4,10.273,23,41,21,high,7,0.584,9369,14,124.5,yes,2025-02-03
P02502,Assembly,Cable,Steel,MotionHub,Netherlands,37.47,0.783,17,25,13,medium,4,0.186,7440,22,98.2,yes,2024-04-16
P02503,Packaging,Filter,Steel,SensorWorks,Czech Republic,52.03,0.25,11,35,27,medium,8,0.151,9479,9,109.1,yes,2023-06-26
P02504,Press,Bearing,Ceramic,Nordic Motion,Italy,67.62,0.773,9,34,15,low,7,0.844,4257,10,148.2,yes,2023-03-14
P02505,Lathe,Seal,Steel,FlowCore,Netherlands,11.29,0.055,10,36,19,medium,7,0.842,2641,9,116.3,yes,2023-06-06
P02506,Lathe,Cable,Ceramic,MotionHub,Netherlands,26.24,0.946,17,18,18,medium,4,0.183,9296,18,145.7,yes,2024-05-21
P02507,Lathe,Seal,Brass,Activa Parts,Italy,20.73,0.027,19,35,21,low,8,0.899,2412,6,103.1,yes,2023-03-09
P02508,CNC-Mill,Filter,Brass,EuroMech,Czech Republic,22.39,0.395,18,26,23,high,6,0.245,8448,15,95.5,yes,2024-08-23
P02509,Packaging,Bearing,Polymer,Activa Parts,Czech Republic,90.04,0.968,8,33,5,medium,8,0.139,4783,13,134.8,yes,2023-08-07
P02510,Conveyor,Cable,Stainless Steel,EuroMech,Finland,36.76,0.586,28,30,17,critical,5,0.084,6502,20,116.1,yes,2024-10-18
P02511,Assembly,Sensor,Polymer,EuroMech,Sweden,220.55,0.271,17,19,16,medium,4,0.308,6217,10,72.4,yes,2024-02-25
P02512,CNC-Mill,Sensor,Ceramic,SensorWorks,Sweden,105.17,0.225,10,13,7,low,5,0.252,7180,4,112.3,yes,2023-08-20
P02513,Conveyor,Filter,Aluminum,EuroMech,Finland,25.99,0.29,26,22,26,medium,6,0.145,7811,14,92.5,yes,2024-06-22
P02514,Packaging,Pump,Brass,SensorWorks,Italy,490.35,6.789,15,46,13,medium,6,0.17,9670,2,134.2,yes,2023-06-24
P02515,Conveyor,Gear,Ceramic,Activa Parts,Sweden,155.36,1.694,18,10,15,low,7,0.178,9675,12,132.9,no,2024-06-04
P02516,CNC-Mill,Pump,Composite,Nordic Motion,Germany,641.27,6.463,9,18,22,high,5,0.198,8784,6,135.4,yes,2025-02-26
P02517,Conveyor,Cable,Aluminum,SensorWorks,Poland,17.98,0.534,15,4,11,medium,4,0.403,6845,16,123.0,yes,2024-11-10
P02518,Assembly,Seal,Steel,FlowCore,Finland,24.45,0.047,9,31,15,high,8,0.165,1526,7,124.4,yes,2023-08-13
P02519,Packaging,Gear,Steel,EuroMech,Poland,210.12,1.358,14,14,12,low,5,0.141,6553,1,108.1,yes,2024-05-30
P02520,Press,Belt,Aluminum,MotionHub,Germany,52.09,0.395,9,27,8,high,10,0.651,3267,2,99.3,yes,2025-02-16
P02521,Conveyor,Controller,Aluminum,EuroMech,Poland,1261.94,1.488,16,45,10,medium,7,0.108,12098,3,66.4,yes,2023-06-05
P02522,Packaging,Seal,Stainless Steel,PreciseTech,Sweden,10.8,0.037,15,23,18,low,8,0.528,2433,9,122.8,yes,2024-08-19
P02523,Assembly,Filter,Steel,FlowCore,Poland,27.04,0.416,10,32,17,low,6,0.129,9726,19,79.4,yes,2024-12-03
P02524,Conveyor,Bearing,Ceramic,FlowCore,Germany,62.57,0.879,12,19,16,medium,6,0.422,5260,9,183.7,yes,2023-03-16
P02525,Press,Sensor,Ceramic,Nordic Motion,Netherlands,92.99,0.136,16,40,15,medium,3,0.254,8162,8,114.7,yes,2023-03-26
P02526,Press,Bearing,Composite,EuroMech,Netherlands,47.55,1.364,24,15,22,medium,10,0.343,3874,7,131.5,no,2024-10-03
P02527,Packaging,Motor,Stainless Steel,Nordic Motion,Poland,837.57,8.358,14,18,17,medium,4,0.138,11627,4,125.4,yes,2024-06-04
P02528,Packaging,Bearing,Brass,FlowCore,Sweden,201.59,0.805,14,43,19,low,6,0.453,5792,11,142.8,yes,2023-04-12
P02529,Lathe,Belt,Aluminum,Nordic Motion,Poland,53.88,0.269,16,36,24,medium,5,0.286,2826,7,104.8,no,2023-05-18
P02530,CNC-Mill,Sensor,Steel,FlowCore,Italy,262.36,0.339,30,15,25,critical,4,0.227,7079,12,96.0,yes,2023-02-23
P02531,CNC-Mill,Sensor,Steel,SensorWorks,Sweden,136.56,0.187,11,33,25,medium,7,0.272,8449,9,90.1,yes,2023-12-13
P02532,Conveyor,Pump,Stainless Steel,Nordic Motion,Netherlands,369.36,9.538,12,40,15,low,5,0.225,4449,4,112.6,yes,2025-01-04
P02533,Assembly,Seal,Aluminum,Activa Parts,Italy,21.7,0.044,13,25,12,medium,7,0.403,2383,7,137.7,no,2024-04-26
P02534,CNC-Mill,Bearing,Steel,EuroMech,Czech Republic,139.62,1.111,16,4,16,low,6,0.59,5618,4,129.3,yes,2023-07-11
P02535,Assembly,Tooling,Stainless Steel,FlowCore,Italy,216.59,1.459,17,15,21,low,9,0.539,2346,7,105.6,no,2023-08-05
P02536,Packaging,Filter,Brass,PreciseTech,Finland,43.25,0.224,8,20,16,low,4,0.086,7162,14,92.7,no,2024-10-03
P02537,CNC-Mill,Bearing,Composite,Activa Parts,Finland,85.1,1.09,9,49,24,medium,7,0.345,4507,12,143.4,yes,2025-03-02
P02538,Conveyor,Sensor,Ceramic,FlowCore,Netherlands,106.18,0.233,13,34,9,medium,5,0.098,7597,9,84.6,yes,2023-01-23
P02539,Assembly,Valve,Steel,EuroMech,Netherlands,236.62,1.479,23,17,22,high,3,0.17,16055,1,128.5,yes,2025-03-19
P02540,CNC-Mill,Seal,Composite,PreciseTech,Czech Republic,13.69,0.066,21,0,27,critical,9,0.762,1400,4,124.8,yes,2025-01-15
P02541,Press,Valve,Polymer,Activa Parts,Finland,121.09,1.872,24,14,17,critical,6,0.091,10039,4,129.6,yes,2024-07-06
P02542,Assembly,Motor,Ceramic,SensorWorks,Sweden,658.07,12.331,16,0,25,high,5,0.164,15060,8,134.3,no,2023-02-09
P02543,CNC-Mill,Sensor,Composite,SensorWorks,Czech Republic,87.42,0.275,11,43,16,medium,5,0.177,5607,11,90.6,yes,2025-01-07
P02544,Packaging,Sensor,Ceramic,SensorWorks,Poland,51.28,0.248,14,32,10,critical,3,0.201,6246,15,103.7,yes,2024-12-23
P02545,CNC-Mill,Cable,Ceramic,Nordic Motion,Poland,10.03,0.615,8,45,7,high,4,0.074,9287,20,139.7,yes,2024-01-05
P02546,Press,Bearing,Stainless Steel,Nordic Motion,Germany,48.53,0.983,15,15,17,medium,8,0.429,5097,11,149.3,yes,2024-05-26
P02547,Lathe,Pump,Polymer,PreciseTech,Finland,212.61,10.09,26,49,19,medium,6,0.19,7163,8,98.6,yes,2023-01-30
P02548,Conveyor,Cable,Steel,PreciseTech,Sweden,28.75,0.731,13,20,12,medium,6,0.335,6288,20,119.2,yes,2024-08-31
P02549,Press,Sensor,Polymer,PreciseTech,Poland,154.49,0.314,17,12,29,medium,3,0.211,5529,11,89.5,yes,2023-05-25
P02550,Assembly,Seal,Stainless Steel,FlowCore,Italy,5.99,0.054,12,33,18,medium,6,0.643,1780,7,127.7,yes,2023-10-10
P02551,Lathe,Bearing,Stainless Steel,Activa Parts,Italy,117.07,0.855,13,25,22,high,4,0.75,6600,14,113.7,no,2023-09-19
P02552,Assembly,Gear,Ceramic,Nordic Motion,Italy,45.88,1.271,9,44,28,medium,6,0.085,7957,11,118.5,yes,2024-05-26
P02553,Lathe,Controller,Steel,Activa Parts,Netherlands,725.85,1.217,12,20,15,high,5,0.172,10363,2,56.3,yes,2024-01-06
P02554,Packaging,Gear,Polymer,FlowCore,Czech Republic,201.79,2.504,16,35,14,medium,2,0.245,7584,1,120.0,no,2024-08-27
P02555,Conveyor,Pump,Brass,PreciseTech,Italy,315.29,5.987,9,31,10,low,5,0.168,12375,7,118.8,no,2023-06-09
P02556,CNC-Mill,Cable,Stainless Steel,MotionHub,Germany,30.86,0.691,14,23,12,medium,3,0.161,9159,16,112.1,yes,2023-08-18
P02557,Packaging,Belt,Aluminum,SensorWorks,Finland,93.48,0.295,12,12,4,medium,8,0.903,3703,8,103.7,yes,2023-02-27
P02558,Press,Motor,Composite,PreciseTech,Poland,405.67,9.085,14,3,6,high,5,0.129,7941,6,91.2,yes,2024-12-07
P02559,Assembly,Bearing,Stainless Steel,PreciseTech,Czech Republic,126.8,0.886,15,26,9,low,5,0.39,4800,7,148.9,yes,2024-05-13
P02560,Packaging,Cable,Polymer,Nordic Motion,Sweden,33.2,0.958,15,34,12,medium,6,0.134,7943,19,116.8,yes,2023-11-17
P02561,Conveyor,Gear,Aluminum,Activa Parts,Sweden,153.84,1.648,14,23,22,high,1,0.35,6894,12,112.9,yes,2023-05-04
P02562,Lathe,Bearing,Polymer,FlowCore,Finland,161.15,1.454,20,34,16,high,8,0.32,4477,9,140.8,yes,2023-09-22
P02563,Packaging,Pump,Steel,FlowCore,Finland,1099.77,11.249,6,14,11,high,4,0.291,9474,10,110.8,yes,2023-01-16
P02564,Assembly,Valve,Ceramic,MotionHub,Poland,164.71,1.355,13,25,14,medium,5,0.081,11444,10,165.1,yes,2024-07-08
P02565,Assembly,Tooling,Stainless Steel,Nordic Motion,Germany,145.26,2.944,18,34,21,medium,8,0.458,3101,7,102.2,yes,2025-01-12
P02566,Packaging,Cable,Steel,MotionHub,Czech Republic,35.96,0.848,17,31,26,low,5,0.36,8918,23,112.1,no,2024-02-01
P02567,Press,Sensor,Polymer,Nordic Motion,Finland,191.25,0.373,15,30,19,high,6,0.17,6278,11,100.3,yes,2024-09-26
P02568,CNC-Mill,Pump,Ceramic,Nordic Motion,Italy,494.03,6.37,17,22,24,medium,5,0.189,7379,8,137.9,no,2025-01-10
P02569,Conveyor,Seal,Steel,EuroMech,Netherlands,23.51,0.052,9,35,9,high,7,0.273,2207,7,131.6,yes,2023-12-17
P02570,Assembly,Motor,Brass,Nordic Motion,Netherlands,834.43,16.771,12,23,20,low,4,0.072,13143,1,99.7,no,2024-05-02
P02571,Press,Gear,Polymer,EuroMech,Finland,102.19,1.772,15,41,19,medium,9,0.086,7583,3,96.3,yes,2024-06-20
P02572,CNC-Mill,Cable,Brass,Activa Parts,Finland,11.14,0.501,6,10,2,low,3,0.174,9376,21,118.6,yes,2024-09-03
P02573,Conveyor,Sensor,Polymer,FlowCore,Poland,194.84,0.218,25,27,31,low,8,0.275,4026,8,70.7,no,2025-03-17
P02574,CNC-Mill,Controller,Steel,Activa Parts,Germany,719.26,0.935,13,35,24,low,5,0.099,15272,2,79.6,yes,2023-09-03
P02575,CNC-Mill,Seal,Polymer,SensorWorks,Czech Republic,13.92,0.071,14,19,29,high,9,0.479,2463,8,118.9,yes,2023-01-31
P02576,Packaging,Seal,Composite,PreciseTech,Germany,49.19,0.043,21,7,18,high,10,0.924,2574,5,110.8,yes,2024-08-14
P02577,Conveyor,Seal,Stainless Steel,PreciseTech,Netherlands,28.54,0.102,14,25,23,medium,9,0.748,3025,5,136.7,yes,2023-06-29
P02578,CNC-Mill,Cable,Stainless Steel,Activa Parts,Czech Republic,38.58,0.416,12,42,11,low,5,0.268,6943,20,91.5,no,2024-07-31
P02579,Press,Tooling,Aluminum,FlowCore,Germany,232.52,2.079,17,5,24,low,7,0.757,1480,4,96.1,yes,2025-03-04
P02580,Packaging,Valve,Brass,EuroMech,Netherlands,107.43,1.968,12,28,15,low,5,0.414,7047,5,121.8,yes,2024-10-14
P02581,Lathe,Motor,Composite,FlowCore,Germany,1120.22,13.258,23,32,28,high,3,0.06,11567,5,115.4,yes,2023-05-14
P02582,Press,Gear,Steel,MotionHub,Poland,158.82,1.459,18,28,7,medium,4,0.119,8689,9,127.9,no,2024-08-08
P02583,Packaging,Valve,Composite,PreciseTech,Sweden,239.08,1.253,19,0,26,low,5,0.248,11881,7,131.4,no,2025-03-19
P02584,CNC-Mill,Seal,Polymer,SensorWorks,Netherlands,11.66,0.046,13,18,20,critical,9,0.245,2307,13,121.5,yes,2025-01-30
P02585,Lathe,Gear,Composite,EuroMech,Poland,178.75,1.479,17,13,30,low,4,0.17,6592,3,112.6,yes,2023-07-21
P02586,Lathe,Pump,Stainless Steel,MotionHub,Finland,383.08,5.94,23,25,14,high,4,0.07,5848,4,123.9,yes,2024-12-01
P02587,Lathe,Sensor,Stainless Steel,SensorWorks,Italy,93.22,0.139,19,5,13,medium,6,0.14,4989,5,105.9,yes,2024-11-26
P02588,Packaging,Sensor,Stainless Steel,FlowCore,Czech Republic,247.85,0.116,36,0,40,critical,5,0.326,5367,12,104.2,no,2024-01-31
P02589,Conveyor,Bearing,Stainless Steel,FlowCore,Netherlands,105.14,1.171,17,18,26,high,4,0.239,4257,13,147.5,yes,2024-07-09
P02590,Lathe,Cable,Steel,PreciseTech,Finland,20.33,0.632,10,29,18,low,6,0.316,7404,17,131.6,no,2025-01-01
P02591,Conveyor,Gear,Steel,FlowCore,Sweden,134.6,1.743,20,37,19,medium,7,0.562,7554,9,104.4,yes,2024-09-09
P02592,CNC-Mill,Sensor,Ceramic,EuroMech,Netherlands,70.69,0.183,22,46,20,low,6,0.211,6767,7,96.9,yes,2023-10-10
P02593,Packaging,Cable,Brass,Nordic Motion,Italy,17.83,0.707,27,19,34,critical,4,0.048,8620,19,101.8,yes,2023-08-16
P02594,Lathe,Gear,Steel,FlowCore,Finland,168.0,2.006,10,17,4,high,5,0.482,8610,9,115.9,yes,2024-10-09
P02595,Lathe,Filter,Brass,Activa Parts,Germany,33.92,0.277,10,28,19,low,9,0.158,7003,12,86.2,yes,2024-05-10
P02596,Packaging,Cable,Polymer,MotionHub,Germany,8.0,0.448,24,14,33,critical,5,0.341,11350,12,109.4,yes,2024-02-05
P02597,Packaging,Controller,Steel,EuroMech,Sweden,514.69,0.958,19,21,16,medium,2,0.218,13912,3,69.2,yes,2023-12-07
P02598,Lathe,Controller,Stainless Steel,Activa Parts,Sweden,684.29,1.158,19,11,24,high,4,0.072,14729,6,71.8,yes,2024-04-20
P02599,Packaging,Sensor,Ceramic,SensorWorks,Czech Republic,89.71,0.335,6,0,10,high,3,0.201,5643,9,105.6,yes,2024-02-03
P02600,Conveyor,Seal,Stainless Steel,PreciseTech,Finland,24.51,0.05,1,29,16,low,8,0.423,2594,8,144.7,no,2025-01-22
P02601,Press,Bearing,Polymer,MotionHub,Netherlands,87.73,0.518,20,16,22,critical,7,0.357,6888,3,132.1,no,2023-03-02
P02602,Packaging,Belt,Composite,SensorWorks,Czech Republic,76.98,0.472,15,15,23,critical,7,0.995,2427,6,116.1,yes,2024-07-28
P02603,Press,Controller,Steel,Activa Parts,Sweden,256.29,1.464,26,12,14,critical,4,0.132,18202,6,67.3,yes,2023-04-29
P02604,Packaging,Seal,Steel,MotionHub,Czech Republic,8.21,0.052,5,31,29,low,6,0.755,1871,6,115.7,yes,2024-10-03
P02605,CNC-Mill,Cable,Steel,Activa Parts,Sweden,21.77,0.638,16,26,16,medium,6,0.13,6965,18,115.6,yes,2024-05-23
P02606,CNC-Mill,Sensor,Composite,EuroMech,Netherlands,148.24,0.303,18,14,23,medium,8,0.708,8955,14,80.2,yes,2024-09-15
P02607,Packaging,Filter,Composite,Activa Parts,Czech Republic,20.96,0.531,19,52,26,medium,4,0.119,7923,12,95.2,yes,2025-03-09
P02608,CNC-Mill,Motor,Brass,Activa Parts,Poland,604.88,9.883,2,42,10,low,4,0.196,14368,3,111.8,yes,2024-05-15
P02609,CNC-Mill,Cable,Composite,PreciseTech,Czech Republic,29.62,0.927,17,36,19,high,1,0.312,9332,16,105.1,no,2023-10-11
P02610,CNC-Mill,Filter,Steel,PreciseTech,Germany,15.83,0.415,16,25,14,high,1,0.175,8543,17,101.8,yes,2024-02-22
P02611,Assembly,Bearing,Steel,Activa Parts,Italy,105.09,0.781,12,25,15,medium,8,0.924,4471,8,137.7,yes,2024-03-11
P02612,Press,Belt,Polymer,PreciseTech,Netherlands,25.06,0.243,15,18,14,high,10,0.273,3144,8,115.8,no,2025-01-01
P02613,CNC-Mill,Gear,Polymer,MotionHub,Sweden,154.23,2.004,17,26,13,critical,6,0.221,10453,6,81.6,no,2023-09-02
P02614,Lathe,Seal,Stainless Steel,Nordic Motion,Italy,21.59,0.037,6,46,7,medium,9,1.479,2131,6,91.2,yes,2023-01-22
P02615,Press,Bearing,Polymer,MotionHub,Germany,75.27,0.607,11,64,18,medium,3,0.283,5151,9,138.2,yes,2023-07-03
P02616,Assembly,Sensor,Stainless Steel,MotionHub,Germany,125.25,0.141,10,21,10,medium,7,0.107,9434,13,81.5,yes,2023-07-24
P02617,Lathe,Gear,Polymer,MotionHub,Finland,134.37,1.699,18,24,32,high,3,0.09,9323,8,98.9,yes,2023-08-24
P02618,Packaging,Valve,Steel,Activa Parts,Finland,211.46,1.808,20,33,24,critical,4,0.117,13417,9,154.6,yes,2023-08-25
P02619,Lathe,Valve,Stainless Steel,PreciseTech,Poland,179.36,2.383,10,6,19,low,4,0.324,9789,7,136.8,yes,2024-01-03
P02620,Conveyor,Belt,Aluminum,Activa Parts,Sweden,40.34,0.344,15,37,16,medium,9,0.303,3209,5,117.5,yes,2024-03-24
P02621,CNC-Mill,Motor,Aluminum,FlowCore,Netherlands,819.07,10.649,19,34,32,medium,3,0.088,12305,3,100.4,yes,2024-11-24
P02622,CNC-Mill,Seal,Polymer,Nordic Motion,Netherlands,12.23,0.047,15,34,17,high,9,0.364,2729,3,141.4,yes,2024-02-09
P02623,CNC-Mill,Bearing,Composite,MotionHub,Italy,134.26,1.352,25,34,27,medium,5,0.304,4924,10,129.5,yes,2024-12-01
P02624,Press,Seal,Polymer,PreciseTech,Czech Republic,20.97,0.089,21,28,29,medium,9,0.978,3398,8,117.5,yes,2024-02-27
P02625,Lathe,Belt,Polymer,Activa Parts,Sweden,30.07,0.464,9,40,15,medium,10,0.264,3476,4,126.8,yes,2024-08-25
P02626,Packaging,Cable,Aluminum,PreciseTech,Czech Republic,21.67,0.682,12,23,15,medium,4,0.216,9749,10,106.3,yes,2023-03-08
P02627,Press,Bearing,Stainless Steel,SensorWorks,Germany,67.11,0.956,11,26,24,medium,4,0.668,4878,14,129.0,yes,2024-08-05
P02628,Press,Sensor,Composite,MotionHub,Italy,119.91,0.268,7,22,26,high,6,0.152,5829,6,105.6,no,2024-11-29
P02629,Packaging,Bearing,Polymer,PreciseTech,Finland,53.99,0.971,14,29,27,medium,7,0.182,3963,11,139.6,no,2023-09-07
P02630,Assembly,Filter,Steel,MotionHub,Sweden,25.24,0.318,10,2,16,low,7,0.219,7547,15,118.6,yes,2023-06-23
P02631,Press,Bearing,Aluminum,PreciseTech,Netherlands,77.54,0.741,16,43,15,low,7,0.24,3936,10,123.8,yes,2024-08-28
P02632,Assembly,Cable,Brass,PreciseTech,Czech Republic,24.02,1.565,9,28,11,medium,9,0.29,9832,21,92.6,yes,2023-08-24
P02633,Assembly,Belt,Steel,Activa Parts,Sweden,34.27,0.341,12,28,9,medium,7,0.78,2253,9,113.4,yes,2023-07-28
P02634,Lathe,Seal,Steel,SensorWorks,Czech Republic,34.21,0.053,15,40,17,medium,10,0.431,3144,7,115.9,yes,2024-01-30
P02635,Press,Bearing,Brass,Nordic Motion,Czech Republic,86.33,0.904,10,28,6,low,8,0.247,4386,6,139.9,yes,2024-12-21
P02636,Packaging,Filter,Steel,Activa Parts,Italy,10.33,0.347,10,35,20,low,2,0.135,5994,9,116.5,yes,2025-02-13
P02637,Assembly,Sensor,Composite,PreciseTech,Italy,133.57,0.269,12,29,12,high,4,0.08,6287,16,82.4,no,2024-08-20
P02638,Packaging,Cable,Composite,FlowCore,Netherlands,18.88,0.699,13,43,14,high,7,0.123,8012,23,97.9,no,2024-03-26
P02639,Conveyor,Tooling,Ceramic,EuroMech,Germany,52.0,2.512,10,32,26,low,6,0.658,3203,5,114.0,yes,2023-12-27
P02640,Lathe,Sensor,Brass,MotionHub,Sweden,141.08,0.26,14,12,16,low,6,0.399,3881,10,75.7,yes,2023-08-23
P02641,Lathe,Cable,Stainless Steel,FlowCore,Sweden,19.0,0.333,19,28,15,low,6,0.14,9345,15,113.0,no,2023-02-07
P02642,Packaging,Belt,Steel,Nordic Motion,Sweden,56.14,0.292,8,27,15,high,7,0.258,3653,8,113.8,yes,2024-06-06
P02643,Press,Bearing,Composite,MotionHub,Sweden,109.51,0.789,17,48,18,low,5,0.098,7802,13,128.5,yes,2023-10-09
P02644,Assembly,Filter,Steel,Activa Parts,Finland,57.62,0.372,17,10,9,low,5,0.417,9770,15,104.5,yes,2023-11-30
P02645,Lathe,Seal,Aluminum,EuroMech,Finland,17.74,0.052,12,16,19,medium,6,0.421,2235,2,125.5,yes,2025-03-23
P02646,Conveyor,Sensor,Steel,EuroMech,Sweden,69.58,0.194,6,60,9,medium,7,0.712,5199,5,69.7,yes,2024-05-13
P02647,Lathe,Bearing,Brass,PreciseTech,Czech Republic,217.59,0.395,21,0,20,medium,5,0.282,5464,11,138.9,yes,2023-08-25
P02648,Assembly,Gear,Polymer,Nordic Motion,Germany,155.04,1.338,11,15,21,high,5,0.297,8189,1,89.1,yes,2024-06-09
P02649,CNC-Mill,Valve,Polymer,PreciseTech,Sweden,312.86,1.149,16,37,42,medium,4,0.272,9164,2,132.9,yes,2024-06-23
P02650,Conveyor,Controller,Brass,Nordic Motion,Germany,784.76,1.306,13,38,20,medium,7,0.078,12470,3,60.5,yes,2023-01-06
P02651,Lathe,Seal,Brass,MotionHub,Czech Republic,22.82,0.046,21,46,27,medium,5,1.048,2376,7,90.5,yes,2024-08-02
P02652,Packaging,Sensor,Ceramic,MotionHub,Italy,98.74,0.171,10,16,24,medium,4,0.07,8060,5,127.1,yes,2023-10-23
P02653,Assembly,Pump,Steel,Nordic Motion,Netherlands,580.12,6.806,5,28,9,medium,9,0.374,8791,9,114.9,yes,2024-11-09
P02654,Assembly,Seal,Composite,Nordic Motion,Italy,34.26,0.06,25,26,33,critical,7,0.788,1867,11,128.4,no,2023-11-12
P02655,Press,Cable,Ceramic,EuroMech,Czech Republic,32.74,1.056,16,10,23,high,4,0.301,9017,19,136.2,yes,2024-04-23
P02656,Press,Valve,Stainless Steel,PreciseTech,Poland,445.26,2.481,21,33,20,low,3,0.363,9533,14,140.3,yes,2023-07-29
P02657,Press,Cable,Stainless Steel,MotionHub,Italy,16.49,0.926,16,25,23,medium,6,0.232,8509,15,108.2,yes,2024-07-02
P02658,Press,Cable,Ceramic,Activa Parts,Poland,11.37,1.26,8,27,20,medium,5,0.193,8873,18,125.4,yes,2025-03-01
P02659,Press,Seal,Steel,Nordic Motion,Italy,11.43,0.037,11,20,7,low,8,0.294,2303,6,106.5,no,2024-01-13
P02660,Lathe,Pump,Stainless Steel,PreciseTech,Poland,253.37,20.037,10,41,21,medium,3,0.404,9562,8,93.2,no,2023-10-09
P02661,CNC-Mill,Sensor,Ceramic,EuroMech,Finland,43.02,0.234,16,41,24,critical,2,0.146,4974,7,119.2,yes,2023-11-16
P02662,Assembly,Valve,Composite,Activa Parts,Germany,279.76,0.782,10,28,10,medium,5,0.168,9407,4,125.1,yes,2024-08-12
P02663,Conveyor,Sensor,Polymer,EuroMech,Poland,184.76,0.237,18,28,8,medium,5,0.141,6214,6,62.8,no,2023-04-23
P02664,Conveyor,Sensor,Stainless Steel,Activa Parts,Czech Republic,144.03,0.296,15,27,23,medium,2,0.175,4860,8,84.7,yes,2023-11-06
P02665,Press,Pump,Brass,FlowCore,Germany,229.61,9.295,11,32,18,low,5,0.109,11063,11,113.9,yes,2023-01-09
P02666,Packaging,Filter,Ceramic,Activa Parts,Czech Republic,61.86,0.228,15,36,21,low,5,0.309,6599,13,128.6,yes,2025-02-07
P02667,Lathe,Cable,Steel,PreciseTech,Finland,21.89,0.676,18,24,13,low,5,0.249,8716,12,119.7,yes,2023-04-05
P02668,Lathe,Filter,Aluminum,SensorWorks,Poland,54.76,0.39,24,22,24,low,5,0.13,7231,9,105.0,yes,2025-03-21
P02669,Press,Cable,Ceramic,FlowCore,Czech Republic,19.11,0.493,15,26,16,low,3,0.306,7620,20,114.1,no,2024-03-27
P02670,Assembly,Sensor,Aluminum,SensorWorks,Italy,249.24,0.519,22,23,23,medium,7,0.13,6780,2,94.6,yes,2024-08-12
P02671,Assembly,Tooling,Aluminum,MotionHub,Poland,300.18,2.355,17,31,23,low,10,0.379,2837,10,104.8,yes,2023-09-08
P02672,Packaging,Gear,Stainless Steel,FlowCore,Finland,150.28,1.418,11,22,17,high,6,0.139,8006,9,113.5,yes,2023-06-06
P02673,Packaging,Pump,Ceramic,Activa Parts,Germany,821.09,8.384,19,28,16,medium,5,0.071,6417,4,122.7,yes,2024-02-18
P02674,Lathe,Cable,Polymer,PreciseTech,Netherlands,16.77,0.361,21,29,11,low,2,0.664,10787,20,122.2,no,2023-07-12
P02675,Lathe,Gear,Aluminum,EuroMech,Poland,137.73,2.01,22,0,19,low,7,0.409,8153,4,108.0,yes,2024-06-28
P02676,Packaging,Valve,Ceramic,Activa Parts,Finland,398.85,0.74,33,19,21,critical,7,0.231,10395,6,151.3,yes,2024-07-04
P02677,Assembly,Pump,Composite,Nordic Motion,Sweden,441.28,7.937,14,33,15,low,6,0.388,10211,10,110.1,no,2024-04-05
P02678,Conveyor,Gear,Polymer,Nordic Motion,Italy,119.92,1.356,22,19,38,low,5,0.243,7552,13,119.5,no,2023-11-16
P02679,Packaging,Filter,Polymer,MotionHub,Finland,29.18,0.184,17,11,17,low,1,0.248,7406,13,79.1,yes,2024-12-26
P02680,Assembly,Tooling,Steel,MotionHub,Czech Republic,165.87,2.633,15,10,23,low,10,0.27,3300,10,113.0,yes,2023-02-04
P02681,Assembly,Controller,Brass,SensorWorks,Finland,586.73,1.594,14,10,15,medium,5,0.114,16813,5,45.0,yes,2024-07-08
P02682,Packaging,Seal,Stainless Steel,Activa Parts,Sweden,25.28,0.047,18,22,24,low,10,0.396,2858,4,132.8,yes,2024-11-11
P02683,Conveyor,Cable,Stainless Steel,MotionHub,Germany,17.95,0.739,12,20,24,high,3,0.231,9434,19,141.9,yes,2024-08-04
P02684,CNC-Mill,Sensor,Composite,EuroMech,Sweden,117.04,0.187,13,34,20,low,6,0.327,6758,6,88.6,yes,2023-10-20
P02685,CNC-Mill,Pump,Brass,PreciseTech,Netherlands,586.17,8.472,17,32,21,medium,5,0.217,9306,5,103.1,yes,2025-01-08
P02686,Packaging,Pump,Steel,Nordic Motion,Italy,390.19,7.207,9,54,4,low,4,0.187,7029,6,92.1,yes,2024-05-27
P02687,Lathe,Pump,Composite,SensorWorks,Finland,609.61,9.961,16,4,26,low,3,0.084,9374,11,100.6,yes,2023-12-27
P02688,CNC-Mill,Gear,Ceramic,Nordic Motion,Finland,143.69,1.61,12,12,18,medium,7,0.204,8324,10,153.8,yes,2024-08-16
P02689,CNC-Mill,Pump,Stainless Steel,PreciseTech,Finland,270.94,9.176,9,0,13,high,4,0.241,7887,5,115.5,yes,2024-09-11
P02690,Assembly,Bearing,Steel,FlowCore,Poland,135.08,0.62,20,37,25,low,6,0.27,3369,9,144.4,yes,2023-07-26
P02691,Press,Sensor,Composite,PreciseTech,Netherlands,104.85,0.117,20,0,17,medium,6,0.506,8017,9,86.7,no,2024-05-11
P02692,Conveyor,Pump,Polymer,EuroMech,Italy,698.24,8.1,16,33,30,medium,8,0.071,9917,1,104.3,no,2023-12-22
P02693,Assembly,Motor,Aluminum,Nordic Motion,Germany,802.12,12.613,14,22,12,medium,4,0.125,10994,4,118.9,yes,2024-03-03
P02694,CNC-Mill,Gear,Composite,PreciseTech,Netherlands,113.19,1.277,10,18,20,medium,5,0.132,7450,10,117.3,no,2024-09-07
P02695,CNC-Mill,Sensor,Aluminum,Nordic Motion,Italy,93.96,0.441,24,14,30,critical,6,0.133,4934,10,89.0,no,2023-05-24
P02696,Assembly,Seal,Aluminum,Nordic Motion,Germany,10.53,0.031,11,23,20,high,7,0.544,2254,9,117.6,yes,2024-06-04
P02697,CNC-Mill,Motor,Stainless Steel,SensorWorks,Poland,1107.62,11.076,11,5,19,high,9,0.133,9800,3,99.6,yes,2024-10-30
P02698,Packaging,Belt,Composite,FlowCore,Finland,41.13,0.42,15,0,27,low,8,0.617,4115,5,121.4,yes,2023-09-25
P02699,Lathe,Tooling,Brass,Activa Parts,Netherlands,262.14,2.268,10,38,14,medium,8,0.685,2629,8,93.2,yes,2024-11-18
P02700,Press,Filter,Composite,Nordic Motion,Sweden,27.4,0.283,14,29,24,low,7,0.169,5861,13,86.3,no,2023-07-28
P02701,Lathe,Filter,Composite,MotionHub,Germany,18.7,0.148,17,24,22,low,5,0.253,8919,11,70.6,yes,2024-11-27
P02702,CNC-Mill,Seal,Aluminum,SensorWorks,Germany,11.42,0.064,8,39,21,low,6,1.633,2253,8,121.4,yes,2024-10-20
P02703,CNC-Mill,Sensor,Brass,SensorWorks,Germany,58.2,0.434,4,45,7,low,1,0.361,6691,8,83.3,yes,2023-01-17
P02704,Packaging,Bearing,Brass,MotionHub,Netherlands,109.8,0.815,29,13,27,critical,5,0.104,6437,16,139.6,yes,2023-09-28
P02705,Assembly,Seal,Brass,Activa Parts,Germany,18.8,0.037,14,62,13,high,10,0.247,2173,5,114.1,no,2024-05-26
P02706,CNC-Mill,Valve,Polymer,Nordic Motion,Germany,141.63,1.343,9,37,16,low,4,0.123,10364,4,152.1,yes,2024-11-23
P02707,Lathe,Controller,Ceramic,MotionHub,Sweden,645.51,1.085,18,34,29,high,6,0.107,17028,2,93.0,yes,2024-06-26
P02708,Assembly,Sensor,Composite,PreciseTech,Netherlands,145.35,0.249,21,36,29,low,3,0.135,8134,7,96.4,yes,2025-01-23
P02709,Lathe,Cable,Polymer,PreciseTech,Germany,17.59,0.423,17,18,26,medium,5,0.172,8323,21,114.3,yes,2023-11-26
P02710,Conveyor,Valve,Polymer,MotionHub,Sweden,82.16,1.57,13,11,22,medium,9,0.177,11089,7,152.3,yes,2024-06-15
P02711,Lathe,Pump,Aluminum,FlowCore,Poland,294.89,12.321,16,40,15,critical,7,0.13,7542,5,105.3,yes,2025-02-02
P02712,Press,Filter,Brass,Activa Parts,Netherlands,35.97,0.457,24,44,30,low,7,0.123,5685,11,98.4,yes,2023-07-17
P02713,Press,Seal,Polymer,MotionHub,Sweden,18.51,0.042,25,28,32,high,10,0.565,2389,9,124.2,yes,2024-05-04
P02714,Conveyor,Bearing,Brass,EuroMech,Italy,65.43,0.658,12,18,26,low,5,0.43,3437,9,142.6,yes,2023-12-09
P02715,Lathe,Controller,Composite,EuroMech,Sweden,1099.85,0.993,14,32,13,low,5,0.114,13684,7,61.0,yes,2024-03-24
P02716,Lathe,Bearing,Brass,Activa Parts,Germany,60.14,1.718,12,40,18,medium,5,0.397,6895,9,116.7,yes,2024-07-21
P02717,Conveyor,Sensor,Ceramic,Nordic Motion,Sweden,72.63,0.186,24,36,33,medium,4,0.142,6502,8,105.0,no,2023-04-20
P02718,Conveyor,Belt,Aluminum,SensorWorks,Germany,34.94,0.326,19,39,16,low,4,0.217,3223,8,114.7,yes,2023-11-10
P02719,Conveyor,Controller,Polymer,Activa Parts,Netherlands,749.0,0.899,15,41,16,low,2,0.083,15328,5,65.0,yes,2023-04-01
P02720,Packaging,Seal,Composite,PreciseTech,Sweden,9.48,0.026,10,19,8,medium,8,0.363,2651,5,112.0,yes,2023-09-20
P02721,Lathe,Gear,Aluminum,MotionHub,Italy,250.32,1.719,25,40,22,critical,6,0.132,10104,12,128.9,yes,2023-09-17
P02722,Packaging,Belt,Composite,Nordic Motion,Netherlands,64.17,0.506,22,0,30,critical,7,0.609,3307,4,94.9,yes,2024-02-06
P02723,Conveyor,Sensor,Composite,EuroMech,Poland,32.74,0.386,26,9,20,critical,5,0.244,6432,9,86.7,yes,2024-05-19
P02724,Conveyor,Tooling,Polymer,Nordic Motion,Finland,167.43,2.543,14,15,21,low,9,0.755,2015,1,92.6,no,2023-10-30
P02725,Assembly,Filter,Composite,Activa Parts,Netherlands,24.05,0.333,15,33,18,medium,6,0.202,9335,14,96.1,yes,2024-07-29
P02726,Press,Cable,Ceramic,Nordic Motion,Finland,13.72,0.598,15,30,26,low,8,0.149,7372,18,109.2,yes,2023-11-19
P02727,Lathe,Pump,Aluminum,SensorWorks,Sweden,530.57,7.947,13,34,14,low,5,0.108,6145,6,115.8,yes,2023-04-15
P02728,CNC-Mill,Gear,Polymer,FlowCore,Germany,203.09,2.443,5,45,14,low,6,0.333,8421,4,120.3,yes,2023-09-26
P02729,Lathe,Belt,Polymer,FlowCore,Czech Republic,58.72,0.597,15,13,19,low,6,0.255,3091,13,105.2,yes,2023-05-21
P02730,Conveyor,Belt,Aluminum,MotionHub,Germany,49.42,0.341,30,24,30,critical,8,0.642,2809,5,115.6,yes,2024-05-05
P02731,Packaging,Filter,Aluminum,Activa Parts,Poland,32.84,0.164,10,45,10,low,7,0.322,8981,14,100.8,yes,2025-02-21
P02732,Conveyor,Cable,Aluminum,Activa Parts,Sweden,50.95,0.742,21,16,22,medium,4,0.395,7069,16,119.0,yes,2024-01-15
P02733,Press,Valve,Stainless Steel,FlowCore,Poland,723.02,1.813,22,39,13,medium,5,0.243,8397,1,135.7,yes,2023-11-20
P02734,CNC-Mill,Gear,Polymer,Activa Parts,Italy,171.59,0.999,17,31,22,critical,2,0.085,7993,4,122.7,no,2025-01-14
P02735,Press,Seal,Steel,MotionHub,Sweden,24.48,0.039,10,24,6,medium,7,0.671,2134,4,133.1,yes,2025-02-25
P02736,CNC-Mill,Sensor,Brass,FlowCore,Czech Republic,140.14,0.256,17,23,22,high,5,0.313,7151,5,91.4,yes,2025-03-10
P02737,Assembly,Pump,Brass,SensorWorks,Netherlands,315.48,5.396,10,12,9,high,5,0.114,6553,12,111.5,no,2023-12-05
P02738,Assembly,Tooling,Composite,MotionHub,Italy,147.3,1.551,15,11,25,medium,8,0.644,2279,10,112.2,yes,2024-06-19
P02739,Lathe,Cable,Brass,EuroMech,Italy,16.69,0.709,29,30,17,critical,5,0.151,8970,16,112.3,yes,2024-06-29
P02740,Lathe,Bearing,Composite,PreciseTech,Italy,86.83,0.809,14,12,18,medium,5,0.218,5899,8,140.2,yes,2023-09-19
P02741,Conveyor,Gear,Brass,SensorWorks,Italy,184.97,3.199,7,43,20,high,3,0.11,8605,6,134.6,no,2024-07-03
P02742,Assembly,Pump,Composite,Nordic Motion,Germany,199.96,7.21,14,18,19,medium,3,0.092,7200,7,114.7,no,2023-05-08
P02743,Packaging,Cable,Ceramic,EuroMech,Netherlands,15.63,0.593,19,32,30,low,6,0.358,9000,18,139.7,yes,2023-03-25
P02744,Packaging,Bearing,Steel,SensorWorks,Italy,78.73,0.759,16,20,5,medium,4,0.479,5786,8,116.5,yes,2023-11-02
P02745,Press,Bearing,Aluminum,MotionHub,Poland,128.27,0.993,25,8,34,critical,6,0.391,5942,16,131.7,no,2025-02-15
P02746,Packaging,Motor,Ceramic,PreciseTech,Italy,853.32,8.437,15,20,11,low,6,0.119,11816,4,107.4,no,2023-02-09
P02747,Press,Motor,Stainless Steel,Nordic Motion,Finland,512.43,6.58,23,26,33,medium,2,0.16,11719,8,111.3,no,2023-04-28
P02748,Lathe,Controller,Steel,FlowCore,Finland,522.62,0.678,13,13,12,medium,6,0.171,21123,3,64.3,yes,2024-10-15
P02749,Assembly,Pump,Composite,FlowCore,Poland,334.65,7.488,16,52,14,low,3,0.065,8457,1,121.3,yes,2024-11-04
P02750,Assembly,Gear,Brass,Nordic Motion,Germany,114.08,2.188,15,20,27,high,5,0.154,4540,7,100.1,yes,2023-01-26
P02751,CNC-Mill,Bearing,Ceramic,FlowCore,Germany,46.09,0.354,9,4,21,high,4,0.386,4216,10,181.1,yes,2024-04-02
P02752,Assembly,Bearing,Steel,PreciseTech,Czech Republic,111.7,1.323,7,55,12,high,2,0.366,4720,6,155.5,yes,2023-04-14
P02753,Conveyor,Seal,Composite,Activa Parts,Germany,39.39,0.05,14,2,24,medium,8,0.853,2020,8,130.4,yes,2024-07-03
P02754,CNC-Mill,Tooling,Brass,MotionHub,Finland,143.34,2.564,18,1,19,medium,10,0.731,3707,11,82.9,no,2023-01-17
P02755,Packaging,Motor,Polymer,Nordic Motion,Germany,784.27,10.762,9,21,17,high,4,0.097,10635,3,122.1,no,2024-06-21
P02756,CNC-Mill,Gear,Composite,SensorWorks,Sweden,324.69,1.549,28,5,29,high,7,0.074,8984,11,100.5,no,2024-09-25
P02757,CNC-Mill,Pump,Ceramic,MotionHub,Germany,323.93,3.985,14,31,23,medium,4,0.464,6656,10,110.6,yes,2024-10-20
P02758,CNC-Mill,Controller,Brass,SensorWorks,Germany,671.53,1.039,17,0,9,high,5,0.08,15308,11,45.0,yes,2024-10-18
P02759,Press,Controller,Aluminum,MotionHub,Sweden,593.78,1.467,27,26,21,critical,4,0.22,18194,11,68.1,yes,2023-08-21
P02760,Assembly,Tooling,Steel,Nordic Motion,Poland,123.15,2.038,15,22,12,high,9,0.649,2528,8,99.1,yes,2023-07-09
P02761,Assembly,Filter,Stainless Steel,Activa Parts,Sweden,26.01,0.595,6,12,9,medium,5,0.126,9907,15,86.5,yes,2024-02-03
P02762,Packaging,Valve,Composite,EuroMech,Germany,182.91,1.003,10,27,15,medium,5,0.283,11313,10,153.0,yes,2025-03-02
P02763,Assembly,Gear,Ceramic,EuroMech,Netherlands,305.71,1.913,19,45,24,low,5,0.216,10750,7,131.9,yes,2024-04-10
P02764,CNC-Mill,Valve,Stainless Steel,Activa Parts,Poland,187.08,1.218,10,22,13,high,7,0.09,9145,10,126.4,yes,2024-02-23
P02765,Lathe,Controller,Stainless Steel,EuroMech,Italy,941.09,1.22,21,47,16,low,6,0.144,15696,6,61.0,no,2024-04-11
P02766,Packaging,Seal,Polymer,Activa Parts,Netherlands,30.21,0.054,17,39,12,low,10,0.344,2071,11,127.0,no,2024-05-29
P02767,Assembly,Controller,Steel,PreciseTech,Czech Republic,925.93,0.96,14,52,18,medium,7,0.041,15326,1,53.4,yes,2024-06-17
P02768,Press,Controller,Brass,SensorWorks,Finland,707.24,0.862,24,51,22,critical,7,0.094,16461,3,70.1,no,2024-01-01
P02769,CNC-Mill,Belt,Polymer,Nordic Motion,Italy,36.83,0.663,21,25,18,medium,5,0.534,2917,10,87.6,yes,2023-02-02
P02770,Lathe,Filter,Polymer,MotionHub,Netherlands,64.48,0.231,18,44,22,critical,5,0.13,8117,8,87.2,no,2025-02-12
P02771,Packaging,Gear,Brass,MotionHub,Sweden,186.51,2.624,33,0,19,critical,5,0.384,3961,10,117.5,yes,2024-08-12
P02772,CNC-Mill,Filter,Polymer,Activa Parts,Italy,31.98,0.239,13,22,23,low,4,0.171,7683,10,71.4,yes,2024-12-24
P02773,Assembly,Controller,Steel,Nordic Motion,Sweden,726.73,1.333,5,50,14,high,4,0.099,13492,6,73.9,yes,2023-10-27
P02774,Lathe,Motor,Brass,EuroMech,Czech Republic,1406.89,14.754,14,16,18,high,4,0.158,10049,4,103.1,yes,2024-03-21
P02775,CNC-Mill,Sensor,Steel,SensorWorks,Germany,102.09,0.395,24,21,38,medium,10,0.107,6457,10,64.1,yes,2024-07-16
P02776,Lathe,Belt,Stainless Steel,PreciseTech,Sweden,22.23,0.259,14,21,17,medium,7,0.812,2881,10,111.7,yes,2023-11-07
P02777,Assembly,Controller,Brass,FlowCore,Italy,619.23,1.865,10,39,9,low,4,0.089,15120,5,75.8,yes,2024-01-14
P02778,Assembly,Filter,Ceramic,MotionHub,Germany,21.81,0.122,21,39,18,high,5,0.107,8498,12,134.1,no,2023-10-30
P02779,Lathe,Filter,Polymer,PreciseTech,Finland,47.85,0.334,21,16,24,critical,6,0.264,9963,10,103.9,yes,2024-07-17
P02780,Assembly,Pump,Aluminum,EuroMech,Italy,409.17,4.624,10,49,20,high,4,0.078,9278,8,131.2,yes,2023-05-20
P02781,Assembly,Cable,Aluminum,FlowCore,Czech Republic,25.22,0.412,17,14,33,medium,6,0.189,8302,21,106.1,yes,2023-10-09
P02782,CNC-Mill,Sensor,Steel,FlowCore,Italy,93.31,0.299,18,55,26,low,7,0.096,8118,4,69.5,yes,2025-02-07
P02783,Lathe,Filter,Composite,MotionHub,Germany,37.73,0.464,24,45,29,medium,4,0.267,6142,13,89.1,yes,2024-10-25
P02784,CNC-Mill,Bearing,Polymer,SensorWorks,Finland,60.18,0.67,16,36,14,high,4,0.245,5429,9,130.1,yes,2024-06-05
P02785,CNC-Mill,Bearing,Steel,Nordic Motion,Italy,130.26,0.919,7,60,15,medium,5,0.641,5160,5,138.8,yes,2024-09-17
P02786,Assembly,Bearing,Aluminum,PreciseTech,Netherlands,82.35,0.73,8,31,20,low,3,0.327,3624,12,151.3,yes,2023-03-05
P02787,CNC-Mill,Valve,Ceramic,EuroMech,Finland,205.86,1.672,13,54,18,high,2,0.06,12266,10,140.9,yes,2024-08-30
P02788,Conveyor,Filter,Stainless Steel,Nordic Motion,Sweden,38.4,0.411,21,16,22,low,6,0.155,9644,8,110.1,yes,2023-06-26
P02789,Conveyor,Tooling,Stainless Steel,MotionHub,Sweden,91.55,1.661,11,27,21,medium,9,0.548,3194,8,84.7,no,2023-09-20
P02790,Packaging,Sensor,Steel,FlowCore,Netherlands,235.75,0.245,19,51,29,medium,6,0.255,6163,9,82.9,yes,2023-05-26
P02791,Packaging,Valve,Aluminum,PreciseTech,Italy,250.58,1.631,19,41,30,medium,6,0.251,8758,7,140.1,yes,2023-06-22
P02792,Lathe,Seal,Aluminum,PreciseTech,Finland,14.85,0.069,16,27,23,low,8,0.619,3282,8,138.8,yes,2024-11-27
P02793,CNC-Mill,Bearing,Ceramic,SensorWorks,Germany,146.58,0.552,22,5,30,medium,7,0.415,3634,9,156.4,yes,2025-01-13
P02794,CNC-Mill,Seal,Steel,EuroMech,Germany,9.88,0.044,10,38,3,high,10,0.799,2021,10,108.5,yes,2023-10-11
P02795,Conveyor,Cable,Composite,EuroMech,Czech Republic,32.85,0.997,26,9,19,critical,6,0.125,8406,12,108.4,yes,2025-03-22
P02796,Assembly,Pump,Stainless Steel,EuroMech,Sweden,650.68,7.148,12,26,22,low,4,0.214,8839,4,89.1,yes,2023-09-08
P02797,CNC-Mill,Motor,Steel,EuroMech,Netherlands,892.24,6.345,3,24,3,medium,5,0.079,12212,1,89.7,yes,2024-10-24
P02798,Lathe,Cable,Polymer,FlowCore,Poland,38.62,1.122,13,15,26,low,6,0.07,7621,13,101.2,no,2023-10-21
P02799,Assembly,Controller,Steel,EuroMech,Italy,468.53,1.258,16,15,15,medium,6,0.142,11543,1,62.0,yes,2024-01-06
P02800,Press,Seal,Stainless Steel,SensorWorks,Poland,35.09,0.086,19,9,33,high,10,1.448,2327,6,116.7,yes,2023-04-05
P02801,CNC-Mill,Pump,Aluminum,FlowCore,Finland,362.15,8.057,9,37,10,low,3,0.151,10866,11,107.6,yes,2024-08-25
P02802,Press,Bearing,Brass,MotionHub,Czech Republic,140.11,1.356,24,26,24,critical,7,0.247,5387,9,144.8,yes,2024-03-21
P02803,Assembly,Bearing,Ceramic,Activa Parts,Italy,116.3,1.095,19,0,13,high,6,0.421,4368,6,150.2,yes,2024-03-02
P02804,Press,Gear,Brass,Nordic Motion,Netherlands,95.06,1.284,12,19,23,medium,5,0.145,10263,14,122.2,yes,2024-10-29
P02805,Press,Sensor,Polymer,FlowCore,Germany,65.55,0.29,15,39,16,high,2,0.098,5273,5,87.8,yes,2023-09-19
P02806,Press,Controller,Steel,SensorWorks,Italy,442.5,2.085,17,1,0,low,6,0.12,17317,6,45.8,yes,2023-05-01
P02807,Press,Seal,Steel,Nordic Motion,Finland,16.38,0.073,1,35,6,high,7,0.926,2742,5,115.4,no,2025-03-14
P02808,Conveyor,Sensor,Composite,PreciseTech,Czech Republic,132.16,0.197,22,26,22,high,3,0.207,6318,3,85.0,yes,2025-02-19
P02809,Packaging,Seal,Steel,Activa Parts,Italy,14.64,0.044,12,48,19,medium,8,0.408,2014,7,142.0,yes,2023-03-25
P02810,Press,Sensor,Stainless Steel,EuroMech,Netherlands,311.33,0.111,23,25,32,medium,6,0.251,7159,7,96.3,yes,2023-04-11
P02811,Lathe,Bearing,Stainless Steel,SensorWorks,Italy,105.99,0.78,14,44,18,medium,4,0.43,4998,7,167.1,yes,2023-10-30
P02812,Press,Belt,Polymer,Nordic Motion,Italy,72.33,0.263,19,22,16,high,9,0.397,2795,6,119.4,yes,2024-04-19
P02813,Press,Gear,Brass,EuroMech,Poland,132.58,2.065,19,35,23,medium,4,0.26,7796,6,108.2,yes,2024-07-16
P02814,Lathe,Gear,Stainless Steel,SensorWorks,Poland,200.53,2.983,18,28,28,high,8,0.155,10315,6,114.5,yes,2025-03-02
P02815,Press,Controller,Polymer,MotionHub,Finland,346.51,2.389,9,48,21,medium,3,0.168,14723,5,60.0,yes,2024-06-27
P02816,Conveyor,Valve,Brass,Activa Parts,Italy,291.57,1.513,24,34,27,medium,5,0.186,9281,7,130.7,yes,2024-11-19
P02817,Lathe,Belt,Polymer,FlowCore,Finland,19.75,0.174,14,20,17,low,5,0.682,2988,8,118.1,yes,2024-07-02
P02818,Press,Valve,Brass,EuroMech,Italy,222.42,1.198,14,18,18,medium,4,0.184,12093,2,129.5,no,2023-08-13
P02819,Lathe,Sensor,Polymer,SensorWorks,Czech Republic,101.09,0.336,23,36,32,low,5,0.191,6849,8,73.3,no,2024-06-14
P02820,Press,Tooling,Polymer,PreciseTech,Germany,86.52,1.711,18,15,23,medium,6,0.573,2387,8,119.9,yes,2023-03-17
P02821,Packaging,Motor,Polymer,Activa Parts,Germany,1061.86,14.611,16,0,25,medium,2,0.158,9406,3,101.0,yes,2023-11-14
P02822,Lathe,Bearing,Brass,PreciseTech,Netherlands,55.88,1.547,17,15,18,critical,7,0.37,4659,7,108.8,yes,2023-09-14
P02823,CNC-Mill,Valve,Composite,EuroMech,Italy,181.76,0.89,12,12,10,low,7,0.205,9017,4,126.3,no,2024-09-15
P02824,Packaging,Sensor,Steel,Activa Parts,Germany,191.88,0.303,9,9,13,critical,5,0.413,6628,10,101.4,no,2023-09-21
P02825,Lathe,Tooling,Aluminum,EuroMech,Netherlands,87.27,1.896,15,38,22,medium,6,0.374,2851,9,119.5,yes,2023-09-09
P02826,CNC-Mill,Motor,Steel,EuroMech,Netherlands,363.48,13.922,20,41,24,medium,6,0.093,11092,10,96.2,yes,2024-11-11
P02827,Assembly,Controller,Composite,EuroMech,Finland,639.32,0.775,13,39,13,low,5,0.131,13594,1,60.4,yes,2024-11-03
P02828,Packaging,Gear,Steel,EuroMech,Sweden,84.04,1.518,20,41,21,critical,8,0.137,7355,12,136.3,yes,2024-03-19
P02829,CNC-Mill,Controller,Polymer,MotionHub,Germany,939.65,0.869,16,24,18,low,5,0.084,15480,8,46.1,yes,2024-04-24
P02830,Press,Sensor,Composite,FlowCore,Netherlands,124.53,0.598,17,8,26,critical,5,0.303,5069,7,58.9,no,2023-08-18
P02831,Assembly,Gear,Steel,EuroMech,Poland,164.36,0.932,9,15,18,low,8,0.304,8487,1,100.5,no,2023-06-11
P02832,Conveyor,Bearing,Aluminum,EuroMech,Italy,42.44,1.574,12,23,13,medium,6,0.182,6153,12,159.0,no,2024-08-18
P02833,Lathe,Valve,Composite,PreciseTech,Italy,232.38,1.765,14,17,16,high,9,0.211,9219,11,133.3,yes,2025-01-05
P02834,CNC-Mill,Valve,Ceramic,MotionHub,Netherlands,217.54,2.724,11,40,19,medium,6,0.152,12198,6,131.8,yes,2023-08-12
P02835,CNC-Mill,Tooling,Aluminum,EuroMech,Finland,116.94,2.408,5,41,4,high,7,0.691,2776,9,109.6,yes,2024-05-09
P02836,CNC-Mill,Motor,Steel,SensorWorks,Finland,745.54,9.552,15,5,1,critical,5,0.12,15117,2,80.9,yes,2023-04-26
P02837,Press,Sensor,Stainless Steel,Activa Parts,Italy,139.95,0.201,16,16,25,high,7,0.244,4444,7,86.1,yes,2024-12-17
P02838,CNC-Mill,Tooling,Brass,PreciseTech,Poland,132.48,1.409,24,11,27,critical,9,0.387,3038,5,108.1,yes,2023-03-20
P02839,Assembly,Filter,Aluminum,PreciseTech,Italy,63.6,0.472,23,0,16,medium,5,0.109,10835,11,70.5,yes,2024-03-11
P02840,Lathe,Sensor,Stainless Steel,MotionHub,Sweden,161.22,0.285,20,32,17,critical,1,0.255,5531,7,79.4,yes,2024-12-13
P02841,Packaging,Tooling,Ceramic,SensorWorks,Sweden,93.98,2.225,15,19,19,medium,7,0.581,2969,4,134.0,yes,2023-07-30
P02842,Assembly,Seal,Steel,Nordic Motion,Finland,17.14,0.044,7,22,19,medium,7,0.533,2541,7,130.6,yes,2024-05-22
P02843,Press,Belt,Ceramic,Activa Parts,Poland,32.3,0.244,20,18,13,high,8,0.45,3438,6,134.9,yes,2023-07-23
P02844,Conveyor,Belt,Stainless Steel,Activa Parts,Italy,37.42,0.303,7,39,14,medium,6,0.557,3307,11,116.4,yes,2024-04-19
P02845,Press,Cable,Steel,Nordic Motion,Netherlands,21.56,0.518,22,9,26,medium,3,0.38,5808,16,110.1,no,2024-11-29
P02846,Assembly,Filter,Aluminum,Activa Parts,Finland,20.55,0.317,14,12,26,high,4,0.644,7198,10,95.4,no,2024-07-16
P02847,Lathe,Filter,Ceramic,MotionHub,Germany,38.69,0.192,14,19,23,medium,3,0.202,8913,16,123.4,yes,2023-09-21
P02848,Conveyor,Belt,Aluminum,FlowCore,Germany,50.53,0.373,14,32,24,medium,8,0.483,2355,8,98.1,no,2024-07-30
P02849,Lathe,Controller,Ceramic,SensorWorks,Italy,748.66,1.475,12,42,15,low,6,0.092,11486,1,91.3,no,2023-07-19
P02850,Lathe,Bearing,Polymer,FlowCore,Germany,58.81,0.715,15,7,27,low,6,0.3,5136,5,133.2,yes,2024-08-10
P02851,Conveyor,Gear,Aluminum,MotionHub,Italy,147.83,1.609,8,34,18,medium,4,0.316,8366,8,136.9,yes,2023-11-03
P02852,Press,Sensor,Ceramic,PreciseTech,Czech Republic,180.71,0.14,10,25,29,low,4,0.242,6814,8,110.2,yes,2023-09-23
P02853,Packaging,Filter,Aluminum,SensorWorks,Sweden,36.03,0.282,10,26,21,high,5,0.287,7730,8,85.2,no,2025-02-10
P02854,Packaging,Cable,Polymer,EuroMech,Czech Republic,21.39,0.644,12,26,8,low,3,0.163,9161,14,114.8,yes,2023-01-08
P02855,Conveyor,Gear,Aluminum,EuroMech,Sweden,175.84,2.193,12,28,21,medium,4,0.149,7319,1,100.7,yes,2023-07-31
P02856,Assembly,Motor,Aluminum,FlowCore,Italy,740.0,9.908,20,15,25,low,2,0.11,16242,5,115.2,yes,2023-01-17
P02857,Press,Seal,Steel,SensorWorks,Italy,28.8,0.04,8,46,19,medium,9,0.578,2176,11,128.0,yes,2023-11-02
P02858,Conveyor,Seal,Brass,EuroMech,Czech Republic,23.71,0.065,17,45,23,medium,9,0.291,1548,9,119.2,yes,2023-09-12
P02859,Lathe,Tooling,Steel,FlowCore,Finland,96.43,2.488,3,37,14,medium,9,0.309,2728,12,109.7,yes,2024-11-19
P02860,Conveyor,Tooling,Composite,PreciseTech,Germany,108.01,1.891,19,9,20,medium,7,0.492,3624,6,131.9,yes,2023-05-17
P02861,Press,Bearing,Composite,Activa Parts,Finland,144.56,0.68,19,18,16,low,6,0.248,5262,11,132.9,yes,2023-10-05
P02862,Lathe,Gear,Steel,Activa Parts,Finland,178.27,2.045,19,18,15,high,5,0.272,8435,8,102.4,no,2024-07-08
P02863,Conveyor,Cable,Stainless Steel,SensorWorks,Czech Republic,29.21,0.898,11,39,20,medium,2,0.24,8696,16,114.6,yes,2023-08-16
P02864,Conveyor,Motor,Stainless Steel,PreciseTech,Sweden,452.66,6.167,8,14,15,high,5,0.218,13948,2,118.5,yes,2025-01-04
P02865,Conveyor,Valve,Aluminum,SensorWorks,Czech Republic,287.69,1.601,15,13,18,high,4,0.219,11385,5,135.7,yes,2024-09-25
P02866,Packaging,Cable,Aluminum,FlowCore,Sweden,19.55,0.289,4,0,6,medium,6,0.178,9009,17,113.2,yes,2023-12-31
P02867,Lathe,Tooling,Ceramic,Activa Parts,Germany,80.24,1.889,10,27,26,medium,10,0.123,2447,8,152.4,no,2023-02-28
P02868,Lathe,Tooling,Aluminum,FlowCore,Poland,99.98,3.373,14,42,19,high,7,0.302,3864,9,127.5,no,2023-03-01
P02869,Press,Gear,Brass,EuroMech,Poland,299.62,1.867,13,29,16,low,5,0.149,11130,8,118.4,yes,2025-03-12
P02870,Conveyor,Seal,Polymer,SensorWorks,Italy,8.96,0.057,14,27,11,high,10,0.698,2151,8,123.9,no,2024-06-17
P02871,Lathe,Cable,Polymer,SensorWorks,Finland,10.09,0.812,13,40,18,high,3,0.221,8933,17,128.6,yes,2024-12-11
P02872,Lathe,Sensor,Polymer,EuroMech,Germany,100.09,0.387,14,33,22,high,5,0.219,5181,11,75.7,yes,2025-01-17
P02873,CNC-Mill,Cable,Steel,FlowCore,Netherlands,51.27,0.596,32,13,38,medium,1,0.26,8493,16,103.0,yes,2024-05-15
P02874,Lathe,Bearing,Stainless Steel,PreciseTech,Germany,74.54,1.567,11,12,24,high,8,0.213,4517,10,134.4,no,2024-10-24
P02875,Assembly,Gear,Ceramic,MotionHub,Czech Republic,131.31,1.834,12,30,9,low,4,0.312,7961,6,151.7,no,2023-04-13
P02876,Lathe,Cable,Stainless Steel,MotionHub,Czech Republic,34.81,0.42,20,43,22,medium,9,0.396,8380,17,121.4,no,2023-06-18
P02877,Lathe,Motor,Aluminum,SensorWorks,Finland,673.81,8.494,19,8,24,low,6,0.106,9867,7,109.0,yes,2023-08-25
P02878,Packaging,Cable,Ceramic,MotionHub,Germany,45.37,0.945,20,24,17,low,8,0.409,9019,21,128.5,no,2024-12-03
P02879,Assembly,Bearing,Aluminum,PreciseTech,Italy,76.81,0.804,17,30,10,medium,3,0.232,6748,9,154.2,no,2023-10-08
P02880,Assembly,Sensor,Composite,Activa Parts,Sweden,51.55,0.377,9,0,16,low,3,0.123,6943,8,83.3,yes,2024-03-19
P02881,CNC-Mill,Valve,Brass,SensorWorks,Poland,311.42,1.671,9,22,20,low,5,0.081,12689,5,99.7,no,2024-12-21
P02882,Assembly,Motor,Stainless Steel,Nordic Motion,Finland,614.08,11.281,17,48,22,low,5,0.168,13415,8,108.8,yes,2024-06-12
P02883,CNC-Mill,Valve,Stainless Steel,EuroMech,Sweden,298.11,0.865,7,30,17,medium,4,0.306,8159,7,130.4,yes,2023-10-16
P02884,Lathe,Gear,Composite,Nordic Motion,Italy,194.47,2.358,13,16,21,high,4,0.31,8798,11,127.1,yes,2023-08-31
P02885,CNC-Mill,Bearing,Brass,Nordic Motion,Finland,68.34,0.653,17,35,30,medium,5,0.166,3908,9,136.5,yes,2023-12-29
P02886,Packaging,Belt,Aluminum,PreciseTech,Germany,40.33,0.225,3,19,13,low,10,0.557,1805,8,122.3,yes,2024-08-23
P02887,CNC-Mill,Motor,Polymer,EuroMech,Italy,806.19,8.848,18,38,18,low,5,0.048,13900,5,117.5,yes,2024-05-16
P02888,Conveyor,Cable,Polymer,Activa Parts,Czech Republic,23.75,0.857,7,44,13,high,6,0.174,9747,17,94.5,yes,2023-09-08
P02889,Lathe,Sensor,Steel,SensorWorks,Italy,98.63,0.191,7,34,21,high,3,0.158,6044,8,75.7,no,2023-06-21
P02890,Packaging,Cable,Ceramic,Activa Parts,Germany,21.71,0.451,11,46,9,high,3,0.45,9713,16,122.5,yes,2023-06-11
P02891,Press,Bearing,Composite,PreciseTech,Netherlands,186.86,0.462,24,16,27,critical,7,0.234,4016,9,128.9,no,2023-04-30
P02892,Assembly,Gear,Steel,Activa Parts,Netherlands,134.4,1.543,18,10,11,medium,2,0.278,5768,2,120.0,yes,2023-03-05
P02893,CNC-Mill,Valve,Brass,Nordic Motion,Finland,429.59,1.38,12,41,9,low,4,0.122,6822,6,130.1,yes,2023-08-03
P02894,CNC-Mill,Bearing,Stainless Steel,Nordic Motion,Netherlands,94.65,0.47,10,12,12,medium,8,0.492,5405,13,152.3,no,2024-02-25
P02895,Lathe,Pump,Aluminum,SensorWorks,Netherlands,499.96,9.437,8,7,23,medium,5,0.041,9142,6,117.1,yes,2025-03-21
P02896,Conveyor,Filter,Brass,MotionHub,Netherlands,16.76,0.099,13,49,14,medium,5,0.086,8502,12,113.8,yes,2024-12-04
P02897,Packaging,Belt,Stainless Steel,Activa Parts,Netherlands,185.29,0.178,18,23,13,medium,4,0.614,1746,6,102.2,yes,2023-10-29
P02898,Packaging,Belt,Brass,MotionHub,Italy,71.96,0.434,24,38,31,medium,4,1.013,3062,9,104.7,yes,2024-09-10
P02899,Conveyor,Sensor,Brass,Activa Parts,Sweden,82.7,0.188,8,2,18,high,4,0.133,6009,8,97.8,yes,2023-04-01
P02900,Assembly,Filter,Stainless Steel,SensorWorks,Poland,21.46,0.149,17,36,19,high,4,0.156,10371,15,104.4,no,2023-07-24
P02901,Press,Sensor,Polymer,SensorWorks,Italy,293.64,0.195,26,9,23,high,7,0.224,9234,6,73.2,yes,2023-06-27
P02902,Lathe,Valve,Polymer,Activa Parts,Netherlands,263.93,1.515,19,33,13,high,6,0.285,8713,13,147.1,yes,2023-05-08
P02903,Packaging,Sensor,Stainless Steel,EuroMech,Germany,83.71,0.414,8,23,16,high,4,0.095,4084,12,85.9,yes,2024-11-25
P02904,Assembly,Sensor,Aluminum,Nordic Motion,Sweden,79.08,0.387,10,38,12,medium,9,0.373,7193,14,84.8,yes,2024-02-27
P02905,Lathe,Motor,Polymer,PreciseTech,Italy,422.46,13.917,20,28,27,medium,2,0.067,13347,4,99.7,yes,2023-01-17
P02906,Packaging,Tooling,Ceramic,Activa Parts,Germany,174.38,1.839,14,49,9,high,10,0.956,2947,1,111.8,yes,2023-03-08
P02907,Conveyor,Bearing,Brass,Nordic Motion,Czech Republic,52.83,0.709,10,33,7,medium,3,0.237,4780,9,139.5,yes,2024-06-25
P02908,CNC-Mill,Sensor,Ceramic,PreciseTech,Czech Republic,131.05,0.35,11,19,12,high,3,0.236,5148,10,113.7,no,2024-09-22
P02909,Packaging,Bearing,Stainless Steel,PreciseTech,Poland,173.27,0.7,15,33,18,medium,5,0.27,5629,10,132.9,yes,2023-02-08
P02910,Conveyor,Controller,Brass,MotionHub,Sweden,1259.96,1.104,15,5,23,low,2,0.148,18273,1,51.1,no,2024-06-04
P02911,Lathe,Pump,Polymer,EuroMech,Sweden,428.1,12.194,10,11,15,medium,9,0.119,11391,5,109.8,yes,2024-05-24
P02912,Conveyor,Sensor,Ceramic,PreciseTech,Czech Republic,248.6,0.52,16,38,14,medium,6,0.187,6392,7,119.9,yes,2023-10-23
P02913,Assembly,Belt,Ceramic,EuroMech,Poland,46.56,0.323,14,23,21,low,8,0.437,2362,6,118.7,no,2024-10-05
P02914,Conveyor,Controller,Ceramic,MotionHub,Germany,767.34,1.171,11,46,16,medium,4,0.17,16313,4,72.5,no,2025-02-23
P02915,Press,Gear,Polymer,MotionHub,Germany,111.0,1.195,12,39,16,medium,7,0.098,7766,1,118.4,no,2023-09-12
P02916,Conveyor,Gear,Steel,Nordic Motion,Netherlands,120.01,1.581,5,18,19,medium,5,0.277,9234,3,107.9,yes,2023-06-28
P02917,Conveyor,Valve,Ceramic,SensorWorks,Poland,159.06,0.968,18,8,28,critical,5,0.079,9666,4,177.9,no,2023-04-29
P02918,Conveyor,Seal,Ceramic,FlowCore,Poland,13.86,0.077,28,37,27,high,7,0.33,2824,5,150.1,no,2024-02-06
P02919,Press,Pump,Steel,Activa Parts,Germany,511.51,3.633,19,10,25,low,8,0.259,7907,8,100.7,yes,2024-07-16
P02920,CNC-Mill,Pump,Composite,PreciseTech,Italy,172.67,9.77,22,13,21,medium,5,0.105,12710,5,108.2,no,2024-01-21
P02921,CNC-Mill,Bearing,Polymer,FlowCore,Poland,55.26,1.064,13,29,11,high,5,0.21,6858,9,154.4,yes,2024-05-28
P02922,Packaging,Cable,Composite,Nordic Motion,Sweden,11.91,0.481,17,46,18,critical,5,0.093,6904,13,121.4,yes,2023-08-22
P02923,Lathe,Sensor,Steel,Nordic Motion,Sweden,106.89,0.194,3,13,13,low,6,0.152,7159,9,81.1,yes,2024-06-01
P02924,Lathe,Belt,Stainless Steel,SensorWorks,Netherlands,23.82,0.376,5,25,11,low,8,0.375,2677,8,98.9,yes,2023-02-12
P02925,Press,Sensor,Composite,Nordic Motion,Finland,96.41,0.211,27,27,28,critical,7,0.093,8214,12,79.9,yes,2023-05-26
P02926,Assembly,Sensor,Stainless Steel,Activa Parts,Netherlands,93.41,0.325,16,20,6,critical,2,0.246,5186,11,117.6,yes,2024-09-29
P02927,Lathe,Seal,Ceramic,Activa Parts,Germany,15.27,0.038,17,0,32,medium,8,0.734,3239,9,128.2,yes,2023-10-11
P02928,Lathe,Bearing,Stainless Steel,EuroMech,Finland,161.86,0.439,13,30,16,low,4,0.462,3906,13,136.2,no,2023-12-27
P02929,CNC-Mill,Belt,Composite,FlowCore,Germany,74.32,0.213,12,38,18,high,8,0.611,3937,9,99.1,yes,2024-05-26
P02930,Packaging,Valve,Steel,Activa Parts,Germany,332.16,1.324,19,8,28,low,6,0.209,7819,9,129.0,yes,2024-10-30
P02931,Conveyor,Filter,Brass,MotionHub,Czech Republic,18.96,0.749,14,7,20,low,6,0.386,7175,10,103.6,no,2023-01-03
P02932,Lathe,Filter,Composite,MotionHub,Italy,31.24,0.153,9,19,11,low,6,0.137,7435,12,115.2,yes,2023-09-27
P02933,Lathe,Gear,Stainless Steel,EuroMech,Sweden,218.71,1.293,22,23,30,low,7,0.088,9293,5,127.1,yes,2025-01-23
P02934,Lathe,Bearing,Steel,PreciseTech,Netherlands,73.83,1.318,13,39,9,medium,7,0.599,6462,10,151.9,no,2024-04-04
P02935,CNC-Mill,Controller,Stainless Steel,Activa Parts,Netherlands,1054.1,1.191,11,34,16,low,4,0.158,11405,2,54.0,yes,2024-11-10
P02936,Press,Belt,Composite,Nordic Motion,Poland,51.32,0.455,19,30,20,high,8,0.543,2771,14,93.6,yes,2025-03-04
P02937,Lathe,Cable,Brass,SensorWorks,Poland,10.17,0.367,18,13,7,high,7,0.205,8948,23,104.1,yes,2024-11-19
P02938,Packaging,Valve,Steel,FlowCore,Poland,165.93,1.646,17,25,20,low,5,0.238,12261,7,128.2,yes,2023-09-17
P02939,Packaging,Controller,Composite,Nordic Motion,Poland,950.2,1.872,16,23,17,medium,7,0.116,14668,5,85.7,yes,2024-09-28
P02940,Conveyor,Gear,Stainless Steel,FlowCore,Germany,337.68,1.472,17,42,19,medium,8,0.28,7733,10,106.6,yes,2024-11-29
P02941,Conveyor,Gear,Composite,EuroMech,Germany,73.35,1.674,18,17,27,low,7,0.257,8226,7,121.8,yes,2025-02-16
P02942,Lathe,Bearing,Brass,Nordic Motion,Poland,57.48,0.507,17,18,16,low,9,0.432,8093,7,140.7,yes,2024-05-10
P02943,Conveyor,Bearing,Brass,Nordic Motion,Netherlands,103.54,0.713,24,21,27,critical,3,0.26,5605,10,129.6,no,2023-08-15
P02944,Packaging,Seal,Brass,SensorWorks,Germany,12.79,0.051,15,31,26,medium,10,0.488,1825,6,138.1,yes,2023-02-25
P02945,Assembly,Bearing,Steel,Nordic Motion,Finland,80.47,1.11,17,0,21,low,7,0.772,5491,14,132.7,no,2023-02-06
P02946,Conveyor,Gear,Brass,SensorWorks,Germany,117.45,1.568,10,44,18,low,4,0.103,5736,7,118.8,no,2024-08-14
P02947,Packaging,Sensor,Brass,MotionHub,Italy,138.56,0.258,18,16,29,low,9,0.228,7405,7,95.5,yes,2025-03-05
P02948,Packaging,Sensor,Stainless Steel,Activa Parts,Czech Republic,90.1,0.271,11,34,6,low,5,0.368,7063,4,85.3,yes,2023-12-17
P02949,Assembly,Tooling,Stainless Steel,PreciseTech,Germany,134.72,4.511,15,0,17,medium,10,0.618,4048,7,82.4,yes,2023-12-03
P02950,Assembly,Cable,Composite,SensorWorks,Italy,19.93,1.302,17,24,14,high,5,0.161,10498,16,114.6,no,2025-03-22
P02951,Assembly,Controller,Stainless Steel,MotionHub,Sweden,642.98,0.968,9,27,12,low,8,0.096,14009,7,56.0,no,2023-02-02
P02952,Assembly,Pump,Stainless Steel,Nordic Motion,Sweden,459.82,6.748,12,19,20,low,6,0.102,8382,9,106.3,no,2025-03-02
P02953,Assembly,Sensor,Steel,SensorWorks,Sweden,128.27,0.238,24,41,24,critical,4,0.245,9219,9,73.3,no,2023-08-11
P02954,Packaging,Controller,Polymer,Activa Parts,Czech Republic,535.81,1.565,18,17,22,high,3,0.071,14642,5,58.2,no,2024-04-01
P02955,Press,Controller,Aluminum,Activa Parts,Italy,664.25,1.301,13,37,21,low,2,0.061,15069,5,81.0,yes,2023-03-17
P02956,Packaging,Gear,Steel,PreciseTech,Czech Republic,119.71,2.562,20,19,18,medium,7,0.32,9093,6,113.4,yes,2024-04-28
P02957,Press,Gear,Ceramic,PreciseTech,Italy,173.02,1.699,16,31,20,high,3,0.113,9561,6,143.3,yes,2024-07-21
P02958,Press,Gear,Polymer,Activa Parts,Finland,100.18,1.657,26,13,25,critical,7,0.388,9478,12,109.1,yes,2023-02-09
P02959,Packaging,Filter,Steel,SensorWorks,Sweden,32.38,0.246,18,40,8,critical,7,0.248,6487,11,111.9,yes,2024-06-17
P02960,Assembly,Filter,Polymer,Activa Parts,Poland,28.36,0.3,18,4,19,high,3,0.152,5187,15,110.2,yes,2023-07-18
P02961,Lathe,Sensor,Ceramic,Nordic Motion,Finland,107.43,0.185,21,22,21,high,8,0.326,4325,5,102.4,yes,2023-10-17
P02962,CNC-Mill,Bearing,Ceramic,Nordic Motion,Italy,106.64,0.631,14,51,23,low,5,0.407,3486,9,150.9,no,2024-06-28
P02963,Press,Bearing,Steel,MotionHub,Netherlands,69.4,0.889,20,32,28,critical,6,0.582,6213,9,121.0,yes,2024-02-02
P02964,Press,Motor,Stainless Steel,MotionHub,Czech Republic,675.75,6.056,10,30,25,high,6,0.09,10955,2,89.3,yes,2024-10-25
P02965,Conveyor,Motor,Stainless Steel,EuroMech,Netherlands,660.48,9.082,23,24,27,low,7,0.355,9724,2,79.6,no,2023-02-15
P02966,Press,Filter,Polymer,EuroMech,Netherlands,43.81,0.328,15,18,26,medium,7,0.374,7416,17,101.2,yes,2024-07-16
P02967,Packaging,Seal,Composite,Nordic Motion,Italy,12.51,0.056,11,21,25,high,9,1.009,3396,6,99.9,yes,2024-02-04
P02968,Packaging,Belt,Aluminum,Activa Parts,Finland,31.39,0.349,7,38,4,medium,7,0.974,4188,7,113.8,yes,2024-03-10
P02969,Conveyor,Motor,Stainless Steel,MotionHub,Finland,211.18,14.256,10,24,13,low,7,0.103,10914,4,83.4,yes,2025-03-02
P02970,Press,Controller,Composite,MotionHub,Germany,1614.63,0.527,26,32,19,critical,1,0.102,5804,4,65.2,yes,2024-08-21
P02971,Assembly,Pump,Polymer,EuroMech,Sweden,331.24,11.288,15,38,19,medium,5,0.218,11155,10,79.7,yes,2025-01-11
P02972,Lathe,Gear,Stainless Steel,FlowCore,Germany,251.23,1.567,27,46,27,high,8,0.252,6383,8,114.4,yes,2023-12-10
P02973,Packaging,Cable,Aluminum,PreciseTech,Germany,21.91,1.123,13,33,22,low,3,0.412,9659,17,97.2,yes,2023-09-22
P02974,Lathe,Seal,Brass,PreciseTech,Finland,13.16,0.052,28,17,25,critical,8,0.456,1924,6,117.1,yes,2023-08-03
P02975,Press,Bearing,Stainless Steel,PreciseTech,Poland,39.79,0.628,7,40,11,low,6,0.315,5653,8,144.4,yes,2023-06-25
P02976,Conveyor,Valve,Polymer,Activa Parts,Finland,172.1,1.312,13,49,16,high,6,0.199,8595,8,127.8,yes,2025-01-12
P02977,Assembly,Motor,Stainless Steel,SensorWorks,Germany,444.67,8.331,16,38,13,high,3,0.298,13971,8,108.3,yes,2024-04-12
P02978,Press,Cable,Stainless Steel,Nordic Motion,Czech Republic,34.43,0.734,15,30,18,medium,5,0.301,8340,19,98.3,no,2023-07-20
P02979,Conveyor,Bearing,Aluminum,FlowCore,Poland,161.16,0.608,24,23,20,critical,3,0.274,5493,14,142.4,no,2023-09-18
P02980,Packaging,Valve,Ceramic,SensorWorks,Netherlands,322.21,1.148,13,40,14,high,5,0.089,9666,11,149.3,yes,2023-06-22
P02981,Assembly,Sensor,Composite,PreciseTech,Czech Republic,74.82,0.347,10,0,23,medium,6,0.568,6861,13,69.9,yes,2023-02-18
P02982,Packaging,Gear,Steel,SensorWorks,Czech Republic,35.8,2.743,9,38,10,medium,7,0.571,6704,9,113.9,no,2024-06-10
P02983,CNC-Mill,Valve,Composite,FlowCore,Finland,184.72,0.985,11,48,22,medium,3,0.204,10760,7,119.9,yes,2024-12-10
P02984,Lathe,Tooling,Ceramic,SensorWorks,Netherlands,224.2,2.767,10,27,16,low,10,0.48,2636,9,125.1,no,2023-09-22
P02985,Assembly,Cable,Steel,Activa Parts,Germany,27.76,0.71,11,44,17,high,5,0.269,8956,17,120.4,yes,2023-08-02
P02986,Lathe,Filter,Ceramic,PreciseTech,Italy,16.57,0.305,13,43,19,low,8,0.341,6649,15,121.4,yes,2023-07-06
P02987,Packaging,Pump,Ceramic,MotionHub,Sweden,334.76,6.153,30,3,29,low,5,0.371,9509,4,124.9,yes,2023-12-03
P02988,Press,Seal,Composite,PreciseTech,Netherlands,22.37,0.056,23,4,15,medium,8,0.535,2820,4,122.4,yes,2025-01-13
P02989,CNC-Mill,Controller,Ceramic,Nordic Motion,Poland,377.57,1.496,10,21,16,medium,4,0.145,16221,1,78.5,no,2023-05-04
P02990,Press,Gear,Composite,MotionHub,Italy,153.2,1.538,13,40,22,medium,6,0.103,8802,10,110.6,no,2024-07-13
P02991,Assembly,Sensor,Polymer,SensorWorks,Sweden,222.9,0.51,21,20,9,high,4,0.634,7160,9,95.5,no,2024-10-29
P02992,Assembly,Controller,Steel,FlowCore,Netherlands,339.71,1.047,11,24,31,high,4,0.143,8365,3,45.0,yes,2024-02-02
P02993,Assembly,Belt,Stainless Steel,PreciseTech,Finland,22.75,0.278,14,32,17,high,5,0.447,3602,10,101.6,yes,2024-10-03
P02994,Conveyor,Tooling,Aluminum,MotionHub,Finland,185.4,1.902,26,18,21,critical,10,0.471,3713,3,93.7,yes,2023-03-03
P02995,CNC-Mill,Motor,Ceramic,MotionHub,Sweden,515.87,11.19,17,18,20,high,8,0.121,11856,5,131.0,yes,2023-04-19
P02996,CNC-Mill,Motor,Steel,Nordic Motion,Sweden,280.64,14.495,10,14,4,low,5,0.18,15421,11,85.7,yes,2024-09-21
P02997,Assembly,Belt,Steel,SensorWorks,Netherlands,40.65,0.248,22,3,20,high,4,0.176,2806,1,123.7,yes,2023-10-01
P02998,Press,Bearing,Brass,MotionHub,Finland,96.14,0.648,14,22,22,high,4,0.331,4833,7,145.5,no,2023-04-25
P02999,Packaging,Sensor,Polymer,Activa Parts,Finland,93.65,0.209,14,1,11,low,4,0.196,8700,5,93.9,yes,2024-03-15
P03000,Assembly,Controller,Composite,PreciseTech,Italy,592.55,1.479,14,19,17,medium,4,0.125,16780,1,50.4,yes,2023-11-02
P03001,Conveyor,Seal,Steel,Activa Parts,Poland,10.82,0.045,20,24,25,medium,10,0.804,2328,1,121.5,yes,2023-05-25
P03002,Packaging,Motor,Steel,EuroMech,Netherlands,337.3,12.688,14,0,24,high,5,0.054,14555,2,119.6,yes,2023-10-10
P03003,Packaging,Gear,Aluminum,EuroMech,Germany,191.76,3.548,18,21,24,medium,3,0.082,8651,6,118.7,yes,2023-04-21
P03004,Press,Seal,Ceramic,SensorWorks,Czech Republic,22.81,0.058,23,0,38,critical,9,0.709,2733,4,145.2,yes,2023-06-02
P03005,Press,Sensor,Steel,EuroMech,Italy,103.91,0.351,16,30,27,medium,2,0.132,7114,9,85.8,yes,2023-03-11
P03006,Assembly,Bearing,Polymer,EuroMech,Netherlands,114.26,0.939,19,27,19,medium,2,0.225,5401,5,143.1,yes,2024-11-17
P03007,Press,Tooling,Steel,Activa Parts,Finland,116.89,2.997,12,19,11,medium,9,0.488,2769,13,111.0,yes,2024-08-29
P03008,Press,Tooling,Brass,Nordic Motion,Sweden,175.37,3.491,12,27,21,low,9,0.224,2840,3,104.3,no,2024-04-26
P03009,CNC-Mill,Controller,Composite,SensorWorks,Germany,855.93,1.098,20,46,26,low,5,0.182,15005,5,67.4,yes,2023-02-07
P03010,Press,Bearing,Composite,Nordic Motion,Germany,80.84,0.576,12,27,17,low,8,0.135,4675,4,142.0,yes,2023-08-22
P03011,Packaging,Cable,Aluminum,EuroMech,Poland,75.73,0.494,17,23,19,medium,6,0.092,8176,14,107.7,no,2024-07-10
P03012,CNC-Mill,Cable,Brass,PreciseTech,Germany,28.1,1.39,10,30,14,medium,2,0.173,7225,21,125.1,yes,2024-01-18
P03013,Packaging,Filter,Brass,Nordic Motion,Sweden,28.98,0.402,15,27,15,medium,6,0.127,7660,12,85.4,yes,2024-09-10
P03014,Press,Tooling,Steel,EuroMech,Sweden,181.64,1.335,25,15,17,high,6,0.375,3276,6,118.2,yes,2024-05-14
P03015,Lathe,Sensor,Aluminum,Activa Parts,Germany,209.21,0.141,14,44,15,low,2,0.19,4930,7,92.5,no,2024-08-26
P03016,Conveyor,Motor,Steel,FlowCore,Czech Republic,661.69,16.154,15,23,17,high,5,0.154,12281,5,109.8,no,2024-07-08
P03017,CNC-Mill,Filter,Stainless Steel,MotionHub,Germany,39.92,0.239,15,43,12,low,4,0.084,7326,12,94.4,yes,2023-06-30
P03018,CNC-Mill,Tooling,Stainless Steel,Activa Parts,Sweden,130.69,1.629,11,15,17,low,9,0.739,3021,13,119.6,yes,2023-11-03
P03019,Packaging,Pump,Stainless Steel,FlowCore,Finland,283.95,6.295,15,29,6,medium,4,0.393,9453,8,124.7,yes,2024-05-27
P03020,Press,Seal,Brass,SensorWorks,Czech Republic,30.21,0.049,9,30,25,medium,8,0.332,2945,12,123.6,yes,2024-03-31
P03021,Conveyor,Gear,Steel,Nordic Motion,Sweden,245.3,2.467,18,27,23,medium,5,0.147,5309,4,114.9,yes,2023-05-17
P03022,Assembly,Bearing,Aluminum,FlowCore,Italy,137.36,1.29,22,27,15,medium,7,0.318,6454,11,139.9,no,2023-11-17
P03023,Assembly,Gear,Aluminum,EuroMech,Czech Republic,173.94,1.145,26,12,26,high,4,0.354,4601,3,98.8,yes,2023-03-11
P03024,CNC-Mill,Controller,Ceramic,MotionHub,Sweden,969.61,1.208,17,18,19,critical,3,0.167,15833,1,80.0,no,2023-04-23
P03025,Packaging,Gear,Ceramic,Activa Parts,Czech Republic,151.03,1.284,18,55,29,medium,1,0.225,9115,3,123.0,yes,2023-01-13
P03026,Assembly,Filter,Aluminum,FlowCore,Sweden,31.9,0.266,17,5,21,medium,5,0.268,10390,15,103.9,yes,2025-01-25
P03027,Lathe,Gear,Aluminum,EuroMech,Sweden,79.56,1.897,10,29,21,medium,5,0.288,5890,10,117.0,no,2025-03-06
P03028,Lathe,Controller,Polymer,Activa Parts,Finland,471.12,0.694,24,25,24,critical,8,0.086,12660,3,68.4,yes,2023-08-18
P03029,Lathe,Tooling,Composite,Nordic Motion,Czech Republic,140.97,1.69,13,54,23,medium,5,0.599,2279,13,101.1,no,2024-01-17
P03030,Conveyor,Tooling,Ceramic,FlowCore,Germany,101.97,5.069,17,34,18,high,7,0.323,3708,13,131.8,yes,2023-11-28
P03031,Conveyor,Sensor,Stainless Steel,Nordic Motion,Finland,140.08,0.272,19,11,10,critical,6,0.283,4961,7,93.8,yes,2025-03-11
P03032,CNC-Mill,Belt,Composite,FlowCore,Sweden,35.19,0.366,14,13,21,low,8,0.228,3711,5,126.3,no,2025-02-03
P03033,Assembly,Belt,Brass,Nordic Motion,Poland,58.61,0.309,19,47,26,critical,7,0.575,2737,9,115.7,no,2024-10-31
P03034,Lathe,Sensor,Composite,MotionHub,Netherlands,134.9,0.159,20,16,21,medium,6,0.196,7265,8,84.4,no,2024-06-01
P03035,Lathe,Controller,Aluminum,SensorWorks,Finland,609.68,1.701,10,55,30,medium,6,0.12,15656,1,57.0,yes,2024-10-09
P03036,Press,Sensor,Composite,Activa Parts,Germany,93.58,0.233,6,47,12,medium,8,0.626,6964,11,87.2,yes,2023-11-24
P03037,Press,Motor,Polymer,MotionHub,Italy,517.47,13.487,12,25,11,medium,6,0.097,6799,7,101.5,no,2024-08-05
P03038,Assembly,Valve,Brass,MotionHub,Poland,381.11,1.546,17,58,20,low,3,0.243,6990,8,144.0,yes,2023-05-24
P03039,Press,Valve,Aluminum,EuroMech,Finland,298.33,1.802,18,28,16,medium,4,0.232,10404,2,131.6,yes,2025-03-14
P03040,CNC-Mill,Sensor,Aluminum,Nordic Motion,Poland,96.77,0.442,16,13,20,high,7,0.123,6879,6,88.4,yes,2023-08-09
P03041,Assembly,Cable,Polymer,EuroMech,Finland,29.96,0.793,11,38,0,medium,8,0.199,7246,18,114.7,no,2023-10-11
P03042,Assembly,Sensor,Brass,EuroMech,Finland,161.63,0.282,13,19,13,high,4,0.153,3205,14,91.6,yes,2024-08-12
P03043,Conveyor,Controller,Ceramic,Nordic Motion,Germany,1883.42,1.05,19,6,27,high,6,0.119,17593,7,70.9,no,2024-02-18
P03044,CNC-Mill,Belt,Steel,SensorWorks,Sweden,30.91,0.52,15,17,16,high,6,0.409,2869,7,93.9,yes,2023-08-16
P03045,Conveyor,Gear,Ceramic,Nordic Motion,Italy,213.75,1.753,18,17,6,medium,5,0.17,5636,8,130.9,yes,2024-04-04
P03046,Conveyor,Seal,Polymer,FlowCore,Poland,11.73,0.034,7,43,14,high,7,1.765,2386,3,137.2,yes,2024-11-26
P03047,Assembly,Seal,Aluminum,PreciseTech,Poland,33.01,0.042,22,19,20,low,9,0.393,2715,3,125.9,yes,2023-04-27
P03048,Conveyor,Filter,Aluminum,EuroMech,Finland,26.76,0.237,12,47,9,low,6,0.107,7463,13,101.9,yes,2023-07-25
P03049,CNC-Mill,Belt,Steel,MotionHub,Germany,62.09,0.315,9,51,8,low,5,0.23,2844,6,99.9,yes,2023-11-23
P03050,Press,Seal,Aluminum,Activa Parts,Sweden,30.23,0.042,16,34,22,medium,4,0.217,2296,6,132.9,yes,2023-01-08
P03051,CNC-Mill,Bearing,Stainless Steel,MotionHub,Poland,134.88,0.651,23,14,25,critical,5,0.231,4272,15,154.7,yes,2024-07-26
P03052,CNC-Mill,Tooling,Composite,SensorWorks,Czech Republic,50.76,2.185,14,27,5,low,6,0.542,2996,5,111.3,yes,2024-12-16
P03053,Assembly,Bearing,Polymer,PreciseTech,Poland,85.52,0.47,14,27,15,medium,7,0.243,5463,10,150.5,no,2023-11-23
P03054,Conveyor,Valve,Steel,SensorWorks,Italy,173.69,0.981,21,12,16,medium,3,0.203,11261,3,150.0,no,2023-11-08
P03055,Press,Belt,Stainless Steel,PreciseTech,Poland,54.88,0.361,16,41,16,medium,7,0.522,3087,7,101.8,yes,2024-03-29
P03056,Lathe,Valve,Ceramic,EuroMech,Netherlands,274.58,1.613,14,36,30,low,5,0.04,11325,3,152.1,yes,2024-07-11
P03057,CNC-Mill,Valve,Brass,MotionHub,Germany,217.11,1.305,16,20,18,low,6,0.205,4289,5,145.4,yes,2024-02-28
P03058,Conveyor,Gear,Polymer,Activa Parts,Czech Republic,238.58,0.937,15,56,18,medium,3,0.496,6369,5,108.0,yes,2023-04-03
P03059,CNC-Mill,Filter,Brass,MotionHub,Czech Republic,39.4,0.321,19,6,29,low,4,0.241,7895,13,50.8,yes,2024-01-06
P03060,Press,Belt,Polymer,SensorWorks,Czech Republic,42.49,0.344,20,7,30,medium,5,0.311,3639,8,106.8,yes,2023-12-06
P03061,Lathe,Sensor,Polymer,MotionHub,Netherlands,195.26,0.272,14,48,26,low,6,0.404,7878,7,93.4,yes,2024-01-11
P03062,Packaging,Bearing,Brass,Nordic Motion,Netherlands,76.98,1.143,23,0,23,critical,8,0.358,4425,10,148.8,no,2024-05-31
P03063,CNC-Mill,Controller,Stainless Steel,PreciseTech,Poland,732.02,2.006,16,70,17,medium,8,0.168,12340,9,80.7,yes,2024-01-18
P03064,Conveyor,Sensor,Polymer,Nordic Motion,Czech Republic,173.62,0.531,25,16,30,high,6,0.128,5693,9,80.6,yes,2023-09-21
P03065,Packaging,Cable,Ceramic,MotionHub,Sweden,16.65,0.725,8,29,24,medium,3,0.139,8650,22,140.2,yes,2024-08-24
P03066,Press,Sensor,Brass,Activa Parts,Finland,200.47,0.479,15,4,27,low,3,0.297,4573,12,68.5,yes,2023-07-31
P03067,Conveyor,Controller,Composite,MotionHub,Finland,1642.24,0.906,20,21,31,medium,6,0.098,12740,5,75.5,yes,2023-11-11
P03068,Conveyor,Bearing,Brass,Activa Parts,Germany,44.82,0.938,22,36,21,medium,5,0.359,5250,13,138.2,no,2024-01-25
P03069,Press,Cable,Polymer,FlowCore,Sweden,37.42,0.361,16,40,29,medium,6,0.173,5219,17,110.8,yes,2024-09-06
P03070,Packaging,Pump,Brass,EuroMech,Italy,371.92,7.918,8,31,15,high,6,0.087,6612,6,105.7,yes,2023-04-27
P03071,Conveyor,Cable,Polymer,MotionHub,Poland,31.5,0.528,23,12,25,critical,3,0.151,7188,20,94.5,no,2024-05-06
P03072,Assembly,Motor,Brass,SensorWorks,Sweden,354.36,10.869,13,22,17,low,4,0.092,15549,6,89.0,yes,2024-10-21
P03073,Lathe,Seal,Brass,EuroMech,Germany,14.92,0.057,7,26,19,medium,8,0.64,2195,10,133.3,yes,2025-03-14
P03074,Lathe,Bearing,Ceramic,MotionHub,Sweden,83.69,1.057,8,31,16,low,7,0.414,4902,6,151.6,yes,2023-05-21
P03075,CNC-Mill,Belt,Brass,PreciseTech,Czech Republic,13.94,0.325,12,32,30,medium,9,0.195,4129,7,90.5,no,2023-10-19
P03076,Lathe,Sensor,Steel,EuroMech,Finland,120.15,0.27,12,31,18,high,6,0.28,8839,9,77.0,yes,2023-05-07
P03077,Assembly,Motor,Brass,SensorWorks,Poland,441.34,10.678,2,54,10,high,7,0.109,19206,7,101.2,yes,2023-04-26
P03078,Packaging,Valve,Brass,Activa Parts,Netherlands,258.87,1.261,19,30,19,low,4,0.26,9300,10,131.0,yes,2023-02-23
P03079,Packaging,Motor,Polymer,EuroMech,Italy,243.55,19.109,16,31,18,low,1,0.266,10847,2,106.4,yes,2023-10-03
P03080,Packaging,Sensor,Brass,Nordic Motion,Italy,136.19,0.557,15,25,10,low,5,0.357,7796,10,107.3,yes,2024-11-26
P03081,Lathe,Bearing,Ceramic,FlowCore,Netherlands,77.57,0.991,12,33,18,low,6,0.452,6020,17,168.6,yes,2023-04-17
P03082,Packaging,Motor,Composite,EuroMech,Germany,239.71,7.645,11,24,11,low,4,0.217,9861,2,91.9,yes,2023-03-03
P03083,Press,Bearing,Aluminum,MotionHub,Sweden,58.53,1.105,17,14,11,medium,6,0.147,5083,10,141.6,yes,2023-01-09
P03084,Lathe,Valve,Steel,FlowCore,Finland,343.84,2.208,19,0,14,low,3,0.409,10333,6,146.3,yes,2024-02-06
P03085,Conveyor,Bearing,Composite,Activa Parts,Poland,74.84,0.566,16,51,16,low,4,0.581,6196,15,154.3,no,2023-11-25
P03086,Assembly,Bearing,Composite,PreciseTech,Sweden,204.6,0.617,23,0,22,low,7,0.182,6495,8,128.5,no,2023-08-21
P03087,Conveyor,Valve,Aluminum,EuroMech,Italy,201.84,2.557,14,30,13,medium,7,0.056,10664,10,124.8,yes,2024-07-20
P03088,Press,Pump,Stainless Steel,PreciseTech,Poland,760.38,9.013,17,40,33,high,7,0.297,12192,4,118.0,no,2023-02-28
P03089,Assembly,Seal,Aluminum,PreciseTech,Finland,13.7,0.03,17,29,15,low,7,0.616,3381,1,129.1,no,2024-09-18
P03090,Conveyor,Gear,Ceramic,PreciseTech,Italy,131.65,1.521,9,29,11,medium,7,0.32,9116,10,139.5,yes,2024-02-06
P03091,Conveyor,Bearing,Polymer,PreciseTech,Poland,76.12,0.726,24,0,28,critical,7,0.208,5594,10,143.5,yes,2024-09-15
P03092,Conveyor,Bearing,Steel,PreciseTech,Italy,57.06,0.897,21,29,28,medium,6,0.682,6153,9,151.1,no,2024-11-19
P03093,Packaging,Bearing,Composite,FlowCore,Sweden,97.63,0.67,11,39,17,low,5,0.153,5973,8,129.8,yes,2023-07-08
P03094,Conveyor,Valve,Ceramic,Nordic Motion,Poland,131.2,1.516,12,46,10,medium,4,0.163,11934,2,153.9,yes,2024-11-11
P03095,Assembly,Cable,Stainless Steel,Activa Parts,Italy,22.76,0.94,24,38,24,high,7,0.313,8497,23,110.5,no,2023-07-26
P03096,Press,Valve,Stainless Steel,Activa Parts,Poland,78.07,2.36,15,15,25,medium,5,0.145,7860,11,141.5,no,2025-01-20
P03097,Packaging,Seal,Composite,EuroMech,Netherlands,11.44,0.071,16,18,14,low,8,0.715,2241,5,125.9,yes,2023-08-24
P03098,Packaging,Sensor,Ceramic,FlowCore,Czech Republic,143.34,0.449,5,15,5,medium,3,0.266,6113,15,102.3,yes,2023-08-04
P03099,Lathe,Motor,Composite,MotionHub,Poland,854.92,9.81,19,0,16,medium,4,0.156,11778,5,95.6,yes,2025-02-14
P03100,Lathe,Sensor,Aluminum,EuroMech,Netherlands,175.2,0.383,18,73,19,medium,4,0.232,6112,8,74.2,yes,2024-08-24
P03101,Lathe,Seal,Ceramic,EuroMech,Italy,32.75,0.073,8,36,12,low,8,0.432,2677,3,119.6,yes,2023-09-26
P03102,Lathe,Cable,Ceramic,Activa Parts,Sweden,19.57,0.906,20,51,24,medium,6,0.153,8894,19,122.1,yes,2023-02-08
P03103,Press,Pump,Aluminum,Activa Parts,Netherlands,776.63,10.107,14,29,9,low,6,0.261,8990,6,117.8,yes,2024-03-30
P03104,Lathe,Valve,Aluminum,SensorWorks,Sweden,498.7,1.453,20,16,27,medium,9,0.107,12010,4,142.6,yes,2025-01-16
P03105,Press,Gear,Ceramic,PreciseTech,Sweden,112.56,2.887,6,22,12,low,3,0.153,9712,7,127.5,yes,2023-03-25
P03106,Press,Tooling,Stainless Steel,FlowCore,Czech Republic,65.57,1.454,2,30,21,high,7,0.556,2906,9,122.0,no,2023-10-24
P03107,Packaging,Belt,Polymer,MotionHub,Netherlands,42.04,0.28,24,29,24,low,7,0.069,2931,9,99.1,yes,2024-03-31
P03108,Lathe,Pump,Composite,SensorWorks,Netherlands,146.96,10.266,12,44,13,high,5,0.236,6180,4,103.2,yes,2024-09-29
P03109,Press,Cable,Ceramic,MotionHub,Italy,41.46,0.935,24,0,28,high,8,0.338,6249,18,117.7,yes,2024-07-10
P03110,Packaging,Valve,Stainless Steel,Nordic Motion,Finland,182.39,1.915,15,33,17,medium,5,0.304,7629,6,138.5,no,2024-05-16
P03111,Assembly,Gear,Stainless Steel,Activa Parts,Finland,116.69,1.859,13,17,25,medium,5,0.237,7793,5,100.9,yes,2024-05-14
P03112,Lathe,Sensor,Stainless Steel,Activa Parts,Germany,96.37,0.299,16,11,17,medium,5,0.249,5915,8,92.6,yes,2024-06-27
P03113,Assembly,Belt,Stainless Steel,PreciseTech,Finland,32.07,0.451,20,13,30,medium,5,0.39,3316,7,108.4,yes,2024-05-16
P03114,Press,Valve,Steel,Activa Parts,Sweden,313.03,2.175,11,19,20,medium,6,0.08,7075,8,129.2,yes,2025-02-07
P03115,Packaging,Bearing,Steel,SensorWorks,Netherlands,48.06,0.682,21,16,22,medium,7,0.388,4684,14,136.2,yes,2023-12-01
P03116,Conveyor,Sensor,Steel,FlowCore,Netherlands,109.2,0.17,15,17,14,medium,4,0.284,8796,11,110.0,yes,2025-01-23
P03117,CNC-Mill,Bearing,Polymer,Nordic Motion,Italy,50.78,0.797,18,23,13,medium,6,0.232,4761,8,128.6,yes,2025-03-10
P03118,Lathe,Valve,Stainless Steel,Activa Parts,Netherlands,339.66,1.142,14,38,20,critical,5,0.254,8673,7,118.3,yes,2025-01-03
P03119,Lathe,Gear,Steel,EuroMech,Netherlands,289.45,1.311,15,16,17,high,5,0.232,6138,10,116.9,yes,2023-12-12
P03120,Conveyor,Motor,Brass,FlowCore,Sweden,663.92,10.22,17,24,23,medium,4,0.105,12343,7,106.0,yes,2024-03-31
P03121,Press,Valve,Brass,MotionHub,Czech Republic,327.69,2.695,9,9,15,high,1,0.129,9629,6,137.7,no,2024-04-04
P03122,Press,Sensor,Steel,MotionHub,Sweden,127.56,0.388,10,37,21,low,6,0.313,6867,6,82.0,no,2023-03-24
P03123,CNC-Mill,Cable,Ceramic,SensorWorks,Poland,30.21,0.509,14,19,24,medium,7,0.32,6550,24,124.2,no,2024-07-11
P03124,Press,Controller,Stainless Steel,EuroMech,Germany,701.77,1.029,6,47,18,low,5,0.105,10089,6,74.6,no,2024-01-08
P03125,Press,Belt,Polymer,FlowCore,Finland,51.81,0.366,9,34,11,high,10,0.232,4402,2,103.9,yes,2023-06-01
P03126,Lathe,Sensor,Ceramic,Nordic Motion,Italy,128.49,0.324,9,8,0,medium,7,0.138,6523,12,118.0,yes,2023-09-11
P03127,Assembly,Belt,Aluminum,FlowCore,Netherlands,33.43,0.336,12,3,25,medium,7,0.31,3061,4,104.4,yes,2024-09-27
P03128,Press,Bearing,Steel,MotionHub,Netherlands,157.54,0.353,17,46,24,medium,3,0.782,3668,13,133.9,yes,2023-12-03
P03129,Conveyor,Cable,Polymer,Activa Parts,Germany,23.83,1.508,12,39,32,low,6,0.169,9543,18,98.4,yes,2024-12-05
P03130,Lathe,Motor,Stainless Steel,EuroMech,Sweden,643.39,10.777,18,22,12,low,4,0.281,11558,10,94.7,yes,2023-07-27
P03131,Press,Bearing,Aluminum,FlowCore,Poland,51.1,0.397,13,17,19,high,5,0.897,5777,11,146.7,no,2023-11-07
P03132,Lathe,Belt,Composite,Nordic Motion,Sweden,46.08,0.303,6,53,25,high,5,0.711,2378,5,96.9,no,2024-11-19
P03133,Conveyor,Pump,Steel,SensorWorks,Poland,360.05,12.09,15,12,10,low,7,0.139,11389,4,116.1,yes,2023-10-20
P03134,Assembly,Bearing,Steel,MotionHub,Italy,78.76,0.99,17,27,24,low,7,0.575,6064,8,162.3,yes,2024-07-15
P03135,Assembly,Motor,Stainless Steel,MotionHub,Finland,560.97,9.285,17,13,22,medium,8,0.122,8386,4,92.9,yes,2023-04-25
P03136,Conveyor,Sensor,Aluminum,SensorWorks,Poland,110.45,0.23,21,41,23,critical,1,0.081,5445,11,105.2,no,2024-10-19
P03137,Packaging,Bearing,Steel,Activa Parts,Czech Republic,80.48,1.228,19,22,28,low,6,0.258,4634,10,167.8,yes,2024-04-04
P03138,Conveyor,Bearing,Brass,EuroMech,Sweden,50.47,0.485,24,40,20,low,5,0.445,6830,6,133.1,yes,2023-06-19
P03139,Assembly,Cable,Composite,SensorWorks,Netherlands,21.5,0.434,24,22,21,critical,9,0.396,9040,23,96.8,yes,2024-09-12
P03140,Packaging,Gear,Composite,EuroMech,Italy,95.21,0.747,24,22,34,critical,5,0.115,7028,6,105.3,yes,2025-02-23
P03141,Lathe,Sensor,Composite,MotionHub,Sweden,211.65,0.227,12,26,27,medium,4,0.101,6087,13,84.9,no,2024-02-22
P03142,Press,Sensor,Steel,Activa Parts,Netherlands,146.86,0.291,12,44,17,medium,4,0.174,8551,6,99.5,yes,2024-08-21
P03143,Lathe,Belt,Stainless Steel,FlowCore,Netherlands,21.33,0.253,18,46,7,low,7,0.383,2587,9,98.0,yes,2023-01-16
P03144,Conveyor,Valve,Composite,Activa Parts,Finland,94.2,1.771,12,17,14,low,4,0.074,6715,11,154.6,yes,2023-09-07
P03145,Conveyor,Pump,Polymer,MotionHub,Czech Republic,379.81,7.826,9,5,14,high,4,0.29,9681,5,101.4,yes,2025-02-13
P03146,Lathe,Belt,Ceramic,Nordic Motion,Czech Republic,34.62,0.277,10,17,7,medium,7,0.671,2705,6,133.7,yes,2023-03-13
P03147,Conveyor,Motor,Steel,SensorWorks,Italy,444.32,10.494,21,31,17,critical,4,0.092,14898,6,100.1,yes,2024-05-01
P03148,CNC-Mill,Tooling,Aluminum,Activa Parts,Czech Republic,108.83,3.019,14,35,13,low,8,0.505,1900,7,108.5,yes,2023-07-04
P03149,Packaging,Tooling,Brass,EuroMech,Italy,171.14,2.819,26,22,23,high,7,1.111,3128,9,114.9,yes,2024-07-24
P03150,CNC-Mill,Belt,Brass,Activa Parts,Poland,27.57,0.202,27,20,28,critical,8,0.509,2620,9,81.5,yes,2024-01-28
P03151,Lathe,Gear,Stainless Steel,FlowCore,Poland,143.21,1.174,5,22,10,high,4,0.221,9202,8,120.4,yes,2024-06-21
P03152,CNC-Mill,Controller,Composite,MotionHub,Sweden,1018.43,0.592,17,38,18,low,7,0.116,16933,3,77.3,yes,2023-09-05
P03153,Lathe,Motor,Aluminum,PreciseTech,Sweden,556.5,6.11,19,13,17,low,3,0.091,12095,2,116.5,yes,2024-07-17
P03154,Assembly,Belt,Brass,MotionHub,Germany,28.23,0.425,22,37,17,medium,9,0.237,2850,7,88.0,no,2024-02-11
P03155,CNC-Mill,Tooling,Polymer,EuroMech,Germany,121.93,2.482,13,46,16,medium,8,0.326,1859,3,110.9,yes,2024-03-20
P03156,Conveyor,Sensor,Aluminum,MotionHub,Germany,75.39,0.755,18,10,27,high,6,0.188,4311,7,91.6,yes,2024-10-06
P03157,Press,Controller,Brass,SensorWorks,Italy,669.13,1.501,21,24,33,low,2,0.048,15095,4,96.0,yes,2023-01-15
P03158,Assembly,Pump,Composite,Nordic Motion,Italy,648.98,8.118,29,25,12,medium,5,0.212,7970,10,115.2,yes,2023-12-26
P03159,Packaging,Filter,Polymer,SensorWorks,Sweden,25.37,0.2,13,26,12,medium,2,0.151,7937,14,87.7,no,2024-01-01
P03160,Press,Bearing,Brass,EuroMech,Finland,55.22,0.529,17,15,15,medium,6,0.27,5502,10,159.0,yes,2023-07-14
P03161,Assembly,Gear,Aluminum,MotionHub,Sweden,151.45,1.609,21,34,26,low,4,0.391,11688,9,128.2,no,2025-02-11
P03162,Press,Sensor,Polymer,PreciseTech,Germany,75.2,0.622,8,3,4,low,3,0.404,5104,3,81.4,yes,2023-06-05
P03163,CNC-Mill,Gear,Steel,SensorWorks,Sweden,132.69,1.241,12,51,12,medium,4,0.304,9278,7,91.5,yes,2024-12-19
P03164,Press,Controller,Composite,PreciseTech,Germany,585.59,1.665,18,0,26,medium,4,0.208,17420,2,62.0,yes,2023-08-10
P03165,Assembly,Seal,Stainless Steel,MotionHub,Netherlands,10.16,0.049,3,26,6,low,7,0.302,1789,5,126.4,yes,2025-01-10
P03166,CNC-Mill,Filter,Stainless Steel,SensorWorks,Netherlands,64.81,0.26,22,13,23,low,6,0.341,9041,15,104.6,yes,2023-02-12
P03167,Lathe,Sensor,Polymer,Activa Parts,Germany,178.39,0.45,14,40,23,low,5,0.126,2597,3,77.0,yes,2024-08-22
P03168,Assembly,Motor,Brass,MotionHub,Czech Republic,183.04,9.97,17,36,23,high,8,0.164,14558,6,106.3,yes,2025-02-16
P03169,Press,Filter,Brass,PreciseTech,Italy,43.3,0.187,17,32,24,high,5,0.365,9788,12,83.9,yes,2023-03-10
P03170,Press,Seal,Steel,FlowCore,Italy,13.06,0.047,19,26,23,medium,7,0.689,4340,2,123.6,yes,2024-09-08
P03171,Packaging,Gear,Aluminum,FlowCore,Finland,199.31,1.565,18,24,24,medium,6,0.259,5961,5,94.1,no,2025-02-16
P03172,Lathe,Filter,Polymer,SensorWorks,Poland,49.34,0.351,19,36,26,high,4,0.339,5935,12,80.8,yes,2024-02-03
P03173,Lathe,Valve,Composite,Nordic Motion,Netherlands,197.32,1.355,27,12,23,critical,5,0.125,10681,1,132.4,yes,2024-11-12
P03174,CNC-Mill,Belt,Ceramic,Nordic Motion,Germany,21.59,0.888,21,37,19,critical,7,0.273,3448,4,99.4,yes,2024-01-06
P03175,Lathe,Bearing,Polymer,Nordic Motion,Germany,90.69,1.648,10,38,21,medium,6,0.763,4172,4,147.8,no,2024-10-25
P03176,Conveyor,Controller,Composite,Activa Parts,Poland,785.92,1.458,16,28,17,medium,4,0.172,14552,9,45.0,yes,2023-06-23
P03177,Lathe,Belt,Polymer,Activa Parts,Czech Republic,15.84,0.681,13,38,15,medium,8,0.308,3326,12,99.4,yes,2024-11-08
P03178,Conveyor,Bearing,Stainless Steel,FlowCore,Netherlands,87.11,0.429,17,13,19,medium,7,0.389,5449,8,156.3,no,2023-04-06
P03179,Lathe,Sensor,Stainless Steel,EuroMech,Italy,96.38,0.21,12,55,8,medium,4,0.895,7740,3,70.2,yes,2023-02-20
P03180,CNC-Mill,Pump,Steel,PreciseTech,Sweden,488.82,9.631,21,0,28,critical,3,0.202,8298,7,101.5,yes,2023-05-19
P03181,Assembly,Pump,Composite,Activa Parts,Finland,242.89,6.043,8,41,5,medium,5,0.422,10170,5,102.1,no,2024-07-28
P03182,Press,Motor,Aluminum,PreciseTech,Netherlands,256.51,6.66,10,32,19,medium,7,0.149,12842,4,91.0,yes,2023-10-06
P03183,Lathe,Bearing,Aluminum,EuroMech,Finland,101.0,0.683,19,21,15,low,9,0.756,4535,12,138.4,yes,2023-09-07
P03184,CNC-Mill,Seal,Ceramic,PreciseTech,Netherlands,15.13,0.052,6,47,10,low,4,0.389,1417,11,150.0,yes,2023-12-15
P03185,Lathe,Motor,Steel,Activa Parts,Sweden,602.45,18.968,16,24,25,high,5,0.083,11979,1,100.2,no,2024-06-10
P03186,Assembly,Tooling,Polymer,MotionHub,Germany,80.5,1.768,25,30,31,critical,8,0.403,3905,4,102.6,yes,2025-02-14
P03187,Conveyor,Seal,Stainless Steel,SensorWorks,Netherlands,10.61,0.053,4,40,18,medium,7,0.768,2623,5,122.5,yes,2025-03-18
P03188,CNC-Mill,Belt,Stainless Steel,PreciseTech,Finland,57.64,0.448,9,16,20,high,6,0.168,3541,11,114.9,no,2024-02-04
P03189,Packaging,Filter,Composite,PreciseTech,Poland,24.47,0.254,24,35,20,critical,7,0.312,6294,15,107.2,yes,2025-02-17
P03190,CNC-Mill,Controller,Stainless Steel,PreciseTech,Czech Republic,439.35,0.975,16,40,8,high,2,0.142,10666,2,76.3,yes,2023-08-28
P03191,Press,Motor,Brass,EuroMech,Finland,439.06,14.005,15,30,9,medium,4,0.224,11476,6,128.7,yes,2024-11-03
P03192,CNC-Mill,Cable,Ceramic,FlowCore,Finland,18.38,0.846,15,51,16,low,3,0.126,9166,20,125.2,yes,2024-09-02
P03193,Press,Filter,Stainless Steel,MotionHub,Sweden,31.27,0.219,24,4,28,medium,8,0.256,9085,17,86.7,yes,2024-11-21
P03194,Packaging,Cable,Aluminum,Nordic Motion,Germany,40.41,0.97,24,5,28,low,7,0.307,6638,21,111.0,yes,2025-02-12
P03195,CNC-Mill,Bearing,Brass,FlowCore,Sweden,40.91,0.789,11,35,22,high,6,0.501,5084,11,134.8,yes,2023-05-31
P03196,Press,Filter,Steel,PreciseTech,Germany,33.76,0.404,19,72,23,low,7,0.106,7650,13,91.7,yes,2024-12-02
P03197,CNC-Mill,Gear,Ceramic,Nordic Motion,Sweden,143.68,2.142,15,30,3,medium,4,0.122,5918,6,136.2,yes,2024-12-23
P03198,Conveyor,Seal,Aluminum,Nordic Motion,Germany,18.03,0.052,18,6,16,medium,6,0.656,2605,10,134.4,yes,2024-08-14
P03199,Assembly,Bearing,Ceramic,Nordic Motion,Italy,83.68,0.926,19,12,21,high,6,0.131,6854,6,150.0,yes,2024-10-12
P03200,Conveyor,Motor,Steel,FlowCore,Czech Republic,870.24,7.58,22,19,26,medium,4,0.211,14268,4,111.3,yes,2023-06-13
P03201,Conveyor,Sensor,Stainless Steel,MotionHub,Poland,105.55,0.308,23,21,34,low,6,0.352,8787,7,100.4,yes,2023-11-15
P03202,Assembly,Filter,Brass,MotionHub,Sweden,17.64,0.389,13,15,16,low,6,0.324,5807,13,93.8,yes,2023-10-16
P03203,CNC-Mill,Belt,Polymer,Nordic Motion,Italy,27.92,0.24,13,20,15,low,5,0.585,3023,8,108.6,yes,2024-01-27
P03204,Assembly,Gear,Steel,Activa Parts,Germany,118.65,2.031,10,8,17,medium,7,0.171,6508,5,112.3,yes,2024-12-26
P03205,CNC-Mill,Controller,Ceramic,PreciseTech,Finland,717.29,0.861,10,40,22,high,7,0.213,16159,5,83.7,yes,2024-11-09
P03206,Lathe,Gear,Brass,MotionHub,Sweden,96.83,2.7,19,6,24,medium,5,0.315,8113,9,104.0,no,2023-12-21
P03207,Packaging,Seal,Steel,EuroMech,Poland,26.47,0.051,17,0,22,low,8,0.324,2613,5,128.9,yes,2023-06-18
P03208,Packaging,Cable,Aluminum,PreciseTech,Poland,31.2,0.909,13,40,20,high,3,0.303,7092,16,100.1,yes,2024-01-28
P03209,Assembly,Sensor,Steel,SensorWorks,Poland,120.29,0.211,16,21,23,medium,6,0.211,7039,5,84.9,no,2023-01-21
P03210,Press,Bearing,Composite,MotionHub,Sweden,125.19,0.986,22,29,18,high,8,0.554,6633,7,158.9,yes,2023-03-24
P03211,CNC-Mill,Bearing,Composite,SensorWorks,Germany,69.69,0.901,13,37,19,low,10,0.118,4719,9,140.8,yes,2025-01-28
P03212,Conveyor,Seal,Aluminum,Nordic Motion,Finland,13.08,0.033,10,33,15,high,7,0.76,2085,8,123.4,yes,2023-02-02
P03213,Press,Pump,Polymer,Activa Parts,Germany,424.36,7.607,17,18,32,low,8,0.241,8290,2,109.2,yes,2023-12-28
P03214,CNC-Mill,Cable,Polymer,SensorWorks,Poland,18.17,0.657,18,24,27,low,5,0.436,6720,21,113.8,yes,2025-03-07
P03215,Lathe,Bearing,Ceramic,SensorWorks,Finland,85.24,0.645,13,54,11,medium,7,0.517,4589,9,145.5,yes,2023-04-10
P03216,Packaging,Tooling,Brass,PreciseTech,Finland,180.81,1.818,25,30,26,critical,7,0.275,2203,8,121.8,no,2023-03-23
P03217,Lathe,Bearing,Composite,SensorWorks,Sweden,75.61,1.306,14,42,22,medium,6,0.354,7108,7,157.5,yes,2024-11-04
P03218,CNC-Mill,Cable,Steel,SensorWorks,Germany,21.93,0.47,3,8,12,low,4,0.342,7836,17,128.8,no,2023-07-26
P03219,Lathe,Pump,Ceramic,FlowCore,Poland,423.8,10.386,15,16,24,medium,10,0.324,8598,5,121.3,no,2024-09-24
P03220,Assembly,Sensor,Stainless Steel,FlowCore,Netherlands,94.08,0.27,20,37,32,critical,7,0.082,6075,12,82.8,yes,2024-01-10
P03221,Assembly,Seal,Composite,FlowCore,Sweden,13.87,0.099,18,38,22,low,8,0.753,2129,5,124.7,no,2024-03-06
P03222,Lathe,Bearing,Stainless Steel,PreciseTech,Sweden,90.2,0.814,7,61,9,medium,4,0.487,5933,9,149.8,no,2023-01-09
P03223,CNC-Mill,Filter,Brass,FlowCore,Poland,22.99,0.411,16,34,9,medium,5,0.465,7072,10,91.8,no,2023-01-15
P03224,Packaging,Tooling,Ceramic,EuroMech,Poland,146.66,3.317,10,19,18,low,7,0.199,2137,3,155.7,no,2023-10-30
P03225,Assembly,Cable,Brass,FlowCore,Czech Republic,20.35,0.686,18,23,24,critical,4,0.153,8031,20,111.3,yes,2023-02-27
P03226,Assembly,Cable,Polymer,FlowCore,Netherlands,9.87,0.583,10,18,24,high,7,0.332,8008,18,114.2,yes,2024-03-08
P03227,CNC-Mill,Sensor,Stainless Steel,PreciseTech,Sweden,143.99,0.233,12,41,8,low,4,0.29,5547,13,89.2,no,2024-09-01
P03228,Press,Motor,Steel,FlowCore,Germany,691.57,10.57,10,26,10,low,3,0.169,11593,4,108.8,no,2024-05-14
P03229,Assembly,Motor,Stainless Steel,Nordic Motion,Czech Republic,314.79,15.213,10,23,19,high,4,0.112,8944,6,120.5,yes,2023-02-17
P03230,CNC-Mill,Controller,Aluminum,SensorWorks,Sweden,781.21,0.918,13,19,13,low,3,0.142,19421,3,52.1,yes,2023-10-31
P03231,Packaging,Filter,Aluminum,EuroMech,Germany,52.22,0.452,27,18,30,medium,3,0.24,6951,16,100.9,yes,2024-05-09
P03232,CNC-Mill,Belt,Aluminum,SensorWorks,Italy,29.8,0.284,8,31,24,medium,6,0.491,3797,11,112.9,yes,2023-05-28
P03233,Assembly,Gear,Ceramic,Activa Parts,Finland,129.18,1.197,9,26,11,medium,4,0.417,6529,8,125.5,no,2024-05-06
P03234,Assembly,Seal,Stainless Steel,PreciseTech,Netherlands,13.47,0.055,9,27,11,low,2,0.517,2680,4,118.4,yes,2023-09-29
P03235,Conveyor,Controller,Steel,SensorWorks,Finland,1176.19,1.582,6,42,10,medium,4,0.154,17991,2,62.8,no,2024-02-06
P03236,Conveyor,Belt,Stainless Steel,Nordic Motion,Poland,62.03,0.273,17,63,25,low,5,0.65,3109,12,92.3,yes,2023-02-20
P03237,Packaging,Controller,Composite,FlowCore,Czech Republic,443.21,1.091,19,23,13,critical,6,0.117,16296,2,54.5,no,2023-08-07
P03238,Packaging,Pump,Steel,SensorWorks,Netherlands,327.99,13.172,12,10,19,medium,6,0.617,10377,1,115.1,no,2024-03-01
P03239,Press,Seal,Aluminum,Nordic Motion,Finland,24.07,0.052,18,23,30,medium,8,0.557,2065,7,118.3,yes,2024-02-28
P03240,CNC-Mill,Motor,Polymer,FlowCore,Poland,246.15,16.185,25,12,24,medium,5,0.081,5539,3,117.4,yes,2024-07-05
P03241,Conveyor,Sensor,Steel,Activa Parts,Germany,324.2,0.339,9,19,22,high,4,0.196,7042,11,85.5,yes,2024-12-25
P03242,Assembly,Filter,Ceramic,FlowCore,Netherlands,24.92,0.427,10,27,8,high,5,0.279,7410,9,112.0,yes,2023-11-02
P03243,Press,Filter,Brass,PreciseTech,Sweden,64.98,0.293,10,8,13,medium,5,0.157,7592,12,95.3,yes,2024-01-05
P03244,Conveyor,Motor,Aluminum,Activa Parts,Sweden,620.81,8.321,21,24,20,low,2,0.074,11331,6,105.5,yes,2023-11-08
P03245,Conveyor,Cable,Polymer,FlowCore,Czech Republic,26.81,0.674,12,29,9,high,6,0.158,8207,17,86.0,yes,2024-06-09
P03246,CNC-Mill,Motor,Ceramic,FlowCore,Finland,927.77,21.827,19,16,13,low,8,0.058,9922,6,132.3,yes,2023-02-16
P03247,Press,Belt,Steel,EuroMech,Netherlands,31.49,0.383,24,39,26,low,9,0.481,3709,8,118.1,no,2023-08-06
P03248,Packaging,Pump,Steel,SensorWorks,Finland,379.43,15.187,14,39,23,medium,4,0.156,9226,8,121.5,yes,2024-07-07
P03249,Press,Motor,Composite,EuroMech,Sweden,464.1,10.794,11,8,13,low,6,0.078,9233,8,96.0,yes,2023-03-23
P03250,Press,Pump,Stainless Steel,EuroMech,Italy,428.86,6.363,16,19,10,medium,6,0.103,11452,5,114.7,yes,2023-04-18
P03251,Conveyor,Seal,Polymer,EuroMech,Czech Republic,24.98,0.111,20,21,25,critical,9,0.716,2655,4,149.8,yes,2024-04-14
P03252,Press,Sensor,Ceramic,PreciseTech,Italy,117.75,0.268,11,25,10,high,6,0.11,4649,10,86.1,yes,2024-08-18
P03253,Lathe,Gear,Polymer,MotionHub,Poland,96.44,1.554,9,22,7,medium,5,0.632,9766,5,99.3,yes,2025-03-24
P03254,Assembly,Gear,Polymer,Activa Parts,Poland,96.0,1.464,23,29,27,high,7,0.134,6950,14,117.3,yes,2024-08-22
P03255,Lathe,Bearing,Stainless Steel,MotionHub,Germany,127.56,0.658,26,30,30,low,7,0.337,4486,8,125.2,no,2023-02-01
P03256,Packaging,Seal,Ceramic,PreciseTech,Finland,18.51,0.051,19,11,28,medium,8,0.657,2596,11,137.8,no,2023-05-23
P03257,Conveyor,Gear,Composite,MotionHub,Sweden,155.73,2.258,12,13,16,medium,2,0.248,7649,5,109.3,yes,2024-12-04
P03258,Conveyor,Seal,Ceramic,SensorWorks,Poland,16.15,0.075,10,23,12,high,9,0.302,2563,9,151.9,yes,2023-04-10
P03259,Press,Motor,Brass,SensorWorks,Sweden,903.52,12.075,13,47,12,medium,7,0.173,13599,4,110.5,yes,2024-05-25
P03260,Packaging,Sensor,Brass,Activa Parts,Germany,59.82,0.154,15,28,23,high,6,0.308,9655,3,86.3,no,2023-05-01
P03261,Packaging,Valve,Stainless Steel,SensorWorks,Sweden,325.12,1.667,13,34,10,high,3,0.296,7747,9,135.5,yes,2025-03-23
P03262,Lathe,Gear,Stainless Steel,EuroMech,Poland,111.43,2.189,16,32,14,medium,4,0.434,6473,6,101.2,yes,2023-09-23
P03263,Press,Sensor,Brass,Nordic Motion,Sweden,292.83,0.41,22,23,25,high,5,0.122,7516,4,87.9,no,2024-12-22
P03264,CNC-Mill,Seal,Steel,FlowCore,Germany,8.77,0.041,20,16,16,high,8,0.945,2345,8,106.5,yes,2024-10-12
P03265,CNC-Mill,Cable,Aluminum,EuroMech,Netherlands,18.41,0.447,11,61,11,low,7,0.282,10029,19,107.6,yes,2024-01-17
P03266,Lathe,Belt,Ceramic,Nordic Motion,Finland,29.86,0.525,20,19,29,medium,6,0.62,4228,4,138.2,yes,2023-05-30
P03267,Conveyor,Bearing,Brass,SensorWorks,Poland,107.88,0.493,16,31,19,high,7,0.189,4509,14,130.0,no,2023-03-11
P03268,Lathe,Valve,Steel,EuroMech,Sweden,189.86,1.318,19,0,36,medium,9,0.146,10737,6,120.5,yes,2023-06-04
P03269,Conveyor,Seal,Stainless Steel,EuroMech,Poland,16.86,0.04,16,55,12,medium,8,0.685,2277,14,111.6,yes,2023-04-11
P03270,Lathe,Sensor,Polymer,PreciseTech,Czech Republic,165.13,0.199,11,30,11,low,8,0.181,5188,8,94.0,yes,2024-06-16
P03271,Press,Seal,Brass,SensorWorks,Poland,12.31,0.041,11,21,9,medium,8,0.359,2704,7,108.4,no,2023-10-06
P03272,CNC-Mill,Sensor,Ceramic,SensorWorks,Czech Republic,125.2,0.163,10,5,18,medium,4,0.285,7396,4,91.1,yes,2024-04-21
P03273,Assembly,Filter,Polymer,MotionHub,Italy,54.53,0.157,26,7,20,critical,6,0.076,8401,17,90.1,no,2023-12-07
P03274,Conveyor,Tooling,Steel,Activa Parts,Poland,162.43,1.836,19,8,20,critical,8,1.51,1957,7,101.3,yes,2023-08-06
P03275,CNC-Mill,Controller,Steel,PreciseTech,Netherlands,722.05,0.766,11,39,11,low,5,0.076,11110,1,54.5,no,2024-10-26
P03276,CNC-Mill,Bearing,Polymer,Activa Parts,Finland,72.64,0.695,17,9,17,medium,9,0.331,5125,10,143.5,yes,2023-05-02
P03277,Assembly,Pump,Brass,SensorWorks,Netherlands,265.76,11.051,8,35,13,high,4,0.302,8449,8,133.3,yes,2024-08-19
P03278,Conveyor,Bearing,Steel,Activa Parts,Poland,69.47,0.881,18,48,27,high,6,0.164,4562,9,137.3,yes,2024-12-29
P03279,Conveyor,Seal,Brass,MotionHub,Finland,19.68,0.052,15,33,15,low,8,0.387,2448,7,118.1,yes,2024-08-01
P03280,Conveyor,Valve,Stainless Steel,PreciseTech,Germany,310.95,1.575,12,7,34,low,4,0.524,9797,5,116.4,yes,2024-12-28
P03281,Lathe,Gear,Aluminum,FlowCore,Netherlands,93.22,2.512,2,31,4,medium,6,0.254,7816,8,115.7,yes,2024-10-25
P03282,Press,Valve,Stainless Steel,PreciseTech,Poland,218.17,1.252,18,1,6,low,7,0.196,5398,7,135.1,yes,2023-04-16
P03283,CNC-Mill,Bearing,Composite,Activa Parts,Germany,39.14,1.075,11,38,16,high,6,0.266,6815,9,127.4,yes,2023-10-25
P03284,Assembly,Valve,Brass,MotionHub,Netherlands,170.06,0.981,12,41,8,low,3,0.229,8913,6,138.2,yes,2023-01-18
P03285,CNC-Mill,Motor,Composite,Activa Parts,Netherlands,887.92,10.294,12,28,0,low,6,0.213,14582,1,99.9,yes,2023-07-01
P03286,Conveyor,Bearing,Ceramic,EuroMech,Germany,77.72,0.741,21,24,20,medium,4,0.282,7258,13,158.1,yes,2023-02-04
P03287,Press,Seal,Aluminum,Nordic Motion,Germany,25.28,0.048,18,27,13,low,9,0.325,2114,7,145.4,yes,2024-03-14
P03288,Conveyor,Controller,Brass,PreciseTech,Germany,928.66,2.109,14,25,29,medium,2,0.128,16761,7,71.1,no,2023-10-21
P03289,Assembly,Motor,Stainless Steel,PreciseTech,Italy,481.02,14.4,14,37,12,low,3,0.11,8783,1,135.9,no,2024-12-27
P03290,Packaging,Motor,Ceramic,EuroMech,Germany,443.92,6.838,10,18,5,medium,8,0.072,15326,5,128.9,yes,2023-08-06
P03291,Press,Pump,Stainless Steel,SensorWorks,Poland,507.49,8.024,18,21,34,medium,5,0.342,6713,6,112.1,no,2024-02-11
P03292,Conveyor,Bearing,Stainless Steel,Nordic Motion,Netherlands,122.79,0.503,22,36,25,medium,7,0.661,5892,9,157.2,no,2024-05-13
P03293,Assembly,Seal,Composite,Activa Parts,Czech Republic,20.66,0.06,21,32,26,medium,8,0.622,2149,6,122.5,yes,2023-11-28
P03294,Packaging,Cable,Ceramic,SensorWorks,Italy,19.5,0.569,12,24,12,low,6,0.328,9717,21,116.9,no,2025-01-23
P03295,Assembly,Gear,Aluminum,Activa Parts,Italy,172.87,1.996,25,51,34,medium,3,0.316,8111,6,135.4,yes,2023-03-08
P03296,Assembly,Sensor,Composite,EuroMech,Finland,158.35,0.491,18,25,11,high,4,0.124,4849,7,87.7,yes,2023-01-13
P03297,Conveyor,Valve,Brass,MotionHub,Netherlands,178.06,1.872,14,28,10,low,4,0.124,13114,5,123.3,yes,2024-04-26
P03298,Assembly,Belt,Brass,EuroMech,Germany,33.86,0.484,16,21,14,high,9,0.222,4083,6,131.3,yes,2023-02-10
P03299,Packaging,Sensor,Composite,PreciseTech,Netherlands,178.38,0.277,25,24,28,medium,5,0.273,4207,9,86.4,yes,2024-12-17
P03300,Lathe,Filter,Polymer,PreciseTech,Finland,26.4,0.419,7,21,23,low,7,0.168,8402,7,96.5,yes,2024-08-17
P03301,Conveyor,Bearing,Ceramic,PreciseTech,Czech Republic,62.16,1.652,17,31,16,low,4,0.272,6050,10,141.0,yes,2023-08-03
P03302,Assembly,Bearing,Composite,PreciseTech,Czech Republic,103.17,1.245,14,14,19,medium,9,0.442,5076,8,160.0,yes,2023-08-02
P03303,Lathe,Cable,Polymer,Activa Parts,Italy,43.59,0.773,18,0,19,low,7,0.127,8255,20,123.5,yes,2023-05-06
P03304,Conveyor,Gear,Brass,FlowCore,Netherlands,62.01,2.88,15,44,19,low,4,0.147,7441,11,118.3,no,2024-02-01
P03305,Packaging,Sensor,Ceramic,EuroMech,Germany,118.67,0.2,13,23,13,low,5,0.228,4862,6,112.5,no,2024-04-03
P03306,Packaging,Belt,Brass,SensorWorks,Germany,53.39,0.65,21,22,30,low,9,0.529,3601,6,118.7,yes,2023-11-15
P03307,Conveyor,Filter,Ceramic,SensorWorks,Germany,54.65,0.248,16,11,8,low,6,0.095,6945,12,104.8,yes,2025-02-09
P03308,Packaging,Valve,Ceramic,EuroMech,Czech Republic,133.78,1.728,12,65,19,medium,4,0.213,10164,2,143.9,yes,2024-10-16
P03309,CNC-Mill,Bearing,Composite,EuroMech,Czech Republic,43.67,1.918,11,46,17,low,6,0.555,4665,14,135.7,yes,2024-02-28
P03310,Press,Pump,Ceramic,EuroMech,Germany,683.04,6.924,21,13,26,medium,7,0.142,9611,5,124.4,no,2023-05-05
P03311,Lathe,Valve,Polymer,EuroMech,Sweden,762.11,1.8,31,0,30,high,5,0.157,12322,14,108.6,yes,2023-07-20
P03312,Lathe,Controller,Composite,FlowCore,Czech Republic,394.1,1.015,15,19,9,critical,5,0.086,11382,3,68.2,yes,2024-07-18
P03313,Packaging,Seal,Steel,Activa Parts,Poland,22.05,0.05,21,30,26,critical,9,0.703,2588,7,110.6,no,2023-12-01
P03314,Assembly,Sensor,Composite,MotionHub,Poland,182.26,0.293,10,52,14,high,7,0.117,4195,8,77.4,yes,2023-11-27
P03315,Assembly,Bearing,Ceramic,Nordic Motion,Germany,57.23,1.109,24,18,29,critical,4,0.219,5540,13,142.6,no,2023-06-10
P03316,Assembly,Motor,Steel,Nordic Motion,Germany,503.58,17.279,20,17,18,low,3,0.43,11445,10,117.3,no,2023-08-21
P03317,Assembly,Gear,Composite,Activa Parts,Finland,237.83,2.46,29,19,29,critical,5,0.173,7900,5,107.5,yes,2024-08-22
P03318,Assembly,Pump,Polymer,FlowCore,Poland,272.28,15.315,10,35,18,medium,5,0.317,9078,8,110.9,yes,2023-06-21
P03319,Press,Bearing,Polymer,SensorWorks,Czech Republic,94.9,0.742,13,40,11,high,7,0.331,4078,5,131.0,yes,2024-04-17
P03320,Packaging,Motor,Brass,PreciseTech,Italy,544.2,13.682,19,31,24,low,10,0.176,9281,7,102.1,yes,2024-12-22
P03321,CNC-Mill,Motor,Polymer,Activa Parts,Italy,281.72,8.773,17,2,21,medium,5,0.071,10458,5,98.6,no,2023-08-21
P03322,Press,Filter,Stainless Steel,MotionHub,Poland,20.76,0.244,26,34,31,critical,4,0.113,8175,17,94.2,yes,2023-10-10
P03323,Packaging,Filter,Steel,Nordic Motion,Germany,41.21,0.292,18,40,18,high,5,0.064,11118,13,91.2,no,2024-03-01
P03324,CNC-Mill,Sensor,Steel,SensorWorks,Germany,60.29,0.177,16,53,24,critical,4,0.141,6482,5,69.6,yes,2024-06-25
P03325,Lathe,Bearing,Aluminum,Nordic Motion,Germany,107.23,1.482,22,5,21,medium,4,0.266,5421,8,144.4,yes,2023-09-25
P03326,CNC-Mill,Cable,Steel,Nordic Motion,Czech Republic,40.34,0.483,11,15,20,medium,5,0.148,7970,17,147.5,yes,2023-10-15
P03327,Assembly,Cable,Composite,Nordic Motion,Italy,38.21,0.482,22,22,16,high,7,0.428,6978,18,124.2,no,2023-11-09
P03328,Packaging,Pump,Polymer,Activa Parts,Poland,308.23,10.072,12,28,10,high,5,0.184,11502,2,113.5,no,2023-02-21
P03329,Press,Seal,Stainless Steel,Nordic Motion,Germany,16.92,0.062,23,0,21,low,9,0.577,2203,7,144.3,no,2023-08-21
P03330,CNC-Mill,Sensor,Stainless Steel,Activa Parts,Poland,71.93,0.222,5,51,16,high,3,0.129,6201,8,91.8,yes,2023-01-26
P03331,Lathe,Cable,Aluminum,EuroMech,Netherlands,35.43,0.395,13,20,16,high,3,0.212,9879,16,115.0,yes,2025-02-25
P03332,Packaging,Belt,Ceramic,Nordic Motion,Czech Republic,22.32,0.348,23,1,26,critical,9,0.63,2486,2,134.7,yes,2023-08-06
P03333,Lathe,Cable,Ceramic,MotionHub,Sweden,45.35,0.687,21,15,22,high,7,0.23,7093,20,135.9,yes,2024-03-26
P03334,Packaging,Filter,Polymer,FlowCore,Italy,44.23,0.671,5,48,21,medium,3,0.204,9329,9,106.5,yes,2023-11-06
P03335,Assembly,Pump,Aluminum,Nordic Motion,Finland,588.33,10.477,16,0,24,low,5,0.196,8939,6,104.7,no,2024-12-18
P03336,Press,Filter,Ceramic,FlowCore,Czech Republic,32.16,0.176,17,24,9,medium,9,0.156,8161,18,118.5,yes,2024-01-24
P03337,Packaging,Valve,Composite,EuroMech,Finland,242.73,2.861,14,11,15,medium,7,0.338,10070,7,141.3,yes,2024-06-10
P03338,Lathe,Seal,Stainless Steel,Nordic Motion,Italy,12.51,0.071,8,16,18,high,6,0.416,3548,11,106.5,yes,2024-09-12
P03339,Press,Motor,Stainless Steel,FlowCore,Czech Republic,921.75,12.046,19,19,42,critical,5,0.22,10953,6,105.7,yes,2024-07-02
P03340,Conveyor,Gear,Ceramic,SensorWorks,Finland,224.09,1.876,12,47,10,low,1,0.4,5400,10,133.8,yes,2025-02-06
P03341,Press,Gear,Aluminum,Activa Parts,Germany,164.26,2.508,15,38,24,low,5,0.129,8507,9,92.6,yes,2023-06-23
P03342,Conveyor,Pump,Stainless Steel,EuroMech,Germany,481.67,6.573,20,18,25,medium,7,0.116,8595,9,141.9,yes,2023-01-05
P03343,Conveyor,Belt,Ceramic,FlowCore,Sweden,26.79,0.231,11,22,21,low,10,0.561,3512,11,107.1,yes,2024-10-08
P03344,Assembly,Seal,Brass,Activa Parts,Finland,22.52,0.081,6,33,7,high,9,0.314,2302,1,114.8,yes,2023-06-24
P03345,CNC-Mill,Controller,Aluminum,EuroMech,Poland,453.55,0.678,17,38,31,low,4,0.134,6535,5,75.8,yes,2023-01-06
P03346,Press,Filter,Steel,EuroMech,Italy,38.16,0.203,17,26,21,low,1,0.331,6520,12,109.4,yes,2024-05-24
P03347,CNC-Mill,Valve,Polymer,MotionHub,Italy,246.79,3.051,12,23,28,medium,3,0.171,9146,2,136.8,yes,2024-11-18
P03348,CNC-Mill,Bearing,Stainless Steel,EuroMech,Netherlands,83.52,0.395,8,32,8,high,7,0.468,7207,9,128.7,yes,2024-11-13
P03349,Packaging,Seal,Ceramic,EuroMech,Italy,19.41,0.045,8,20,6,medium,8,0.418,2045,4,141.3,yes,2024-02-29
P03350,Conveyor,Tooling,Steel,SensorWorks,Czech Republic,155.76,1.83,16,19,14,medium,6,0.305,3329,6,126.4,yes,2023-11-26
P03351,Packaging,Sensor,Brass,PreciseTech,Czech Republic,87.78,0.211,13,31,21,medium,7,0.162,9252,10,96.3,yes,2024-09-30
P03352,Press,Sensor,Brass,SensorWorks,Sweden,114.01,0.288,9,33,11,low,6,0.211,6527,3,88.5,no,2024-11-04
P03353,Conveyor,Sensor,Composite,FlowCore,Finland,122.0,0.3,30,32,27,critical,6,0.193,5667,11,79.5,no,2023-01-01
P03354,Press,Sensor,Ceramic,SensorWorks,Poland,100.09,0.337,11,26,24,low,4,0.147,5936,9,88.2,yes,2023-07-26
P03355,CNC-Mill,Pump,Steel,PreciseTech,Poland,289.53,10.836,15,0,18,medium,6,0.162,8304,3,106.5,no,2025-01-14
P03356,Press,Filter,Ceramic,FlowCore,Finland,38.49,0.259,25,21,22,critical,7,0.085,9533,11,124.8,yes,2024-10-30
P03357,Assembly,Bearing,Composite,Nordic Motion,Germany,154.73,0.734,23,32,26,critical,6,0.331,4290,2,147.9,yes,2025-02-25
P03358,Lathe,Filter,Brass,SensorWorks,Germany,46.52,0.253,19,31,23,medium,4,0.332,7608,15,84.8,no,2023-06-12
P03359,Press,Sensor,Ceramic,Nordic Motion,Germany,105.99,0.317,10,18,14,medium,4,0.205,7841,5,118.5,yes,2024-10-29
P03360,Lathe,Sensor,Polymer,PreciseTech,Netherlands,152.33,0.219,17,58,29,low,8,0.378,4625,9,84.6,yes,2024-04-09
P03361,CNC-Mill,Bearing,Brass,FlowCore,Poland,66.9,0.821,14,62,22,medium,5,0.648,5750,9,154.1,yes,2023-04-03
P03362,Conveyor,Cable,Steel,MotionHub,Finland,45.11,0.831,15,25,18,high,4,0.178,7432,18,116.8,yes,2024-02-09
P03363,Lathe,Sensor,Ceramic,MotionHub,Netherlands,175.03,0.307,19,31,18,high,6,0.21,6503,11,100.2,yes,2024-03-14
P03364,Packaging,Bearing,Stainless Steel,PreciseTech,Czech Republic,148.5,2.534,31,29,17,critical,7,0.466,6600,8,135.3,yes,2024-06-18
P03365,CNC-Mill,Belt,Steel,PreciseTech,Sweden,37.42,0.476,15,20,21,medium,10,0.638,2364,5,119.3,yes,2023-04-27
P03366,CNC-Mill,Bearing,Composite,EuroMech,Netherlands,44.74,1.813,15,0,8,medium,7,0.377,5263,10,124.7,yes,2024-11-20
P03367,CNC-Mill,Filter,Ceramic,Activa Parts,Sweden,15.96,0.218,13,30,20,medium,3,0.313,7953,10,101.8,yes,2023-11-22
P03368,Press,Belt,Aluminum,FlowCore,Sweden,32.93,0.349,13,0,20,high,7,0.743,4522,1,96.2,yes,2023-10-04
P03369,Press,Filter,Steel,MotionHub,Poland,29.25,0.339,10,17,28,medium,2,0.161,8771,17,94.8,no,2024-04-24
P03370,Assembly,Gear,Polymer,MotionHub,Poland,127.89,1.199,14,19,7,low,4,0.146,5635,5,110.6,yes,2024-11-11
P03371,Press,Controller,Steel,SensorWorks,Poland,771.19,1.76,19,42,20,low,6,0.09,10021,10,57.3,yes,2024-02-11
P03372,Assembly,Filter,Stainless Steel,Activa Parts,Germany,22.34,0.185,4,42,7,high,3,0.292,7167,20,110.0,yes,2023-09-23
P03373,Conveyor,Gear,Steel,SensorWorks,Finland,55.65,2.47,21,23,15,medium,5,0.185,9727,10,108.8,no,2024-06-16
P03374,Packaging,Filter,Brass,PreciseTech,Italy,41.01,0.167,29,7,27,critical,1,0.415,5343,14,96.8,yes,2024-11-19
P03375,Lathe,Filter,Brass,FlowCore,Sweden,25.26,0.194,17,36,21,medium,2,0.181,10096,13,88.8,yes,2024-09-02
P03376,CNC-Mill,Filter,Aluminum,Activa Parts,Sweden,35.53,0.292,14,23,22,medium,6,0.314,8397,11,122.9,yes,2024-04-17
P03377,Lathe,Sensor,Brass,PreciseTech,Czech Republic,109.86,0.123,11,2,12,high,5,0.071,5954,8,80.9,yes,2023-03-19
P03378,Press,Bearing,Ceramic,PreciseTech,Sweden,159.66,0.665,19,19,19,medium,5,0.239,5344,6,140.7,yes,2023-09-06
P03379,CNC-Mill,Belt,Steel,Nordic Motion,Netherlands,25.53,0.261,16,37,26,low,6,0.722,3509,5,96.4,no,2023-01-12
P03380,Packaging,Bearing,Aluminum,SensorWorks,Finland,56.87,0.976,10,30,5,high,4,0.901,5377,14,130.0,yes,2023-03-31
P03381,CNC-Mill,Valve,Ceramic,Nordic Motion,Sweden,155.43,2.269,17,33,21,high,1,0.269,8175,11,139.6,yes,2023-01-27
P03382,Lathe,Seal,Ceramic,Activa Parts,Poland,25.18,0.063,17,8,19,medium,8,0.697,2636,11,142.0,yes,2023-09-08
P03383,Lathe,Pump,Polymer,EuroMech,Finland,670.79,7.635,24,40,28,low,4,0.109,5258,8,101.7,yes,2024-01-28
P03384,Conveyor,Cable,Stainless Steel,Activa Parts,Netherlands,19.63,0.458,23,26,29,critical,8,0.12,5665,15,118.1,no,2024-12-05
P03385,Packaging,Belt,Polymer,Activa Parts,Czech Republic,45.58,0.546,19,25,25,high,9,0.542,4131,1,114.4,yes,2024-05-01
P03386,Lathe,Cable,Aluminum,PreciseTech,Italy,25.12,1.129,16,27,19,high,4,0.193,10025,16,155.1,yes,2024-07-06
P03387,Conveyor,Sensor,Polymer,PreciseTech,Finland,48.26,0.329,17,35,21,low,2,0.134,6101,9,74.8,yes,2023-08-16
P03388,Assembly,Filter,Ceramic,PreciseTech,Netherlands,38.36,0.243,25,8,30,high,9,0.224,7227,10,109.5,no,2024-02-17
P03389,Assembly,Cable,Polymer,PreciseTech,Sweden,37.28,0.617,22,26,12,low,9,0.043,7264,22,110.6,yes,2023-04-23
P03390,Press,Bearing,Aluminum,Nordic Motion,Finland,76.84,0.882,11,30,16,high,3,0.696,7087,13,136.4,no,2023-11-08
P03391,Lathe,Filter,Brass,FlowCore,Netherlands,31.52,0.189,16,0,15,medium,3,0.202,7231,10,98.4,yes,2025-01-30
P03392,Press,Gear,Aluminum,Nordic Motion,Italy,129.62,2.558,12,18,10,high,3,0.146,7728,6,115.4,no,2024-03-23
P03393,Press,Seal,Ceramic,Activa Parts,Netherlands,14.42,0.075,10,11,13,medium,8,0.334,2214,1,139.8,no,2024-09-10
P03394,Packaging,Sensor,Composite,PreciseTech,Netherlands,143.1,0.171,15,30,20,low,5,0.23,7319,11,87.7,no,2024-04-16
P03395,Conveyor,Controller,Aluminum,SensorWorks,Sweden,1090.61,1.162,13,31,13,medium,6,0.152,12666,2,49.5,yes,2023-10-31
P03396,Lathe,Motor,Ceramic,Nordic Motion,Poland,920.63,6.093,19,22,23,high,6,0.15,14690,1,105.5,yes,2024-03-08
P03397,Lathe,Gear,Brass,FlowCore,Czech Republic,151.48,3.255,25,17,10,high,3,0.24,8891,7,127.3,yes,2023-12-26
P03398,Lathe,Cable,Stainless Steel,EuroMech,Finland,27.84,0.487,18,45,23,low,4,0.121,6982,21,93.2,yes,2023-05-16
P03399,CNC-Mill,Cable,Aluminum,FlowCore,Czech Republic,31.76,0.69,16,33,15,medium,5,0.57,8859,18,134.3,yes,2023-11-12
P03400,CNC-Mill,Pump,Brass,FlowCore,Czech Republic,325.84,11.946,10,12,13,high,4,0.257,10334,6,93.5,yes,2025-03-07
P03401,Assembly,Gear,Ceramic,FlowCore,Poland,143.31,1.556,10,20,8,medium,5,0.326,6727,4,128.0,yes,2024-11-17
P03402,CNC-Mill,Gear,Polymer,FlowCore,Italy,80.05,2.373,11,15,21,medium,4,0.604,7673,2,109.8,yes,2023-07-01
P03403,Lathe,Belt,Polymer,FlowCore,Italy,32.25,0.567,21,35,12,critical,6,0.198,2506,2,106.0,yes,2023-08-30
P03404,Press,Filter,Steel,EuroMech,Poland,48.89,0.436,25,29,25,high,6,0.351,9839,14,91.8,yes,2025-02-28
P03405,Lathe,Valve,Stainless Steel,MotionHub,Germany,253.47,1.151,18,15,21,critical,6,0.192,11668,5,113.9,yes,2025-03-03
P03406,CNC-Mill,Sensor,Polymer,MotionHub,Finland,143.37,0.154,8,28,12,medium,5,0.178,6401,3,84.2,yes,2024-02-20
P03407,Packaging,Motor,Aluminum,PreciseTech,Finland,624.05,5.66,16,27,29,low,3,0.099,13828,5,102.3,no,2023-12-12
P03408,Packaging,Pump,Polymer,Nordic Motion,Czech Republic,395.46,6.446,19,33,16,medium,3,0.243,9100,1,116.6,yes,2024-03-13
P03409,Conveyor,Filter,Ceramic,EuroMech,Czech Republic,38.43,0.303,22,10,25,critical,5,0.211,7962,18,126.3,yes,2023-06-07
P03410,Lathe,Seal,Polymer,FlowCore,Netherlands,10.17,0.048,10,44,17,medium,7,0.948,2475,6,123.8,no,2024-12-09
P03411,Conveyor,Sensor,Ceramic,SensorWorks,Germany,181.0,0.209,24,26,20,low,4,0.1,5345,8,119.9,yes,2023-10-26
P03412,Press,Seal,Aluminum,SensorWorks,Czech Republic,12.54,0.085,2,25,11,low,10,1.056,2772,10,127.4,no,2023-07-26
P03413,Press,Pump,Steel,MotionHub,Germany,687.27,15.263,31,6,27,critical,4,0.785,10453,5,111.1,yes,2023-01-13
P03414,Conveyor,Cable,Stainless Steel,FlowCore,Finland,35.65,0.678,25,0,23,medium,5,0.196,11846,16,115.5,yes,2024-06-24
P03415,Conveyor,Cable,Steel,PreciseTech,Sweden,14.17,0.59,22,49,20,medium,5,0.151,7419,18,106.1,no,2024-01-13
P03416,Packaging,Bearing,Aluminum,MotionHub,Czech Republic,132.52,0.653,21,24,15,medium,3,0.161,5314,15,137.1,yes,2025-01-04
P03417,Assembly,Pump,Brass,FlowCore,Finland,406.63,7.324,15,31,24,low,2,0.11,9497,2,113.3,no,2023-01-16
P03418,Packaging,Sensor,Steel,SensorWorks,Finland,183.75,0.126,20,30,15,low,5,0.127,5632,6,102.1,yes,2023-11-17
P03419,Conveyor,Cable,Composite,EuroMech,Poland,14.39,0.869,4,53,14,medium,3,0.199,5721,17,99.6,yes,2024-11-07
P03420,Packaging,Motor,Ceramic,MotionHub,Finland,594.29,11.211,19,0,24,high,6,0.188,9616,4,154.1,no,2024-02-22
P03421,Press,Valve,Composite,MotionHub,Italy,419.75,2.328,16,26,14,high,7,0.247,8688,5,120.4,yes,2023-05-22
P03422,Packaging,Motor,Ceramic,Nordic Motion,Sweden,901.15,10.048,19,19,22,low,4,0.097,8144,8,122.8,yes,2024-01-28
P03423,Press,Controller,Stainless Steel,EuroMech,Netherlands,579.27,0.836,17,47,23,low,4,0.118,11305,4,80.9,yes,2024-03-24
P03424,Conveyor,Sensor,Polymer,MotionHub,Netherlands,76.73,0.278,5,38,20,high,4,0.178,6351,7,85.1,yes,2023-11-29
P03425,Press,Belt,Ceramic,SensorWorks,Italy,61.84,0.467,14,18,18,medium,5,0.646,3477,7,139.5,yes,2023-06-04
P03426,CNC-Mill,Bearing,Ceramic,PreciseTech,Germany,168.92,0.893,21,21,16,medium,2,0.607,3409,13,137.9,no,2025-03-17
P03427,Packaging,Filter,Composite,FlowCore,Sweden,32.87,0.268,7,36,8,medium,3,0.427,8610,9,85.5,yes,2024-04-02
P03428,Packaging,Cable,Composite,SensorWorks,Netherlands,47.93,0.49,19,35,13,low,2,0.177,6728,23,97.3,no,2023-01-24
P03429,Conveyor,Motor,Steel,Activa Parts,Netherlands,551.41,10.544,19,13,32,medium,4,0.191,13161,7,110.8,yes,2023-03-28
P03430,Assembly,Filter,Aluminum,FlowCore,Poland,24.41,0.5,16,60,25,low,7,0.182,5002,15,99.0,yes,2024-02-20
P03431,CNC-Mill,Bearing,Steel,Activa Parts,Sweden,112.63,0.991,22,15,25,low,6,0.698,4862,19,134.7,no,2025-03-23
P03432,Conveyor,Gear,Brass,Activa Parts,Italy,129.49,5.883,13,47,15,high,7,0.556,8361,3,102.1,yes,2024-03-31
P03433,Assembly,Sensor,Steel,EuroMech,Netherlands,98.97,0.138,15,25,30,high,3,0.423,5447,10,78.6,yes,2023-08-20
P03434,Press,Filter,Ceramic,Nordic Motion,Poland,13.36,0.161,5,58,12,high,7,0.33,7709,8,113.0,yes,2024-08-03
P03435,Assembly,Bearing,Ceramic,MotionHub,Germany,77.11,0.502,21,11,22,critical,7,0.369,4917,10,172.6,no,2024-12-24
P03436,Packaging,Bearing,Ceramic,Nordic Motion,Finland,54.2,1.439,14,18,20,low,6,0.165,6694,12,154.7,yes,2024-07-19
P03437,Assembly,Gear,Aluminum,PreciseTech,Czech Republic,92.5,1.927,14,25,19,low,7,0.279,9695,2,107.4,no,2023-10-19
P03438,Packaging,Valve,Polymer,EuroMech,Germany,359.49,1.724,17,59,16,low,7,0.221,10671,5,116.3,yes,2024-05-23
P03439,Packaging,Gear,Brass,Activa Parts,Germany,72.37,2.156,22,49,20,critical,6,0.223,6255,1,112.9,yes,2024-10-04
P03440,CNC-Mill,Controller,Stainless Steel,MotionHub,Poland,487.2,1.041,17,36,23,medium,3,0.057,17872,7,81.3,yes,2025-02-20
P03441,Lathe,Gear,Brass,PreciseTech,Poland,159.17,1.144,17,45,18,low,5,0.319,9619,9,109.8,yes,2024-05-31
P03442,Conveyor,Filter,Brass,PreciseTech,Netherlands,20.19,0.228,9,44,11,medium,4,0.147,9554,15,99.5,yes,2023-09-03
P03443,Conveyor,Motor,Aluminum,SensorWorks,Poland,523.9,10.811,26,9,33,critical,9,0.178,15485,6,142.7,no,2024-09-17
P03444,Assembly,Tooling,Ceramic,MotionHub,Poland,163.51,4.882,10,28,11,medium,10,0.581,2995,8,137.3,yes,2023-09-07
P03445,CNC-Mill,Filter,Ceramic,SensorWorks,Czech Republic,37.04,0.297,7,0,11,high,4,0.158,7317,9,131.6,yes,2023-01-25
P03446,Conveyor,Bearing,Ceramic,FlowCore,Germany,99.93,0.646,24,10,17,critical,4,0.267,4107,10,159.4,yes,2024-05-30
P03447,Conveyor,Valve,Steel,EuroMech,Sweden,136.09,0.944,14,30,20,low,6,0.402,10981,11,152.7,yes,2023-11-19
P03448,Assembly,Bearing,Composite,MotionHub,Finland,158.93,0.946,19,15,18,high,6,0.444,4319,10,160.1,no,2024-02-16
P03449,CNC-Mill,Cable,Stainless Steel,Activa Parts,Czech Republic,36.27,0.839,17,27,20,medium,3,0.179,7917,19,89.8,yes,2023-10-15
P03450,Press,Motor,Polymer,Activa Parts,Sweden,1217.76,13.83,28,21,21,low,6,0.269,11293,3,113.4,yes,2024-07-08
P03451,CNC-Mill,Motor,Polymer,FlowCore,Italy,638.62,10.024,16,11,10,low,5,0.35,12436,6,91.8,yes,2024-04-06
P03452,Assembly,Filter,Ceramic,Nordic Motion,Finland,45.46,0.272,24,23,27,low,5,0.101,7178,10,112.0,yes,2023-07-18
P03453,Conveyor,Motor,Polymer,FlowCore,Czech Republic,607.3,10.01,26,37,28,critical,4,0.162,9852,6,118.1,yes,2023-10-27
P03454,Lathe,Motor,Composite,SensorWorks,Czech Republic,506.06,9.177,19,29,22,medium,2,0.104,12287,3,90.6,yes,2024-03-15
P03455,Press,Sensor,Stainless Steel,MotionHub,Poland,93.61,0.266,22,16,29,low,9,0.224,8657,7,85.7,no,2024-05-20
P03456,Lathe,Seal,Ceramic,PreciseTech,Germany,21.78,0.059,15,36,22,high,10,1.168,3249,8,153.0,yes,2023-09-05
P03457,Press,Sensor,Steel,PreciseTech,Finland,74.51,0.284,13,0,28,medium,3,0.233,4924,10,68.8,no,2025-01-29
P03458,CNC-Mill,Filter,Composite,MotionHub,Czech Republic,14.98,0.278,9,33,15,low,6,0.152,6193,15,119.7,no,2023-01-06
P03459,Press,Gear,Polymer,Activa Parts,Sweden,117.36,1.973,19,21,30,medium,4,0.403,10208,11,107.4,yes,2023-12-29
P03460,Packaging,Seal,Composite,Activa Parts,Poland,20.9,0.046,14,0,22,low,8,0.925,3252,6,129.5,yes,2023-05-28
P03461,Conveyor,Bearing,Aluminum,PreciseTech,Sweden,95.56,0.866,23,16,21,low,9,0.238,5901,12,144.1,yes,2024-12-21
P03462,Packaging,Sensor,Polymer,Nordic Motion,Netherlands,66.91,0.262,12,17,29,medium,7,0.189,6270,12,74.1,yes,2023-01-21
P03463,Packaging,Filter,Steel,EuroMech,Czech Republic,33.74,0.251,20,13,23,medium,3,0.704,10439,16,99.2,no,2025-03-13
P03464,Press,Sensor,Brass,Activa Parts,Italy,142.59,0.365,17,18,17,high,4,0.336,5859,2,69.1,yes,2024-03-16
P03465,Conveyor,Tooling,Ceramic,PreciseTech,Germany,183.46,4.792,4,41,8,medium,6,0.793,2836,2,148.6,yes,2023-12-08
P03466,Lathe,Tooling,Stainless Steel,PreciseTech,Czech Republic,142.9,2.008,4,51,9,medium,7,1.179,2984,4,112.8,yes,2023-09-05
P03467,CNC-Mill,Gear,Steel,MotionHub,Sweden,203.84,2.028,14,4,12,medium,6,0.115,7945,10,116.6,no,2024-06-15
P03468,Press,Filter,Brass,Activa Parts,Czech Republic,52.61,0.42,26,9,12,medium,4,0.219,7027,15,95.3,yes,2024-12-12
P03469,Lathe,Motor,Aluminum,SensorWorks,Czech Republic,450.89,16.829,21,42,27,medium,4,0.16,10087,4,117.0,no,2024-03-27
P03470,Packaging,Bearing,Brass,MotionHub,Finland,79.9,1.412,10,33,24,medium,10,0.486,3429,13,127.2,yes,2023-02-26
P03471,Conveyor,Sensor,Ceramic,Nordic Motion,Italy,97.72,0.243,24,0,16,low,6,0.251,7057,11,111.2,yes,2023-02-20
P03472,Assembly,Valve,Brass,Nordic Motion,Finland,181.75,1.54,13,0,12,low,5,0.144,8298,5,145.6,yes,2023-09-27
P03473,Packaging,Belt,Composite,EuroMech,Czech Republic,60.67,0.197,14,0,17,low,7,0.522,3253,4,95.4,no,2025-01-28
P03474,CNC-Mill,Motor,Stainless Steel,PreciseTech,Finland,769.92,8.422,15,23,27,high,4,0.201,7358,4,99.6,yes,2024-05-11
P03475,Packaging,Motor,Stainless Steel,Activa Parts,Finland,372.69,6.729,3,9,15,medium,5,0.313,17028,5,106.8,no,2023-02-23
P03476,CNC-Mill,Pump,Polymer,Nordic Motion,Finland,236.61,4.502,7,29,13,high,3,0.247,8857,7,104.2,yes,2024-11-05
P03477,Press,Seal,Stainless Steel,PreciseTech,Czech Republic,35.97,0.034,12,28,8,medium,8,0.649,2424,6,113.7,no,2023-10-31
P03478,Assembly,Filter,Brass,SensorWorks,Czech Republic,37.82,0.436,31,35,21,critical,4,0.15,8972,15,106.1,no,2024-11-11
P03479,CNC-Mill,Gear,Aluminum,Nordic Motion,Sweden,153.85,1.697,16,31,17,medium,4,0.218,9127,10,110.6,yes,2024-09-20
P03480,Assembly,Bearing,Steel,PreciseTech,Czech Republic,69.9,0.639,11,30,28,medium,9,0.405,4798,6,129.8,yes,2023-07-15
P03481,Press,Valve,Ceramic,EuroMech,Finland,135.47,1.039,14,24,29,low,5,0.34,7639,9,155.5,yes,2024-01-31
P03482,Lathe,Valve,Composite,SensorWorks,Finland,296.68,1.909,19,11,25,medium,3,0.202,11666,6,141.3,yes,2023-08-03
P03483,Packaging,Cable,Aluminum,EuroMech,Sweden,44.14,0.458,26,31,18,critical,4,0.137,6452,19,103.4,yes,2023-12-16
P03484,Press,Filter,Polymer,Activa Parts,Italy,16.03,0.305,18,32,19,low,4,0.191,6770,15,97.3,yes,2023-08-17
P03485,CNC-Mill,Seal,Ceramic,EuroMech,Netherlands,22.75,0.059,13,54,18,high,9,0.308,2455,10,128.0,no,2023-03-25
P03486,Assembly,Belt,Stainless Steel,Nordic Motion,Czech Republic,54.87,0.293,22,21,26,high,7,0.262,3159,1,133.6,yes,2024-07-23
P03487,CNC-Mill,Pump,Stainless Steel,FlowCore,Finland,250.0,7.977,26,0,18,medium,6,0.175,7666,4,117.4,yes,2024-02-28
P03488,Press,Tooling,Polymer,SensorWorks,Italy,225.52,2.629,32,7,30,critical,9,0.359,3243,8,116.0,yes,2024-11-11
P03489,CNC-Mill,Bearing,Steel,EuroMech,Poland,193.98,1.204,11,20,17,high,6,0.161,3744,14,146.9,yes,2024-05-16
P03490,Packaging,Cable,Steel,EuroMech,Sweden,18.92,1.183,19,42,26,medium,5,0.159,8004,22,114.2,yes,2023-06-29
P03491,Conveyor,Pump,Polymer,Activa Parts,Germany,415.6,9.008,11,21,23,medium,3,0.157,7860,9,111.5,yes,2024-08-14
P03492,Packaging,Cable,Stainless Steel,PreciseTech,Finland,22.63,0.632,16,25,12,medium,3,0.217,5685,17,111.7,yes,2023-12-20
P03493,Press,Belt,Stainless Steel,PreciseTech,Poland,55.0,0.199,16,36,10,high,7,0.277,3584,7,87.9,yes,2023-07-23
P03494,CNC-Mill,Gear,Aluminum,SensorWorks,Finland,280.74,2.349,25,32,26,critical,5,0.289,11997,9,118.8,no,2025-03-17
P03495,Conveyor,Controller,Ceramic,SensorWorks,Netherlands,1075.86,1.364,10,1,23,low,7,0.128,12117,9,82.4,yes,2023-09-19
P03496,Assembly,Controller,Aluminum,SensorWorks,Germany,1885.93,0.796,21,17,17,low,5,0.105,9539,6,62.2,no,2024-08-28
P03497,Assembly,Controller,Steel,EuroMech,Netherlands,833.98,0.737,15,23,21,critical,3,0.178,16539,3,68.0,yes,2023-01-26
P03498,CNC-Mill,Bearing,Steel,MotionHub,Poland,108.61,0.973,17,5,18,medium,6,0.424,5046,13,142.8,yes,2023-01-25
P03499,Press,Seal,Brass,EuroMech,Netherlands,24.52,0.044,20,18,21,high,8,0.428,2590,2,124.8,yes,2023-08-08
P03500,CNC-Mill,Cable,Aluminum,FlowCore,Germany,24.83,0.896,15,29,11,critical,7,0.208,8130,13,100.4,yes,2024-04-29
P03501,Assembly,Controller,Steel,MotionHub,Czech Republic,1343.78,1.68,16,14,16,medium,6,0.078,13485,1,69.1,yes,2024-11-18
P03502,Assembly,Motor,Stainless Steel,EuroMech,Italy,600.18,11.693,13,12,20,low,4,0.116,12291,4,105.0,no,2025-02-23
P03503,Assembly,Tooling,Composite,Activa Parts,Italy,68.54,1.647,9,38,16,high,6,1.296,2418,8,113.8,no,2023-07-07
P03504,Press,Valve,Stainless Steel,EuroMech,Germany,118.87,1.184,14,10,13,high,2,0.253,10021,10,122.2,no,2024-02-19
P03505,Packaging,Bearing,Stainless Steel,Activa Parts,Germany,63.85,1.133,18,15,15,critical,6,0.631,5480,6,142.3,yes,2023-06-03
P03506,Packaging,Belt,Brass,Nordic Motion,Poland,32.99,0.227,5,50,9,low,8,0.592,3754,1,96.9,yes,2024-07-17
P03507,Assembly,Controller,Brass,PreciseTech,Czech Republic,460.15,1.562,16,45,23,critical,3,0.098,16872,1,45.0,yes,2025-02-09
P03508,Lathe,Filter,Polymer,Activa Parts,Netherlands,25.63,0.315,25,13,21,low,3,0.135,9456,19,114.5,yes,2025-03-05
P03509,Press,Cable,Polymer,Nordic Motion,Czech Republic,20.99,0.47,20,12,18,medium,4,0.143,8418,18,117.9,no,2023-06-19
P03510,Conveyor,Sensor,Aluminum,EuroMech,Sweden,122.16,0.649,21,37,29,medium,7,0.175,7873,14,81.0,yes,2023-02-07
P03511,CNC-Mill,Sensor,Aluminum,EuroMech,Netherlands,67.94,0.196,10,25,13,high,8,0.194,6915,6,101.2,yes,2025-03-08
P03512,Press,Pump,Polymer,SensorWorks,Finland,295.36,6.652,12,38,16,high,4,0.133,9861,4,114.6,no,2023-03-03
P03513,CNC-Mill,Controller,Ceramic,FlowCore,Finland,1567.52,1.398,19,40,24,medium,7,0.046,13926,7,72.4,yes,2023-06-26
P03514,Assembly,Bearing,Steel,Nordic Motion,Netherlands,55.18,0.492,4,52,13,low,9,0.323,5415,6,153.7,yes,2023-01-22
P03515,Press,Bearing,Aluminum,FlowCore,Netherlands,106.49,0.708,20,49,27,low,8,0.455,3351,16,148.2,yes,2023-07-25
P03516,Assembly,Pump,Ceramic,PreciseTech,Italy,486.27,11.051,12,11,20,low,9,0.15,8815,6,115.1,yes,2024-02-06
P03517,CNC-Mill,Filter,Brass,Nordic Motion,Germany,26.4,0.421,15,30,30,medium,1,0.122,8142,13,107.5,yes,2024-03-13
P03518,CNC-Mill,Belt,Stainless Steel,Activa Parts,Poland,26.41,0.318,16,34,23,high,7,0.402,2806,9,111.3,yes,2025-03-16
P03519,CNC-Mill,Seal,Brass,FlowCore,Finland,18.59,0.027,13,60,23,high,7,0.506,3292,10,130.0,yes,2024-08-08
P03520,Press,Cable,Aluminum,MotionHub,Finland,18.07,0.762,13,15,20,low,3,0.08,6694,21,137.1,no,2023-08-18
P03521,Lathe,Filter,Brass,Nordic Motion,Czech Republic,37.78,0.306,19,27,12,low,7,0.341,7917,11,89.9,yes,2025-01-18
P03522,Conveyor,Gear,Ceramic,SensorWorks,Czech Republic,88.75,1.285,20,27,26,high,2,0.135,9204,7,133.7,yes,2023-09-16
P03523,CNC-Mill,Valve,Aluminum,PreciseTech,Germany,427.02,2.364,14,13,22,medium,2,0.231,10035,2,132.4,yes,2023-10-21
P03524,CNC-Mill,Motor,Steel,EuroMech,Poland,482.58,4.96,20,10,20,critical,6,0.271,14779,8,87.8,yes,2025-02-15
P03525,Conveyor,Tooling,Aluminum,SensorWorks,Poland,72.62,1.314,15,40,22,high,4,0.455,1945,8,119.4,no,2023-08-13
P03526,Lathe,Sensor,Composite,MotionHub,Finland,93.76,0.308,7,48,16,medium,7,0.689,6059,5,61.4,yes,2023-04-29
P03527,Packaging,Filter,Polymer,Nordic Motion,Germany,27.56,0.417,19,11,23,critical,5,0.141,8689,12,80.7,yes,2023-06-10
P03528,Packaging,Sensor,Ceramic,SensorWorks,Italy,58.39,0.206,12,22,25,high,1,0.228,5851,9,101.2,yes,2024-10-28
P03529,Conveyor,Tooling,Brass,EuroMech,Finland,204.3,2.099,17,0,24,medium,10,0.234,2472,5,106.6,no,2024-04-17
P03530,Packaging,Gear,Polymer,PreciseTech,Germany,198.76,1.633,22,31,19,high,6,0.104,6869,8,120.7,yes,2023-06-29
P03531,Assembly,Sensor,Aluminum,SensorWorks,Netherlands,143.92,0.431,17,42,21,critical,2,0.07,4718,11,88.0,yes,2023-02-28
P03532,Lathe,Pump,Stainless Steel,MotionHub,Germany,310.41,14.598,19,32,18,high,6,0.196,10016,8,123.4,no,2023-10-21
P03533,Assembly,Sensor,Aluminum,PreciseTech,Finland,239.08,0.273,15,35,23,medium,8,0.146,5288,7,69.1,yes,2024-12-26
P03534,Packaging,Seal,Polymer,Activa Parts,Finland,22.01,0.046,18,6,12,high,4,0.735,2248,8,136.0,yes,2023-09-30
P03535,Lathe,Pump,Polymer,PreciseTech,Czech Republic,502.62,12.492,13,23,16,low,5,0.243,13237,9,117.0,yes,2023-12-30
P03536,Press,Sensor,Aluminum,Nordic Motion,Netherlands,70.23,0.225,16,20,18,medium,2,0.199,4980,5,78.4,yes,2023-11-24
P03537,Press,Belt,Polymer,PreciseTech,Finland,66.59,0.269,16,23,9,medium,5,0.703,2731,9,87.7,yes,2024-06-30
P03538,Press,Seal,Stainless Steel,MotionHub,Germany,21.76,0.069,17,3,28,medium,4,0.311,2602,12,97.5,yes,2024-11-17
P03539,CNC-Mill,Motor,Ceramic,MotionHub,Germany,541.64,12.15,11,44,17,medium,6,0.11,9070,1,128.4,yes,2023-08-16
P03540,CNC-Mill,Bearing,Brass,PreciseTech,Germany,51.99,0.62,11,31,16,medium,8,0.291,5647,8,132.4,yes,2023-03-20
P03541,Lathe,Tooling,Ceramic,SensorWorks,Germany,217.49,2.617,18,13,26,low,8,0.76,2513,8,126.2,no,2023-07-13
P03542,CNC-Mill,Seal,Polymer,SensorWorks,Czech Republic,20.05,0.045,24,9,22,low,10,0.423,1980,8,128.6,yes,2023-01-28
P03543,CNC-Mill,Controller,Aluminum,PreciseTech,Sweden,834.97,0.605,6,26,0,low,2,0.058,15207,3,83.1,yes,2023-04-01
P03544,Assembly,Controller,Composite,Nordic Motion,Netherlands,560.69,1.183,13,28,26,low,5,0.068,15664,1,62.5,no,2023-06-17
P03545,Assembly,Sensor,Aluminum,FlowCore,Poland,145.18,0.152,21,53,16,low,4,0.109,6928,3,97.0,no,2024-05-30
P03546,Assembly,Pump,Brass,EuroMech,Poland,544.63,9.359,16,41,19,critical,6,0.09,9388,7,107.9,yes,2025-03-16
P03547,CNC-Mill,Cable,Steel,Activa Parts,Netherlands,18.75,0.934,14,27,22,high,7,0.095,9127,21,116.0,yes,2024-08-22
P03548,CNC-Mill,Controller,Composite,FlowCore,Sweden,736.65,1.434,11,44,20,medium,4,0.108,14440,9,73.7,yes,2024-06-30
P03549,Packaging,Pump,Steel,EuroMech,Sweden,272.84,4.137,7,19,23,high,6,0.476,12564,5,93.9,yes,2024-05-14
P03550,Conveyor,Filter,Brass,EuroMech,Sweden,44.83,0.261,15,1,27,low,7,0.162,9159,8,111.2,yes,2023-08-07
P03551,Press,Sensor,Composite,PreciseTech,Netherlands,74.1,0.366,16,7,10,medium,3,0.237,8326,8,98.2,no,2025-03-02
P03552,Press,Sensor,Aluminum,PreciseTech,Czech Republic,57.37,0.119,13,29,26,high,5,0.201,5769,9,96.7,yes,2024-05-24
P03553,Lathe,Belt,Brass,MotionHub,Poland,18.68,0.244,10,18,6,low,7,0.921,2577,8,133.8,no,2023-11-14
P03554,Conveyor,Bearing,Steel,FlowCore,Poland,35.84,0.968,23,19,37,critical,5,0.6,6863,9,125.6,yes,2024-03-13
P03555,Assembly,Belt,Aluminum,FlowCore,Italy,70.82,0.364,26,39,11,high,8,0.26,3439,7,108.3,no,2024-09-05
P03556,Lathe,Seal,Brass,FlowCore,Finland,9.17,0.039,26,7,23,critical,6,0.526,2152,14,117.2,yes,2023-05-27
P03557,Press,Controller,Composite,Nordic Motion,Finland,455.89,1.152,11,13,18,medium,2,0.159,16104,3,54.1,yes,2024-07-27
P03558,Packaging,Cable,Polymer,Activa Parts,Netherlands,11.68,0.415,13,31,16,critical,7,0.174,8676,18,104.6,yes,2024-01-26
P03559,Press,Bearing,Stainless Steel,Activa Parts,Sweden,127.3,0.502,9,18,21,medium,5,0.427,5182,7,127.8,no,2023-11-10
P03560,Conveyor,Motor,Composite,PreciseTech,Netherlands,320.17,12.151,13,24,11,high,8,0.211,12584,3,100.5,yes,2024-12-20
P03561,Lathe,Cable,Brass,SensorWorks,Czech Republic,16.76,0.649,16,19,24,high,6,0.17,7609,18,104.3,yes,2023-03-05
P03562,Assembly,Seal,Stainless Steel,EuroMech,Czech Republic,8.01,0.072,14,17,12,medium,6,0.353,2679,9,126.4,yes,2024-04-20
P03563,Press,Gear,Steel,Nordic Motion,Finland,88.22,2.14,11,26,15,medium,3,0.15,9652,4,106.8,yes,2023-01-23
P03564,Press,Seal,Steel,EuroMech,Finland,14.59,0.056,15,35,21,low,9,0.35,2160,4,119.9,yes,2024-12-01
P03565,Assembly,Bearing,Ceramic,PreciseTech,Finland,65.34,0.401,11,1,24,medium,5,0.344,6839,14,156.1,no,2024-06-04
P03566,CNC-Mill,Seal,Stainless Steel,FlowCore,Germany,14.8,0.046,12,39,29,medium,10,0.484,1459,9,107.6,yes,2024-09-30
P03567,Lathe,Sensor,Stainless Steel,FlowCore,Germany,117.04,0.178,12,32,13,medium,7,0.12,7608,15,94.3,no,2024-10-21
P03568,Packaging,Seal,Stainless Steel,FlowCore,Finland,7.32,0.043,7,37,8,medium,8,0.583,2862,10,120.7,yes,2023-11-08
P03569,CNC-Mill,Cable,Brass,Nordic Motion,Netherlands,35.16,0.444,16,9,22,low,4,0.14,10613,21,120.7,yes,2023-05-15
P03570,Conveyor,Pump,Ceramic,Nordic Motion,Czech Republic,303.93,16.769,20,14,11,medium,2,0.071,6202,6,124.4,yes,2024-10-18
P03571,Assembly,Seal,Aluminum,PreciseTech,Italy,21.37,0.074,17,7,17,medium,7,0.43,1904,7,117.2,yes,2025-03-11
P03572,Lathe,Seal,Brass,SensorWorks,Finland,13.2,0.039,11,19,21,high,10,0.514,2660,6,117.0,yes,2023-10-01
P03573,Press,Sensor,Polymer,FlowCore,Germany,180.74,0.275,5,28,16,low,4,0.084,8394,8,95.6,no,2023-08-31
P03574,Press,Pump,Composite,EuroMech,Sweden,525.35,7.963,11,51,19,low,6,0.348,8449,9,107.9,yes,2023-11-03
P03575,Press,Cable,Brass,PreciseTech,Czech Republic,26.77,1.08,14,31,29,low,5,0.176,8344,15,117.1,yes,2023-11-13
P03576,Lathe,Filter,Polymer,EuroMech,Finland,14.56,0.351,1,25,17,low,10,0.211,6589,14,88.2,no,2024-06-03
P03577,Assembly,Sensor,Brass,PreciseTech,Finland,106.32,0.259,11,15,8,high,8,0.123,7063,7,74.0,yes,2024-03-11
P03578,Press,Controller,Polymer,PreciseTech,Finland,1085.73,0.537,7,18,8,medium,4,0.151,13620,6,45.8,yes,2024-11-30
P03579,Assembly,Seal,Aluminum,FlowCore,Italy,26.19,0.055,11,26,15,medium,8,0.445,2223,6,119.8,yes,2024-08-16
P03580,CNC-Mill,Sensor,Brass,Nordic Motion,Italy,56.09,0.293,18,0,19,medium,6,0.288,7922,11,78.8,no,2025-02-17
P03581,Press,Seal,Brass,PreciseTech,Germany,30.94,0.034,13,8,23,low,9,1.025,2169,7,113.1,yes,2023-10-21
P03582,Assembly,Motor,Brass,Activa Parts,Finland,1001.19,7.403,39,9,33,critical,4,0.137,11495,4,95.8,yes,2023-02-10
P03583,Lathe,Seal,Stainless Steel,Nordic Motion,Netherlands,22.09,0.057,17,40,25,medium,10,0.577,1552,13,111.4,yes,2023-06-16
P03584,CNC-Mill,Filter,Ceramic,EuroMech,Finland,48.93,0.252,23,6,27,critical,3,0.347,9412,11,126.1,no,2024-10-05
P03585,Conveyor,Filter,Aluminum,EuroMech,Poland,26.31,0.25,8,43,14,low,2,0.257,6280,15,99.1,yes,2023-01-04
P03586,CNC-Mill,Seal,Stainless Steel,PreciseTech,Germany,26.56,0.032,12,14,3,low,8,0.456,2434,5,148.6,yes,2023-08-15
P03587,Packaging,Belt,Composite,FlowCore,Poland,75.4,0.296,22,0,25,low,8,0.42,2646,5,104.5,yes,2024-01-02
P03588,Packaging,Sensor,Polymer,Nordic Motion,Netherlands,50.71,0.348,22,24,22,critical,8,0.542,7570,2,90.8,no,2025-01-12
P03589,CNC-Mill,Bearing,Brass,SensorWorks,Sweden,69.34,0.529,16,26,19,medium,7,0.291,6891,11,134.0,no,2023-02-25
P03590,CNC-Mill,Controller,Ceramic,Nordic Motion,Czech Republic,405.21,0.798,17,11,17,low,4,0.157,16083,2,66.8,yes,2024-01-16
P03591,Assembly,Controller,Ceramic,Nordic Motion,Czech Republic,395.03,2.03,19,16,23,high,3,0.14,22079,7,69.2,yes,2024-02-28
P03592,Conveyor,Belt,Stainless Steel,MotionHub,Finland,38.18,0.426,22,25,28,medium,7,1.033,3504,14,116.6,yes,2024-09-19
P03593,CNC-Mill,Sensor,Ceramic,PreciseTech,Netherlands,117.26,0.222,15,2,16,high,7,0.3,8983,8,89.6,yes,2025-01-31
P03594,CNC-Mill,Gear,Ceramic,SensorWorks,Czech Republic,160.24,6.899,20,33,25,low,10,0.144,8458,5,116.8,yes,2024-06-05
P03595,Lathe,Controller,Ceramic,Nordic Motion,Czech Republic,580.66,1.187,21,24,29,medium,7,0.119,13853,2,95.9,no,2024-09-18
P03596,Press,Sensor,Aluminum,SensorWorks,Netherlands,52.58,0.228,14,16,26,high,5,0.283,6107,6,99.4,yes,2023-03-12
P03597,Packaging,Pump,Composite,FlowCore,Sweden,280.82,11.091,20,33,14,medium,6,0.354,7112,6,121.7,yes,2024-11-25
P03598,CNC-Mill,Valve,Ceramic,MotionHub,Poland,89.79,1.569,4,32,4,medium,7,0.203,8398,1,183.4,yes,2023-04-07
P03599,CNC-Mill,Tooling,Stainless Steel,MotionHub,Czech Republic,85.31,2.512,16,24,21,low,10,0.804,3314,4,101.6,no,2024-02-09
P03600,Packaging,Pump,Stainless Steel,MotionHub,Finland,323.32,5.587,14,7,25,high,7,0.157,9739,5,104.9,yes,2024-01-20
P03601,Assembly,Gear,Brass,PreciseTech,Sweden,137.9,3.659,17,47,8,medium,5,0.573,7649,12,96.3,no,2025-02-13
P03602,CNC-Mill,Sensor,Stainless Steel,MotionHub,Sweden,106.96,0.447,10,24,18,medium,6,0.137,7989,9,103.3,yes,2024-01-30
P03603,Lathe,Filter,Aluminum,Activa Parts,Poland,52.24,0.132,21,10,22,high,3,0.365,7035,16,93.7,no,2023-04-12
P03604,Press,Motor,Composite,FlowCore,Sweden,577.66,5.924,22,18,25,critical,2,0.382,13747,4,84.8,no,2024-05-31
P03605,CNC-Mill,Bearing,Polymer,Nordic Motion,Germany,92.0,0.672,12,33,12,medium,7,0.237,4482,14,122.2,yes,2024-04-24
P03606,Assembly,Sensor,Composite,Activa Parts,Italy,151.07,0.2,16,21,30,medium,6,0.11,8765,8,86.3,yes,2024-05-21
P03607,Assembly,Bearing,Steel,SensorWorks,Netherlands,122.02,1.08,14,25,30,medium,3,0.352,6144,17,139.8,yes,2024-02-29
P03608,Lathe,Sensor,Stainless Steel,MotionHub,Czech Republic,175.08,0.274,19,39,15,high,5,0.371,6566,4,94.4,yes,2024-06-05
P03609,CNC-Mill,Gear,Aluminum,FlowCore,Germany,193.36,1.993,21,40,23,medium,5,0.128,7943,12,108.9,yes,2024-03-13
P03610,Press,Belt,Composite,Nordic Motion,Czech Republic,40.44,0.312,13,25,13,low,7,0.308,3165,1,88.8,yes,2024-06-28
P03611,Press,Pump,Brass,PreciseTech,Netherlands,299.75,5.372,12,52,22,low,3,0.399,12093,4,112.0,yes,2023-07-15
P03612,Lathe,Seal,Composite,Activa Parts,Finland,20.53,0.043,5,15,15,low,6,0.494,2477,11,128.6,yes,2024-12-12
P03613,Press,Seal,Aluminum,SensorWorks,Germany,25.96,0.057,14,30,19,medium,10,0.467,2646,3,100.0,no,2023-09-09
P03614,Assembly,Tooling,Brass,SensorWorks,Poland,130.37,2.178,6,17,19,low,9,0.812,2671,8,100.5,yes,2025-02-08
P03615,Press,Pump,Composite,Activa Parts,Sweden,392.71,19.839,10,39,9,high,7,0.236,8611,11,101.7,yes,2024-12-06
P03616,CNC-Mill,Sensor,Ceramic,Nordic Motion,Netherlands,93.32,0.233,19,27,25,medium,10,0.163,7730,9,97.9,yes,2023-10-15
P03617,Press,Bearing,Brass,SensorWorks,Italy,106.59,1.123,22,19,24,low,6,0.461,4319,7,136.6,yes,2023-08-10
P03618,Assembly,Bearing,Stainless Steel,EuroMech,Czech Republic,248.72,0.732,27,23,25,high,7,0.422,5158,10,147.6,no,2023-01-15
P03619,Assembly,Pump,Ceramic,MotionHub,Czech Republic,429.65,8.017,17,24,20,medium,6,0.154,10725,8,132.5,yes,2024-03-27
P03620,Assembly,Filter,Polymer,MotionHub,Czech Republic,29.88,0.297,14,8,20,medium,5,0.158,8187,8,82.0,yes,2024-10-12
P03621,Press,Gear,Aluminum,EuroMech,Sweden,254.48,2.124,16,28,19,medium,9,0.488,6695,1,112.3,yes,2023-08-25
P03622,Packaging,Bearing,Stainless Steel,SensorWorks,Czech Republic,63.71,0.714,17,18,21,high,5,0.121,5567,9,141.5,yes,2023-07-23
P03623,Press,Cable,Polymer,SensorWorks,Netherlands,14.66,0.873,22,34,11,medium,4,0.148,6436,17,106.0,yes,2024-02-11
P03624,Press,Pump,Aluminum,FlowCore,Netherlands,475.2,6.938,19,17,20,high,3,0.098,10121,10,129.4,yes,2023-12-14
P03625,Press,Filter,Polymer,EuroMech,Finland,38.34,0.332,26,32,28,critical,7,0.151,10619,11,104.4,yes,2024-04-17
P03626,Lathe,Motor,Stainless Steel,Activa Parts,Finland,646.34,13.261,15,26,18,medium,7,0.132,10915,6,106.3,yes,2024-01-29
P03627,CNC-Mill,Sensor,Steel,Activa Parts,Netherlands,93.27,0.467,12,32,30,medium,8,0.155,6397,10,102.2,no,2025-02-03
P03628,Packaging,Belt,Ceramic,Nordic Motion,Netherlands,45.22,0.817,13,64,17,high,9,0.366,3722,4,124.1,yes,2024-11-13
P03629,Packaging,Seal,Brass,SensorWorks,Italy,16.97,0.06,13,5,16,high,7,0.553,2606,9,106.6,yes,2025-03-11
P03630,Packaging,Gear,Ceramic,Activa Parts,Germany,107.89,1.335,12,36,19,medium,3,0.379,6920,1,134.4,no,2024-07-27
P03631,CNC-Mill,Seal,Brass,FlowCore,Poland,30.84,0.034,12,26,18,medium,8,0.272,2807,1,106.2,no,2023-04-24
P03632,Assembly,Pump,Aluminum,Activa Parts,Finland,320.36,7.083,18,19,15,medium,5,0.245,7552,10,101.6,yes,2025-01-04
P03633,Assembly,Pump,Stainless Steel,Activa Parts,Poland,413.23,9.609,18,24,24,low,3,0.102,11908,4,111.5,yes,2023-04-05
P03634,Assembly,Gear,Stainless Steel,PreciseTech,Germany,185.45,1.511,15,7,4,low,5,0.132,7102,3,97.1,yes,2024-04-17
P03635,Assembly,Seal,Ceramic,SensorWorks,Germany,18.72,0.045,18,34,17,low,7,0.569,2432,10,136.7,yes,2023-03-08
P03636,Conveyor,Cable,Polymer,Nordic Motion,Czech Republic,14.26,0.704,7,6,6,medium,3,0.261,6751,21,127.8,yes,2024-12-19
P03637,Conveyor,Gear,Composite,EuroMech,Czech Republic,208.49,1.686,17,23,22,medium,5,0.146,8284,10,116.0,yes,2023-02-05
P03638,Conveyor,Belt,Composite,FlowCore,Italy,14.56,0.398,16,28,18,medium,7,0.451,2078,9,117.8,yes,2023-08-03
P03639,Press,Bearing,Composite,Activa Parts,Germany,68.33,0.505,15,47,22,high,4,0.304,3928,11,133.0,yes,2024-06-13
P03640,Press,Valve,Aluminum,SensorWorks,Czech Republic,158.74,1.079,17,15,14,low,6,0.269,7739,11,142.8,no,2023-11-09
P03641,Conveyor,Pump,Ceramic,Activa Parts,Sweden,419.21,8.446,27,32,31,medium,3,0.168,10066,8,127.6,yes,2025-03-12
P03642,Conveyor,Cable,Steel,SensorWorks,Sweden,53.48,0.736,30,0,32,critical,4,0.192,8157,22,102.0,yes,2023-12-07
P03643,Packaging,Controller,Stainless Steel,FlowCore,Italy,522.8,0.987,14,30,7,low,5,0.319,19354,2,54.6,yes,2023-12-05
P03644,Lathe,Filter,Steel,Activa Parts,Finland,18.1,0.3,11,6,17,high,2,0.669,7881,12,78.4,yes,2023-03-14
P03645,Lathe,Sensor,Brass,Activa Parts,Germany,230.51,0.209,22,25,13,high,4,0.15,5142,7,83.8,no,2024-03-14
P03646,CNC-Mill,Belt,Stainless Steel,MotionHub,Italy,28.13,0.473,15,11,26,high,8,0.302,2660,8,103.1,yes,2025-03-23
P03647,Press,Controller,Brass,Activa Parts,Germany,620.66,0.942,16,41,20,high,2,0.047,12620,1,51.2,no,2024-06-17
P03648,Lathe,Motor,Aluminum,SensorWorks,Germany,1149.89,11.006,18,21,15,low,3,0.09,12338,10,123.0,yes,2023-09-03
P03649,Packaging,Controller,Polymer,SensorWorks,Netherlands,513.4,0.854,5,30,6,high,7,0.262,11278,5,72.7,yes,2024-03-13
P03650,Conveyor,Bearing,Stainless Steel,MotionHub,Sweden,80.39,1.125,12,28,18,high,6,0.144,6133,15,129.2,yes,2023-01-07
P03651,Press,Seal,Ceramic,Activa Parts,Poland,21.02,0.034,19,17,20,low,9,1.371,2071,6,100.5,yes,2023-03-03
P03652,Conveyor,Bearing,Brass,EuroMech,Finland,67.77,1.12,17,33,15,low,5,0.251,5798,14,119.1,no,2023-03-18
P03653,Press,Bearing,Composite,Activa Parts,Poland,158.45,0.528,21,30,13,medium,8,0.384,4714,13,141.0,yes,2023-07-23
P03654,Assembly,Motor,Steel,SensorWorks,Germany,518.97,9.284,18,37,19,low,5,0.348,5189,5,97.8,yes,2023-09-11
P03655,Press,Tooling,Composite,MotionHub,Netherlands,200.6,2.116,27,33,30,critical,10,0.522,2123,3,82.9,yes,2023-02-21
P03656,Press,Filter,Brass,MotionHub,Italy,33.72,0.493,13,15,11,medium,4,0.095,6806,12,105.2,yes,2024-12-22
P03657,Press,Filter,Composite,Activa Parts,Poland,52.09,0.423,23,2,24,high,5,0.15,7470,18,82.2,no,2023-04-25
P03658,Lathe,Sensor,Steel,MotionHub,Czech Republic,78.92,0.187,18,25,22,critical,2,0.222,6076,4,69.1,yes,2024-02-07
P03659,Conveyor,Bearing,Ceramic,Activa Parts,Germany,112.1,0.851,9,0,17,medium,6,0.287,5825,12,157.0,no,2023-03-14
P03660,Packaging,Controller,Brass,MotionHub,Sweden,1841.49,1.151,20,35,21,low,7,0.043,17104,4,45.0,yes,2025-01-14
P03661,Assembly,Belt,Steel,EuroMech,Germany,40.7,0.464,18,22,19,medium,9,0.38,3792,1,125.5,yes,2023-07-02
P03662,CNC-Mill,Filter,Stainless Steel,Nordic Motion,Finland,21.26,0.3,10,25,10,medium,3,0.16,7800,11,73.4,yes,2023-11-01
P03663,CNC-Mill,Valve,Aluminum,PreciseTech,Netherlands,119.81,2.453,8,30,26,low,4,0.192,8612,5,130.2,yes,2023-06-03
P03664,Press,Pump,Brass,FlowCore,Italy,567.28,14.748,15,44,21,low,2,0.058,8874,3,117.4,yes,2024-01-07
P03665,CNC-Mill,Gear,Brass,PreciseTech,Sweden,79.18,2.335,13,37,17,high,3,0.161,7054,6,117.6,yes,2024-02-03
P03666,Conveyor,Tooling,Brass,Nordic Motion,Poland,178.32,2.686,15,11,17,low,10,0.616,2994,4,107.9,yes,2024-11-22
P03667,Conveyor,Seal,Steel,Nordic Motion,Finland,10.35,0.071,23,18,22,critical,9,0.232,2957,1,137.2,yes,2024-06-11
P03668,Conveyor,Motor,Stainless Steel,FlowCore,Germany,398.89,12.061,15,26,6,high,2,0.157,14379,8,117.3,yes,2023-05-21
P03669,Lathe,Seal,Ceramic,PreciseTech,Italy,22.34,0.044,8,3,19,low,8,0.7,2254,3,116.9,no,2023-03-20
P03670,Packaging,Sensor,Polymer,FlowCore,Italy,60.12,0.6,13,10,14,high,6,0.289,6961,7,102.4,yes,2024-01-09
P03671,Lathe,Seal,Stainless Steel,MotionHub,Poland,12.82,0.106,17,31,21,high,7,0.881,2791,7,121.2,yes,2023-07-31
P03672,Press,Sensor,Composite,Activa Parts,Poland,118.62,0.122,22,16,19,high,3,0.116,6827,8,66.3,yes,2024-06-20
P03673,Conveyor,Gear,Aluminum,MotionHub,Italy,146.37,1.394,17,18,14,medium,6,0.077,8842,12,112.4,yes,2024-01-11
P03674,CNC-Mill,Motor,Aluminum,PreciseTech,Netherlands,557.75,9.001,15,50,15,low,5,0.143,14078,11,109.2,yes,2024-01-08
P03675,Assembly,Belt,Steel,SensorWorks,Finland,22.23,0.23,10,9,1,medium,6,0.424,3666,6,125.6,yes,2025-02-07
P03676,Conveyor,Belt,Steel,FlowCore,Poland,35.86,0.382,21,21,25,critical,8,1.122,2496,4,123.2,yes,2023-07-17
P03677,CNC-Mill,Sensor,Stainless Steel,MotionHub,Czech Republic,83.8,0.163,14,43,15,medium,6,0.389,5290,6,75.2,yes,2023-11-18
P03678,Packaging,Tooling,Aluminum,EuroMech,Czech Republic,135.47,3.587,22,14,21,high,10,0.851,2049,10,113.1,yes,2023-05-06
P03679,Lathe,Motor,Stainless Steel,Nordic Motion,Italy,610.22,7.551,10,37,21,low,2,0.258,11661,4,83.7,yes,2023-01-18
P03680,Conveyor,Sensor,Steel,EuroMech,Germany,103.22,0.461,12,39,14,medium,4,0.246,5184,8,101.7,no,2023-03-12
P03681,Conveyor,Belt,Aluminum,MotionHub,Sweden,53.78,0.296,23,15,14,high,9,0.328,3641,8,122.0,yes,2024-02-03
P03682,CNC-Mill,Sensor,Aluminum,SensorWorks,Sweden,111.09,0.152,3,47,16,medium,5,0.275,6003,5,85.4,yes,2024-06-03
P03683,CNC-Mill,Tooling,Aluminum,Activa Parts,Poland,153.4,2.565,12,12,14,high,7,0.14,3270,5,138.9,yes,2024-12-21
P03684,CNC-Mill,Filter,Ceramic,Activa Parts,Germany,29.03,0.343,12,32,14,high,6,0.203,6800,13,145.9,yes,2024-10-09
P03685,Assembly,Bearing,Brass,Nordic Motion,Finland,83.08,1.152,9,24,10,medium,6,0.267,5183,12,118.8,yes,2024-09-30
P03686,Lathe,Bearing,Aluminum,Activa Parts,Italy,72.62,0.531,16,40,25,critical,8,0.402,3034,10,151.2,yes,2023-03-17
P03687,Press,Gear,Aluminum,FlowCore,Poland,317.75,1.588,16,0,23,high,3,0.305,10725,9,121.6,no,2023-09-23
P03688,Assembly,Valve,Polymer,FlowCore,Sweden,229.61,2.327,20,14,12,low,4,0.128,9485,8,124.2,no,2023-09-25
P03689,Assembly,Seal,Polymer,EuroMech,Sweden,20.6,0.066,17,30,22,low,7,0.178,1947,6,112.3,yes,2024-01-06
P03690,Packaging,Sensor,Stainless Steel,PreciseTech,Netherlands,100.09,0.236,22,16,26,critical,5,0.114,5733,11,93.9,yes,2023-04-27
P03691,Assembly,Gear,Aluminum,Activa Parts,Germany,98.98,2.406,19,20,19,high,6,0.168,8278,8,109.2,yes,2024-11-29
P03692,Conveyor,Valve,Steel,Nordic Motion,Germany,142.72,2.119,14,21,21,high,7,0.333,9068,6,124.3,no,2024-08-11
P03693,Conveyor,Gear,Steel,Activa Parts,Italy,239.81,2.523,21,2,20,high,4,0.106,7100,4,130.9,yes,2023-04-03
P03694,CNC-Mill,Seal,Composite,Nordic Motion,Czech Republic,20.11,0.031,18,17,23,medium,7,0.248,2868,14,120.8,yes,2024-04-10
P03695,Packaging,Seal,Steel,MotionHub,Finland,13.52,0.082,13,18,25,medium,8,0.775,2443,2,118.4,yes,2024-02-25
P03696,Assembly,Belt,Aluminum,PreciseTech,Italy,105.1,0.327,19,10,23,medium,7,1.378,3151,9,108.7,yes,2023-11-27
P03697,Press,Gear,Steel,PreciseTech,Czech Republic,105.28,4.234,16,18,8,low,4,0.199,8704,5,103.4,yes,2025-01-11
P03698,Assembly,Valve,Composite,SensorWorks,Italy,128.5,0.754,16,38,19,medium,5,0.125,6440,10,154.9,yes,2024-06-23
P03699,Conveyor,Sensor,Composite,Nordic Motion,Poland,70.08,0.384,6,34,9,medium,4,0.278,5214,5,86.6,no,2023-12-29
P03700,CNC-Mill,Cable,Stainless Steel,MotionHub,Italy,28.65,0.805,20,22,24,medium,3,0.155,8392,17,124.1,yes,2025-01-03
P03701,Assembly,Tooling,Brass,EuroMech,Germany,193.39,2.717,18,9,21,medium,8,0.539,1778,4,92.3,yes,2024-12-19
P03702,Press,Belt,Stainless Steel,SensorWorks,Czech Republic,61.34,0.243,17,24,27,low,5,0.404,4224,6,121.1,yes,2023-03-23
P03703,Lathe,Sensor,Polymer,SensorWorks,Sweden,82.49,0.279,13,39,19,high,7,0.204,3763,10,63.4,yes,2024-08-12
P03704,CNC-Mill,Sensor,Brass,Nordic Motion,Sweden,120.37,0.278,14,33,22,low,7,0.245,5934,8,69.1,yes,2024-07-24
P03705,Conveyor,Filter,Stainless Steel,MotionHub,Netherlands,54.34,0.337,27,11,23,medium,6,0.2,8536,16,114.0,no,2025-02-06
P03706,CNC-Mill,Cable,Composite,MotionHub,Italy,21.72,0.806,1,30,4,medium,5,0.117,6146,15,107.2,no,2023-04-18
P03707,Lathe,Motor,Aluminum,FlowCore,Poland,799.32,15.76,24,37,18,low,3,0.16,11232,7,110.8,yes,2024-04-17
P03708,Lathe,Controller,Stainless Steel,SensorWorks,Finland,499.97,1.789,12,34,17,medium,7,0.109,14494,1,67.0,yes,2023-01-16
P03709,Packaging,Bearing,Stainless Steel,FlowCore,Poland,59.9,0.441,11,19,26,high,8,0.282,3587,12,137.0,yes,2023-12-31
P03710,Conveyor,Bearing,Stainless Steel,Nordic Motion,Poland,29.36,0.715,6,45,18,medium,5,0.123,5719,7,142.1,no,2024-04-28
P03711,Press,Motor,Steel,PreciseTech,Germany,374.06,13.789,17,19,14,medium,7,0.076,10608,1,96.2,yes,2023-09-05
P03712,Lathe,Valve,Polymer,PreciseTech,Sweden,182.5,1.552,10,41,14,medium,8,0.181,6001,3,119.6,yes,2024-12-11
P03713,Packaging,Sensor,Composite,Nordic Motion,Netherlands,157.27,0.142,15,41,18,high,4,0.158,8663,11,74.7,yes,2024-12-21
P03714,CNC-Mill,Sensor,Polymer,Activa Parts,Netherlands,60.93,0.176,16,43,22,low,4,0.091,4171,11,73.6,yes,2025-01-01
P03715,CNC-Mill,Seal,Ceramic,PreciseTech,Sweden,32.72,0.048,10,0,3,high,9,0.305,3060,2,141.6,no,2025-01-16
P03716,Assembly,Cable,Stainless Steel,EuroMech,Czech Republic,25.77,0.754,21,24,23,high,9,0.117,6960,17,109.9,yes,2024-08-20
P03717,Lathe,Bearing,Aluminum,MotionHub,Poland,57.15,0.311,9,10,19,low,3,0.393,7033,12,121.6,yes,2023-09-01
P03718,Packaging,Seal,Composite,Activa Parts,Finland,17.2,0.059,18,29,22,low,9,0.526,3139,10,133.2,yes,2025-01-13
P03719,Press,Pump,Polymer,SensorWorks,Netherlands,635.27,7.76,20,4,29,critical,5,0.226,7616,5,112.9,yes,2024-04-20
P03720,CNC-Mill,Filter,Polymer,Activa Parts,Finland,20.59,0.149,6,38,13,high,7,0.335,6159,13,75.0,yes,2024-07-21
P03721,Lathe,Sensor,Stainless Steel,EuroMech,Italy,106.12,0.145,8,47,18,medium,3,0.239,5579,5,75.7,yes,2025-03-08
P03722,Lathe,Sensor,Steel,FlowCore,Czech Republic,155.8,0.172,11,18,21,medium,7,0.15,5797,7,78.2,no,2024-10-11
P03723,Conveyor,Sensor,Stainless Steel,Activa Parts,Italy,224.77,0.302,18,50,23,medium,4,0.525,6673,8,85.0,yes,2023-10-28
P03724,Packaging,Bearing,Steel,Activa Parts,Poland,98.01,0.546,21,41,29,medium,9,0.185,4676,10,151.6,yes,2024-02-29
P03725,Lathe,Cable,Polymer,MotionHub,Italy,13.32,1.177,12,27,13,medium,6,0.298,10239,25,112.1,no,2023-04-20
P03726,Assembly,Pump,Stainless Steel,SensorWorks,Czech Republic,829.75,10.278,19,8,13,medium,5,0.159,10142,7,108.3,yes,2023-01-06
P03727,Press,Motor,Stainless Steel,SensorWorks,Germany,645.8,11.889,22,31,32,high,4,0.24,11827,2,96.1,yes,2023-06-08
P03728,Press,Bearing,Aluminum,FlowCore,Netherlands,81.7,0.449,15,31,10,medium,5,0.477,3623,9,153.0,yes,2024-06-15
P03729,Assembly,Gear,Stainless Steel,PreciseTech,Czech Republic,205.34,2.248,13,26,27,high,5,0.125,6178,5,102.1,no,2024-03-26
P03730,Lathe,Sensor,Polymer,FlowCore,Finland,96.37,0.327,15,17,12,low,8,0.237,6002,6,67.3,yes,2024-09-01
P03731,Assembly,Filter,Stainless Steel,EuroMech,Sweden,20.72,0.225,17,29,14,medium,4,0.44,8146,16,114.3,yes,2025-03-18
P03732,Packaging,Filter,Stainless Steel,Nordic Motion,Finland,6.8,0.301,21,24,25,critical,3,0.154,5677,17,107.9,no,2024-04-27
P03733,Conveyor,Valve,Ceramic,SensorWorks,Germany,240.15,2.87,9,7,9,high,7,0.31,7160,1,171.9,yes,2024-12-30
P03734,Press,Cable,Brass,FlowCore,Czech Republic,25.28,1.323,19,25,20,low,10,0.38,9738,11,97.7,yes,2023-02-24
P03735,CNC-Mill,Gear,Brass,SensorWorks,Italy,264.6,2.796,12,33,31,low,2,0.237,8870,4,113.8,no,2024-05-25
P03736,Lathe,Sensor,Stainless Steel,PreciseTech,Germany,213.66,0.308,15,25,25,low,3,0.207,5655,11,102.2,yes,2023-05-12
P03737,CNC-Mill,Valve,Ceramic,Nordic Motion,Germany,462.1,1.98,17,18,19,low,4,0.097,11981,6,129.3,yes,2023-06-13
P03738,Press,Bearing,Polymer,FlowCore,Germany,131.38,0.961,19,45,15,medium,1,0.757,6714,8,151.5,yes,2025-03-04
P03739,Conveyor,Filter,Ceramic,SensorWorks,Sweden,12.87,0.361,12,10,12,medium,4,0.147,7166,13,122.5,yes,2023-09-10
P03740,CNC-Mill,Cable,Brass,Activa Parts,Netherlands,19.7,0.786,11,11,20,low,4,0.442,8728,14,123.0,no,2024-03-29
P03741,CNC-Mill,Sensor,Composite,Nordic Motion,Poland,95.89,0.336,12,29,22,medium,8,0.202,4957,9,90.9,no,2023-03-30
P03742,Conveyor,Pump,Composite,Nordic Motion,Finland,419.26,9.59,9,48,15,high,6,0.162,6736,4,105.3,yes,2023-07-07
P03743,Packaging,Gear,Ceramic,SensorWorks,Sweden,112.47,1.871,22,28,20,low,1,0.162,3381,6,139.1,yes,2024-12-01
P03744,Packaging,Cable,Composite,MotionHub,Finland,16.71,1.274,17,37,14,low,7,0.206,7418,19,110.6,yes,2023-12-21
P03745,CNC-Mill,Controller,Brass,Nordic Motion,Finland,518.41,1.063,24,2,13,low,6,0.051,18254,5,72.0,no,2024-07-24
P03746,Lathe,Bearing,Aluminum,PreciseTech,Sweden,90.99,1.273,22,21,21,critical,3,0.257,4680,10,143.7,yes,2023-12-19
P03747,CNC-Mill,Bearing,Aluminum,MotionHub,Finland,141.22,0.938,12,12,11,medium,9,0.168,6616,11,159.5,yes,2023-01-23
P03748,Lathe,Cable,Brass,MotionHub,Sweden,37.65,1.078,14,17,30,medium,1,0.1,6939,16,119.0,yes,2023-10-31
P03749,CNC-Mill,Motor,Brass,MotionHub,Poland,959.36,9.137,17,4,22,medium,7,0.131,11119,4,110.4,yes,2025-03-16
P03750,Press,Tooling,Polymer,PreciseTech,Italy,45.1,3.53,17,31,31,critical,8,0.697,2446,6,109.4,no,2024-05-12
P03751,Conveyor,Filter,Ceramic,FlowCore,Netherlands,14.0,0.409,12,34,14,low,5,0.136,9492,13,124.0,yes,2023-03-29
P03752,Conveyor,Filter,Stainless Steel,FlowCore,Germany,29.21,0.251,7,3,7,low,4,0.106,8184,13,105.5,yes,2023-05-02
P03753,Conveyor,Belt,Steel,Nordic Motion,Czech Republic,22.08,0.547,11,18,10,medium,8,0.207,3607,6,128.2,yes,2025-02-01
P03754,Assembly,Filter,Stainless Steel,MotionHub,Poland,19.94,0.15,9,34,17,low,5,0.234,9903,16,96.8,yes,2023-02-12
P03755,Lathe,Valve,Polymer,Nordic Motion,Poland,133.02,2.092,11,23,22,low,4,0.182,8231,4,148.3,yes,2024-03-22
P03756,Packaging,Filter,Brass,SensorWorks,Finland,27.29,0.227,12,28,7,medium,6,0.161,8910,10,100.9,yes,2024-09-27
P03757,Conveyor,Seal,Brass,Activa Parts,Germany,14.49,0.028,26,20,28,critical,7,0.872,2366,6,107.3,no,2023-01-12
P03758,CNC-Mill,Filter,Aluminum,Nordic Motion,Italy,16.75,0.211,12,29,16,high,1,0.508,8528,15,98.7,yes,2024-12-26
P03759,Lathe,Bearing,Composite,MotionHub,Finland,207.29,1.049,24,11,29,low,7,0.344,4755,10,156.3,yes,2023-07-05
P03760,Packaging,Seal,Polymer,PreciseTech,Poland,13.79,0.047,20,26,31,medium,9,0.651,2809,5,127.2,yes,2023-04-07
P03761,Lathe,Bearing,Ceramic,FlowCore,Germany,91.42,1.541,21,9,26,low,5,0.34,5715,6,159.7,yes,2023-03-17
P03762,Press,Sensor,Steel,Activa Parts,Netherlands,123.33,0.444,17,18,20,medium,3,0.164,8645,8,97.1,no,2024-01-12
P03763,Conveyor,Seal,Steel,Nordic Motion,Italy,15.18,0.047,10,31,14,high,10,0.914,1856,10,111.2,yes,2023-08-18
P03764,Assembly,Cable,Steel,PreciseTech,Poland,28.87,0.951,14,23,19,low,4,0.208,6068,13,119.3,yes,2023-09-02
P03765,Packaging,Cable,Composite,SensorWorks,Finland,17.46,0.862,14,56,18,medium,6,0.202,10311,18,150.8,no,2024-04-06
P03766,Lathe,Valve,Composite,Activa Parts,Italy,282.24,2.233,16,18,11,low,6,0.166,6161,14,129.0,yes,2024-05-04
P03767,CNC-Mill,Bearing,Stainless Steel,SensorWorks,Netherlands,65.32,0.643,13,48,20,low,3,0.149,4684,14,148.1,yes,2023-06-18
P03768,CNC-Mill,Seal,Steel,SensorWorks,Netherlands,24.18,0.06,18,26,27,low,9,0.394,1510,6,137.6,yes,2023-11-15
P03769,Packaging,Bearing,Ceramic,SensorWorks,Sweden,127.44,0.543,19,19,16,high,7,0.187,3830,10,150.2,yes,2024-10-29
P03770,Assembly,Controller,Aluminum,Nordic Motion,Poland,933.11,1.089,31,5,36,critical,3,0.127,11437,1,67.3,no,2024-12-29
P03771,Assembly,Pump,Ceramic,EuroMech,Italy,468.68,15.644,26,6,24,high,3,0.149,10058,7,131.7,yes,2023-02-11
P03772,Lathe,Gear,Ceramic,FlowCore,Germany,135.65,2.013,7,44,16,high,1,0.088,6852,10,128.9,no,2024-04-30
P03773,Conveyor,Sensor,Stainless Steel,SensorWorks,Netherlands,73.49,0.215,14,9,19,medium,8,0.744,5493,11,79.1,no,2024-09-23
P03774,Conveyor,Cable,Steel,EuroMech,Poland,18.02,0.5,12,45,11,low,3,0.269,7662,12,138.3,yes,2023-06-10
P03775,Lathe,Seal,Polymer,MotionHub,Italy,31.53,0.084,16,11,18,high,3,0.635,2646,7,105.8,yes,2023-01-11
P03776,Conveyor,Gear,Steel,EuroMech,Czech Republic,176.58,1.475,16,18,36,high,4,0.167,8822,9,109.9,no,2024-05-07
P03777,Packaging,Controller,Aluminum,PreciseTech,Sweden,633.44,1.385,15,34,19,low,4,0.089,15386,2,59.6,yes,2023-01-04
P03778,Packaging,Belt,Steel,MotionHub,Sweden,25.51,0.27,12,34,7,low,5,0.286,3705,9,111.8,yes,2024-01-14
P03779,Packaging,Gear,Ceramic,PreciseTech,Sweden,76.89,2.917,6,19,12,high,4,0.232,7269,8,115.0,yes,2023-07-06
P03780,Conveyor,Filter,Ceramic,Activa Parts,Germany,21.85,0.309,22,31,17,medium,1,0.229,9287,8,138.4,yes,2024-12-24
P03781,Press,Seal,Composite,FlowCore,Czech Republic,32.76,0.045,10,24,21,medium,9,0.569,2422,6,119.4,no,2023-03-21
P03782,CNC-Mill,Sensor,Brass,FlowCore,Netherlands,74.52,0.27,20,15,22,low,4,0.252,4386,7,77.2,no,2024-09-15
P03783,Conveyor,Controller,Stainless Steel,SensorWorks,Italy,1302.8,1.262,19,7,24,low,8,0.089,14871,5,55.0,no,2025-02-25
P03784,Packaging,Cable,Polymer,Activa Parts,Poland,37.5,1.101,10,21,14,medium,7,0.099,7310,16,119.2,no,2024-04-18
P03785,CNC-Mill,Sensor,Steel,Activa Parts,Italy,62.81,0.375,13,2,11,medium,6,0.576,5977,6,84.5,yes,2023-08-26
P03786,CNC-Mill,Valve,Steel,MotionHub,Italy,169.61,1.33,13,16,23,low,7,0.223,9726,8,134.3,yes,2023-06-20
P03787,Assembly,Bearing,Steel,EuroMech,Poland,92.73,1.155,12,32,19,high,8,0.184,5445,12,160.3,yes,2023-01-14
P03788,Assembly,Bearing,Composite,Activa Parts,Sweden,77.22,0.906,13,39,11,low,5,0.313,4394,7,136.2,yes,2024-08-22
P03789,CNC-Mill,Sensor,Aluminum,MotionHub,Poland,187.2,0.259,12,0,14,low,5,0.249,7602,6,54.8,yes,2024-08-22
P03790,Conveyor,Bearing,Steel,PreciseTech,Germany,96.0,1.055,16,28,15,low,6,0.394,5981,12,146.2,yes,2024-10-19
P03791,Packaging,Controller,Ceramic,SensorWorks,Poland,553.95,0.568,16,32,17,high,5,0.274,14411,1,88.7,no,2024-10-24
P03792,Lathe,Motor,Ceramic,EuroMech,Sweden,472.99,10.587,18,25,22,high,7,0.178,12548,10,125.4,no,2023-12-26
P03793,Press,Bearing,Steel,FlowCore,Finland,78.54,0.634,12,38,4,critical,7,0.231,5481,16,141.8,yes,2023-05-14
P03794,Packaging,Tooling,Brass,Activa Parts,Italy,64.95,3.573,11,19,29,medium,8,0.238,2961,8,112.4,no,2023-11-15
P03795,Press,Cable,Aluminum,FlowCore,Czech Republic,13.1,0.822,10,5,20,low,5,0.125,10806,19,114.7,yes,2023-01-24
P03796,Packaging,Pump,Brass,EuroMech,Italy,360.95,7.484,10,26,21,low,4,0.163,6482,11,121.4,no,2023-01-01
P03797,Assembly,Gear,Steel,FlowCore,Netherlands,192.62,2.303,14,22,21,high,7,0.156,6318,4,107.3,no,2023-04-15
P03798,Assembly,Pump,Ceramic,Activa Parts,Germany,401.96,6.14,13,11,25,medium,5,0.312,6060,10,145.2,no,2025-03-06
P03799,Press,Sensor,Polymer,Nordic Motion,Finland,92.68,0.141,13,13,20,medium,4,0.214,7257,3,100.9,yes,2023-08-21
P03800,Lathe,Bearing,Stainless Steel,EuroMech,Italy,84.97,0.674,21,19,20,high,6,0.487,4642,5,129.5,yes,2024-10-01
P03801,Packaging,Bearing,Aluminum,FlowCore,Italy,47.19,0.63,22,7,25,high,4,0.602,4827,12,122.2,no,2024-04-27
P03802,Press,Bearing,Composite,Activa Parts,Italy,113.78,1.173,15,18,19,medium,9,0.293,5301,9,140.7,yes,2024-09-03
P03803,Assembly,Seal,Ceramic,Nordic Motion,Italy,33.92,0.061,17,56,17,low,7,0.634,1663,5,121.3,yes,2024-01-21
P03804,Packaging,Motor,Brass,PreciseTech,Germany,268.78,11.425,18,18,21,medium,4,0.135,12673,5,123.5,no,2024-06-17
P03805,Assembly,Cable,Aluminum,SensorWorks,Germany,13.96,0.631,16,48,12,medium,4,0.364,4608,12,101.3,yes,2025-03-23
P03806,Assembly,Sensor,Steel,MotionHub,Germany,71.19,0.305,19,20,15,critical,4,0.309,6114,6,109.3,yes,2023-10-21
P03807,Press,Bearing,Composite,Nordic Motion,Italy,101.33,0.736,8,39,9,medium,7,0.203,4276,9,150.8,yes,2023-03-13
P03808,Press,Filter,Composite,Activa Parts,Italy,27.42,0.343,4,31,9,medium,7,0.292,10123,19,60.0,yes,2023-03-08
P03809,Assembly,Motor,Polymer,Activa Parts,Finland,608.99,8.556,22,20,13,high,3,0.094,11295,2,119.7,yes,2023-10-09
P03810,Packaging,Controller,Steel,Nordic Motion,Czech Republic,668.38,0.539,17,10,27,low,7,0.134,13570,4,71.0,yes,2024-09-03
P03811,CNC-Mill,Pump,Brass,SensorWorks,Netherlands,525.82,11.452,11,16,14,low,4,0.275,9550,9,109.5,yes,2023-04-24
P03812,Press,Filter,Steel,Nordic Motion,Czech Republic,29.02,0.624,20,11,18,low,7,0.151,6572,11,108.7,yes,2023-05-10
P03813,CNC-Mill,Belt,Brass,PreciseTech,Netherlands,65.47,0.31,19,4,21,medium,9,0.996,2894,5,108.9,yes,2024-05-02
P03814,Assembly,Pump,Polymer,EuroMech,Italy,458.12,9.741,23,23,29,medium,4,0.104,9617,10,107.1,yes,2023-09-26
P03815,Conveyor,Gear,Aluminum,SensorWorks,Finland,223.29,1.981,16,59,17,medium,3,0.222,6819,3,97.3,no,2023-04-15
P03816,Packaging,Sensor,Aluminum,PreciseTech,Finland,168.88,0.475,5,15,12,low,4,0.684,5820,8,109.6,no,2024-08-22
P03817,Press,Belt,Composite,MotionHub,Italy,35.45,0.519,23,33,20,medium,9,0.244,3467,6,108.2,yes,2023-02-22
P03818,Assembly,Gear,Polymer,FlowCore,Czech Republic,123.92,1.831,21,0,11,medium,4,0.205,6584,6,116.1,yes,2023-08-20
P03819,Press,Sensor,Aluminum,SensorWorks,Czech Republic,129.59,0.167,13,41,16,medium,7,0.221,5930,15,73.6,yes,2024-06-01
P03820,Conveyor,Bearing,Composite,FlowCore,Finland,85.89,0.5,8,34,15,medium,7,0.404,6384,14,127.4,yes,2023-04-04
P03821,Packaging,Valve,Stainless Steel,SensorWorks,Czech Republic,102.15,2.037,4,37,18,medium,8,0.19,7797,5,129.6,yes,2023-08-27
P03822,Lathe,Sensor,Stainless Steel,EuroMech,Germany,140.93,0.474,13,6,1,high,4,0.992,5746,13,67.8,yes,2024-06-18
P03823,Packaging,Filter,Stainless Steel,Activa Parts,Italy,18.02,0.251,10,26,12,low,5,0.278,8354,10,87.5,yes,2023-11-25
P03824,Press,Sensor,Stainless Steel,Activa Parts,Germany,96.2,0.316,15,15,16,low,6,0.519,6534,9,101.0,yes,2024-09-14
P03825,Press,Motor,Stainless Steel,SensorWorks,Czech Republic,722.8,11.498,14,47,14,low,5,0.106,12117,1,122.8,yes,2023-11-02
P03826,Press,Valve,Composite,FlowCore,Czech Republic,429.72,1.554,13,30,21,medium,3,0.243,6828,5,114.9,no,2023-11-24
P03827,Conveyor,Bearing,Composite,EuroMech,Sweden,172.46,0.827,28,4,28,critical,6,0.383,5361,12,130.7,yes,2023-07-16
P03828,CNC-Mill,Bearing,Composite,MotionHub,Sweden,82.59,1.459,11,29,10,medium,6,0.229,4996,9,136.6,yes,2024-04-25
P03829,Press,Sensor,Ceramic,EuroMech,Netherlands,114.83,0.354,24,22,34,medium,8,0.39,6641,11,110.1,yes,2024-02-12
P03830,Assembly,Sensor,Composite,EuroMech,Italy,119.89,0.189,14,22,23,medium,5,0.123,6559,8,83.9,no,2023-05-14
P03831,Conveyor,Bearing,Aluminum,Activa Parts,Czech Republic,63.09,0.802,15,37,25,low,8,0.234,3416,9,151.9,yes,2024-08-07
P03832,Press,Filter,Composite,SensorWorks,Finland,38.64,0.169,18,20,27,medium,3,0.135,9346,15,94.1,no,2023-02-28
P03833,Packaging,Belt,Composite,FlowCore,Poland,60.53,0.269,32,0,22,critical,8,0.218,2605,8,120.0,no,2023-05-18
P03834,CNC-Mill,Sensor,Stainless Steel,SensorWorks,Netherlands,329.1,0.209,18,42,15,medium,1,0.117,6818,2,80.2,no,2024-11-27
P03835,Packaging,Belt,Brass,SensorWorks,Italy,46.46,0.424,8,25,13,low,5,1.004,3600,5,135.3,yes,2024-02-29
P03836,Assembly,Pump,Brass,EuroMech,Italy,332.82,15.999,20,26,10,medium,5,0.299,12534,12,116.9,yes,2023-03-02
P03837,Lathe,Valve,Brass,FlowCore,Czech Republic,308.22,1.317,7,37,18,medium,5,0.203,10233,5,115.1,yes,2025-02-12
P03838,Lathe,Filter,Aluminum,EuroMech,Netherlands,25.2,0.25,7,29,26,high,6,0.15,9769,11,99.0,no,2024-04-19
P03839,CNC-Mill,Gear,Polymer,MotionHub,Sweden,325.51,1.763,18,19,26,medium,6,0.143,8965,7,103.2,yes,2024-12-09
P03840,Packaging,Sensor,Ceramic,EuroMech,Finland,329.12,0.157,19,11,28,medium,4,0.222,7523,10,114.7,yes,2024-11-20
P03841,Packaging,Cable,Composite,Activa Parts,Italy,19.48,1.347,18,41,23,low,5,0.328,8225,18,113.0,no,2024-02-07
P03842,CNC-Mill,Cable,Polymer,EuroMech,Germany,63.89,0.51,14,15,14,medium,1,0.143,10977,16,111.0,no,2024-10-03
P03843,Packaging,Filter,Polymer,SensorWorks,Czech Republic,35.97,0.33,13,17,20,low,4,0.175,7178,16,75.3,no,2023-09-07
P03844,Lathe,Pump,Polymer,EuroMech,Sweden,377.5,8.253,7,26,10,high,5,0.254,10108,1,126.9,no,2023-08-20
P03845,Assembly,Bearing,Aluminum,Nordic Motion,Netherlands,91.57,0.95,22,0,25,critical,6,0.664,6211,8,145.5,yes,2024-05-12
P03846,Press,Cable,Aluminum,Activa Parts,Poland,58.24,0.769,22,0,28,high,7,0.254,7446,19,117.1,yes,2025-03-20
P03847,CNC-Mill,Bearing,Composite,PreciseTech,Finland,75.79,1.798,22,37,33,low,5,0.659,4847,9,126.5,yes,2024-05-16
P03848,Press,Belt,Polymer,PreciseTech,Italy,16.64,0.328,14,36,24,high,7,1.182,3863,4,101.9,yes,2024-12-11
P03849,CNC-Mill,Bearing,Composite,EuroMech,Finland,98.5,0.812,12,0,18,medium,7,0.221,4493,15,150.2,yes,2024-04-29
P03850,Assembly,Pump,Aluminum,PreciseTech,Sweden,492.81,11.417,18,12,12,high,5,0.188,7341,7,111.8,yes,2025-03-07
P03851,Conveyor,Controller,Polymer,Nordic Motion,Czech Republic,764.45,0.667,14,36,18,low,4,0.144,21589,4,76.5,no,2023-02-15
P03852,Packaging,Seal,Brass,SensorWorks,Netherlands,26.42,0.051,15,32,17,low,9,0.598,1490,6,135.3,yes,2024-11-27
P03853,Assembly,Controller,Composite,Activa Parts,Germany,573.57,2.3,7,18,25,high,5,0.105,14973,8,60.7,yes,2023-02-22
P03854,Press,Sensor,Brass,PreciseTech,Sweden,59.36,0.194,19,23,16,low,5,0.138,4817,15,63.2,yes,2024-03-18
P03855,Press,Sensor,Composite,Nordic Motion,Italy,54.18,0.228,17,45,14,high,6,0.11,4668,9,103.2,yes,2023-06-27
P03856,Press,Tooling,Ceramic,PreciseTech,Netherlands,99.36,1.607,3,41,10,high,9,0.767,1542,11,117.3,yes,2025-02-20
P03857,Assembly,Bearing,Polymer,PreciseTech,Finland,136.54,0.967,12,23,3,high,6,0.607,5415,7,143.8,yes,2023-11-24
P03858,Assembly,Motor,Ceramic,Nordic Motion,Czech Republic,484.32,9.668,14,46,19,medium,5,0.098,14585,7,112.3,yes,2024-09-01
P03859,Conveyor,Filter,Polymer,PreciseTech,Italy,41.42,0.421,9,12,10,high,5,0.097,5510,14,67.3,no,2023-11-30
P03860,Packaging,Belt,Composite,SensorWorks,Czech Republic,46.56,0.49,11,26,19,high,9,0.652,4144,2,105.2,yes,2024-05-06
P03861,Conveyor,Sensor,Composite,PreciseTech,Czech Republic,67.71,0.181,5,49,15,medium,8,0.156,5826,14,90.7,yes,2024-10-29
P03862,CNC-Mill,Pump,Aluminum,Activa Parts,Czech Republic,279.53,5.374,15,44,32,critical,7,0.36,7174,3,132.6,yes,2023-09-03
P03863,CNC-Mill,Motor,Aluminum,FlowCore,Netherlands,306.52,5.661,16,29,28,low,4,0.124,10541,7,113.8,yes,2024-02-21
P03864,Assembly,Tooling,Steel,Activa Parts,Italy,193.87,1.611,11,30,17,medium,9,0.514,2827,1,125.7,yes,2024-08-27
P03865,Assembly,Pump,Aluminum,EuroMech,Finland,477.96,10.069,15,24,13,medium,7,0.098,9520,8,107.2,yes,2023-08-29
P03866,Lathe,Seal,Ceramic,SensorWorks,Germany,21.01,0.072,18,38,17,critical,10,0.537,3312,5,150.7,yes,2024-11-15
P03867,Assembly,Pump,Composite,Activa Parts,Italy,934.39,8.888,21,28,25,critical,3,0.281,10950,5,82.8,yes,2024-10-09
P03868,Conveyor,Motor,Brass,PreciseTech,Netherlands,649.24,10.64,17,24,18,low,6,0.199,10535,5,114.3,yes,2024-11-02
P03869,CNC-Mill,Bearing,Steel,PreciseTech,Germany,68.6,0.872,25,7,20,critical,7,0.404,3881,11,152.4,yes,2023-04-26
P03870,Conveyor,Sensor,Steel,PreciseTech,Poland,91.98,0.298,13,46,13,low,8,0.141,4718,10,84.5,yes,2023-08-08
P03871,Press,Pump,Brass,Activa Parts,Finland,695.92,7.105,15,46,21,low,6,0.154,7856,9,125.7,yes,2024-09-10
P03872,CNC-Mill,Pump,Stainless Steel,PreciseTech,Finland,611.38,8.353,16,31,15,medium,9,0.535,11539,6,102.7,yes,2023-06-03
P03873,Lathe,Bearing,Steel,Activa Parts,Italy,66.1,0.95,22,28,14,critical,5,0.521,5249,12,151.1,no,2024-02-21
P03874,Conveyor,Sensor,Polymer,PreciseTech,Czech Republic,66.38,0.217,3,17,7,high,10,0.407,5826,9,93.9,no,2023-05-20
P03875,Press,Belt,Brass,PreciseTech,Italy,29.3,0.383,17,20,7,high,8,0.335,2280,2,132.0,no,2024-12-20
P03876,Lathe,Seal,Brass,Activa Parts,Finland,17.54,0.08,21,24,26,critical,8,0.55,2139,5,95.9,no,2023-09-15
P03877,CNC-Mill,Bearing,Polymer,MotionHub,Czech Republic,111.74,0.395,11,31,15,medium,8,0.366,6130,8,134.7,no,2024-09-12
P03878,Packaging,Tooling,Brass,EuroMech,Finland,142.08,1.92,14,15,23,medium,7,1.137,2473,6,106.6,yes,2024-10-24
P03879,CNC-Mill,Filter,Steel,PreciseTech,Finland,27.38,0.324,25,48,25,critical,6,0.182,9170,9,108.0,yes,2024-10-05
P03880,Lathe,Valve,Steel,Nordic Motion,Czech Republic,269.7,2.161,6,13,11,low,6,0.15,9567,2,117.9,yes,2024-06-15
P03881,Press,Bearing,Brass,EuroMech,Finland,135.16,0.678,13,24,22,low,5,0.121,6715,17,117.5,yes,2024-09-04
P03882,Press,Bearing,Stainless Steel,Activa Parts,Germany,85.23,0.865,10,19,21,low,5,1.241,5031,10,140.6,yes,2023-08-31
P03883,Lathe,Motor,Steel,MotionHub,Italy,653.05,9.887,21,11,27,medium,6,0.16,11617,6,119.3,yes,2024-10-06
P03884,Press,Filter,Brass,Activa Parts,Netherlands,24.89,0.336,22,40,28,critical,4,0.246,7076,19,70.7,yes,2023-01-13
P03885,Lathe,Filter,Steel,Activa Parts,Poland,45.37,0.407,25,37,25,high,5,0.284,6448,16,84.5,yes,2023-07-08
P03886,Assembly,Gear,Polymer,FlowCore,Netherlands,138.34,2.724,7,32,15,low,4,0.204,6387,5,113.2,yes,2023-12-30
P03887,CNC-Mill,Sensor,Brass,PreciseTech,Sweden,74.38,0.436,23,46,25,critical,5,0.148,5805,11,80.8,yes,2024-04-11
P03888,Conveyor,Seal,Stainless Steel,MotionHub,Netherlands,35.67,0.048,21,5,23,low,8,0.672,1895,3,140.2,no,2023-05-09
P03889,CNC-Mill,Pump,Brass,FlowCore,Italy,492.05,5.054,12,21,17,low,4,0.158,8938,7,107.2,no,2024-07-01
P03890,Lathe,Bearing,Steel,SensorWorks,Czech Republic,212.24,0.905,22,36,25,medium,3,0.449,5017,14,135.0,yes,2023-11-21
P03891,CNC-Mill,Tooling,Aluminum,PreciseTech,Netherlands,75.78,2.786,9,37,8,medium,7,0.324,3042,8,115.2,yes,2023-08-13
P03892,Packaging,Bearing,Composite,EuroMech,Finland,103.95,0.605,15,5,26,high,9,0.696,6267,9,126.7,yes,2025-02-28
P03893,Press,Gear,Brass,Activa Parts,Finland,226.03,3.925,20,41,21,high,4,0.254,9065,8,116.3,yes,2024-05-10
P03894,Lathe,Controller,Brass,EuroMech,Italy,911.52,1.877,17,21,23,low,4,0.137,15465,6,46.8,yes,2023-01-31
P03895,Packaging,Motor,Aluminum,EuroMech,Italy,450.95,4.548,16,17,17,medium,3,0.208,13200,6,92.9,yes,2024-04-17
P03896,CNC-Mill,Cable,Aluminum,PreciseTech,Netherlands,36.67,0.907,16,17,21,high,5,0.331,7672,22,139.8,yes,2023-02-21
P03897,Press,Bearing,Polymer,FlowCore,Poland,64.71,0.788,9,34,7,high,7,0.113,4924,10,129.6,no,2024-01-24
P03898,Press,Bearing,Aluminum,Nordic Motion,Poland,105.93,1.221,12,38,13,critical,6,0.253,6764,11,126.3,no,2024-02-20
P03899,Packaging,Sensor,Aluminum,Activa Parts,Netherlands,81.05,0.152,21,28,38,critical,5,0.262,6705,10,94.8,no,2023-03-27
P03900,Press,Bearing,Brass,SensorWorks,Italy,43.38,0.905,14,12,17,medium,1,1.002,6026,11,160.5,yes,2024-11-08
P03901,CNC-Mill,Gear,Brass,SensorWorks,Italy,217.85,1.392,13,26,0,medium,6,0.342,8214,8,117.4,yes,2024-08-04
P03902,CNC-Mill,Valve,Stainless Steel,SensorWorks,Poland,531.62,2.306,21,26,19,low,6,0.752,10834,10,134.0,yes,2023-01-05
P03903,Press,Motor,Composite,FlowCore,Finland,445.98,30.154,19,21,23,high,6,0.116,15241,8,112.4,yes,2023-07-06
P03904,Assembly,Bearing,Composite,SensorWorks,Czech Republic,84.03,0.769,12,19,13,medium,6,0.401,4464,6,131.4,yes,2024-12-07
P03905,CNC-Mill,Pump,Aluminum,FlowCore,Germany,264.08,5.379,21,21,24,critical,4,0.093,6999,6,121.4,yes,2024-03-19
P03906,Conveyor,Sensor,Composite,EuroMech,Netherlands,82.4,0.321,15,35,17,high,5,0.173,7389,3,78.1,yes,2024-03-09
P03907,Lathe,Seal,Stainless Steel,Activa Parts,Netherlands,21.21,0.058,5,47,11,low,8,0.401,1723,5,136.5,yes,2024-01-28
P03908,Lathe,Bearing,Brass,Nordic Motion,Netherlands,50.11,0.701,12,20,21,medium,7,0.267,4068,15,140.4,no,2024-10-26
P03909,Conveyor,Belt,Composite,PreciseTech,Italy,41.95,0.694,10,27,16,medium,6,0.69,3787,10,109.3,yes,2024-10-08
P03910,Assembly,Pump,Ceramic,Activa Parts,Germany,977.21,6.924,20,34,29,medium,7,0.179,11745,9,126.0,no,2025-02-06
P03911,Assembly,Gear,Aluminum,EuroMech,Sweden,141.15,1.514,9,27,23,medium,4,0.182,8529,9,109.4,yes,2025-02-13
P03912,Lathe,Bearing,Ceramic,Activa Parts,Finland,44.37,1.411,14,20,15,medium,8,0.197,3826,10,180.2,yes,2023-09-25
P03913,Packaging,Gear,Polymer,SensorWorks,Netherlands,155.51,2.314,25,29,12,critical,5,0.17,7837,9,119.9,yes,2025-02-01
P03914,CNC-Mill,Bearing,Steel,MotionHub,Italy,138.32,1.933,15,5,26,high,6,0.241,4786,11,124.9,yes,2023-10-14
P03915,Press,Valve,Brass,Activa Parts,Sweden,205.71,1.337,16,22,16,medium,2,0.303,9412,9,127.1,yes,2024-06-14
P03916,Lathe,Motor,Aluminum,MotionHub,Netherlands,445.43,14.127,19,0,22,low,7,0.098,14998,3,106.3,yes,2025-01-26
P03917,Assembly,Sensor,Stainless Steel,PreciseTech,Netherlands,167.63,0.16,10,38,17,high,5,0.279,5559,8,102.9,yes,2023-10-03
P03918,Press,Cable,Steel,Nordic Motion,Netherlands,20.59,0.893,4,34,1,medium,3,0.188,7383,21,128.6,yes,2023-02-12
P03919,Packaging,Controller,Polymer,Nordic Motion,Finland,927.97,0.624,16,1,13,medium,4,0.125,11500,3,75.3,yes,2024-08-08
P03920,CNC-Mill,Gear,Steel,MotionHub,Finland,233.96,1.912,18,44,24,low,5,0.175,7764,2,108.9,no,2025-01-12
P03921,Conveyor,Filter,Polymer,Nordic Motion,Germany,24.29,0.181,16,33,22,medium,6,0.182,6515,14,79.3,yes,2023-01-19
P03922,CNC-Mill,Valve,Stainless Steel,Nordic Motion,Poland,290.8,1.28,20,17,27,high,4,0.132,11647,7,123.3,no,2024-09-10
P03923,Press,Bearing,Ceramic,FlowCore,Germany,105.19,1.216,18,16,26,low,6,0.197,4073,8,171.4,yes,2024-03-16
P03924,Assembly,Belt,Composite,PreciseTech,Germany,25.89,0.324,29,0,28,critical,7,0.852,2920,12,86.9,yes,2024-04-18
P03925,Packaging,Controller,Composite,FlowCore,Sweden,559.56,1.416,7,40,15,high,6,0.092,14075,2,52.1,yes,2023-07-15
P03926,Conveyor,Sensor,Steel,Activa Parts,Finland,93.17,0.173,13,28,30,high,9,0.27,5781,17,86.1,yes,2024-09-24
P03927,Packaging,Seal,Polymer,PreciseTech,Czech Republic,11.42,0.048,15,13,26,low,6,0.618,1605,7,123.1,no,2023-10-26
P03928,Lathe,Sensor,Ceramic,SensorWorks,Finland,173.44,0.232,17,44,15,low,7,0.335,6514,6,100.4,yes,2023-08-22
P03929,Conveyor,Pump,Composite,Activa Parts,Netherlands,363.37,6.176,9,19,8,low,3,0.25,7676,12,116.4,yes,2024-10-31
P03930,Assembly,Seal,Polymer,Activa Parts,Czech Republic,23.04,0.072,19,32,18,medium,5,0.621,2928,6,122.9,yes,2023-03-17
P03931,Packaging,Motor,Brass,FlowCore,Netherlands,628.11,8.957,15,33,29,high,5,0.18,10972,9,114.2,yes,2023-08-25
P03932,Press,Seal,Brass,SensorWorks,Finland,25.84,0.068,35,31,23,critical,8,0.444,2619,1,142.5,no,2023-06-02
P03933,Press,Seal,Ceramic,SensorWorks,Czech Republic,22.93,0.023,22,43,17,medium,6,0.515,3255,3,128.8,no,2023-11-18
P03934,Press,Motor,Ceramic,SensorWorks,Finland,563.98,7.339,14,11,13,medium,3,0.189,11404,3,108.6,yes,2024-01-08
P03935,Press,Filter,Aluminum,PreciseTech,Poland,42.24,0.334,18,8,19,low,4,0.512,9919,11,96.3,no,2024-10-06
P03936,CNC-Mill,Filter,Ceramic,SensorWorks,Sweden,21.68,0.331,4,47,15,high,4,0.21,9350,14,117.1,yes,2023-03-28
P03937,Conveyor,Controller,Stainless Steel,MotionHub,Finland,702.19,1.17,21,5,16,medium,5,0.049,21305,6,70.5,yes,2023-06-06
P03938,Conveyor,Pump,Ceramic,Activa Parts,Italy,627.56,10.847,10,29,10,high,5,0.233,8413,9,132.4,no,2024-06-13
P03939,CNC-Mill,Valve,Brass,Nordic Motion,Netherlands,184.49,1.067,14,25,11,medium,4,0.105,11063,2,137.4,yes,2024-11-14
P03940,Assembly,Valve,Polymer,Nordic Motion,Poland,312.13,0.791,24,3,23,medium,4,0.119,11389,10,142.4,yes,2024-12-09
P03941,Conveyor,Valve,Ceramic,FlowCore,Czech Republic,192.66,1.017,19,30,17,low,7,0.089,11385,5,139.1,yes,2023-06-14
P03942,CNC-Mill,Seal,Steel,FlowCore,Poland,14.9,0.045,8,40,25,low,6,0.658,2744,9,118.8,yes,2024-10-15
P03943,Press,Cable,Composite,FlowCore,Poland,16.75,1.276,9,28,8,medium,6,0.15,7247,22,113.8,yes,2024-04-02
P03944,Conveyor,Motor,Stainless Steel,Nordic Motion,Germany,512.03,5.298,18,64,20,medium,4,0.234,8097,9,104.3,yes,2025-01-24
P03945,CNC-Mill,Filter,Aluminum,Activa Parts,Finland,45.34,0.399,24,5,23,high,4,0.335,7869,12,111.8,yes,2023-10-16
P03946,Press,Seal,Ceramic,Nordic Motion,Poland,15.38,0.081,1,19,16,low,7,0.856,1735,8,140.1,yes,2023-04-06
P03947,Lathe,Gear,Ceramic,FlowCore,Italy,194.7,0.95,15,35,16,medium,3,0.181,8220,4,116.4,yes,2024-12-03
P03948,CNC-Mill,Seal,Steel,EuroMech,Germany,39.32,0.046,16,17,10,low,6,0.81,2282,9,124.3,yes,2023-04-11
P03949,Lathe,Pump,Aluminum,PreciseTech,Netherlands,568.36,7.309,17,4,19,medium,4,0.309,9502,5,104.7,no,2024-04-10
P03950,Conveyor,Gear,Ceramic,SensorWorks,Finland,121.91,1.192,18,18,15,medium,6,0.111,5642,5,130.9,yes,2024-09-06
P03951,CNC-Mill,Bearing,Polymer,Nordic Motion,Czech Republic,182.04,0.581,24,45,21,medium,4,0.233,5654,8,133.0,no,2024-12-10
P03952,Packaging,Gear,Ceramic,FlowCore,Czech Republic,103.86,2.08,8,60,15,low,4,0.228,8855,4,140.8,yes,2023-07-20
P03953,Packaging,Belt,Composite,PreciseTech,Finland,50.84,0.506,24,29,28,critical,8,0.799,2673,8,111.3,yes,2024-07-12
P03954,CNC-Mill,Cable,Stainless Steel,MotionHub,Czech Republic,28.25,0.937,20,11,15,critical,3,0.236,6212,16,120.9,yes,2024-08-19
P03955,Packaging,Pump,Stainless Steel,Activa Parts,Finland,688.22,7.242,29,16,31,critical,6,0.304,8873,7,116.3,yes,2025-01-15
P03956,Conveyor,Pump,Steel,FlowCore,Sweden,257.13,5.928,3,27,8,low,7,0.135,8363,4,116.0,yes,2024-01-05
P03957,Lathe,Motor,Composite,Activa Parts,Poland,529.12,9.933,11,35,9,low,1,0.136,10324,1,106.0,no,2024-10-29
P03958,Lathe,Tooling,Composite,EuroMech,Italy,114.25,1.669,16,25,20,low,7,0.297,2297,9,101.0,yes,2024-03-14
P03959,CNC-Mill,Controller,Composite,FlowCore,Poland,483.76,1.237,12,17,25,high,4,0.264,14301,5,68.6,yes,2023-05-12
P03960,Packaging,Seal,Composite,MotionHub,Czech Republic,30.55,0.044,10,10,17,medium,4,0.62,2678,8,126.8,yes,2024-03-03
P03961,Conveyor,Cable,Ceramic,SensorWorks,Poland,23.64,0.398,15,28,22,medium,2,0.287,8671,20,126.1,yes,2024-06-22
P03962,Conveyor,Bearing,Brass,Activa Parts,Netherlands,137.96,1.333,19,12,19,medium,8,0.594,4244,10,168.0,no,2024-12-13
P03963,Packaging,Seal,Ceramic,Nordic Motion,Germany,17.09,0.058,24,23,24,medium,9,0.51,3221,5,125.6,yes,2023-07-23
P03964,CNC-Mill,Sensor,Brass,PreciseTech,Finland,133.37,0.143,18,5,29,medium,6,0.257,4892,7,72.4,yes,2023-10-16
P03965,Assembly,Seal,Ceramic,FlowCore,Italy,27.44,0.035,15,38,14,high,9,0.895,2159,9,140.9,yes,2023-05-13
P03966,CNC-Mill,Pump,Steel,PreciseTech,Sweden,331.64,10.846,20,36,17,medium,5,0.146,9713,14,86.1,no,2023-11-17
P03967,Packaging,Bearing,Steel,FlowCore,Poland,131.47,0.845,27,43,18,low,8,0.825,4803,8,146.9,yes,2023-07-29
P03968,CNC-Mill,Gear,Stainless Steel,SensorWorks,Italy,215.6,1.07,28,19,22,low,6,0.112,10234,6,117.7,no,2024-09-15
P03969,Press,Motor,Polymer,Activa Parts,Czech Republic,501.52,6.181,15,5,30,medium,5,0.139,16241,2,94.7,yes,2023-05-17
P03970,Conveyor,Cable,Brass,FlowCore,Sweden,33.52,0.78,27,32,34,critical,5,0.094,9793,19,113.2,yes,2023-06-13
P03971,CNC-Mill,Seal,Composite,MotionHub,Italy,21.84,0.062,12,19,14,high,6,0.381,3459,9,124.7,yes,2023-04-03
P03972,Lathe,Belt,Aluminum,FlowCore,Sweden,34.99,0.463,16,40,20,medium,7,0.84,3256,9,119.7,yes,2023-02-18
P03973,Conveyor,Sensor,Aluminum,SensorWorks,Netherlands,117.99,0.344,7,16,18,high,4,0.337,7019,8,107.6,yes,2023-02-21
P03974,Press,Bearing,Stainless Steel,EuroMech,Sweden,81.37,0.783,15,30,16,low,7,0.248,5441,13,144.9,yes,2024-10-29
P03975,Lathe,Seal,Steel,SensorWorks,Italy,36.96,0.063,15,0,19,medium,8,0.535,2279,5,110.1,yes,2024-05-22
P03976,CNC-Mill,Bearing,Polymer,MotionHub,Germany,115.8,0.669,19,19,17,medium,5,0.204,5468,15,121.7,yes,2023-05-07
P03977,Lathe,Valve,Composite,FlowCore,Poland,137.94,1.247,6,56,17,high,6,0.23,8533,4,130.9,no,2025-02-25
P03978,CNC-Mill,Valve,Aluminum,MotionHub,Italy,266.86,1.836,18,25,19,low,7,0.165,10038,8,136.7,yes,2024-01-07
P03979,Press,Gear,Brass,SensorWorks,Finland,73.99,2.266,15,21,12,medium,5,0.193,6208,4,120.0,yes,2023-01-08
P03980,Lathe,Tooling,Polymer,Activa Parts,Netherlands,160.95,2.169,22,1,19,low,6,0.336,2750,10,115.8,yes,2024-01-14
P03981,Lathe,Seal,Composite,SensorWorks,Germany,11.03,0.03,24,12,24,low,7,0.347,2451,5,112.1,no,2024-08-12
P03982,Lathe,Bearing,Brass,Activa Parts,Italy,121.22,0.448,14,10,23,medium,6,0.2,4502,8,158.6,no,2024-11-10
P03983,Conveyor,Valve,Brass,SensorWorks,Germany,127.21,1.659,14,33,23,high,2,0.17,10413,2,129.2,yes,2023-11-26
P03984,Assembly,Tooling,Brass,Activa Parts,Czech Republic,134.46,2.59,24,27,15,medium,8,0.621,2482,2,104.9,yes,2024-02-19
P03985,CNC-Mill,Valve,Stainless Steel,EuroMech,Finland,174.57,1.07,22,38,16,low,6,0.177,11087,7,136.8,yes,2025-01-29
P03986,Conveyor,Sensor,Composite,FlowCore,Italy,153.18,0.459,16,32,16,medium,6,0.288,3696,12,101.3,no,2023-12-13
P03987,Conveyor,Seal,Brass,MotionHub,Sweden,23.95,0.042,20,7,24,high,8,0.751,2264,7,95.9,yes,2024-05-28
P03988,CNC-Mill,Seal,Composite,Nordic Motion,Netherlands,31.35,0.062,23,5,27,low,9,0.576,2043,3,113.4,yes,2024-07-11
P03989,Packaging,Bearing,Ceramic,EuroMech,Poland,36.48,1.279,12,24,23,medium,4,0.826,4827,11,197.1,yes,2025-03-05
P03990,Press,Gear,Composite,PreciseTech,Germany,117.66,2.694,18,27,15,medium,5,0.49,4515,3,105.5,yes,2024-05-10
P03991,CNC-Mill,Valve,Brass,FlowCore,Czech Republic,197.3,1.348,14,12,16,high,5,0.07,14458,9,136.6,yes,2023-03-06
P03992,Packaging,Seal,Aluminum,FlowCore,Poland,15.2,0.033,16,47,20,high,9,0.46,2554,4,141.3,yes,2024-01-07
P03993,Lathe,Sensor,Brass,FlowCore,Poland,77.44,0.293,6,54,0,medium,5,0.279,6922,10,72.7,no,2024-11-19
P03994,Press,Filter,Brass,PreciseTech,Sweden,32.09,0.244,10,17,21,medium,5,0.121,6683,12,75.2,no,2023-11-28
P03995,Conveyor,Belt,Aluminum,Activa Parts,Finland,48.69,0.322,10,22,11,high,9,0.338,4179,7,111.0,yes,2024-05-13
P03996,Packaging,Seal,Brass,Nordic Motion,Italy,19.24,0.035,13,28,24,medium,7,0.659,2400,8,107.3,yes,2024-07-21
P03997,CNC-Mill,Filter,Ceramic,Activa Parts,Germany,40.66,0.171,18,6,31,low,5,0.342,9901,8,100.3,yes,2023-03-07
P03998,Press,Sensor,Aluminum,EuroMech,Finland,57.82,0.31,5,41,10,medium,5,0.15,5028,7,104.1,no,2025-03-16
P03999,Press,Filter,Stainless Steel,PreciseTech,Germany,27.25,0.153,14,23,19,low,5,0.172,5312,18,96.8,yes,2024-04-17
P04000,Assembly,Bearing,Steel,SensorWorks,Sweden,172.09,0.831,18,1,32,low,4,1.66,6502,8,142.6,yes,2023-06-19
P04001,Conveyor,Valve,Stainless Steel,Activa Parts,Sweden,159.32,1.086,23,14,29,high,3,0.193,12219,9,118.0,no,2023-09-20
P04002,CNC-Mill,Sensor,Aluminum,PreciseTech,Poland,70.93,0.288,13,8,17,medium,4,0.315,6706,10,102.6,yes,2025-01-30
P04003,Press,Filter,Ceramic,Activa Parts,Netherlands,42.61,0.298,12,36,17,medium,6,0.132,6390,13,125.2,yes,2023-11-09
P04004,Assembly,Seal,Polymer,Nordic Motion,Sweden,7.59,0.047,21,17,8,low,7,0.542,2769,6,126.6,yes,2025-03-17
P04005,Conveyor,Gear,Steel,Activa Parts,Sweden,172.73,2.708,21,10,22,low,6,0.111,6991,7,120.4,yes,2023-04-06
P04006,Assembly,Motor,Stainless Steel,Nordic Motion,Sweden,371.8,14.709,17,38,10,high,3,0.108,13141,6,97.5,yes,2024-05-25
P04007,Press,Bearing,Aluminum,SensorWorks,Czech Republic,52.94,1.339,20,27,26,low,6,0.278,2984,13,153.8,yes,2023-10-10
P04008,Conveyor,Tooling,Aluminum,MotionHub,Italy,189.97,1.448,12,23,4,medium,6,0.532,3375,1,130.1,yes,2023-01-17
P04009,Packaging,Sensor,Composite,EuroMech,Finland,187.72,0.224,24,56,26,medium,4,0.154,5140,4,97.8,no,2024-04-30
P04010,Conveyor,Cable,Steel,Nordic Motion,Germany,66.59,0.658,16,50,19,medium,4,0.284,4050,19,107.3,no,2024-09-27
P04011,Lathe,Seal,Brass,MotionHub,Italy,17.28,0.047,18,24,21,high,8,0.262,2377,10,116.2,yes,2023-03-18
P04012,Assembly,Motor,Aluminum,MotionHub,Poland,663.06,9.836,22,27,28,medium,6,0.207,8418,5,109.1,yes,2023-04-07
P04013,Assembly,Bearing,Polymer,Nordic Motion,Sweden,68.84,0.799,17,31,26,medium,6,0.231,5658,13,165.7,yes,2023-09-09
P04014,Conveyor,Seal,Brass,EuroMech,Italy,15.26,0.043,21,25,21,high,4,0.377,3058,6,101.4,yes,2023-12-04
P04015,Conveyor,Bearing,Ceramic,Nordic Motion,Czech Republic,82.91,1.256,10,23,16,low,7,0.395,4575,11,165.5,yes,2024-11-14
P04016,Assembly,Valve,Stainless Steel,EuroMech,Sweden,274.65,1.609,20,23,18,high,5,0.084,9929,3,115.5,no,2025-03-01
P04017,CNC-Mill,Tooling,Polymer,FlowCore,Czech Republic,202.14,1.744,18,25,24,critical,8,0.401,3051,11,95.4,yes,2025-01-23
P04018,Packaging,Motor,Stainless Steel,Nordic Motion,Sweden,362.11,14.586,9,23,5,high,5,0.081,15309,5,108.1,yes,2024-05-09
P04019,Press,Seal,Stainless Steel,SensorWorks,Czech Republic,12.27,0.04,11,11,14,medium,10,0.398,2597,2,131.8,yes,2024-06-25
P04020,Packaging,Pump,Polymer,MotionHub,Netherlands,219.0,8.427,12,14,13,high,5,0.431,8347,6,131.8,yes,2023-06-26
P04021,Packaging,Valve,Ceramic,PreciseTech,Finland,76.99,2.347,11,43,16,low,5,0.091,7775,7,164.7,yes,2023-02-17
P04022,Assembly,Bearing,Polymer,Activa Parts,Italy,64.45,0.393,5,8,19,high,3,0.219,2862,6,152.7,no,2023-01-23
P04023,Packaging,Bearing,Brass,Nordic Motion,Netherlands,100.82,0.573,12,18,25,high,4,0.244,6229,12,142.5,yes,2023-03-16
P04024,CNC-Mill,Bearing,Stainless Steel,SensorWorks,Germany,74.48,0.617,15,22,11,low,7,0.761,6668,11,154.7,no,2024-01-23
P04025,Press,Bearing,Ceramic,PreciseTech,Netherlands,65.17,0.683,18,8,16,medium,7,0.519,5755,7,166.3,yes,2024-02-10
P04026,CNC-Mill,Bearing,Polymer,Activa Parts,Italy,85.27,0.603,12,38,14,medium,4,0.167,5579,12,143.2,yes,2023-05-31
P04027,CNC-Mill,Pump,Ceramic,FlowCore,Sweden,485.11,8.649,15,32,20,low,6,0.3,8543,5,134.6,yes,2023-03-28
P04028,Lathe,Filter,Aluminum,Activa Parts,Germany,68.57,0.423,21,41,21,high,2,0.207,9841,12,81.0,yes,2024-12-30
P04029,Lathe,Sensor,Composite,Activa Parts,Poland,137.78,0.423,16,3,19,critical,8,0.174,7685,7,83.3,no,2025-03-02
P04030,Lathe,Cable,Aluminum,PreciseTech,Sweden,23.41,0.606,18,43,15,medium,6,0.15,5990,16,111.4,yes,2023-12-12
P04031,Assembly,Tooling,Polymer,EuroMech,Poland,149.67,3.879,15,0,22,low,8,0.415,3659,8,124.3,yes,2024-06-20
P04032,Conveyor,Filter,Ceramic,MotionHub,Italy,26.13,0.149,15,26,28,low,6,0.309,7513,13,109.5,yes,2023-06-08
P04033,Lathe,Belt,Stainless Steel,MotionHub,Italy,48.59,0.373,10,28,24,medium,10,0.216,2736,12,94.5,yes,2023-05-08
P04034,Packaging,Motor,Brass,MotionHub,Poland,1054.29,8.722,10,32,21,medium,10,0.096,8126,4,108.8,yes,2025-03-21
P04035,Lathe,Pump,Brass,SensorWorks,Sweden,698.07,4.971,20,37,26,critical,4,0.195,9430,8,98.2,yes,2023-01-21
P04036,Assembly,Filter,Brass,FlowCore,Netherlands,22.7,0.238,6,17,10,high,4,0.393,7101,18,68.1,yes,2024-04-23
P04037,Assembly,Valve,Brass,SensorWorks,Germany,268.19,1.226,9,21,13,medium,10,0.171,7598,2,117.8,yes,2024-12-26
P04038,Conveyor,Filter,Polymer,SensorWorks,Germany,42.77,0.274,6,48,16,high,8,0.063,8847,15,73.5,yes,2025-02-08
P04039,Conveyor,Bearing,Composite,Activa Parts,Sweden,101.54,1.34,27,0,26,critical,8,0.183,5117,8,136.2,yes,2024-11-03
P04040,Conveyor,Sensor,Steel,Activa Parts,Czech Republic,73.5,0.234,16,26,19,medium,5,0.11,3958,8,88.6,yes,2023-11-23
P04041,Lathe,Belt,Steel,PreciseTech,Finland,31.41,0.334,21,25,24,low,6,0.402,3652,4,99.2,no,2024-02-16
P04042,CNC-Mill,Bearing,Steel,FlowCore,Finland,112.54,0.734,15,38,28,medium,8,0.654,4764,13,146.2,yes,2024-07-03
P04043,Press,Filter,Ceramic,MotionHub,Germany,35.26,0.301,14,42,20,high,4,0.417,9005,17,88.8,no,2024-04-05
P04044,Press,Valve,Polymer,SensorWorks,Sweden,156.37,1.025,6,33,17,low,7,0.3,8755,6,141.9,yes,2023-06-28
P04045,Press,Belt,Aluminum,PreciseTech,Italy,39.76,0.604,9,22,7,medium,7,0.388,3911,8,115.8,no,2025-01-10
P04046,Conveyor,Seal,Ceramic,MotionHub,Poland,20.15,0.025,8,27,6,medium,8,0.459,2479,5,130.5,yes,2024-12-11
P04047,Packaging,Motor,Steel,Nordic Motion,Germany,683.95,8.968,23,11,23,critical,6,0.152,11008,1,95.3,yes,2024-06-16
P04048,CNC-Mill,Tooling,Brass,SensorWorks,Italy,204.37,2.747,21,1,24,critical,8,0.628,2224,9,96.1,yes,2025-02-23
P04049,CNC-Mill,Cable,Polymer,MotionHub,Italy,24.33,0.983,17,26,26,low,5,0.135,10786,18,136.7,yes,2023-02-09
P04050,Conveyor,Bearing,Stainless Steel,SensorWorks,Poland,85.56,0.616,19,30,16,medium,5,0.779,5741,9,156.7,yes,2024-07-28
P04051,Assembly,Bearing,Ceramic,MotionHub,Czech Republic,94.91,1.09,15,1,20,low,6,0.645,4739,10,167.8,yes,2025-03-21
P04052,Lathe,Gear,Composite,FlowCore,Poland,192.92,1.574,17,21,21,high,6,0.101,7496,7,108.4,yes,2023-09-15
P04053,Press,Seal,Stainless Steel,MotionHub,Germany,28.48,0.067,10,10,22,low,5,0.671,2498,4,100.3,yes,2024-06-15
P04054,Conveyor,Controller,Composite,EuroMech,Germany,610.45,1.271,12,38,22,low,9,0.069,9200,1,75.5,no,2023-05-21
P04055,Conveyor,Pump,Aluminum,Nordic Motion,Italy,226.02,7.686,8,47,14,low,5,0.25,6345,14,114.6,no,2023-12-12
P04056,CNC-Mill,Gear,Polymer,EuroMech,Poland,142.52,1.757,9,30,25,medium,2,0.247,7456,7,104.6,yes,2023-03-13
P04057,Packaging,Motor,Brass,Activa Parts,Sweden,782.04,12.928,22,10,32,low,5,0.198,13073,1,85.8,yes,2024-10-04
P04058,Assembly,Valve,Aluminum,PreciseTech,Netherlands,86.28,2.37,22,16,28,critical,6,0.313,7999,8,155.0,yes,2024-07-30
P04059,Conveyor,Cable,Steel,PreciseTech,Poland,29.47,0.728,23,47,23,high,6,0.145,10183,18,108.2,yes,2023-11-15
P04060,Assembly,Seal,Ceramic,EuroMech,Germany,31.78,0.064,28,33,32,medium,8,0.356,2836,5,144.8,yes,2024-02-07
P04061,Assembly,Motor,Composite,Activa Parts,Finland,358.89,13.027,14,34,16,medium,5,0.135,9821,3,106.0,yes,2023-09-25
P04062,Lathe,Motor,Brass,FlowCore,Germany,462.69,7.17,11,35,18,high,4,0.108,11654,5,86.3,yes,2023-04-09
P04063,CNC-Mill,Motor,Aluminum,MotionHub,Netherlands,856.09,7.562,23,0,43,low,5,0.128,7305,2,105.5,yes,2024-11-09
P04064,CNC-Mill,Belt,Steel,EuroMech,Italy,83.54,0.345,16,34,11,high,6,0.308,2872,8,106.3,no,2023-03-17
P04065,Lathe,Filter,Aluminum,Activa Parts,Germany,25.41,0.347,19,0,6,medium,6,0.21,6728,19,94.1,yes,2023-06-22
P04066,Lathe,Valve,Ceramic,Nordic Motion,Germany,150.68,1.441,13,20,17,medium,3,0.227,7474,6,161.7,yes,2025-02-06
P04067,Lathe,Gear,Ceramic,Nordic Motion,Poland,205.4,2.753,18,25,10,low,7,0.18,7092,8,128.5,no,2024-10-27
P04068,Press,Gear,Brass,SensorWorks,Italy,210.16,2.064,9,21,24,low,6,0.455,8077,6,118.1,no,2023-07-01
P04069,Press,Gear,Brass,EuroMech,Germany,154.08,1.742,7,34,20,medium,7,0.147,9583,9,108.2,yes,2024-04-12
P04070,Lathe,Valve,Composite,EuroMech,Poland,141.48,1.448,13,21,16,medium,4,0.246,9606,13,137.2,no,2024-08-05
P04071,Lathe,Bearing,Steel,EuroMech,Czech Republic,62.39,0.82,13,48,19,low,4,0.172,4616,10,125.2,no,2024-02-03
P04072,Assembly,Gear,Aluminum,Nordic Motion,Sweden,262.03,1.17,13,33,17,medium,3,0.467,7452,6,85.1,yes,2025-03-14
P04073,Conveyor,Sensor,Composite,EuroMech,Italy,74.27,0.263,15,44,20,medium,5,0.504,6173,7,76.2,yes,2023-11-28
P04074,Conveyor,Cable,Brass,MotionHub,Sweden,17.5,0.718,17,35,6,medium,7,0.339,9094,20,87.5,yes,2023-04-03
P04075,CNC-Mill,Cable,Ceramic,Nordic Motion,Italy,35.05,0.936,13,30,21,medium,5,0.225,7675,17,120.6,yes,2023-08-15
P04076,Press,Seal,Steel,SensorWorks,Sweden,12.17,0.104,9,68,26,low,7,0.525,2074,6,121.8,no,2024-01-07
P04077,Assembly,Seal,Ceramic,SensorWorks,Poland,30.96,0.024,27,21,11,medium,10,0.516,2776,4,149.8,yes,2024-08-10
P04078,Lathe,Motor,Ceramic,Nordic Motion,Poland,341.29,7.91,6,22,16,medium,4,0.114,15245,3,111.2,yes,2025-02-04
P04079,Conveyor,Cable,Stainless Steel,Nordic Motion,Italy,14.98,0.957,6,57,16,medium,6,0.507,9711,23,107.2,yes,2024-10-19
P04080,Assembly,Tooling,Composite,SensorWorks,Italy,440.88,1.542,24,17,15,low,9,0.708,3845,4,116.4,yes,2024-02-23
P04081,Lathe,Seal,Ceramic,SensorWorks,Germany,18.27,0.045,19,44,29,low,9,0.355,2543,9,132.1,yes,2025-01-21
P04082,Assembly,Filter,Brass,EuroMech,Czech Republic,11.29,0.342,20,33,26,low,8,0.275,9587,14,101.5,yes,2024-03-29
P04083,Lathe,Bearing,Brass,SensorWorks,Netherlands,94.96,1.586,13,30,15,medium,7,0.139,5919,15,149.0,yes,2024-11-24
P04084,Conveyor,Sensor,Aluminum,Activa Parts,Germany,154.34,0.173,20,22,18,low,4,0.147,8084,8,80.2,yes,2023-10-11
P04085,Lathe,Seal,Steel,Nordic Motion,Sweden,38.44,0.056,12,17,21,low,10,0.34,2104,2,146.1,yes,2024-05-20
P04086,Press,Gear,Ceramic,FlowCore,Czech Republic,116.01,1.693,1,56,15,medium,7,0.121,7063,5,135.2,yes,2023-10-06
P04087,CNC-Mill,Cable,Stainless Steel,SensorWorks,Germany,22.19,0.716,13,32,6,medium,7,0.173,8221,19,121.1,no,2023-05-15
P04088,Packaging,Valve,Composite,PreciseTech,Poland,383.18,1.32,26,11,22,critical,4,0.23,10542,14,148.2,yes,2024-04-29
P04089,Assembly,Motor,Brass,MotionHub,Germany,437.79,9.471,10,30,7,medium,3,0.199,17371,7,97.3,yes,2023-11-21
P04090,Press,Bearing,Steel,Activa Parts,Italy,97.81,0.509,7,15,17,high,4,0.794,4595,12,124.7,yes,2024-03-03
P04091,Press,Pump,Brass,FlowCore,Poland,398.88,6.989,10,34,10,low,5,0.217,7286,2,120.3,yes,2024-05-28
P04092,Packaging,Seal,Aluminum,Activa Parts,Germany,29.76,0.049,10,21,3,medium,6,0.983,2663,3,122.4,yes,2024-12-10
P04093,Lathe,Cable,Polymer,PreciseTech,Italy,11.28,0.775,14,14,18,medium,4,0.08,6055,16,92.1,yes,2023-11-24
P04094,Assembly,Gear,Aluminum,MotionHub,Finland,284.61,1.178,21,16,24,medium,5,0.308,9510,8,121.9,yes,2023-04-25
P04095,Conveyor,Sensor,Stainless Steel,FlowCore,Finland,145.56,0.33,17,9,22,low,9,0.186,7343,11,87.4,no,2023-01-23
P04096,Assembly,Cable,Ceramic,PreciseTech,Sweden,23.62,0.757,22,25,19,high,6,0.396,5780,16,140.9,yes,2023-12-23
P04097,CNC-Mill,Filter,Steel,Activa Parts,Netherlands,26.2,0.424,15,41,13,medium,5,0.084,9348,13,89.1,yes,2024-09-10
P04098,Packaging,Gear,Steel,EuroMech,Poland,117.55,1.052,12,22,10,medium,6,0.279,8527,5,113.0,yes,2024-08-31
P04099,Packaging,Pump,Stainless Steel,EuroMech,Netherlands,797.72,7.695,12,36,6,medium,4,0.301,9359,1,112.3,yes,2023-02-09
P04100,Press,Motor,Stainless Steel,SensorWorks,Netherlands,425.37,9.964,5,50,8,medium,5,0.138,13709,3,88.5,yes,2024-05-31
P04101,Packaging,Seal,Stainless Steel,MotionHub,Poland,23.55,0.027,16,25,23,medium,4,0.421,2326,7,132.7,yes,2023-05-31
P04102,CNC-Mill,Filter,Stainless Steel,Activa Parts,Poland,30.19,0.358,2,36,7,low,5,0.581,10557,16,95.1,no,2023-07-24
P04103,Conveyor,Tooling,Aluminum,PreciseTech,Sweden,68.14,0.94,17,61,22,medium,8,1.025,2332,7,117.0,no,2024-12-27
P04104,Packaging,Sensor,Aluminum,SensorWorks,Italy,96.37,0.302,11,15,12,high,4,0.288,5808,9,73.3,yes,2023-05-19
P04105,Packaging,Belt,Brass,EuroMech,Germany,72.01,0.329,23,25,25,medium,6,0.254,3465,2,112.1,yes,2023-10-30
P04106,CNC-Mill,Tooling,Polymer,FlowCore,Netherlands,151.85,2.404,8,17,6,medium,10,0.335,3284,7,109.2,yes,2024-12-09
P04107,Conveyor,Pump,Composite,SensorWorks,Sweden,828.85,16.74,12,34,18,medium,6,0.261,11508,2,125.0,yes,2025-03-08
P04108,Conveyor,Gear,Polymer,SensorWorks,Sweden,194.86,3.002,18,43,21,medium,4,0.298,8118,11,130.4,yes,2024-03-05
P04109,Packaging,Filter,Steel,MotionHub,Germany,26.62,0.27,7,18,30,medium,4,0.362,7903,12,97.7,yes,2023-12-06
P04110,Conveyor,Controller,Brass,EuroMech,Finland,524.46,0.909,25,20,35,critical,7,0.087,15168,5,49.0,yes,2023-02-18
P04111,Conveyor,Gear,Polymer,MotionHub,Netherlands,162.44,2.101,17,55,11,medium,4,0.103,9836,3,107.6,yes,2023-05-26
P04112,Press,Pump,Brass,EuroMech,Sweden,274.93,10.118,10,33,19,high,6,0.163,7303,7,108.7,yes,2024-12-14
P04113,Packaging,Valve,Composite,SensorWorks,Poland,273.46,1.178,14,48,20,low,7,0.07,12239,1,121.6,yes,2024-09-12
P04114,Press,Gear,Ceramic,Activa Parts,Germany,202.03,2.112,24,3,24,low,5,0.27,9662,6,122.2,yes,2024-02-20
P04115,Assembly,Valve,Polymer,Nordic Motion,Netherlands,226.94,1.805,10,33,24,low,7,0.193,7977,10,149.0,no,2023-01-17
P04116,Conveyor,Bearing,Ceramic,EuroMech,Germany,38.9,0.499,13,12,30,medium,5,0.333,4842,8,167.1,yes,2025-02-07
P04117,CNC-Mill,Bearing,Ceramic,MotionHub,Germany,85.94,0.781,8,27,6,low,7,0.359,5935,11,149.4,yes,2025-01-20
P04118,CNC-Mill,Sensor,Stainless Steel,PreciseTech,Czech Republic,278.78,0.173,19,29,27,high,7,0.165,8204,13,73.7,no,2023-01-14
P04119,Press,Motor,Composite,SensorWorks,Sweden,308.44,11.414,26,28,17,critical,7,0.241,13495,8,119.8,no,2023-02-18
P04120,Lathe,Motor,Steel,MotionHub,Italy,644.93,8.294,19,2,30,medium,4,0.229,8090,3,99.9,no,2023-08-17
P04121,Press,Bearing,Brass,SensorWorks,Sweden,117.61,1.276,8,6,6,low,8,0.298,3042,8,158.3,yes,2024-09-26
P04122,CNC-Mill,Filter,Polymer,PreciseTech,Italy,12.81,0.2,17,46,27,low,5,0.074,7259,9,104.3,yes,2023-04-02
P04123,Packaging,Sensor,Stainless Steel,EuroMech,Germany,137.51,0.326,13,19,27,medium,6,0.174,6189,10,60.0,no,2023-03-08
P04124,Packaging,Tooling,Composite,EuroMech,Sweden,89.55,1.598,19,21,15,high,9,0.809,2210,3,109.8,yes,2024-10-24
P04125,Press,Belt,Steel,SensorWorks,Germany,26.02,0.53,15,23,15,medium,9,0.908,2840,10,98.0,no,2023-08-05
P04126,Lathe,Controller,Brass,SensorWorks,Poland,528.12,1.178,24,20,20,critical,1,0.126,13631,4,45.0,yes,2024-09-03
P04127,Lathe,Sensor,Steel,MotionHub,Finland,177.57,0.597,12,51,20,low,5,0.32,6094,8,99.0,yes,2024-06-04
P04128,Packaging,Cable,Brass,FlowCore,Finland,19.04,0.948,40,24,38,critical,5,0.211,7327,23,112.6,yes,2024-03-25
P04129,Packaging,Controller,Composite,Nordic Motion,Finland,394.55,0.553,12,25,8,low,6,0.094,18888,2,52.7,yes,2024-08-23
P04130,CNC-Mill,Gear,Aluminum,PreciseTech,Netherlands,478.72,2.353,19,39,26,low,3,0.303,6315,6,110.2,yes,2023-02-15
P04131,Packaging,Filter,Aluminum,MotionHub,Italy,45.13,0.414,13,0,23,low,6,0.289,7892,13,104.1,no,2023-01-06
P04132,Packaging,Cable,Stainless Steel,FlowCore,Italy,12.33,1.023,13,29,12,high,5,0.315,8421,15,140.3,yes,2023-01-08
P04133,Lathe,Bearing,Composite,MotionHub,Italy,54.95,1.274,15,54,15,low,4,0.847,5587,11,129.3,no,2024-10-27
P04134,Press,Belt,Steel,FlowCore,Netherlands,27.75,0.299,19,29,16,low,5,0.191,2837,12,104.7,yes,2024-12-16
P04135,Press,Filter,Polymer,SensorWorks,Finland,22.97,0.28,11,22,13,low,4,0.091,10303,14,100.2,no,2024-02-26
P04136,CNC-Mill,Motor,Composite,PreciseTech,Germany,768.91,11.978,22,9,27,medium,7,0.033,12293,4,107.7,yes,2024-09-03
P04137,Conveyor,Controller,Polymer,MotionHub,Czech Republic,292.65,1.027,21,43,24,critical,6,0.084,17961,8,74.3,no,2025-02-06
P04138,Packaging,Motor,Composite,FlowCore,Finland,621.64,22.864,24,10,18,critical,4,0.148,11295,5,124.1,yes,2023-04-03
P04139,Assembly,Motor,Brass,EuroMech,Poland,350.86,11.385,16,3,27,high,4,0.039,11610,1,122.2,yes,2025-02-17
P04140,Conveyor,Sensor,Brass,MotionHub,Netherlands,112.01,0.271,9,16,15,medium,6,0.129,5909,12,79.6,yes,2024-05-16
P04141,Assembly,Bearing,Composite,Activa Parts,Poland,124.46,0.645,17,24,27,medium,8,0.238,5242,13,132.3,no,2024-03-18
P04142,Press,Sensor,Brass,FlowCore,Finland,76.37,0.476,23,18,22,medium,6,0.121,4753,15,80.7,yes,2024-04-17
P04143,Assembly,Filter,Polymer,FlowCore,Czech Republic,25.68,0.211,16,21,16,high,7,0.137,8820,12,108.1,yes,2024-11-25
P04144,Packaging,Pump,Aluminum,PreciseTech,Germany,409.91,6.381,22,36,13,critical,8,0.211,6638,7,101.3,no,2024-08-11
P04145,Lathe,Sensor,Stainless Steel,PreciseTech,Finland,244.63,0.323,10,36,19,low,1,0.344,8075,8,98.1,yes,2023-09-28
P04146,Press,Sensor,Steel,Nordic Motion,Czech Republic,131.93,0.22,18,10,26,high,7,0.17,5593,9,83.8,no,2023-10-18
P04147,CNC-Mill,Motor,Polymer,Nordic Motion,Czech Republic,912.19,16.932,20,15,23,low,4,0.131,11506,3,95.0,yes,2024-03-20
P04148,Lathe,Sensor,Brass,PreciseTech,Germany,61.39,0.113,15,20,24,medium,4,0.332,7931,6,89.0,yes,2024-06-13
P04149,Press,Sensor,Steel,SensorWorks,Italy,85.99,0.166,1,52,6,medium,5,0.424,5943,9,90.1,yes,2023-07-07
P04150,Conveyor,Bearing,Aluminum,SensorWorks,Italy,51.06,0.831,14,35,12,low,7,0.213,4292,9,121.2,yes,2024-04-25
P04151,CNC-Mill,Filter,Ceramic,PreciseTech,Germany,68.36,0.427,16,27,19,medium,3,0.182,4925,13,118.6,no,2023-01-15
P04152,Lathe,Gear,Polymer,Nordic Motion,Sweden,205.85,2.78,27,21,35,critical,6,0.161,8166,6,112.8,yes,2024-09-01
P04153,Assembly,Filter,Stainless Steel,MotionHub,Finland,34.36,0.264,5,42,18,low,6,0.095,8506,14,82.6,no,2024-01-17
P04154,Packaging,Valve,Steel,SensorWorks,Poland,269.63,2.197,7,57,22,medium,6,0.158,9017,9,150.2,yes,2023-06-26
P04155,Packaging,Bearing,Steel,FlowCore,Netherlands,93.37,1.204,27,9,34,high,6,0.455,3826,9,133.4,yes,2025-03-13
P04156,CNC-Mill,Valve,Ceramic,EuroMech,Germany,162.66,0.882,12,8,22,medium,1,0.367,10674,6,149.5,yes,2024-09-21
P04157,Conveyor,Bearing,Polymer,Nordic Motion,Czech Republic,33.33,0.893,17,12,5,medium,4,0.345,5454,12,122.4,yes,2023-04-15
P04158,Lathe,Bearing,Stainless Steel,MotionHub,Sweden,290.33,0.834,34,0,23,medium,6,0.214,3473,10,146.1,yes,2024-05-16
P04159,Conveyor,Bearing,Polymer,FlowCore,Sweden,71.77,0.65,25,46,24,medium,6,0.345,6194,5,125.6,yes,2023-06-09
P04160,Assembly,Bearing,Ceramic,EuroMech,Finland,75.82,0.475,16,17,21,high,5,0.65,5290,12,158.2,yes,2024-02-14
P04161,Assembly,Filter,Aluminum,Nordic Motion,Germany,27.15,0.217,9,36,13,medium,7,0.201,8950,17,107.3,yes,2025-01-09
P04162,Press,Cable,Aluminum,SensorWorks,Netherlands,10.29,1.283,9,22,7,low,3,0.144,10184,19,122.8,yes,2024-07-10
P04163,Press,Cable,Ceramic,SensorWorks,Czech Republic,26.76,0.456,13,29,14,low,3,0.391,7835,19,114.6,yes,2024-07-17
P04164,Conveyor,Controller,Brass,SensorWorks,Czech Republic,781.47,2.016,13,39,16,medium,5,0.067,21113,4,77.3,no,2024-09-17
P04165,CNC-Mill,Sensor,Stainless Steel,PreciseTech,Netherlands,154.24,0.441,21,13,32,critical,7,0.255,7376,7,106.5,yes,2024-03-28
P04166,Assembly,Motor,Composite,PreciseTech,Finland,412.31,12.178,4,27,20,high,4,0.089,18002,1,104.7,yes,2024-06-16
P04167,Press,Belt,Ceramic,Nordic Motion,Netherlands,44.72,0.332,11,20,10,low,8,0.452,3150,10,162.9,yes,2024-01-06
P04168,Packaging,Controller,Ceramic,PreciseTech,Czech Republic,1177.0,1.116,15,22,14,high,5,0.195,10434,1,66.3,yes,2024-01-18
P04169,Assembly,Tooling,Brass,PreciseTech,Poland,149.05,1.819,9,9,17,high,8,0.131,2761,3,119.9,yes,2024-04-15
P04170,Packaging,Cable,Steel,EuroMech,Italy,26.33,1.057,10,22,14,low,3,0.189,9786,17,94.4,yes,2023-02-08
P04171,CNC-Mill,Valve,Composite,Nordic Motion,Poland,258.97,1.244,15,31,5,high,3,0.079,9152,6,122.3,yes,2024-02-02
P04172,Conveyor,Cable,Steel,Nordic Motion,Sweden,47.03,1.064,22,30,26,low,8,0.391,10339,14,88.0,yes,2024-07-17
P04173,Assembly,Motor,Aluminum,PreciseTech,Czech Republic,681.22,6.689,13,1,22,medium,4,0.08,12420,4,120.5,yes,2024-11-03
P04174,Packaging,Bearing,Ceramic,Nordic Motion,Sweden,83.23,0.601,22,17,25,low,7,0.371,5395,15,142.7,yes,2023-01-24
P04175,Lathe,Motor,Steel,PreciseTech,Finland,568.49,5.856,23,22,25,critical,6,0.24,13636,8,111.0,yes,2023-10-14
P04176,Assembly,Seal,Steel,Activa Parts,Czech Republic,11.97,0.027,6,63,18,medium,7,0.511,2163,9,127.7,yes,2023-05-27
P04177,Lathe,Seal,Ceramic,PreciseTech,Czech Republic,33.16,0.038,7,43,11,high,7,0.377,2687,3,148.5,yes,2023-02-09
P04178,Press,Controller,Composite,FlowCore,Czech Republic,849.13,1.121,13,22,15,low,6,0.047,7554,6,51.6,no,2024-07-12
P04179,Conveyor,Sensor,Polymer,Nordic Motion,Poland,136.43,0.191,22,20,22,critical,1,0.154,8200,12,90.1,yes,2025-03-14
P04180,Lathe,Tooling,Aluminum,Nordic Motion,Finland,144.32,3.034,15,28,13,low,9,0.443,2725,11,112.9,yes,2023-12-25
P04181,CNC-Mill,Cable,Aluminum,SensorWorks,Czech Republic,18.23,0.478,17,34,18,medium,6,0.092,8235,23,106.6,yes,2023-01-23
P04182,CNC-Mill,Pump,Composite,Nordic Motion,Italy,569.59,12.549,15,5,27,low,9,0.101,8682,4,97.6,yes,2024-05-19
P04183,Conveyor,Cable,Composite,SensorWorks,Czech Republic,27.49,0.552,18,11,19,medium,5,0.162,6598,24,133.6,yes,2023-10-11
P04184,Assembly,Gear,Steel,SensorWorks,Sweden,118.91,1.051,11,61,23,medium,1,0.255,6692,8,98.9,yes,2023-11-23
P04185,Press,Pump,Composite,EuroMech,Italy,571.16,9.728,21,6,14,low,6,0.064,9439,6,101.7,yes,2024-03-06
P04186,Press,Gear,Steel,SensorWorks,Germany,110.86,1.789,31,12,18,critical,4,0.211,6089,6,109.1,yes,2023-03-24
P04187,CNC-Mill,Bearing,Ceramic,MotionHub,Netherlands,169.55,1.346,18,6,26,high,6,0.306,6489,12,151.5,yes,2024-04-23
P04188,Conveyor,Sensor,Aluminum,MotionHub,Germany,105.95,0.229,19,36,27,critical,5,0.149,4303,14,97.0,yes,2024-04-07
P04189,Assembly,Valve,Composite,PreciseTech,Czech Republic,75.54,0.934,7,23,13,low,2,0.186,12686,10,128.1,no,2024-06-22
P04190,Assembly,Controller,Aluminum,Nordic Motion,Netherlands,548.06,1.782,10,26,14,high,4,0.088,9279,4,50.7,yes,2023-04-13
P04191,Assembly,Filter,Polymer,Nordic Motion,Italy,25.28,0.176,13,6,13,medium,6,0.629,7536,17,109.6,yes,2025-03-02
P04192,Packaging,Seal,Composite,SensorWorks,Germany,26.24,0.031,14,37,31,low,6,0.566,2706,9,97.4,no,2023-11-28
P04193,Press,Motor,Brass,PreciseTech,Poland,380.77,14.016,21,27,24,medium,4,0.17,10742,2,100.9,yes,2023-08-10
P04194,CNC-Mill,Filter,Polymer,FlowCore,Finland,26.77,0.197,12,8,14,low,5,0.255,8329,17,90.0,yes,2025-02-01
P04195,CNC-Mill,Belt,Stainless Steel,FlowCore,Czech Republic,42.86,0.273,12,26,11,medium,8,0.258,3132,5,107.8,yes,2023-01-07
P04196,Conveyor,Sensor,Brass,Activa Parts,Czech Republic,150.9,0.428,17,32,27,high,5,0.19,7552,8,104.5,yes,2023-07-28
P04197,Packaging,Cable,Ceramic,SensorWorks,Czech Republic,35.8,0.726,16,20,16,high,6,0.231,9519,21,145.1,yes,2024-09-07
P04198,Packaging,Controller,Stainless Steel,SensorWorks,Finland,1253.31,0.604,28,13,18,low,5,0.112,8630,1,50.1,no,2023-04-11
P04199,Assembly,Bearing,Stainless Steel,MotionHub,Finland,88.72,0.964,21,8,32,critical,6,0.238,7339,12,149.5,yes,2023-12-16
P04200,Assembly,Bearing,Steel,SensorWorks,Sweden,75.95,0.847,17,44,21,medium,7,0.416,4616,12,144.9,no,2024-03-07
P04201,CNC-Mill,Sensor,Stainless Steel,MotionHub,Netherlands,134.28,0.307,18,14,21,critical,8,0.239,4817,8,99.7,yes,2024-02-10
P04202,Press,Bearing,Polymer,EuroMech,Italy,92.65,1.012,14,39,12,low,7,0.361,6912,14,131.4,yes,2023-04-12
P04203,Assembly,Bearing,Composite,PreciseTech,Sweden,116.35,0.877,14,28,9,medium,7,0.351,3823,11,153.8,yes,2023-07-13
P04204,Conveyor,Gear,Composite,MotionHub,Sweden,199.6,1.796,26,19,16,low,5,0.137,7719,4,103.5,yes,2024-03-16
P04205,Packaging,Tooling,Stainless Steel,Nordic Motion,Czech Republic,190.32,1.373,15,15,20,medium,9,0.698,2640,7,115.0,no,2024-03-24
P04206,Packaging,Valve,Steel,FlowCore,Finland,199.11,1.894,15,40,19,medium,6,0.075,11553,7,129.8,yes,2024-03-23
P04207,Press,Motor,Aluminum,EuroMech,Finland,475.67,17.516,9,31,4,high,7,0.101,8326,4,98.2,yes,2023-01-05
P04208,Conveyor,Valve,Ceramic,FlowCore,Finland,137.06,1.82,15,37,22,low,5,0.179,14085,6,153.6,yes,2023-09-01
P04209,CNC-Mill,Tooling,Ceramic,SensorWorks,Germany,204.03,2.562,18,6,19,low,10,0.55,2511,6,132.0,yes,2025-02-07
P04210,Lathe,Sensor,Brass,SensorWorks,Poland,219.49,0.283,18,41,27,critical,7,0.297,6327,7,91.2,yes,2023-11-04
P04211,Lathe,Tooling,Aluminum,SensorWorks,Poland,88.08,4.468,14,29,9,medium,7,0.948,2197,9,89.7,yes,2024-10-24
P04212,Packaging,Controller,Polymer,SensorWorks,Italy,245.89,0.97,11,23,9,high,5,0.074,12712,1,58.8,yes,2024-07-20
P04213,Conveyor,Sensor,Aluminum,Nordic Motion,Netherlands,156.74,0.228,19,31,22,medium,3,0.847,5302,5,104.9,yes,2024-05-13
P04214,Packaging,Gear,Composite,EuroMech,Finland,90.98,1.419,21,34,24,medium,5,0.29,5487,5,117.5,no,2024-01-03
P04215,Press,Gear,Aluminum,Nordic Motion,Italy,114.63,3.134,17,2,20,critical,7,0.095,7973,4,122.4,yes,2025-02-23
P04216,Conveyor,Filter,Brass,SensorWorks,Finland,19.31,0.491,8,26,10,medium,5,0.465,8686,15,91.2,yes,2023-08-13
P04217,Packaging,Cable,Brass,EuroMech,Netherlands,16.64,1.026,14,17,16,medium,5,0.207,9955,13,118.5,no,2024-10-06
P04218,Conveyor,Seal,Polymer,FlowCore,Netherlands,27.85,0.041,6,32,16,low,6,0.554,2573,8,100.6,yes,2023-12-31
P04219,CNC-Mill,Belt,Polymer,SensorWorks,Germany,73.1,0.348,20,20,17,high,6,0.437,2859,6,101.0,yes,2023-10-24
P04220,Conveyor,Tooling,Polymer,FlowCore,Sweden,130.38,3.405,18,22,17,medium,8,0.929,2468,3,107.9,yes,2023-10-24
P04221,CNC-Mill,Tooling,Composite,EuroMech,Sweden,77.96,1.816,19,46,25,low,6,0.251,1973,4,119.8,no,2023-01-01
P04222,Assembly,Motor,Polymer,FlowCore,Netherlands,611.59,13.062,7,27,11,high,4,0.221,11346,5,105.3,yes,2023-07-19
P04223,Press,Belt,Aluminum,EuroMech,Poland,68.58,0.569,14,27,14,low,6,0.284,2742,12,79.4,yes,2023-08-16
P04224,Lathe,Bearing,Ceramic,Nordic Motion,Czech Republic,111.65,0.388,13,41,16,medium,6,0.162,5709,13,182.3,yes,2023-06-09
P04225,Press,Valve,Stainless Steel,EuroMech,Finland,121.51,1.015,10,37,2,high,2,0.386,9045,8,144.0,yes,2023-06-28
P04226,Lathe,Bearing,Aluminum,FlowCore,Italy,122.12,0.464,17,39,10,high,4,0.294,3291,14,126.7,no,2023-06-17
P04227,Assembly,Gear,Stainless Steel,FlowCore,Germany,105.76,0.912,12,27,24,low,8,0.155,8843,9,101.6,yes,2023-01-01
P04228,Assembly,Seal,Polymer,MotionHub,Netherlands,36.0,0.051,6,0,10,high,5,0.3,2351,6,115.6,no,2024-01-14
P04229,CNC-Mill,Motor,Composite,MotionHub,Poland,822.81,18.604,28,20,19,critical,8,0.078,17869,7,104.5,yes,2024-01-29
P04230,Packaging,Seal,Aluminum,SensorWorks,Poland,47.56,0.054,25,23,25,low,9,0.346,1976,9,112.8,no,2023-07-18
P04231,CNC-Mill,Tooling,Composite,MotionHub,Sweden,87.02,2.861,16,52,25,critical,7,0.41,2692,11,97.4,yes,2023-10-25
P04232,Lathe,Tooling,Polymer,PreciseTech,Czech Republic,193.62,1.67,11,20,13,medium,6,0.549,2259,10,121.9,yes,2023-08-26
P04233,Press,Sensor,Aluminum,SensorWorks,Sweden,154.69,0.186,14,35,18,medium,4,0.214,3672,7,84.3,yes,2025-02-23
P04234,Lathe,Valve,Ceramic,EuroMech,Sweden,260.44,2.349,10,29,20,low,4,0.255,7061,5,146.0,no,2023-12-10
P04235,Assembly,Sensor,Aluminum,Nordic Motion,Netherlands,202.19,0.233,21,4,21,low,2,0.349,5965,11,78.4,yes,2023-09-25
P04236,Press,Motor,Ceramic,MotionHub,Poland,1222.35,8.386,16,0,17,high,2,0.239,9327,3,134.7,yes,2023-01-13
P04237,CNC-Mill,Cable,Stainless Steel,Activa Parts,Sweden,51.7,1.275,17,18,33,medium,2,0.09,8636,18,112.7,yes,2024-10-18
P04238,Packaging,Gear,Composite,SensorWorks,Sweden,177.96,2.066,7,32,19,medium,2,0.263,5252,10,97.0,no,2024-07-03
P04239,Lathe,Sensor,Polymer,MotionHub,Sweden,129.45,0.288,10,39,15,high,5,0.298,4993,7,76.9,no,2024-09-23
P04240,Press,Seal,Polymer,SensorWorks,Czech Republic,21.82,0.034,21,43,26,medium,9,0.891,2512,4,102.1,yes,2023-11-29
P04241,CNC-Mill,Belt,Ceramic,Nordic Motion,Germany,33.82,0.242,15,19,13,medium,6,0.268,2817,10,134.5,no,2025-01-13
P04242,Lathe,Sensor,Stainless Steel,SensorWorks,Italy,113.18,0.37,17,50,19,low,8,0.456,7936,2,108.3,no,2023-10-03
P04243,CNC-Mill,Motor,Stainless Steel,MotionHub,Netherlands,391.04,12.368,15,14,21,low,2,0.147,10876,10,104.9,yes,2024-01-02
P04244,Packaging,Filter,Stainless Steel,EuroMech,Poland,30.2,0.195,13,0,10,low,6,0.166,8906,10,97.7,yes,2024-06-13
P04245,CNC-Mill,Filter,Composite,PreciseTech,Poland,35.74,0.297,17,26,17,medium,5,0.143,7026,13,91.5,no,2024-09-19
P04246,Assembly,Belt,Stainless Steel,PreciseTech,Netherlands,55.3,0.436,23,16,26,medium,9,0.784,3760,3,105.5,yes,2023-08-21
P04247,Assembly,Filter,Brass,Nordic Motion,Italy,25.49,0.108,14,25,24,medium,8,0.134,6471,11,98.4,no,2024-04-29
P04248,Conveyor,Pump,Brass,Activa Parts,Finland,436.17,4.835,11,19,5,low,4,0.104,8378,8,93.4,yes,2023-10-23
P04249,Conveyor,Seal,Brass,Activa Parts,Czech Republic,42.45,0.052,19,0,30,high,9,0.149,2075,3,115.0,yes,2023-01-11
P04250,CNC-Mill,Filter,Aluminum,PreciseTech,Czech Republic,16.8,0.225,15,0,19,medium,4,0.227,7021,16,99.6,yes,2023-02-22
P04251,Press,Filter,Brass,Nordic Motion,Czech Republic,40.95,0.213,14,0,23,medium,6,0.121,8145,14,90.0,no,2023-10-19
P04252,Assembly,Motor,Polymer,FlowCore,Czech Republic,445.29,7.77,19,31,15,low,1,0.317,11703,6,109.0,yes,2024-01-23
P04253,Press,Sensor,Stainless Steel,SensorWorks,Italy,129.16,0.396,21,20,20,medium,8,0.224,7117,7,83.1,yes,2023-12-24
P04254,Packaging,Controller,Aluminum,FlowCore,Netherlands,524.35,0.814,14,8,18,low,7,0.25,17922,7,64.1,yes,2024-05-07
P04255,CNC-Mill,Sensor,Composite,Nordic Motion,Sweden,38.12,0.527,2,20,17,low,8,0.3,4565,3,77.3,yes,2024-12-10
P04256,Lathe,Filter,Composite,PreciseTech,Finland,14.93,0.313,26,8,27,critical,7,0.223,7397,11,72.9,yes,2023-11-27
P04257,Packaging,Filter,Polymer,FlowCore,Germany,29.27,0.198,13,33,14,medium,4,0.513,6094,16,71.3,yes,2024-05-30
P04258,Press,Cable,Stainless Steel,EuroMech,Poland,13.26,0.386,18,44,10,high,4,0.168,8577,19,107.0,yes,2024-08-06
P04259,Assembly,Sensor,Composite,FlowCore,Italy,110.83,0.261,7,25,16,medium,5,0.174,6303,10,75.2,yes,2023-06-12
P04260,Packaging,Bearing,Aluminum,PreciseTech,Finland,47.83,0.385,12,28,16,medium,7,0.437,4775,7,127.7,yes,2024-07-16
P04261,Assembly,Pump,Composite,PreciseTech,Sweden,254.64,5.732,8,28,11,high,5,0.177,9521,1,108.9,yes,2024-06-01
P04262,Conveyor,Sensor,Stainless Steel,PreciseTech,Sweden,154.22,0.171,21,25,14,medium,2,0.211,5911,5,89.0,no,2023-12-18
P04263,Lathe,Motor,Polymer,Nordic Motion,Poland,943.8,12.912,26,0,25,critical,4,0.115,8553,3,109.2,yes,2023-10-22
P04264,Lathe,Cable,Stainless Steel,Nordic Motion,Netherlands,84.11,0.677,25,0,36,medium,7,0.194,5152,14,99.6,yes,2024-12-13
P04265,Lathe,Gear,Polymer,FlowCore,Poland,251.17,2.807,11,13,13,low,6,0.123,8586,8,115.2,yes,2023-08-17
P04266,CNC-Mill,Cable,Ceramic,SensorWorks,Germany,44.43,1.167,20,17,28,medium,2,0.21,7128,19,140.6,yes,2023-04-10
P04267,Conveyor,Pump,Brass,EuroMech,Sweden,470.77,3.962,21,29,20,medium,5,0.147,8811,7,101.5,yes,2023-05-30
P04268,Lathe,Filter,Stainless Steel,SensorWorks,Italy,26.08,0.372,23,23,30,critical,5,0.173,6760,14,96.5,no,2024-11-30
P04269,Conveyor,Motor,Ceramic,SensorWorks,Italy,300.41,5.328,12,31,30,low,3,0.034,10901,1,127.3,no,2024-07-09
P04270,CNC-Mill,Gear,Aluminum,PreciseTech,Netherlands,116.01,4.321,13,34,17,low,6,0.212,8361,7,125.5,no,2024-10-10
P04271,Assembly,Motor,Composite,PreciseTech,Netherlands,647.02,8.67,9,16,23,high,5,0.088,12488,7,113.8,no,2024-11-24
P04272,Press,Belt,Composite,MotionHub,Germany,71.53,0.429,15,36,17,medium,7,0.228,3162,5,114.1,yes,2024-08-17
P04273,Lathe,Tooling,Brass,PreciseTech,Czech Republic,166.1,1.835,16,55,5,medium,4,0.517,3280,6,108.9,yes,2023-09-02
P04274,Conveyor,Filter,Polymer,FlowCore,Italy,45.89,0.206,24,0,25,medium,5,0.104,8432,13,83.4,yes,2024-05-17
P04275,Press,Belt,Steel,EuroMech,Sweden,29.23,0.767,17,15,22,low,7,0.564,3107,7,106.8,no,2025-02-13
P04276,Lathe,Motor,Ceramic,FlowCore,Netherlands,707.9,26.984,14,25,22,medium,5,0.087,8651,5,125.2,no,2023-12-30
P04277,Lathe,Gear,Ceramic,FlowCore,Sweden,190.88,1.417,29,31,23,medium,4,0.232,8423,4,134.8,yes,2024-11-26
P04278,Conveyor,Valve,Aluminum,PreciseTech,Netherlands,226.75,0.971,11,32,9,high,6,0.211,12534,1,138.0,no,2025-01-27
P04279,Assembly,Controller,Ceramic,PreciseTech,Italy,698.4,0.735,12,17,13,low,7,0.114,17709,1,65.3,yes,2023-10-31
P04280,Lathe,Belt,Composite,FlowCore,Sweden,106.5,0.388,16,38,22,medium,5,0.396,2228,4,90.4,yes,2025-02-06
P04281,Lathe,Valve,Steel,Activa Parts,Poland,170.4,1.314,12,25,11,medium,8,0.086,11549,4,140.9,yes,2023-10-31
P04282,Press,Gear,Composite,PreciseTech,Netherlands,108.17,3.82,15,30,23,medium,7,0.141,6121,6,98.5,yes,2023-05-01
P04283,Packaging,Sensor,Composite,Nordic Motion,Germany,88.96,0.263,28,23,24,critical,3,0.231,5053,15,92.6,yes,2023-03-04
P04284,Press,Belt,Composite,EuroMech,Italy,44.08,0.341,20,18,24,low,6,0.267,3928,3,106.8,yes,2023-05-09
P04285,Lathe,Valve,Ceramic,Activa Parts,Germany,218.13,1.516,20,48,19,low,6,0.222,11352,11,141.1,yes,2025-03-19
P04286,CNC-Mill,Belt,Composite,SensorWorks,Finland,51.48,0.258,26,13,30,high,7,0.3,3208,7,101.5,yes,2025-03-10
P04287,Conveyor,Pump,Aluminum,MotionHub,Sweden,551.04,4.642,26,40,30,critical,5,0.127,4509,1,99.5,yes,2023-04-03
P04288,Packaging,Filter,Aluminum,Activa Parts,Sweden,16.41,0.18,14,23,26,medium,7,0.299,4378,12,92.4,yes,2024-02-01
P04289,Press,Belt,Ceramic,Nordic Motion,Poland,27.87,0.327,10,32,9,low,6,0.871,3095,5,132.3,no,2024-03-07
P04290,Press,Valve,Brass,MotionHub,Italy,173.3,1.823,14,9,20,low,5,0.344,11037,8,135.4,yes,2023-09-27
P04291,Press,Seal,Steel,EuroMech,Finland,34.65,0.059,21,13,20,low,8,0.509,2661,11,107.9,yes,2024-08-30
P04292,Lathe,Pump,Composite,Activa Parts,Netherlands,880.4,15.068,18,13,20,high,8,0.067,12229,7,99.9,no,2024-12-26
P04293,Press,Filter,Composite,Activa Parts,Netherlands,36.62,0.273,19,9,32,low,4,0.331,10696,13,102.6,no,2024-09-21
P04294,Lathe,Sensor,Stainless Steel,SensorWorks,Netherlands,140.7,0.189,7,29,18,high,4,0.104,5975,7,71.4,no,2023-09-02
P04295,Assembly,Sensor,Steel,SensorWorks,Poland,105.36,0.346,21,21,19,high,2,0.162,7306,3,87.6,yes,2023-04-14
P04296,Packaging,Seal,Brass,SensorWorks,Finland,23.36,0.029,11,15,22,medium,10,0.633,2107,2,117.8,yes,2024-04-09
P04297,CNC-Mill,Tooling,Aluminum,Nordic Motion,Netherlands,76.0,1.905,9,45,19,high,9,1.782,3849,13,95.3,yes,2024-07-23
P04298,Assembly,Motor,Aluminum,Nordic Motion,Italy,911.54,6.584,17,1,28,low,3,0.133,12151,1,115.8,yes,2023-09-17
P04299,Press,Controller,Brass,Activa Parts,Poland,406.59,1.285,15,32,13,low,5,0.078,12754,2,65.7,yes,2023-02-11
P04300,Lathe,Valve,Composite,SensorWorks,Poland,709.65,1.647,30,16,30,low,5,0.302,9789,4,110.8,no,2023-02-28
P04301,Assembly,Seal,Aluminum,Activa Parts,Netherlands,11.79,0.061,23,15,22,critical,7,0.558,2116,7,107.9,no,2024-12-28
P04302,Conveyor,Valve,Stainless Steel,PreciseTech,Italy,272.5,1.453,16,67,22,medium,4,0.269,10815,5,118.7,yes,2024-01-10
P04303,Conveyor,Sensor,Ceramic,Nordic Motion,Italy,55.48,0.364,15,27,23,medium,1,0.288,5964,11,103.0,yes,2023-03-17
P04304,Press,Motor,Aluminum,EuroMech,Poland,350.84,13.188,20,15,16,medium,8,0.162,12209,10,108.1,yes,2024-07-05
P04305,Conveyor,Filter,Brass,EuroMech,Czech Republic,37.5,0.251,13,27,32,critical,4,0.234,9384,12,97.7,yes,2025-02-21
P04306,Lathe,Bearing,Composite,FlowCore,Sweden,96.22,0.797,19,40,10,medium,6,0.408,4261,11,127.4,yes,2023-05-22
P04307,Lathe,Pump,Steel,SensorWorks,Sweden,324.21,10.702,8,16,13,medium,6,0.77,7933,10,108.9,yes,2023-04-21
P04308,CNC-Mill,Bearing,Stainless Steel,MotionHub,Germany,119.04,0.547,16,28,17,medium,7,0.288,5676,10,141.6,yes,2023-11-15
P04309,CNC-Mill,Valve,Brass,Activa Parts,Sweden,211.87,1.816,20,47,12,medium,5,0.295,10308,8,128.0,yes,2024-12-07
P04310,CNC-Mill,Motor,Brass,Activa Parts,Finland,305.96,9.209,14,43,17,high,5,0.113,10252,4,118.0,yes,2025-01-20
P04311,Packaging,Cable,Aluminum,PreciseTech,Poland,16.56,0.751,25,27,28,critical,8,0.098,10051,21,118.3,yes,2025-02-05
P04312,CNC-Mill,Filter,Composite,FlowCore,Czech Republic,19.69,0.199,26,6,24,critical,8,0.16,7911,13,97.8,no,2023-11-05
P04313,Packaging,Motor,Ceramic,SensorWorks,Poland,838.03,13.747,21,42,23,medium,6,0.175,14781,6,118.9,yes,2025-03-10
P04314,Press,Valve,Composite,Nordic Motion,Poland,113.8,2.056,12,27,16,high,5,0.134,7854,1,144.0,yes,2023-07-01
P04315,Packaging,Controller,Stainless Steel,EuroMech,Finland,578.84,0.513,20,52,27,low,5,0.163,18715,5,59.6,yes,2023-01-19
P04316,Conveyor,Motor,Ceramic,MotionHub,Netherlands,1114.06,16.493,21,20,19,medium,4,0.11,8172,9,111.2,yes,2024-05-02
P04317,Assembly,Motor,Brass,FlowCore,Poland,951.19,21.495,21,29,29,medium,1,0.106,14989,4,89.4,yes,2023-02-14
P04318,Conveyor,Bearing,Steel,SensorWorks,Germany,96.59,0.551,2,22,6,medium,3,0.365,5175,12,132.6,yes,2025-01-18
P04319,Conveyor,Valve,Stainless Steel,MotionHub,Netherlands,259.12,1.365,13,43,22,medium,4,0.091,8273,10,135.1,yes,2023-06-12
P04320,Conveyor,Valve,Stainless Steel,EuroMech,Poland,206.57,1.105,3,32,13,low,5,0.156,11242,6,135.4,yes,2023-05-20
P04321,Conveyor,Bearing,Ceramic,Nordic Motion,Sweden,96.06,0.769,13,20,24,medium,6,0.31,6804,18,139.9,yes,2023-05-23
P04322,Press,Gear,Brass,SensorWorks,Italy,145.91,2.922,11,23,13,low,6,0.154,7655,7,120.9,yes,2023-10-16
P04323,Packaging,Valve,Aluminum,Activa Parts,Germany,232.63,1.135,17,42,28,medium,5,0.092,8232,4,131.0,no,2025-01-31
P04324,Lathe,Pump,Polymer,Nordic Motion,Czech Republic,433.33,11.049,7,28,25,low,4,0.173,9434,7,97.7,yes,2024-01-13
P04325,Conveyor,Valve,Ceramic,PreciseTech,Netherlands,323.55,2.355,29,23,28,critical,6,0.47,10935,9,147.6,yes,2024-09-06
P04326,Lathe,Bearing,Stainless Steel,Activa Parts,Italy,36.9,0.833,21,33,28,low,5,0.156,5432,10,140.4,yes,2024-03-17
P04327,CNC-Mill,Filter,Brass,Nordic Motion,Germany,16.94,0.507,18,22,14,medium,4,0.202,6849,14,99.4,no,2023-05-21
P04328,Press,Bearing,Polymer,EuroMech,Czech Republic,108.78,0.686,11,16,12,high,6,0.252,4853,11,142.6,yes,2024-12-03
P04329,Lathe,Belt,Stainless Steel,MotionHub,Sweden,57.43,0.321,12,18,17,low,10,0.343,3635,2,98.6,yes,2024-07-10
P04330,Packaging,Bearing,Steel,SensorWorks,Poland,77.82,0.774,21,25,25,medium,6,0.576,4660,9,139.0,yes,2024-03-02
P04331,CNC-Mill,Gear,Stainless Steel,Nordic Motion,Netherlands,138.05,2.109,20,28,15,medium,6,0.127,7810,4,102.6,yes,2024-05-11
P04332,Packaging,Filter,Polymer,EuroMech,Czech Republic,32.9,0.376,15,9,9,high,4,0.22,9614,8,88.2,yes,2023-06-27
P04333,Packaging,Belt,Aluminum,PreciseTech,Italy,109.41,0.442,25,19,34,high,6,0.76,2840,8,101.5,yes,2024-01-30
P04334,Press,Cable,Polymer,MotionHub,Czech Republic,36.78,0.292,17,48,15,low,6,0.127,8218,21,110.7,yes,2024-01-02
P04335,Assembly,Sensor,Steel,Activa Parts,Sweden,114.3,0.174,16,20,25,critical,7,0.329,8128,14,106.3,yes,2024-12-11
P04336,Conveyor,Filter,Brass,FlowCore,Germany,30.42,0.246,5,47,16,high,5,0.192,10566,17,89.2,yes,2024-09-08
P04337,Assembly,Valve,Aluminum,SensorWorks,Poland,288.93,1.754,9,46,10,medium,1,0.099,10843,9,137.9,yes,2023-04-24
P04338,Assembly,Seal,Stainless Steel,EuroMech,Sweden,19.08,0.036,9,20,14,low,9,0.489,2726,4,136.0,yes,2023-10-02
P04339,Conveyor,Seal,Composite,Nordic Motion,Czech Republic,15.08,0.051,16,1,13,low,8,1.546,2285,1,110.4,yes,2023-03-21
P04340,Lathe,Valve,Ceramic,Activa Parts,Poland,423.82,1.415,17,0,20,medium,5,0.125,8266,7,170.4,yes,2024-06-18
P04341,Conveyor,Cable,Stainless Steel,SensorWorks,Finland,20.35,0.563,10,48,14,medium,4,0.165,12051,18,114.2,yes,2024-06-07
P04342,Press,Motor,Brass,FlowCore,Poland,598.37,9.826,16,43,24,high,4,0.476,15594,7,91.7,yes,2024-05-24
P04343,CNC-Mill,Filter,Stainless Steel,Activa Parts,Finland,23.61,0.263,19,0,35,high,3,0.193,10859,15,101.2,yes,2023-04-12
P04344,Assembly,Pump,Brass,FlowCore,Sweden,474.23,10.381,11,32,19,low,6,0.164,7751,4,93.8,no,2023-09-08
P04345,Press,Motor,Steel,PreciseTech,Czech Republic,646.98,11.121,12,55,18,low,6,0.128,10925,4,111.5,yes,2023-07-02
P04346,Conveyor,Bearing,Steel,FlowCore,Poland,59.31,0.377,10,20,14,medium,4,0.505,4479,12,149.0,yes,2023-06-09
P04347,Conveyor,Belt,Brass,FlowCore,Netherlands,40.66,0.43,22,26,22,low,8,0.588,3384,8,94.8,yes,2023-12-13
P04348,CNC-Mill,Filter,Aluminum,PreciseTech,Sweden,25.68,0.329,10,51,28,medium,6,0.18,8936,17,115.0,yes,2024-07-14
P04349,Press,Seal,Aluminum,MotionHub,Sweden,42.41,0.034,14,17,18,high,5,0.543,2166,8,102.3,yes,2024-01-14
P04350,Assembly,Controller,Aluminum,Nordic Motion,Netherlands,1008.09,0.918,25,32,20,low,7,0.154,9872,5,49.4,no,2023-08-18
P04351,CNC-Mill,Valve,Brass,SensorWorks,Italy,360.62,1.533,17,16,13,medium,2,0.197,11053,5,152.3,yes,2023-08-23
P04352,CNC-Mill,Sensor,Polymer,EuroMech,Finland,159.75,0.242,11,45,10,medium,5,0.105,7385,9,80.1,yes,2024-01-31
P04353,Conveyor,Gear,Ceramic,Nordic Motion,Czech Republic,166.12,1.775,18,22,30,low,4,0.177,7470,7,140.6,yes,2023-05-05
P04354,CNC-Mill,Controller,Aluminum,MotionHub,Poland,525.84,1.24,6,7,20,high,6,0.078,13713,8,63.6,yes,2023-07-27
P04355,Conveyor,Seal,Stainless Steel,Activa Parts,Germany,30.4,0.073,17,9,17,medium,9,0.314,2183,8,128.5,no,2024-09-07
P04356,Packaging,Sensor,Polymer,EuroMech,Italy,51.82,0.14,18,26,21,high,7,0.217,6575,8,85.1,yes,2024-09-26
P04357,CNC-Mill,Seal,Stainless Steel,PreciseTech,Poland,18.23,0.079,9,46,7,low,10,0.528,3130,7,116.6,yes,2023-04-05
P04358,Lathe,Seal,Brass,FlowCore,Finland,17.41,0.08,13,30,11,low,10,1.426,2558,12,132.6,yes,2023-08-13
P04359,Assembly,Seal,Composite,FlowCore,Poland,22.63,0.044,17,34,18,high,6,0.666,2093,7,110.1,yes,2024-05-06
P04360,CNC-Mill,Gear,Composite,MotionHub,Czech Republic,214.4,4.489,15,22,27,high,4,0.309,7488,7,125.9,yes,2024-12-01
P04361,CNC-Mill,Belt,Brass,EuroMech,Netherlands,46.33,0.205,23,24,37,low,9,0.226,2435,15,142.4,yes,2023-03-29
P04362,Packaging,Sensor,Composite,SensorWorks,Poland,139.21,0.125,16,54,6,critical,5,0.21,7119,9,78.5,yes,2024-04-10
P04363,Conveyor,Valve,Ceramic,Nordic Motion,Netherlands,140.3,1.629,13,59,10,high,5,0.31,9049,4,139.6,yes,2023-07-31
P04364,Conveyor,Sensor,Composite,MotionHub,Czech Republic,151.45,0.252,20,10,22,critical,8,0.281,7620,12,86.9,yes,2024-11-14
P04365,Lathe,Seal,Polymer,Activa Parts,Germany,20.88,0.062,10,13,21,low,8,0.423,1479,6,131.7,yes,2023-05-29
P04366,Lathe,Cable,Polymer,MotionHub,Germany,34.15,0.507,15,6,20,medium,6,0.417,7729,14,94.2,yes,2024-04-19
P04367,Conveyor,Belt,Brass,Nordic Motion,Czech Republic,88.03,0.195,24,33,33,medium,8,0.466,2673,6,102.3,no,2025-02-13
P04368,Conveyor,Motor,Steel,Activa Parts,Czech Republic,910.37,20.137,19,10,16,high,2,0.063,13626,4,101.5,yes,2023-09-06
P04369,Conveyor,Sensor,Polymer,Nordic Motion,Czech Republic,89.49,0.18,7,42,13,medium,7,0.289,8012,10,101.4,yes,2025-02-25
P04370,Press,Tooling,Composite,FlowCore,Germany,184.59,3.019,17,16,19,high,8,0.403,2685,1,134.3,yes,2023-04-25
P04371,Lathe,Controller,Steel,EuroMech,Germany,470.41,1.454,9,14,15,high,7,0.095,17091,1,45.0,no,2023-12-29
P04372,Press,Gear,Polymer,PreciseTech,Czech Republic,125.56,2.505,17,46,16,low,5,0.269,7320,7,104.2,no,2024-05-14
P04373,CNC-Mill,Sensor,Polymer,PreciseTech,Poland,267.22,0.194,13,27,17,medium,2,0.226,7118,12,78.6,yes,2023-02-25
P04374,Press,Bearing,Polymer,SensorWorks,Sweden,59.41,1.391,12,21,6,medium,8,0.206,3384,10,155.7,yes,2024-07-15
P04375,CNC-Mill,Filter,Ceramic,FlowCore,Finland,50.41,0.326,24,12,24,low,9,0.089,7915,18,108.7,no,2023-07-31
P04376,Press,Valve,Ceramic,FlowCore,Poland,176.07,1.136,12,27,35,high,5,0.099,8085,3,137.1,yes,2023-08-22
P04377,Press,Motor,Brass,Nordic Motion,Italy,1319.6,17.919,21,27,22,high,6,0.081,8150,7,119.8,yes,2024-05-05
P04378,CNC-Mill,Cable,Polymer,FlowCore,Germany,30.55,0.855,18,37,17,high,5,0.096,10780,13,123.7,yes,2024-03-05
P04379,CNC-Mill,Tooling,Polymer,PreciseTech,Poland,130.62,1.932,9,2,14,high,9,0.474,2845,9,111.0,yes,2023-05-01
P04380,Press,Controller,Stainless Steel,FlowCore,Germany,666.59,0.83,27,15,27,critical,5,0.084,14795,3,45.0,yes,2024-04-22
P04381,CNC-Mill,Filter,Composite,SensorWorks,Sweden,32.36,0.53,16,34,23,medium,3,0.255,7939,16,104.8,no,2025-02-26
P04382,Lathe,Motor,Stainless Steel,Activa Parts,Finland,667.23,13.866,28,9,29,critical,6,0.127,10743,6,112.9,yes,2023-01-20
P04383,Press,Valve,Stainless Steel,Nordic Motion,Sweden,153.56,1.69,10,17,14,low,8,0.203,11941,10,151.6,yes,2023-04-16
P04384,Conveyor,Pump,Brass,PreciseTech,Finland,277.64,6.487,14,26,19,medium,3,0.15,8479,6,109.6,yes,2025-02-26
P04385,Press,Filter,Steel,MotionHub,Poland,20.0,0.681,8,30,16,low,9,0.156,9751,18,81.3,yes,2024-10-11
P04386,Conveyor,Controller,Aluminum,SensorWorks,Italy,1912.89,1.46,31,26,31,critical,9,0.106,10174,4,45.0,yes,2024-07-22
P04387,CNC-Mill,Valve,Aluminum,EuroMech,Netherlands,197.43,1.874,13,21,19,high,6,0.395,10943,7,138.0,yes,2024-12-29
P04388,CNC-Mill,Gear,Stainless Steel,Nordic Motion,Netherlands,73.34,1.846,22,35,21,high,4,0.299,7602,4,120.2,yes,2023-10-23
P04389,Lathe,Bearing,Polymer,Activa Parts,Czech Republic,55.74,0.741,16,28,28,low,5,0.22,5371,7,145.6,yes,2024-12-12
P04390,Packaging,Motor,Composite,PreciseTech,Italy,755.04,17.737,10,15,19,medium,4,0.237,12603,9,110.8,yes,2024-12-22
P04391,Press,Gear,Ceramic,EuroMech,Sweden,91.23,1.535,15,27,26,low,6,0.224,5650,10,119.0,yes,2024-11-12
P04392,Assembly,Pump,Ceramic,FlowCore,Italy,748.75,5.83,9,34,17,low,4,0.19,6007,6,131.9,yes,2024-09-08
P04393,Conveyor,Filter,Polymer,Activa Parts,Poland,65.08,0.495,23,32,24,critical,3,0.383,7405,14,84.9,yes,2025-02-08
P04394,Lathe,Belt,Aluminum,EuroMech,Finland,27.37,0.404,18,29,14,low,5,0.269,3955,3,104.6,yes,2024-01-22
P04395,Assembly,Bearing,Stainless Steel,Activa Parts,Finland,102.33,0.526,12,26,10,high,7,0.167,4706,11,162.6,yes,2024-11-25
P04396,CNC-Mill,Valve,Stainless Steel,EuroMech,Poland,553.0,2.124,13,23,17,low,5,0.157,11554,7,136.7,no,2023-12-09
P04397,Packaging,Motor,Composite,PreciseTech,Germany,457.84,8.949,15,29,12,high,2,0.285,7960,8,118.1,no,2023-04-19
P04398,Packaging,Seal,Aluminum,Nordic Motion,Finland,40.95,0.05,17,11,16,medium,5,0.953,2922,4,140.0,no,2024-01-22
P04399,Conveyor,Tooling,Ceramic,MotionHub,Poland,62.69,3.222,11,50,13,medium,6,0.473,3277,2,138.3,yes,2023-04-22
P04400,Packaging,Filter,Polymer,PreciseTech,Italy,26.49,0.411,14,27,13,high,5,0.414,8680,13,82.0,yes,2024-04-01
P04401,CNC-Mill,Filter,Composite,Activa Parts,Germany,27.7,0.229,18,24,21,critical,7,0.117,8996,17,94.1,yes,2023-03-26
P04402,Conveyor,Bearing,Composite,SensorWorks,Czech Republic,105.79,0.881,23,34,38,low,5,0.126,6675,6,170.0,no,2023-08-04
P04403,Lathe,Bearing,Brass,EuroMech,Sweden,105.58,0.27,18,40,19,medium,4,0.241,5250,13,166.6,yes,2025-03-24
P04404,Press,Motor,Composite,PreciseTech,Germany,358.91,4.85,10,29,18,high,5,0.185,9078,1,104.2,yes,2024-03-03
P04405,Conveyor,Filter,Ceramic,FlowCore,Czech Republic,28.59,0.119,13,36,12,low,2,0.243,7770,15,107.6,yes,2023-02-08
P04406,Lathe,Sensor,Aluminum,PreciseTech,Netherlands,98.63,0.144,19,0,15,medium,5,0.139,6933,8,91.3,yes,2023-05-16
P04407,Press,Filter,Aluminum,Nordic Motion,Poland,36.94,0.215,11,40,22,high,6,0.138,8557,8,117.8,no,2024-03-22
P04408,Assembly,Valve,Brass,MotionHub,Sweden,173.74,2.005,19,7,19,high,5,0.245,11357,7,156.0,yes,2024-09-28
P04409,Press,Seal,Composite,Nordic Motion,Poland,11.4,0.046,17,12,27,high,8,0.281,3148,8,130.4,yes,2023-08-05
P04410,CNC-Mill,Pump,Aluminum,FlowCore,Netherlands,209.8,9.153,15,27,14,medium,7,0.282,10412,7,96.2,no,2024-10-01
P04411,CNC-Mill,Gear,Steel,MotionHub,Netherlands,176.89,2.242,15,28,21,low,5,0.199,7518,4,138.0,yes,2024-12-26
P04412,CNC-Mill,Motor,Brass,Activa Parts,Czech Republic,438.46,8.482,18,30,23,critical,5,0.088,16560,7,111.4,no,2025-01-21
P04413,Assembly,Belt,Steel,SensorWorks,Italy,51.21,0.475,9,25,20,low,9,0.42,3113,11,95.6,yes,2024-08-05
P04414,Press,Bearing,Ceramic,SensorWorks,Germany,150.27,0.905,18,0,27,medium,1,0.091,4081,8,158.3,yes,2025-01-01
P04415,Conveyor,Bearing,Polymer,Nordic Motion,Finland,104.63,0.59,14,39,11,low,3,0.307,5671,9,168.6,yes,2023-07-03
P04416,Press,Cable,Polymer,MotionHub,Netherlands,22.84,0.647,17,48,24,medium,7,0.164,9666,20,110.2,yes,2024-07-14
P04417,Conveyor,Bearing,Stainless Steel,EuroMech,Germany,93.75,0.813,12,43,10,medium,6,0.148,5521,14,131.0,yes,2023-09-09
P04418,Conveyor,Filter,Aluminum,MotionHub,Sweden,21.63,0.546,11,45,21,medium,7,0.145,11658,11,83.5,yes,2023-03-29
P04419,Lathe,Belt,Polymer,SensorWorks,Czech Republic,35.43,0.336,10,32,20,medium,7,0.202,3935,4,117.1,yes,2023-12-27
P04420,Press,Sensor,Brass,Activa Parts,Germany,235.31,0.251,16,42,24,low,7,0.221,6732,9,103.1,no,2023-07-19
P04421,Assembly,Belt,Polymer,Nordic Motion,Czech Republic,56.07,0.225,13,48,8,low,8,0.694,3403,9,108.3,yes,2024-11-25
P04422,Assembly,Gear,Aluminum,SensorWorks,Finland,206.86,1.359,10,22,27,high,4,0.293,8325,4,92.6,yes,2024-02-16
P04423,Lathe,Motor,Stainless Steel,SensorWorks,Netherlands,474.29,24.724,7,44,10,medium,6,0.309,15547,4,131.4,yes,2024-10-03
P04424,Press,Controller,Brass,FlowCore,Czech Republic,885.71,1.142,10,35,14,medium,8,0.114,18525,1,58.5,yes,2024-03-03
P04425,Lathe,Motor,Aluminum,Nordic Motion,Germany,471.64,16.708,11,37,13,medium,3,0.157,11975,1,99.1,yes,2024-09-06
P04426,Lathe,Cable,Steel,FlowCore,Germany,24.34,0.922,12,28,23,low,3,0.066,8402,13,123.9,yes,2025-03-22
P04427,Packaging,Seal,Brass,Nordic Motion,Finland,25.05,0.098,13,51,25,high,4,0.748,1394,6,128.7,yes,2025-02-19
P04428,Packaging,Bearing,Polymer,EuroMech,Sweden,109.17,1.074,14,27,23,low,6,0.335,4396,7,130.6,yes,2025-01-15
P04429,CNC-Mill,Pump,Brass,Activa Parts,Netherlands,358.16,13.625,21,51,23,critical,6,0.168,8881,4,80.4,yes,2023-10-10
P04430,Press,Bearing,Polymer,PreciseTech,Netherlands,123.35,1.081,9,19,17,low,6,0.423,5127,14,149.2,yes,2025-03-12
P04431,Assembly,Cable,Aluminum,MotionHub,Finland,13.48,0.65,12,26,9,high,3,0.272,8292,17,119.3,yes,2024-04-24
P04432,Conveyor,Motor,Ceramic,EuroMech,Poland,666.9,14.628,9,11,14,high,6,0.138,12707,4,138.9,yes,2024-09-14
P04433,Lathe,Valve,Steel,PreciseTech,Czech Republic,143.08,1.781,12,30,2,high,6,0.28,8023,9,122.8,yes,2025-01-06
P04434,Lathe,Bearing,Polymer,PreciseTech,Italy,51.31,0.485,12,46,14,medium,6,0.319,5229,12,107.6,yes,2024-12-28
P04435,Packaging,Seal,Stainless Steel,MotionHub,Netherlands,19.79,0.028,17,20,10,low,9,0.295,1915,6,119.2,yes,2023-10-21
P04436,Lathe,Cable,Brass,MotionHub,Netherlands,56.89,0.578,24,23,20,critical,6,0.279,8050,21,87.3,yes,2023-11-09
P04437,CNC-Mill,Sensor,Stainless Steel,Activa Parts,Italy,124.09,0.13,18,20,15,low,5,0.162,5622,18,66.4,yes,2023-12-08
P04438,Press,Belt,Stainless Steel,EuroMech,Italy,61.72,0.237,7,5,13,medium,8,1.148,4101,8,80.7,yes,2023-06-17
P04439,Assembly,Sensor,Stainless Steel,EuroMech,Poland,151.95,0.138,17,34,9,medium,5,0.592,5738,5,81.0,yes,2023-08-30
P04440,Assembly,Gear,Steel,Activa Parts,Czech Republic,168.79,1.175,15,16,18,low,4,0.149,8717,7,95.1,yes,2023-04-24
P04441,Lathe,Sensor,Stainless Steel,FlowCore,Italy,88.56,0.207,12,22,18,low,5,0.211,7230,3,86.8,no,2023-01-12
P04442,Press,Cable,Stainless Steel,Activa Parts,Netherlands,31.43,0.742,15,42,20,medium,6,0.596,8484,18,102.8,yes,2024-09-04
P04443,CNC-Mill,Seal,Steel,SensorWorks,Germany,16.19,0.055,16,18,22,low,7,0.617,2627,2,110.4,yes,2023-01-30
P04444,CNC-Mill,Bearing,Composite,FlowCore,Poland,180.12,0.389,23,29,23,medium,7,0.584,3216,6,133.5,no,2024-06-22
P04445,Press,Sensor,Stainless Steel,SensorWorks,Netherlands,159.14,0.274,14,24,14,high,3,0.234,7568,12,78.9,no,2023-10-23
P04446,Conveyor,Seal,Steel,FlowCore,Italy,22.24,0.063,21,14,41,medium,9,0.395,2496,7,117.3,no,2025-01-14
P04447,Press,Controller,Polymer,PreciseTech,Italy,1495.3,0.87,17,48,9,high,4,0.166,11877,2,52.1,yes,2024-09-24
P04448,Assembly,Cable,Composite,Activa Parts,Italy,23.23,0.633,22,1,39,critical,5,0.308,7174,21,80.2,yes,2024-07-03
P04449,CNC-Mill,Motor,Brass,PreciseTech,Czech Republic,653.12,14.415,11,35,20,medium,2,0.15,9711,6,119.3,yes,2023-12-02
P04450,Conveyor,Gear,Steel,EuroMech,Italy,114.3,0.787,21,25,23,medium,10,0.242,7684,6,108.5,yes,2023-11-14
P04451,Conveyor,Valve,Ceramic,EuroMech,Czech Republic,132.11,2.277,9,27,19,low,5,0.205,6867,6,165.7,yes,2023-01-02
P04452,CNC-Mill,Tooling,Steel,EuroMech,Poland,93.67,2.261,19,13,15,high,10,0.507,2436,10,111.3,yes,2024-04-30
P04453,CNC-Mill,Filter,Polymer,Nordic Motion,Sweden,52.33,0.423,17,23,24,low,4,0.391,9262,20,99.0,yes,2025-02-08
P04454,Lathe,Sensor,Steel,FlowCore,Finland,66.26,0.258,16,46,20,high,4,0.207,8545,12,77.0,yes,2024-07-27
P04455,Conveyor,Sensor,Ceramic,Activa Parts,Italy,99.27,0.37,17,0,14,low,6,0.178,5831,13,104.1,no,2025-02-11
P04456,CNC-Mill,Bearing,Composite,PreciseTech,Czech Republic,77.45,0.836,17,4,13,low,3,0.414,7114,10,130.8,yes,2024-04-02
P04457,CNC-Mill,Pump,Stainless Steel,SensorWorks,Poland,1057.07,12.744,15,33,23,high,5,0.214,9402,9,98.9,yes,2024-03-20
P04458,Conveyor,Bearing,Polymer,FlowCore,Netherlands,36.46,0.506,20,23,22,critical,6,1.099,5647,14,150.1,yes,2023-09-02
P04459,Press,Seal,Aluminum,Nordic Motion,Germany,11.19,0.03,9,31,17,medium,10,0.957,2025,8,136.2,yes,2024-06-02
P04460,Packaging,Valve,Brass,Nordic Motion,Czech Republic,271.38,1.934,15,28,16,low,4,0.433,8186,4,143.4,yes,2023-11-15
P04461,Assembly,Bearing,Composite,Activa Parts,Germany,69.29,1.075,21,36,21,medium,10,0.695,3512,14,134.5,no,2023-05-30
P04462,Assembly,Pump,Polymer,FlowCore,Finland,384.77,11.947,9,16,5,medium,3,0.087,8579,5,98.1,yes,2025-03-16
P04463,Packaging,Sensor,Aluminum,PreciseTech,Netherlands,100.96,0.229,10,19,16,high,7,0.286,4514,11,102.8,no,2023-05-22
P04464,Lathe,Sensor,Ceramic,FlowCore,Netherlands,139.05,0.307,27,19,28,low,6,0.172,8650,6,103.5,no,2024-09-22
P04465,CNC-Mill,Motor,Composite,SensorWorks,Germany,922.39,12.048,10,22,15,medium,7,0.165,12473,3,115.7,yes,2024-10-15
P04466,Packaging,Motor,Brass,Nordic Motion,Czech Republic,840.09,9.285,20,23,24,critical,4,0.05,9501,3,93.6,yes,2024-07-05
P04467,Conveyor,Gear,Steel,MotionHub,Finland,214.56,1.97,17,8,23,high,5,0.215,9419,4,98.8,yes,2024-04-04
P04468,CNC-Mill,Bearing,Steel,FlowCore,Finland,69.59,0.773,18,40,23,critical,7,0.772,5381,14,126.0,yes,2024-08-16
P04469,Packaging,Sensor,Brass,FlowCore,Germany,177.78,0.184,15,17,6,high,2,0.243,8895,6,72.4,no,2025-02-22
P04470,Lathe,Motor,Brass,SensorWorks,Sweden,413.64,11.727,12,26,17,medium,6,0.132,12689,2,103.3,yes,2024-12-17
P04471,Assembly,Bearing,Stainless Steel,EuroMech,Germany,107.17,0.555,13,19,16,critical,10,0.771,5046,10,129.9,yes,2024-01-02
P04472,Packaging,Seal,Aluminum,MotionHub,Poland,13.88,0.041,15,53,26,medium,7,0.532,2069,8,116.3,yes,2024-01-22
P04473,Packaging,Bearing,Composite,PreciseTech,Poland,121.48,1.028,21,15,23,low,4,0.276,5714,16,131.3,yes,2025-01-03
P04474,Packaging,Cable,Polymer,MotionHub,Finland,21.97,0.902,7,8,13,medium,3,0.232,8114,19,124.1,yes,2023-06-17
P04475,Packaging,Motor,Aluminum,SensorWorks,Sweden,1202.76,15.797,24,24,29,medium,5,0.332,9887,6,109.8,yes,2023-09-14
P04476,Lathe,Pump,Stainless Steel,Activa Parts,Czech Republic,314.79,4.862,21,16,20,critical,6,0.111,10293,9,113.9,yes,2023-07-22
P04477,Packaging,Motor,Stainless Steel,Activa Parts,Poland,302.03,11.254,20,26,19,critical,8,0.13,14543,2,111.1,no,2023-07-25
P04478,Packaging,Sensor,Aluminum,FlowCore,Finland,219.37,0.286,21,9,24,low,4,0.198,7016,7,91.1,yes,2023-07-22
P04479,Packaging,Controller,Aluminum,SensorWorks,Finland,564.22,1.251,14,15,13,low,4,0.16,19052,5,65.6,yes,2024-02-21
P04480,Lathe,Belt,Ceramic,Activa Parts,Czech Republic,80.56,0.481,13,18,13,high,8,0.287,3314,10,153.6,yes,2024-03-20
P04481,Conveyor,Valve,Brass,Activa Parts,Italy,228.05,1.892,19,40,23,medium,4,0.223,10452,5,118.6,yes,2023-02-27
P04482,Assembly,Filter,Ceramic,EuroMech,Italy,23.1,0.444,12,33,25,high,5,0.211,11789,10,92.5,no,2023-12-05
P04483,Assembly,Cable,Composite,FlowCore,Germany,19.93,0.81,15,32,23,low,2,0.141,6603,15,107.1,no,2024-05-03
P04484,Lathe,Bearing,Steel,Activa Parts,Netherlands,65.05,0.862,17,10,17,high,3,0.441,6808,7,135.4,yes,2024-04-15
P04485,Lathe,Gear,Composite,PreciseTech,Sweden,248.0,3.718,22,29,27,critical,4,0.203,8254,9,95.3,yes,2024-10-13
P04486,Lathe,Pump,Steel,Nordic Motion,Poland,659.38,7.397,18,46,16,low,5,0.336,7555,9,120.9,no,2023-11-11
P04487,Lathe,Sensor,Composite,PreciseTech,Italy,109.58,0.502,14,32,17,low,1,0.208,7434,7,85.7,no,2023-07-16
P04488,Lathe,Tooling,Steel,Nordic Motion,Sweden,361.2,2.562,24,21,34,high,6,2.015,1705,4,108.0,yes,2024-11-20
P04489,Packaging,Cable,Composite,SensorWorks,Sweden,32.6,0.521,14,46,17,high,4,0.184,10234,11,105.6,yes,2023-11-19
P04490,Assembly,Bearing,Composite,Nordic Motion,Czech Republic,78.09,0.497,13,11,20,low,5,0.33,5602,8,149.6,yes,2025-02-20
P04491,Assembly,Gear,Brass,FlowCore,Italy,138.95,1.654,26,13,37,medium,5,0.194,5559,6,115.4,no,2023-01-01
P04492,Press,Seal,Stainless Steel,MotionHub,Sweden,20.66,0.048,9,40,24,medium,7,0.624,3039,8,124.6,no,2023-05-18
P04493,Assembly,Bearing,Aluminum,PreciseTech,Sweden,92.44,0.768,6,30,15,medium,5,0.336,5504,13,121.1,yes,2023-04-16
P04494,Packaging,Motor,Composite,FlowCore,Sweden,900.24,17.106,12,62,12,medium,5,0.223,8388,5,116.2,no,2023-05-01
P04495,Conveyor,Motor,Brass,MotionHub,Germany,474.69,7.559,13,16,14,high,3,0.048,13021,4,113.5,no,2023-07-16
P04496,Lathe,Valve,Composite,Nordic Motion,Netherlands,245.56,1.879,17,51,22,high,7,0.231,13538,8,139.7,yes,2023-01-10
P04497,Packaging,Bearing,Ceramic,SensorWorks,Czech Republic,55.09,0.445,8,14,13,medium,5,0.31,5152,17,152.0,yes,2023-05-02
P04498,Press,Seal,Brass,Nordic Motion,Finland,9.26,0.049,12,31,16,high,6,0.219,2779,9,116.7,yes,2025-01-05
P04499,Packaging,Seal,Polymer,Nordic Motion,Italy,24.09,0.04,15,21,34,medium,7,0.302,2314,1,121.2,yes,2023-10-13
P04500,Packaging,Belt,Composite,Activa Parts,Finland,42.01,0.407,15,9,22,medium,9,0.662,3065,2,119.0,yes,2025-01-08
P04501,Lathe,Seal,Ceramic,Nordic Motion,Poland,28.92,0.046,22,44,29,critical,9,0.581,2538,9,143.2,yes,2023-06-24
P04502,Lathe,Gear,Stainless Steel,Activa Parts,Finland,173.8,1.331,16,16,23,medium,7,0.399,7659,8,115.8,yes,2023-08-12
P04503,Lathe,Belt,Aluminum,PreciseTech,Poland,21.43,0.295,17,16,28,low,3,0.319,2594,7,125.8,yes,2024-09-30
P04504,Press,Pump,Polymer,SensorWorks,Czech Republic,338.89,21.964,19,30,21,critical,6,0.134,7142,5,133.5,yes,2025-03-13
P04505,Conveyor,Controller,Stainless Steel,Nordic Motion,Poland,1503.64,0.84,18,26,16,low,4,0.122,14210,1,59.8,yes,2024-04-01
P04506,Press,Belt,Stainless Steel,EuroMech,Poland,36.06,0.357,3,19,9,low,8,0.456,3694,3,91.4,yes,2023-04-22
P04507,Conveyor,Cable,Aluminum,MotionHub,Germany,31.82,0.976,16,53,22,medium,4,0.182,8778,15,108.5,yes,2023-03-27
P04508,Press,Belt,Stainless Steel,FlowCore,Poland,49.25,0.532,8,20,13,high,5,0.884,3988,6,116.2,yes,2024-07-19
P04509,CNC-Mill,Bearing,Stainless Steel,EuroMech,Poland,111.23,0.919,20,38,18,low,4,0.296,4373,10,148.2,yes,2024-10-30
P04510,CNC-Mill,Sensor,Aluminum,Nordic Motion,Germany,119.13,0.361,12,35,14,low,4,0.238,6681,7,79.0,yes,2024-08-03
P04511,Packaging,Bearing,Ceramic,EuroMech,Germany,103.19,1.431,24,26,31,critical,7,0.252,4956,13,152.0,yes,2024-09-08
P04512,CNC-Mill,Bearing,Stainless Steel,PreciseTech,Sweden,68.12,0.815,8,15,14,high,5,0.116,4909,8,141.0,no,2024-02-16
P04513,CNC-Mill,Seal,Composite,EuroMech,Sweden,22.35,0.06,19,32,8,medium,8,0.439,2436,1,133.6,yes,2023-11-28
P04514,Lathe,Valve,Polymer,SensorWorks,Czech Republic,194.58,1.681,28,26,28,medium,9,0.566,11536,10,121.7,yes,2023-05-13
P04515,Conveyor,Belt,Aluminum,SensorWorks,Czech Republic,27.72,0.491,7,43,15,low,6,0.343,3127,6,100.2,yes,2023-05-27
P04516,Lathe,Tooling,Stainless Steel,Nordic Motion,Czech Republic,62.87,1.181,22,15,29,low,8,0.315,2625,7,91.4,yes,2023-08-11
P04517,Assembly,Pump,Ceramic,Nordic Motion,Italy,316.48,14.496,12,41,7,medium,3,0.261,12205,12,147.1,yes,2024-02-18
P04518,Assembly,Motor,Ceramic,PreciseTech,Finland,456.56,10.823,11,8,10,medium,5,0.122,13209,3,123.1,yes,2024-07-20
P04519,Lathe,Cable,Stainless Steel,Nordic Motion,Italy,32.21,0.786,9,12,4,medium,5,0.148,6519,23,102.6,no,2024-03-04
P04520,Conveyor,Pump,Brass,FlowCore,Germany,512.81,7.699,12,38,13,low,3,0.224,8486,8,101.6,yes,2025-03-03
P04521,CNC-Mill,Sensor,Brass,MotionHub,Netherlands,64.48,0.219,15,42,13,high,4,0.304,5971,5,113.6,yes,2023-05-31
P04522,Assembly,Gear,Brass,EuroMech,Netherlands,307.92,1.768,19,43,21,low,6,0.295,10554,1,85.0,yes,2023-08-19
P04523,Assembly,Seal,Steel,FlowCore,Germany,24.85,0.048,16,58,19,low,9,0.569,2526,6,112.1,yes,2024-02-08
P04524,Conveyor,Valve,Steel,PreciseTech,Germany,132.6,1.417,19,12,20,critical,4,0.112,11548,9,144.8,no,2024-01-08
P04525,Press,Valve,Polymer,FlowCore,Netherlands,138.55,1.315,12,45,21,low,9,0.345,8354,1,115.9,no,2024-11-15
P04526,CNC-Mill,Valve,Ceramic,Activa Parts,Finland,193.06,2.011,17,43,19,low,4,0.128,9595,11,164.3,yes,2023-04-04
P04527,Lathe,Gear,Polymer,EuroMech,Poland,99.78,1.955,16,18,18,medium,2,0.189,5628,5,121.6,yes,2023-05-15
P04528,Conveyor,Motor,Steel,FlowCore,Netherlands,327.49,7.987,18,0,24,high,3,0.251,16266,2,97.0,yes,2023-04-04
P04529,Lathe,Gear,Composite,MotionHub,Germany,242.62,1.773,21,14,24,critical,10,0.228,8214,9,126.1,no,2024-03-16
P04530,Conveyor,Valve,Brass,SensorWorks,Finland,209.82,0.98,10,42,22,high,7,0.114,10741,9,122.0,no,2023-03-26
P04531,Conveyor,Bearing,Composite,PreciseTech,Czech Republic,48.82,1.267,5,46,8,medium,2,0.31,6023,13,157.4,yes,2024-11-19
P04532,Press,Filter,Ceramic,PreciseTech,Finland,38.73,0.228,16,11,16,low,3,0.787,8772,14,102.9,yes,2024-11-14
P04533,Packaging,Sensor,Composite,Activa Parts,Finland,76.53,0.193,20,50,29,medium,7,0.254,7188,9,111.6,yes,2023-06-29
P04534,Press,Pump,Stainless Steel,MotionHub,Germany,403.73,10.49,11,9,12,medium,3,0.271,11775,11,105.5,yes,2023-04-05
P04535,Assembly,Belt,Stainless Steel,SensorWorks,Italy,54.13,0.254,18,23,24,high,5,1.111,3203,5,113.2,yes,2023-05-12
P04536,CNC-Mill,Pump,Aluminum,PreciseTech,Sweden,719.98,8.215,13,58,29,medium,9,0.145,7507,2,95.2,yes,2023-08-17
P04537,CNC-Mill,Sensor,Aluminum,EuroMech,Sweden,92.03,0.226,15,21,19,medium,6,0.372,6536,1,99.5,yes,2024-06-18
P04538,Press,Filter,Stainless Steel,EuroMech,Finland,11.5,0.193,10,34,18,medium,2,0.312,7844,9,94.7,yes,2024-09-22
P04539,Assembly,Bearing,Steel,MotionHub,Germany,89.96,0.567,12,30,19,high,4,0.379,4682,10,142.6,yes,2024-11-06
P04540,Assembly,Motor,Aluminum,PreciseTech,Sweden,267.57,7.827,11,8,14,medium,4,0.117,13449,3,102.6,yes,2023-09-07
P04541,Lathe,Motor,Polymer,PreciseTech,Netherlands,706.86,16.468,13,0,19,medium,2,0.141,13010,5,97.2,yes,2023-05-30
P04542,Assembly,Filter,Aluminum,Activa Parts,Germany,22.76,0.207,16,25,7,low,4,0.261,6966,17,110.0,yes,2023-09-05
P04543,Lathe,Filter,Polymer,Nordic Motion,Czech Republic,15.52,0.301,27,36,19,critical,2,0.233,8978,12,102.3,yes,2025-02-05
P04544,Lathe,Seal,Composite,MotionHub,Poland,11.79,0.04,1,44,13,medium,7,0.403,2624,1,129.7,yes,2023-04-06
P04545,Assembly,Seal,Brass,EuroMech,Netherlands,11.24,0.052,17,17,8,high,10,0.487,2492,3,116.2,yes,2023-08-04
P04546,Packaging,Pump,Ceramic,Activa Parts,Italy,646.76,5.453,18,2,16,medium,7,0.207,9368,13,138.0,no,2023-03-01
P04547,Lathe,Gear,Polymer,PreciseTech,Italy,156.52,1.406,16,21,34,medium,3,0.194,9455,12,124.6,yes,2024-03-18
P04548,Press,Sensor,Composite,Activa Parts,Netherlands,124.44,0.226,8,36,18,medium,2,0.297,7818,9,81.8,yes,2025-03-01
P04549,CNC-Mill,Tooling,Composite,Activa Parts,Italy,142.4,2.143,14,35,24,low,9,0.885,3904,8,109.9,yes,2024-08-11
P04550,CNC-Mill,Sensor,Stainless Steel,Activa Parts,Italy,212.01,0.409,27,26,25,high,7,0.063,7126,7,91.9,yes,2024-05-05
P04551,Lathe,Motor,Stainless Steel,Activa Parts,Sweden,388.3,13.682,8,44,16,medium,3,0.157,15310,6,116.5,yes,2023-07-22
P04552,Packaging,Gear,Composite,EuroMech,Netherlands,177.37,1.456,9,28,21,high,6,0.324,6473,6,97.2,yes,2023-06-27
P04553,Packaging,Tooling,Composite,PreciseTech,Poland,225.65,1.855,12,4,19,low,4,0.499,3262,9,110.7,no,2024-11-03
P04554,Lathe,Filter,Composite,Activa Parts,Sweden,26.51,0.171,14,24,16,medium,5,0.495,8228,14,116.7,yes,2023-10-28
P04555,CNC-Mill,Tooling,Brass,FlowCore,Italy,35.3,1.932,23,26,25,critical,9,0.401,2994,9,115.6,yes,2023-07-23
P04556,Press,Filter,Stainless Steel,PreciseTech,Germany,59.69,0.346,13,68,19,high,4,0.335,8683,18,84.8,yes,2024-04-12
P04557,Packaging,Motor,Aluminum,PreciseTech,Italy,1303.73,16.925,19,32,27,low,6,0.188,13868,4,118.2,no,2023-03-15
P04558,Press,Pump,Polymer,SensorWorks,Sweden,556.84,13.241,29,0,30,critical,6,0.431,6197,9,137.4,yes,2024-03-15
P04559,Packaging,Seal,Ceramic,PreciseTech,Netherlands,16.89,0.038,24,30,29,critical,5,0.485,2423,5,145.6,yes,2023-06-19
P04560,Assembly,Sensor,Aluminum,FlowCore,Finland,165.64,0.242,18,11,28,high,4,0.333,4644,7,90.5,yes,2023-09-13
P04561,CNC-Mill,Cable,Steel,SensorWorks,Finland,15.48,0.674,20,35,31,critical,1,0.096,10978,15,101.7,no,2024-08-05
P04562,CNC-Mill,Cable,Brass,Nordic Motion,Netherlands,57.41,0.831,16,45,19,high,5,0.479,5535,19,86.8,yes,2023-09-17
P04563,Lathe,Filter,Composite,EuroMech,Sweden,19.46,0.25,16,29,20,low,8,0.107,7863,11,111.7,yes,2024-11-05
P04564,Press,Cable,Ceramic,PreciseTech,Italy,12.04,0.509,9,20,15,medium,4,0.154,9835,18,120.4,yes,2024-08-05
P04565,CNC-Mill,Sensor,Brass,Activa Parts,Netherlands,81.48,0.242,13,13,8,medium,4,0.09,6625,11,99.4,yes,2023-06-10
P04566,Lathe,Seal,Composite,Nordic Motion,Netherlands,14.7,0.057,14,44,21,high,9,0.484,2115,6,108.0,no,2024-12-29
P04567,Assembly,Controller,Aluminum,SensorWorks,Poland,951.44,0.822,17,22,20,low,6,0.158,14238,3,62.6,no,2023-08-24
P04568,CNC-Mill,Gear,Steel,Activa Parts,Germany,103.99,1.16,17,27,12,high,3,0.256,8045,9,105.2,no,2025-01-21
P04569,CNC-Mill,Motor,Ceramic,Nordic Motion,Sweden,645.27,10.762,6,50,19,high,7,0.129,15589,6,130.6,yes,2024-08-12
P04570,Assembly,Sensor,Ceramic,FlowCore,Sweden,132.46,0.136,10,19,14,medium,6,0.294,6539,5,84.4,yes,2023-05-15
P04571,Press,Pump,Composite,FlowCore,Italy,605.07,11.118,13,52,13,high,7,0.101,8502,5,112.1,yes,2023-09-26
P04572,CNC-Mill,Pump,Aluminum,MotionHub,Sweden,526.99,6.619,14,34,19,medium,7,0.12,9844,10,119.2,no,2023-05-29
P04573,Press,Seal,Composite,MotionHub,Poland,24.6,0.075,20,30,15,low,6,0.373,2654,7,117.0,yes,2024-11-11
P04574,Lathe,Sensor,Composite,Nordic Motion,Czech Republic,132.32,0.221,27,1,24,medium,7,0.237,5670,13,99.8,yes,2023-02-25
P04575,Assembly,Belt,Aluminum,Activa Parts,Germany,26.24,0.292,12,34,11,high,7,0.409,3261,2,116.3,yes,2024-04-11
P04576,Assembly,Pump,Brass,EuroMech,Czech Republic,318.03,8.001,13,55,9,low,6,0.285,7441,3,111.7,yes,2024-09-01
P04577,Press,Cable,Steel,MotionHub,Sweden,42.86,0.375,28,0,24,high,5,0.205,4846,17,100.5,yes,2023-10-17
P04578,CNC-Mill,Pump,Polymer,SensorWorks,Finland,256.08,5.216,12,39,15,medium,5,0.279,7555,11,121.1,no,2023-07-17
P04579,Press,Tooling,Steel,EuroMech,Sweden,225.27,2.592,14,20,37,low,7,0.254,2891,5,114.3,yes,2023-11-06
P04580,Press,Belt,Aluminum,PreciseTech,Italy,35.26,0.362,26,40,34,low,8,0.267,3082,10,114.7,yes,2023-10-22
P04581,Conveyor,Bearing,Ceramic,Nordic Motion,Czech Republic,129.56,0.849,15,40,26,medium,5,0.283,6176,10,140.1,no,2024-07-04
P04582,Lathe,Motor,Brass,EuroMech,Sweden,1981.37,18.569,10,23,17,medium,4,0.175,9656,5,99.5,yes,2023-01-22
P04583,CNC-Mill,Bearing,Steel,Nordic Motion,Poland,71.36,0.898,11,10,17,medium,8,0.609,4835,8,131.7,yes,2024-04-05
P04584,Packaging,Gear,Brass,Activa Parts,Netherlands,118.24,0.971,13,16,26,high,6,0.107,9578,9,133.5,no,2024-06-20
P04585,Assembly,Gear,Stainless Steel,MotionHub,Czech Republic,155.65,1.471,28,9,25,high,4,0.301,5272,4,116.3,yes,2025-01-15
P04586,Press,Controller,Stainless Steel,MotionHub,Poland,629.34,1.292,16,40,29,high,5,0.142,20279,1,69.2,yes,2023-02-05
P04587,Press,Bearing,Ceramic,PreciseTech,Italy,115.66,1.628,17,21,13,critical,8,0.208,5160,13,159.3,yes,2023-07-04
P04588,Packaging,Sensor,Composite,EuroMech,Netherlands,153.69,0.165,18,16,22,medium,7,0.506,5775,9,78.1,yes,2024-06-21
P04589,Press,Gear,Stainless Steel,Nordic Motion,Sweden,249.56,0.976,8,45,17,low,6,0.174,9408,2,114.9,yes,2024-01-06
P04590,Conveyor,Sensor,Aluminum,PreciseTech,Poland,115.76,0.297,13,19,15,low,8,0.111,4283,9,76.8,yes,2025-02-08
P04591,Lathe,Motor,Aluminum,PreciseTech,Finland,332.22,5.572,17,0,18,medium,5,0.151,10875,6,80.7,no,2023-08-08
P04592,Lathe,Cable,Stainless Steel,PreciseTech,Poland,18.23,0.796,21,13,22,medium,8,0.114,6987,18,112.1,no,2023-03-09
P04593,Packaging,Motor,Aluminum,Nordic Motion,Finland,753.77,17.751,26,17,22,critical,6,0.23,12433,5,122.1,no,2023-12-14
P04594,Conveyor,Sensor,Ceramic,EuroMech,Netherlands,45.78,0.311,6,36,9,low,7,0.248,6095,9,125.8,yes,2024-12-06
P04595,Conveyor,Bearing,Stainless Steel,Activa Parts,Netherlands,61.72,0.429,20,11,29,low,5,0.211,4403,8,145.9,yes,2023-06-12
P04596,Lathe,Pump,Stainless Steel,MotionHub,Germany,1162.87,6.179,19,5,23,medium,5,0.149,8026,8,84.5,yes,2023-08-01
P04597,Conveyor,Belt,Brass,Nordic Motion,Italy,38.29,0.521,11,20,10,medium,8,0.467,3907,3,126.7,yes,2024-03-18
P04598,Assembly,Gear,Composite,Activa Parts,Poland,166.75,1.515,24,12,32,low,5,0.417,11202,9,98.6,yes,2024-05-26
P04599,Lathe,Sensor,Composite,Activa Parts,Netherlands,161.77,0.316,20,26,29,medium,7,0.38,7545,7,81.8,yes,2025-01-17
P04600,Press,Pump,Ceramic,Nordic Motion,Finland,284.84,6.897,15,11,20,medium,3,0.221,9374,4,129.3,yes,2023-08-02
P04601,CNC-Mill,Valve,Steel,PreciseTech,Netherlands,288.09,1.251,34,35,41,critical,4,0.104,10037,7,135.5,yes,2023-03-26
P04602,CNC-Mill,Seal,Ceramic,PreciseTech,Netherlands,8.26,0.057,28,10,33,low,6,1.113,2056,10,148.5,yes,2023-09-22
P04603,Packaging,Tooling,Ceramic,PreciseTech,Germany,70.43,1.846,15,36,14,medium,7,0.389,2444,11,132.7,no,2024-01-21
P04604,Packaging,Filter,Ceramic,EuroMech,Finland,14.84,0.255,12,29,20,high,7,0.18,8284,12,108.3,no,2023-10-25
P04605,Conveyor,Gear,Brass,SensorWorks,Finland,171.01,1.689,10,24,16,medium,8,0.273,7545,4,124.7,yes,2023-12-20
P04606,Packaging,Belt,Steel,MotionHub,Czech Republic,65.4,0.858,9,34,5,medium,7,0.205,3684,4,116.2,no,2024-09-07
P04607,Conveyor,Gear,Stainless Steel,SensorWorks,Poland,106.14,1.798,8,20,18,high,4,0.25,5314,5,122.0,yes,2023-11-03
P04608,Press,Filter,Brass,Activa Parts,Germany,50.0,0.23,23,27,16,low,4,0.227,10262,12,79.8,yes,2023-01-11
P04609,Packaging,Filter,Polymer,PreciseTech,Poland,30.42,0.256,22,34,25,low,3,0.268,9656,20,106.7,yes,2023-06-19
P04610,Lathe,Sensor,Composite,PreciseTech,Czech Republic,77.68,0.386,21,30,26,medium,6,0.29,7711,12,91.9,no,2023-01-11
P04611,Press,Sensor,Stainless Steel,FlowCore,Netherlands,274.52,0.378,16,36,9,medium,2,0.178,7231,8,66.5,yes,2025-03-12
P04612,Conveyor,Motor,Steel,MotionHub,Finland,505.92,12.297,15,33,12,medium,4,0.107,13591,1,120.3,yes,2024-06-13
P04613,Packaging,Cable,Polymer,SensorWorks,Netherlands,19.7,0.391,24,30,26,critical,8,0.209,7468,16,111.1,no,2025-03-08
P04614,CNC-Mill,Filter,Brass,MotionHub,Italy,20.04,0.236,16,39,18,high,3,0.18,8382,16,105.6,yes,2024-12-08
P04615,Assembly,Seal,Composite,FlowCore,Sweden,17.35,0.048,16,18,19,medium,5,0.638,2218,10,115.0,no,2024-05-24
P04616,Assembly,Valve,Steel,SensorWorks,Netherlands,205.38,1.432,16,38,13,medium,6,0.161,9646,11,117.4,yes,2023-08-24
P04617,Conveyor,Filter,Steel,Nordic Motion,Sweden,19.44,0.566,16,25,22,high,4,0.204,8909,10,91.2,yes,2023-10-06
P04618,Press,Belt,Stainless Steel,FlowCore,Sweden,49.96,0.528,19,41,25,medium,10,0.331,2926,11,103.7,no,2023-04-05
P04619,CNC-Mill,Motor,Aluminum,FlowCore,Netherlands,398.93,8.719,20,24,22,high,2,0.097,11857,6,103.5,yes,2024-07-19
P04620,Press,Sensor,Ceramic,PreciseTech,Finland,75.64,0.259,30,42,28,critical,5,0.193,9546,6,90.8,yes,2023-09-11
P04621,Lathe,Belt,Composite,FlowCore,Germany,21.53,0.339,11,11,16,high,10,0.233,4576,13,99.5,yes,2025-01-23
P04622,Conveyor,Sensor,Brass,Nordic Motion,Germany,162.13,0.366,16,43,21,low,4,0.317,3883,9,65.4,yes,2023-12-15
P04623,CNC-Mill,Valve,Brass,Nordic Motion,Sweden,399.84,1.196,19,23,12,high,6,0.199,12665,5,120.0,no,2023-10-15
P04624,Assembly,Gear,Brass,PreciseTech,Poland,85.62,1.429,16,12,11,low,5,0.174,9883,6,109.8,no,2025-01-11
P04625,Lathe,Sensor,Stainless Steel,MotionHub,Netherlands,135.08,0.251,15,8,14,medium,9,0.058,6353,7,79.4,yes,2024-06-25
P04626,Lathe,Bearing,Composite,MotionHub,Italy,234.57,1.179,17,0,33,low,7,0.134,5864,13,148.4,yes,2024-03-28
P04627,Lathe,Filter,Steel,Activa Parts,Italy,25.33,0.411,16,0,15,low,6,0.217,9013,19,105.4,no,2023-12-17
P04628,Conveyor,Tooling,Brass,MotionHub,Germany,231.4,2.409,15,17,18,low,6,0.624,2392,10,112.5,yes,2023-10-24
P04629,Press,Motor,Stainless Steel,FlowCore,Finland,853.18,11.056,15,0,21,low,3,0.105,8828,11,95.3,no,2023-05-05
P04630,Assembly,Motor,Brass,Nordic Motion,Poland,551.01,9.398,13,45,7,high,6,0.24,12415,3,115.5,yes,2025-02-05
P04631,Conveyor,Belt,Aluminum,PreciseTech,Poland,43.59,0.273,18,17,27,medium,8,0.595,3076,3,109.2,no,2023-06-25
P04632,Conveyor,Filter,Stainless Steel,SensorWorks,Germany,22.43,0.241,10,34,19,high,7,0.215,9444,12,108.6,yes,2024-02-14
P04633,Press,Belt,Aluminum,Nordic Motion,Czech Republic,29.13,0.43,17,20,30,medium,6,0.527,4844,15,121.4,no,2024-02-24
P04634,Packaging,Seal,Stainless Steel,Nordic Motion,Germany,38.32,0.043,12,42,21,high,5,0.374,3007,1,131.5,yes,2024-10-20
P04635,Conveyor,Bearing,Polymer,Nordic Motion,Netherlands,110.36,0.769,23,42,29,critical,5,0.461,7176,10,164.4,yes,2024-12-22
P04636,CNC-Mill,Motor,Ceramic,Activa Parts,Poland,598.67,7.138,12,12,11,medium,6,0.033,12554,6,142.5,no,2023-04-03
P04637,Assembly,Sensor,Steel,MotionHub,Poland,93.61,0.316,19,31,23,medium,6,0.309,7353,7,91.1,yes,2023-06-27
P04638,Packaging,Pump,Ceramic,MotionHub,Italy,305.18,9.959,21,0,27,medium,7,0.214,9936,1,136.4,yes,2023-02-14
P04639,Packaging,Pump,Aluminum,Activa Parts,Poland,320.44,15.07,11,30,21,low,5,0.129,11471,8,116.1,yes,2023-11-01
P04640,Packaging,Pump,Aluminum,EuroMech,Sweden,377.36,4.385,18,29,24,medium,2,0.356,7110,8,128.0,yes,2024-06-20
P04641,Packaging,Cable,Stainless Steel,PreciseTech,Sweden,23.86,0.696,20,24,17,low,3,0.285,8509,21,87.4,yes,2024-04-21
P04642,CNC-Mill,Gear,Composite,EuroMech,Germany,108.95,1.257,12,22,18,high,7,0.118,9933,3,88.7,yes,2023-02-22
P04643,Assembly,Seal,Polymer,EuroMech,Germany,9.03,0.06,14,42,19,high,9,0.536,3116,5,100.7,no,2024-10-28
P04644,Lathe,Gear,Polymer,SensorWorks,Poland,227.89,2.046,16,9,18,medium,5,0.32,9213,6,97.1,yes,2025-02-21
P04645,Packaging,Sensor,Brass,SensorWorks,Italy,225.67,0.342,12,24,17,medium,4,0.241,7497,10,78.7,yes,2024-07-12
P04646,Packaging,Bearing,Aluminum,Nordic Motion,Netherlands,116.76,0.551,18,15,23,low,4,0.415,3566,9,126.8,yes,2023-03-31
P04647,Press,Pump,Composite,FlowCore,Netherlands,535.73,12.901,24,21,22,high,9,0.143,12008,9,110.7,yes,2025-01-17
P04648,Packaging,Controller,Ceramic,Activa Parts,Italy,772.61,1.012,11,29,14,medium,5,0.079,13658,3,96.4,yes,2024-06-29
P04649,Lathe,Motor,Aluminum,PreciseTech,Italy,390.51,9.12,2,36,10,medium,8,0.162,13061,4,104.0,no,2024-03-14
P04650,Conveyor,Belt,Aluminum,Activa Parts,Germany,42.9,0.781,12,34,12,low,6,0.567,3042,6,106.5,no,2025-03-01
P04651,CNC-Mill,Gear,Ceramic,SensorWorks,Czech Republic,145.62,1.094,15,16,25,low,8,0.285,9021,11,122.5,yes,2023-08-13
P04652,Press,Seal,Aluminum,MotionHub,Italy,12.54,0.041,12,25,5,high,6,0.405,2624,8,109.0,no,2023-09-29
P04653,CNC-Mill,Belt,Steel,Nordic Motion,Italy,19.37,0.39,12,34,18,high,9,0.838,2792,4,93.5,yes,2024-03-29
P04654,Lathe,Filter,Polymer,PreciseTech,Poland,25.01,0.301,15,35,22,high,5,0.287,10159,13,73.1,yes,2024-06-24
P04655,Packaging,Motor,Composite,SensorWorks,Netherlands,462.49,11.493,23,27,20,critical,5,0.214,11440,5,97.5,yes,2024-08-19
P04656,CNC-Mill,Pump,Brass,EuroMech,Sweden,427.37,8.799,10,15,16,low,7,0.271,8554,4,110.2,yes,2023-12-18
P04657,Press,Motor,Brass,Activa Parts,Finland,1618.19,10.166,20,31,17,low,5,0.089,14672,6,91.6,yes,2023-01-31
P04658,Lathe,Gear,Ceramic,MotionHub,Italy,76.95,2.039,19,29,10,high,2,0.706,9894,10,120.8,no,2024-11-28
P04659,Press,Filter,Ceramic,PreciseTech,Netherlands,55.06,0.127,15,0,11,medium,4,0.242,7837,13,140.2,yes,2023-03-14
P04660,Assembly,Bearing,Aluminum,Activa Parts,Finland,69.66,0.618,14,33,8,low,7,0.217,4388,13,137.6,yes,2023-09-15
P04661,Lathe,Seal,Ceramic,FlowCore,Sweden,22.75,0.068,17,31,17,critical,9,0.412,2622,3,163.3,yes,2023-11-07
P04662,Packaging,Belt,Steel,Activa Parts,Poland,21.45,0.271,26,36,19,critical,6,0.466,2472,7,127.0,yes,2024-11-03
P04663,Assembly,Motor,Steel,EuroMech,Netherlands,433.54,6.793,11,18,18,high,5,0.148,12835,7,101.4,yes,2024-03-29
P04664,Press,Valve,Brass,Nordic Motion,Poland,296.62,1.235,15,30,19,low,3,0.18,9631,9,113.8,no,2023-11-24
P04665,Conveyor,Gear,Steel,Nordic Motion,Finland,73.85,1.773,16,17,10,low,6,0.207,7263,5,103.5,yes,2023-02-23
P04666,Assembly,Belt,Brass,Activa Parts,Poland,31.18,0.208,17,35,20,low,6,0.263,4257,5,117.5,yes,2024-04-10
P04667,Assembly,Belt,Brass,FlowCore,Czech Republic,29.09,0.457,5,25,10,high,8,0.276,3494,2,104.5,yes,2025-02-10
P04668,Assembly,Gear,Aluminum,MotionHub,Sweden,86.42,2.359,14,50,15,low,6,0.353,7949,5,100.6,yes,2024-11-02
P04669,Press,Valve,Aluminum,EuroMech,Germany,173.84,0.981,11,23,14,medium,7,0.114,11922,3,140.0,yes,2023-10-09
P04670,Lathe,Seal,Stainless Steel,PreciseTech,Netherlands,40.59,0.044,19,38,16,low,10,0.518,2505,6,105.6,yes,2024-09-01
P04671,CNC-Mill,Controller,Ceramic,FlowCore,Germany,809.23,0.825,22,30,22,critical,8,0.159,13123,7,85.7,yes,2023-11-09
P04672,Lathe,Seal,Ceramic,Activa Parts,Czech Republic,15.03,0.05,17,26,22,medium,6,0.39,1861,9,125.4,no,2023-01-06
P04673,Conveyor,Motor,Aluminum,MotionHub,Italy,444.19,10.172,11,39,27,low,7,0.181,12215,1,90.7,yes,2024-05-19
P04674,Packaging,Sensor,Aluminum,Nordic Motion,Netherlands,88.05,0.174,20,21,30,high,3,0.229,4933,8,83.8,no,2024-05-17
P04675,Press,Cable,Ceramic,MotionHub,Germany,17.48,0.519,14,20,14,low,3,0.1,7606,18,122.2,yes,2023-07-12
P04676,Lathe,Gear,Aluminum,SensorWorks,Germany,241.01,1.937,15,20,19,medium,6,0.333,8060,4,116.1,no,2024-02-03
P04677,Assembly,Cable,Ceramic,FlowCore,Poland,23.14,0.436,10,27,8,low,5,0.137,7732,17,122.6,yes,2023-02-04
P04678,Assembly,Belt,Ceramic,FlowCore,Netherlands,96.92,0.26,20,8,15,medium,6,0.388,2943,9,127.3,no,2023-01-28
P04679,Press,Pump,Brass,Activa Parts,Sweden,884.68,12.311,18,26,24,low,6,0.554,9937,1,114.8,yes,2024-06-10
P04680,Lathe,Tooling,Brass,EuroMech,Netherlands,211.92,3.724,23,29,28,medium,9,0.439,2901,9,107.5,yes,2025-01-15
P04681,CNC-Mill,Sensor,Ceramic,MotionHub,Germany,97.43,0.235,11,30,12,medium,6,0.363,3277,10,90.5,yes,2024-08-11
P04682,Conveyor,Filter,Composite,SensorWorks,Germany,18.16,0.326,16,18,18,low,7,0.119,9273,11,89.3,no,2023-02-14
P04683,Lathe,Belt,Aluminum,MotionHub,Poland,50.15,0.313,16,0,30,medium,6,0.353,2744,6,113.7,yes,2023-12-13
P04684,Packaging,Bearing,Polymer,Activa Parts,Poland,53.76,0.82,14,35,8,medium,5,0.201,5184,12,144.9,yes,2024-03-13
P04685,Packaging,Valve,Composite,EuroMech,Czech Republic,154.75,1.005,14,22,25,low,4,0.156,9834,8,103.3,no,2023-12-17
P04686,CNC-Mill,Gear,Brass,Nordic Motion,Germany,204.66,2.487,16,0,15,medium,1,0.182,8473,7,110.9,no,2024-01-07
P04687,Packaging,Sensor,Composite,Nordic Motion,Sweden,101.24,0.224,25,42,32,high,6,0.212,4589,11,93.2,no,2023-11-16
P04688,Assembly,Tooling,Brass,Nordic Motion,Sweden,83.57,2.969,24,29,13,critical,7,0.373,2407,5,103.6,yes,2024-05-26
P04689,Lathe,Gear,Brass,EuroMech,Czech Republic,186.19,1.044,25,36,27,critical,4,0.178,10836,11,84.3,yes,2023-12-06
P04690,Assembly,Pump,Stainless Steel,Nordic Motion,Germany,442.22,6.933,26,4,16,medium,6,0.203,7831,5,120.1,yes,2023-09-05
P04691,Press,Belt,Aluminum,Activa Parts,Germany,83.41,0.352,24,10,19,critical,6,0.557,2946,9,122.2,yes,2023-04-26
P04692,Conveyor,Pump,Brass,SensorWorks,Poland,517.91,13.134,22,22,26,critical,5,0.216,7916,1,132.8,no,2023-08-24
P04693,Conveyor,Cable,Stainless Steel,EuroMech,Czech Republic,23.92,0.583,27,6,26,critical,5,0.122,9184,23,110.0,yes,2024-10-26
P04694,Assembly,Sensor,Ceramic,SensorWorks,Czech Republic,123.99,0.343,26,63,33,medium,5,0.199,7273,8,108.9,yes,2024-02-16
P04695,Assembly,Controller,Ceramic,Activa Parts,Germany,1304.64,1.515,15,15,22,high,8,0.081,13192,1,74.9,no,2025-01-31
P04696,Packaging,Gear,Ceramic,Nordic Motion,Finland,60.63,2.186,13,35,19,low,6,0.116,9163,3,138.8,no,2024-08-14
P04697,Assembly,Motor,Brass,FlowCore,Sweden,670.68,9.672,13,0,20,low,6,0.098,11779,9,101.1,yes,2023-07-17
P04698,Assembly,Sensor,Steel,SensorWorks,Sweden,239.48,0.215,14,54,14,medium,2,0.104,5637,9,81.1,yes,2024-04-21
P04699,Press,Sensor,Brass,EuroMech,Finland,68.24,0.218,8,15,15,low,4,0.152,5466,6,85.3,yes,2023-12-08
P04700,Lathe,Pump,Ceramic,SensorWorks,Finland,362.17,8.626,13,5,17,medium,4,0.687,7801,7,123.6,no,2023-10-31
P04701,Conveyor,Sensor,Ceramic,SensorWorks,Czech Republic,152.54,0.547,14,17,25,medium,3,0.271,5582,11,98.0,yes,2023-12-05
P04702,Conveyor,Gear,Steel,EuroMech,Poland,125.73,2.326,21,18,19,medium,5,0.08,6697,8,110.4,no,2024-04-01
P04703,CNC-Mill,Sensor,Polymer,MotionHub,Sweden,55.86,0.151,16,22,24,low,5,0.088,6321,8,85.2,yes,2025-01-09
P04704,Conveyor,Motor,Steel,MotionHub,Germany,231.78,6.908,9,29,5,medium,7,0.076,10428,5,111.4,no,2023-06-14
P04705,Lathe,Controller,Aluminum,FlowCore,Italy,707.51,2.999,13,32,20,medium,1,0.102,12969,5,58.0,no,2024-01-30
P04706,Press,Pump,Composite,PreciseTech,Sweden,270.3,6.439,13,25,15,medium,5,0.187,9303,13,133.6,yes,2023-07-18
P04707,Press,Seal,Steel,SensorWorks,Italy,10.95,0.038,8,30,15,low,10,0.747,2364,1,138.1,yes,2024-12-19
P04708,Conveyor,Motor,Brass,FlowCore,Poland,617.06,11.783,16,39,19,high,6,0.247,8084,5,107.3,yes,2023-01-04
P04709,CNC-Mill,Belt,Ceramic,Nordic Motion,Germany,31.61,0.317,13,34,10,low,7,0.474,2836,6,136.7,no,2024-02-16
P04710,Press,Sensor,Brass,FlowCore,Sweden,151.66,0.266,10,16,17,high,4,0.167,5884,13,92.6,yes,2024-02-20
P04711,Lathe,Seal,Stainless Steel,Nordic Motion,Czech Republic,19.29,0.038,23,16,33,critical,9,0.437,1546,3,128.9,yes,2023-03-31
P04712,Lathe,Cable,Ceramic,EuroMech,Italy,29.14,1.159,22,9,28,critical,6,0.114,5707,18,129.5,no,2023-06-23
P04713,Assembly,Filter,Composite,PreciseTech,Germany,24.54,0.123,15,27,11,high,6,0.106,5877,15,90.4,yes,2024-07-18
P04714,Press,Seal,Polymer,PreciseTech,Poland,19.33,0.034,13,41,14,medium,7,0.399,2066,6,111.9,yes,2023-11-28
P04715,Lathe,Cable,Polymer,MotionHub,Poland,19.95,0.936,13,10,18,medium,4,0.092,5986,17,92.2,yes,2024-10-03
P04716,Assembly,Sensor,Aluminum,Nordic Motion,Sweden,251.68,0.224,11,12,10,medium,8,0.172,5685,14,94.9,no,2023-06-04
P04717,Conveyor,Controller,Stainless Steel,FlowCore,Netherlands,857.87,0.445,18,23,12,medium,6,0.207,19462,8,72.0,yes,2023-06-22
P04718,Conveyor,Tooling,Brass,SensorWorks,Netherlands,81.84,1.866,14,24,15,high,7,0.573,3254,3,114.0,yes,2023-11-15
P04719,Assembly,Controller,Polymer,Nordic Motion,Poland,557.11,0.671,15,17,18,medium,6,0.097,14522,6,63.7,yes,2024-04-13
P04720,CNC-Mill,Belt,Aluminum,PreciseTech,Czech Republic,38.19,0.279,16,44,23,low,7,0.726,3030,1,118.8,yes,2024-01-30
P04721,Lathe,Tooling,Polymer,MotionHub,Czech Republic,105.97,2.201,10,29,23,high,9,0.982,3413,9,115.1,no,2023-05-31
P04722,Press,Sensor,Aluminum,EuroMech,Italy,143.07,0.342,27,17,24,medium,9,0.266,5574,6,81.1,no,2023-06-04
P04723,CNC-Mill,Gear,Brass,FlowCore,Netherlands,117.97,0.697,13,2,18,low,8,0.314,8073,6,101.4,yes,2023-09-21
P04724,Packaging,Sensor,Polymer,Nordic Motion,Germany,131.17,0.131,19,45,27,low,5,0.207,5866,6,92.4,yes,2023-07-01
P04725,Packaging,Motor,Aluminum,Activa Parts,Sweden,482.32,9.363,7,26,15,high,4,0.095,13307,9,108.1,yes,2025-01-13
P04726,CNC-Mill,Sensor,Aluminum,Nordic Motion,Sweden,120.52,0.308,15,20,16,medium,5,0.142,5688,6,89.6,no,2024-11-08
P04727,Press,Gear,Ceramic,EuroMech,Germany,121.94,2.029,10,32,8,medium,5,0.353,9625,11,144.1,yes,2024-05-01
P04728,Assembly,Gear,Stainless Steel,MotionHub,Sweden,292.7,1.561,18,18,23,low,5,0.149,10254,11,105.9,yes,2025-03-01
P04729,Assembly,Belt,Polymer,MotionHub,Finland,77.69,0.237,19,19,18,medium,9,0.353,2685,9,111.7,no,2024-09-29
P04730,Packaging,Filter,Steel,PreciseTech,Sweden,23.65,0.178,11,26,25,medium,6,0.235,7486,17,91.0,yes,2023-01-22
P04731,Conveyor,Filter,Ceramic,Activa Parts,Italy,38.19,0.345,30,10,33,critical,5,0.254,6906,18,125.1,yes,2024-10-08
P04732,Press,Tooling,Aluminum,MotionHub,Finland,190.4,1.324,17,34,30,medium,7,0.254,3398,11,117.1,yes,2024-04-23
P04733,CNC-Mill,Filter,Aluminum,MotionHub,Netherlands,23.97,0.203,12,31,9,critical,4,0.269,7494,21,85.8,yes,2024-01-28
P04734,Conveyor,Controller,Composite,Activa Parts,Finland,555.94,1.581,17,25,26,low,3,0.126,11591,6,56.2,no,2023-02-15
P04735,Conveyor,Gear,Composite,FlowCore,Sweden,199.61,1.484,17,20,16,critical,6,0.141,7587,9,122.9,no,2023-11-09
P04736,Assembly,Sensor,Aluminum,SensorWorks,Czech Republic,116.21,0.453,28,0,31,critical,3,0.471,6814,9,98.4,yes,2023-10-24
P04737,Conveyor,Sensor,Aluminum,EuroMech,Czech Republic,132.96,0.211,13,23,23,high,5,0.265,5763,8,111.0,no,2024-04-23
P04738,Assembly,Filter,Composite,PreciseTech,Sweden,14.87,0.222,14,34,17,low,6,0.156,12637,12,73.7,yes,2024-07-23
P04739,Press,Sensor,Ceramic,Activa Parts,Finland,93.71,0.213,9,40,18,low,3,0.156,2685,12,111.4,no,2024-06-12
P04740,Packaging,Pump,Ceramic,PreciseTech,Finland,870.8,12.801,29,24,20,medium,4,0.203,9342,7,144.9,yes,2025-01-22
P04741,CNC-Mill,Sensor,Stainless Steel,SensorWorks,Netherlands,109.4,0.165,7,4,2,high,3,0.28,5049,5,79.0,yes,2023-11-01
P04742,Conveyor,Controller,Brass,PreciseTech,Sweden,1939.03,1.244,10,17,31,medium,4,0.115,14467,1,74.9,yes,2023-08-12
P04743,Packaging,Gear,Polymer,FlowCore,Sweden,171.23,1.747,19,25,14,medium,8,0.141,10252,9,95.7,yes,2025-02-27
P04744,Press,Gear,Brass,FlowCore,Czech Republic,137.08,1.629,9,43,19,high,3,0.181,10833,5,103.6,no,2023-05-30
P04745,Packaging,Bearing,Stainless Steel,PreciseTech,Poland,134.09,0.781,9,44,14,high,10,0.256,6553,11,133.9,no,2023-09-13
P04746,Conveyor,Pump,Composite,EuroMech,Czech Republic,252.28,14.265,15,32,29,high,7,0.09,8433,8,106.5,no,2023-10-28
P04747,CNC-Mill,Gear,Brass,EuroMech,Italy,123.59,2.065,10,17,13,medium,3,0.484,9258,8,127.1,yes,2024-12-13
P04748,CNC-Mill,Motor,Composite,Activa Parts,Germany,499.1,7.062,7,41,13,low,3,0.196,13627,7,104.8,yes,2023-07-17
P04749,Press,Controller,Ceramic,Activa Parts,Germany,414.9,1.127,9,43,20,medium,8,0.09,10630,3,100.0,yes,2024-09-09
P04750,Lathe,Bearing,Polymer,EuroMech,Poland,30.85,1.128,9,29,26,medium,3,0.354,5924,6,120.5,yes,2025-01-04
P04751,Packaging,Valve,Stainless Steel,MotionHub,Germany,216.11,1.913,23,37,21,medium,6,0.293,10164,8,143.9,yes,2024-12-02
P04752,Packaging,Filter,Steel,FlowCore,Italy,48.14,0.299,18,65,24,high,3,0.115,7936,16,107.3,yes,2025-01-30
P04753,Conveyor,Controller,Composite,EuroMech,Finland,2298.18,1.133,21,2,29,medium,10,0.145,10371,7,45.0,yes,2023-06-02
P04754,Conveyor,Sensor,Composite,Activa Parts,Netherlands,182.08,0.334,13,26,7,low,3,0.194,8686,9,90.4,yes,2024-09-03
P04755,CNC-Mill,Motor,Steel,EuroMech,Germany,471.41,14.04,30,12,11,critical,5,0.051,12813,9,91.4,yes,2023-01-07
P04756,CNC-Mill,Gear,Steel,SensorWorks,Poland,123.82,1.153,16,13,20,medium,4,0.293,9635,9,114.1,yes,2024-04-30
P04757,Lathe,Sensor,Brass,FlowCore,Finland,128.35,0.368,15,37,22,low,4,0.149,4910,9,84.3,yes,2023-07-09
P04758,Conveyor,Filter,Ceramic,SensorWorks,Netherlands,31.47,0.201,13,28,18,high,4,0.15,9066,13,98.1,no,2024-05-17
P04759,Packaging,Seal,Polymer,SensorWorks,Germany,17.85,0.033,17,23,22,medium,8,0.67,2790,9,92.9,no,2023-01-07
P04760,Conveyor,Filter,Aluminum,EuroMech,Sweden,27.34,0.147,16,19,20,low,4,0.426,5972,10,96.2,yes,2023-09-12
P04761,Packaging,Valve,Composite,MotionHub,Poland,206.58,1.532,19,12,22,high,7,0.351,12716,8,121.3,yes,2025-02-01
P04762,CNC-Mill,Sensor,Stainless Steel,PreciseTech,Germany,78.14,0.179,10,16,0,medium,8,0.452,6422,8,114.0,yes,2023-05-29
P04763,CNC-Mill,Seal,Stainless Steel,FlowCore,Germany,19.66,0.057,7,33,11,medium,5,0.605,1606,9,112.3,yes,2023-03-01
P04764,Lathe,Gear,Brass,Activa Parts,Finland,301.34,0.861,24,16,26,low,1,0.212,10700,1,113.4,yes,2023-05-24
P04765,Conveyor,Filter,Brass,PreciseTech,Poland,83.58,0.297,15,34,12,medium,9,0.261,8236,12,102.1,yes,2023-01-06
P04766,Conveyor,Cable,Aluminum,Activa Parts,Sweden,35.09,0.675,13,15,18,high,5,0.213,6388,18,114.6,no,2024-12-05
P04767,Conveyor,Belt,Stainless Steel,Activa Parts,Sweden,63.17,0.333,17,40,10,low,8,0.413,3566,2,95.0,no,2025-01-25
P04768,Press,Pump,Aluminum,Nordic Motion,Sweden,304.74,8.179,15,30,24,high,2,0.441,10176,11,114.9,yes,2025-03-05
P04769,CNC-Mill,Bearing,Steel,MotionHub,Finland,161.09,0.738,19,38,35,medium,8,0.585,3991,13,156.0,yes,2024-12-23
P04770,Lathe,Cable,Polymer,Activa Parts,Netherlands,12.22,0.5,16,33,21,low,6,0.223,8030,12,142.3,yes,2023-03-30
P04771,CNC-Mill,Cable,Ceramic,EuroMech,Poland,23.68,0.916,19,22,21,medium,6,0.288,11160,16,109.4,no,2023-01-31
P04772,CNC-Mill,Bearing,Stainless Steel,FlowCore,Poland,39.79,0.759,14,19,28,medium,8,0.456,4626,9,142.5,yes,2024-02-25
P04773,Lathe,Controller,Composite,MotionHub,Italy,761.23,0.791,26,18,25,low,4,0.152,17409,8,61.1,yes,2023-09-24
P04774,Packaging,Gear,Composite,MotionHub,Poland,191.82,1.742,11,10,9,low,5,0.172,4897,7,95.4,yes,2023-11-02
P04775,Conveyor,Belt,Steel,FlowCore,Germany,22.4,0.354,12,49,19,high,5,0.222,3112,7,79.3,no,2024-11-17
P04776,Conveyor,Motor,Aluminum,EuroMech,Sweden,197.86,13.904,10,34,28,high,4,0.087,11602,1,115.0,no,2024-04-13
P04777,Packaging,Motor,Stainless Steel,PreciseTech,Sweden,598.45,8.633,21,46,21,medium,1,0.1,11672,2,104.5,yes,2024-05-06
P04778,Conveyor,Tooling,Composite,EuroMech,Finland,75.54,1.988,17,29,23,low,8,0.64,2176,4,110.9,yes,2024-11-01
P04779,Lathe,Motor,Stainless Steel,Nordic Motion,Poland,500.8,11.953,4,41,13,low,5,0.164,14628,1,112.6,yes,2023-08-18
P04780,Assembly,Sensor,Composite,PreciseTech,Sweden,153.58,0.409,18,0,21,medium,6,0.114,7615,8,87.1,no,2023-06-06
P04781,Lathe,Sensor,Stainless Steel,MotionHub,Poland,119.01,0.368,13,34,17,medium,2,0.152,5777,8,72.7,yes,2024-01-03
P04782,Packaging,Motor,Steel,SensorWorks,Netherlands,474.21,8.89,26,24,28,critical,3,0.122,10900,6,104.9,no,2023-02-01
P04783,Packaging,Motor,Polymer,EuroMech,Finland,525.02,11.164,14,32,20,high,7,0.088,15843,6,108.9,no,2023-03-19
P04784,Assembly,Tooling,Stainless Steel,FlowCore,Czech Republic,159.83,2.38,19,15,22,low,9,0.3,2761,12,117.6,no,2024-08-21
P04785,Press,Motor,Polymer,Activa Parts,Netherlands,725.62,13.913,7,46,16,medium,6,0.06,12251,7,108.7,yes,2023-05-18
P04786,CNC-Mill,Valve,Polymer,PreciseTech,Netherlands,227.31,1.077,16,10,17,high,5,0.27,8773,5,117.7,yes,2024-03-17
P04787,Lathe,Gear,Aluminum,PreciseTech,Sweden,160.66,1.081,21,23,23,critical,5,0.159,9051,10,104.9,no,2023-09-21
P04788,Assembly,Motor,Composite,FlowCore,Netherlands,1165.26,16.018,19,0,14,low,2,0.098,8500,6,95.3,yes,2023-12-31
P04789,Press,Filter,Polymer,EuroMech,Finland,36.69,0.197,18,0,25,medium,5,0.172,8216,19,91.3,yes,2024-03-01
P04790,Press,Pump,Steel,PreciseTech,Poland,559.87,8.769,19,17,25,medium,3,0.147,10034,5,96.9,yes,2023-06-15
P04791,Lathe,Sensor,Stainless Steel,EuroMech,Sweden,121.82,0.242,17,31,23,medium,7,0.246,5731,9,83.6,yes,2025-01-05
P04792,Press,Belt,Stainless Steel,EuroMech,Poland,41.0,0.502,17,17,23,medium,6,0.556,3649,10,140.1,no,2024-10-26
P04793,Lathe,Seal,Stainless Steel,EuroMech,Sweden,18.64,0.021,12,0,27,high,6,0.987,2019,6,89.4,no,2024-03-13
P04794,Conveyor,Belt,Steel,EuroMech,Netherlands,49.87,0.285,16,39,14,high,5,0.613,3851,3,116.6,yes,2025-01-19
P04795,Assembly,Cable,Ceramic,MotionHub,Netherlands,16.13,0.612,19,31,18,critical,7,0.151,8386,14,120.3,no,2023-10-03
P04796,Packaging,Belt,Stainless Steel,Activa Parts,Czech Republic,22.9,0.412,17,22,10,medium,5,1.299,2677,6,88.0,yes,2023-03-25
P04797,Packaging,Belt,Aluminum,EuroMech,Germany,38.9,0.405,18,2,28,high,6,0.812,1649,8,110.1,no,2024-05-04
P04798,Packaging,Sensor,Composite,Activa Parts,Czech Republic,178.54,0.247,15,14,17,medium,4,0.215,7224,13,82.9,yes,2024-01-16
P04799,Assembly,Motor,Polymer,Activa Parts,Poland,552.3,9.756,11,48,11,medium,2,0.175,10379,4,102.2,yes,2023-03-27
P04800,Conveyor,Filter,Composite,Nordic Motion,Netherlands,32.36,0.372,13,43,10,medium,10,0.147,8490,18,116.7,no,2025-02-23
P04801,Press,Bearing,Ceramic,PreciseTech,Sweden,108.48,0.635,8,31,19,low,5,0.248,5268,8,151.9,no,2024-10-13
P04802,Lathe,Motor,Polymer,Activa Parts,Sweden,587.12,23.55,12,47,19,high,6,0.096,12892,1,102.0,yes,2023-04-10
P04803,CNC-Mill,Seal,Brass,MotionHub,Netherlands,10.62,0.04,13,28,16,medium,8,0.409,1737,8,124.7,yes,2023-04-12
P04804,Lathe,Sensor,Composite,Nordic Motion,Poland,199.23,0.181,23,16,22,high,6,0.346,5297,5,93.5,no,2024-07-01
P04805,Packaging,Cable,Aluminum,Nordic Motion,Finland,29.55,0.631,18,60,24,low,6,0.212,9241,21,114.0,yes,2023-04-22
P04806,Press,Pump,Polymer,SensorWorks,Sweden,543.72,6.037,14,28,15,medium,8,0.319,7781,5,138.4,no,2023-12-28
P04807,Packaging,Belt,Composite,PreciseTech,Germany,45.65,0.48,26,25,21,critical,10,0.426,4047,7,103.4,yes,2023-10-06
P04808,Packaging,Bearing,Stainless Steel,EuroMech,Finland,84.46,0.73,16,22,21,medium,5,0.253,5748,11,134.6,yes,2024-03-10
P04809,Assembly,Valve,Polymer,MotionHub,Poland,197.04,1.206,22,29,16,critical,6,0.156,8108,8,128.9,yes,2024-01-14
P04810,Lathe,Bearing,Composite,PreciseTech,Italy,104.16,0.799,24,51,26,medium,5,0.488,4340,16,125.4,yes,2024-10-07
P04811,CNC-Mill,Cable,Steel,SensorWorks,Poland,17.38,0.396,9,34,14,high,3,0.191,9129,11,112.3,yes,2023-02-14
P04812,Conveyor,Valve,Steel,EuroMech,Germany,108.8,2.162,11,20,16,medium,5,0.131,14703,6,112.3,no,2024-07-04
P04813,Lathe,Motor,Composite,FlowCore,Finland,249.47,7.431,6,57,17,medium,5,0.207,15141,7,111.0,no,2023-01-10
P04814,Press,Belt,Aluminum,SensorWorks,Finland,83.2,0.446,15,15,14,high,7,0.591,3917,5,123.7,yes,2023-05-15
P04815,Press,Controller,Ceramic,MotionHub,Sweden,1406.96,1.228,17,18,25,low,3,0.093,17678,6,79.0,yes,2025-03-06
P04816,CNC-Mill,Bearing,Composite,SensorWorks,Finland,120.72,0.693,10,42,27,low,6,0.16,3343,12,127.1,yes,2024-05-21
P04817,CNC-Mill,Valve,Stainless Steel,Activa Parts,Sweden,149.82,1.105,19,33,17,high,5,0.116,7625,8,128.1,yes,2023-04-10
P04818,CNC-Mill,Cable,Polymer,EuroMech,Czech Republic,51.87,0.458,18,4,16,high,5,0.325,5725,13,114.8,yes,2025-02-17
P04819,Conveyor,Gear,Ceramic,Activa Parts,Germany,121.45,1.215,10,41,10,low,7,0.115,3548,8,115.3,no,2024-06-25
P04820,Lathe,Cable,Polymer,SensorWorks,Sweden,25.95,0.881,13,34,10,medium,2,0.28,3501,14,119.5,no,2024-08-24
P04821,Conveyor,Seal,Polymer,Nordic Motion,Sweden,13.89,0.042,18,23,24,medium,9,1.272,2855,7,133.2,yes,2023-03-14
P04822,Lathe,Seal,Polymer,EuroMech,Germany,15.02,0.029,13,20,10,low,9,1.446,1840,9,102.2,yes,2023-10-17
P04823,Press,Cable,Ceramic,SensorWorks,Germany,22.22,1.664,14,13,14,critical,4,0.265,6775,19,121.9,no,2024-08-14
P04824,Press,Controller,Composite,Activa Parts,Finland,1062.54,1.024,13,37,16,low,4,0.094,16654,2,60.2,no,2023-05-14
P04825,Conveyor,Sensor,Ceramic,PreciseTech,Finland,73.87,0.131,5,27,8,low,9,0.235,6448,6,121.9,no,2025-02-19
P04826,Press,Bearing,Stainless Steel,PreciseTech,Germany,98.4,0.949,16,8,27,low,8,0.221,5848,12,127.3,yes,2024-06-09
P04827,Lathe,Valve,Steel,Nordic Motion,Poland,191.43,1.294,15,37,24,medium,7,0.128,9451,3,113.5,no,2024-09-21
P04828,Lathe,Bearing,Stainless Steel,EuroMech,Sweden,107.84,1.667,19,4,29,medium,9,0.263,4819,9,128.7,no,2023-04-20
P04829,Lathe,Bearing,Composite,SensorWorks,Czech Republic,46.58,0.959,9,11,18,medium,7,0.34,3794,8,127.5,no,2024-02-23
P04830,Packaging,Pump,Stainless Steel,EuroMech,Netherlands,345.05,9.821,14,7,22,low,3,0.265,9678,10,87.2,yes,2024-02-12
P04831,CNC-Mill,Pump,Brass,SensorWorks,Czech Republic,540.2,8.081,18,1,18,medium,7,0.226,9525,11,117.5,yes,2024-11-09
P04832,Press,Pump,Composite,Activa Parts,Netherlands,432.87,9.849,21,0,22,high,4,0.17,9248,5,106.8,yes,2024-09-07
P04833,Assembly,Pump,Polymer,FlowCore,Czech Republic,314.78,12.513,13,39,23,medium,6,0.21,10421,5,125.1,yes,2024-05-18
P04834,Packaging,Motor,Steel,Nordic Motion,Poland,648.78,16.819,22,12,16,medium,3,0.168,9415,2,95.7,yes,2023-07-15
P04835,Press,Valve,Ceramic,Nordic Motion,Czech Republic,202.59,1.848,16,42,29,high,6,0.216,10239,3,140.2,yes,2023-03-31
P04836,Assembly,Pump,Aluminum,EuroMech,Italy,407.9,10.026,13,45,11,medium,6,0.248,9092,6,105.8,yes,2024-12-02
P04837,Packaging,Controller,Composite,EuroMech,Netherlands,1105.83,0.846,8,28,21,medium,8,0.059,16844,1,70.6,yes,2025-01-22
P04838,CNC-Mill,Motor,Steel,EuroMech,Poland,721.8,9.283,14,33,27,medium,3,0.137,9913,3,95.9,no,2023-11-01
P04839,Packaging,Sensor,Brass,SensorWorks,Germany,77.26,0.124,14,37,10,low,5,0.163,6201,9,94.0,yes,2023-12-06
P04840,Conveyor,Valve,Brass,Activa Parts,Sweden,96.58,2.047,22,24,10,high,9,0.206,4910,8,137.1,yes,2023-10-22
P04841,Conveyor,Gear,Polymer,FlowCore,Czech Republic,227.51,1.921,27,28,20,critical,5,0.182,7174,9,128.3,no,2023-11-24
P04842,Packaging,Gear,Ceramic,SensorWorks,Poland,390.29,2.598,26,14,29,low,6,0.229,5620,3,123.8,yes,2025-01-09
P04843,CNC-Mill,Filter,Brass,EuroMech,Italy,19.9,0.466,10,41,11,medium,6,0.368,7767,13,93.7,no,2024-06-09
P04844,Lathe,Seal,Composite,PreciseTech,Finland,10.49,0.057,19,36,28,low,9,0.712,1846,4,107.1,no,2025-01-25
P04845,Packaging,Filter,Brass,SensorWorks,Sweden,25.18,0.239,15,39,19,high,7,0.125,8316,13,104.8,yes,2024-12-12
P04846,Packaging,Valve,Aluminum,EuroMech,Sweden,185.52,1.863,17,31,24,low,3,0.185,5151,5,134.1,yes,2024-01-09
P04847,Conveyor,Motor,Composite,Nordic Motion,Sweden,1038.05,8.098,23,19,12,low,6,0.056,15658,1,111.7,no,2023-10-06
P04848,Lathe,Filter,Composite,Nordic Motion,Poland,29.57,0.429,12,16,12,medium,4,0.145,5462,13,88.5,yes,2023-12-18
P04849,Press,Controller,Polymer,MotionHub,Netherlands,1053.97,1.46,20,3,15,low,7,0.288,18327,3,57.3,no,2023-09-12
P04850,Conveyor,Tooling,Aluminum,FlowCore,Netherlands,96.08,1.804,18,22,11,low,7,0.289,2160,7,101.3,yes,2023-01-31
P04851,Conveyor,Valve,Brass,EuroMech,Finland,203.02,2.325,17,42,8,low,4,0.194,9444,12,138.2,yes,2023-03-09
P04852,Assembly,Valve,Composite,MotionHub,Czech Republic,300.21,1.674,10,22,19,high,4,0.211,9681,4,136.0,no,2023-12-06
P04853,Lathe,Pump,Ceramic,MotionHub,Netherlands,797.09,5.044,18,26,15,low,3,0.115,9285,9,119.9,no,2023-07-14
P04854,CNC-Mill,Sensor,Composite,EuroMech,Czech Republic,106.42,0.28,12,54,1,medium,6,0.186,4242,9,85.6,no,2024-05-23
P04855,Lathe,Belt,Stainless Steel,EuroMech,Germany,42.46,0.201,14,0,22,low,6,0.204,3175,10,87.6,yes,2024-03-17
P04856,Press,Controller,Steel,Activa Parts,Netherlands,674.77,2.083,17,34,23,medium,7,0.197,16065,2,83.8,yes,2023-03-20
P04857,Assembly,Belt,Aluminum,PreciseTech,Sweden,71.15,0.658,15,12,20,low,9,0.309,3108,5,91.4,yes,2024-05-29
P04858,Assembly,Bearing,Stainless Steel,EuroMech,Finland,66.79,0.557,8,32,16,medium,8,0.465,4439,13,164.7,yes,2023-05-25
P04859,Lathe,Seal,Stainless Steel,PreciseTech,Poland,32.2,0.053,19,1,27,medium,9,0.567,2193,4,116.2,no,2024-05-14
P04860,Lathe,Cable,Steel,MotionHub,Netherlands,10.48,1.246,11,34,17,medium,2,0.218,5809,16,96.2,yes,2024-02-09
P04861,Assembly,Sensor,Steel,Activa Parts,Germany,86.42,0.174,12,24,23,low,7,0.343,6949,7,76.4,yes,2024-03-26
P04862,Lathe,Sensor,Steel,EuroMech,Netherlands,206.66,0.308,21,39,15,critical,7,0.128,4658,7,82.8,no,2024-11-30
P04863,Packaging,Sensor,Brass,Activa Parts,Poland,148.61,0.386,13,41,8,medium,3,0.222,6070,12,92.6,yes,2024-01-02
P04864,Lathe,Bearing,Steel,Nordic Motion,Netherlands,119.69,0.761,23,32,17,high,8,0.164,5015,11,170.3,yes,2023-02-01
P04865,Conveyor,Seal,Stainless Steel,PreciseTech,Italy,21.6,0.051,16,38,18,medium,8,0.407,2369,5,128.5,yes,2024-04-11
P04866,Lathe,Filter,Brass,EuroMech,Germany,25.52,0.297,13,33,12,medium,2,0.227,5906,15,82.2,yes,2023-12-16
P04867,Packaging,Gear,Brass,FlowCore,Germany,182.58,2.183,6,40,8,low,3,0.061,7466,3,84.8,no,2023-04-18
P04868,CNC-Mill,Valve,Composite,MotionHub,Italy,174.4,1.816,18,16,24,medium,5,0.174,12417,5,125.6,yes,2024-07-16
P04869,Packaging,Bearing,Aluminum,SensorWorks,Czech Republic,77.8,1.374,20,11,27,medium,8,0.27,6304,16,135.7,yes,2024-12-03
P04870,Assembly,Seal,Stainless Steel,EuroMech,Netherlands,17.99,0.038,23,16,20,low,7,0.427,2719,11,135.5,yes,2024-01-11
P04871,Press,Filter,Brass,Activa Parts,Netherlands,40.43,0.232,20,1,18,critical,5,0.134,5657,13,82.2,yes,2024-07-02
P04872,Packaging,Valve,Composite,PreciseTech,Germany,407.85,1.36,22,0,31,medium,5,0.381,9019,2,130.0,yes,2023-08-10
P04873,Packaging,Belt,Steel,PreciseTech,Germany,18.28,0.344,30,40,35,medium,7,0.692,2475,9,114.3,yes,2024-12-12
P04874,Assembly,Controller,Ceramic,PreciseTech,Finland,591.01,1.201,14,19,13,high,3,0.186,16804,1,115.8,yes,2023-01-08
P04875,Conveyor,Bearing,Composite,SensorWorks,Czech Republic,89.55,1.16,22,36,20,low,6,0.362,5725,11,138.9,yes,2024-11-18
P04876,CNC-Mill,Motor,Stainless Steel,FlowCore,Sweden,688.75,7.099,15,1,0,low,6,0.084,9287,3,110.3,yes,2023-05-16
P04877,CNC-Mill,Pump,Composite,FlowCore,Sweden,353.74,4.936,11,21,14,medium,4,0.26,8950,8,99.4,yes,2023-06-04
P04878,Assembly,Tooling,Brass,SensorWorks,Germany,107.66,3.118,16,51,19,medium,10,0.339,2667,7,100.9,no,2024-03-14
P04879,Conveyor,Cable,Brass,Activa Parts,Czech Republic,23.15,0.911,9,31,7,high,7,0.162,7736,15,97.9,yes,2024-03-18
P04880,CNC-Mill,Bearing,Steel,MotionHub,Italy,106.53,0.498,15,23,17,medium,5,0.343,5409,12,139.1,no,2024-07-24
P04881,Lathe,Motor,Ceramic,PreciseTech,Czech Republic,599.13,9.814,21,0,18,high,5,0.206,10495,5,143.4,no,2024-02-15
P04882,Press,Gear,Composite,Activa Parts,Czech Republic,284.88,1.741,21,12,21,low,6,0.177,6484,5,109.9,no,2024-10-06
P04883,Assembly,Gear,Ceramic,PreciseTech,Poland,184.49,1.427,6,1,20,medium,2,0.298,8840,6,140.7,no,2023-06-13
P04884,Conveyor,Seal,Brass,Activa Parts,Sweden,18.73,0.023,11,35,17,high,10,0.629,2671,9,113.5,yes,2025-01-10
P04885,Lathe,Cable,Stainless Steel,MotionHub,Netherlands,36.98,0.879,15,56,20,high,3,0.148,7625,16,91.7,no,2023-09-07
P04886,Press,Valve,Composite,PreciseTech,Poland,212.12,1.803,21,0,22,medium,4,0.127,8660,7,102.7,yes,2024-04-08
P04887,Conveyor,Gear,Steel,MotionHub,Poland,142.95,1.453,11,9,22,high,3,0.123,7781,7,111.6,no,2023-11-04
P04888,CNC-Mill,Bearing,Stainless Steel,Activa Parts,Germany,115.1,0.524,22,17,30,high,9,0.42,4298,13,128.1,yes,2024-07-03
P04889,Press,Tooling,Composite,Activa Parts,Finland,80.5,2.232,16,0,18,medium,8,0.464,2924,8,124.2,yes,2024-01-31
P04890,Press,Bearing,Brass,EuroMech,Poland,55.68,0.619,24,22,17,low,9,0.383,7614,3,146.4,no,2024-10-31
P04891,Lathe,Pump,Aluminum,PreciseTech,Czech Republic,341.24,6.781,13,53,12,high,2,0.202,7995,7,109.4,yes,2024-07-21
P04892,Lathe,Tooling,Stainless Steel,Nordic Motion,Poland,76.63,1.548,15,53,14,medium,10,0.206,3114,5,127.4,no,2023-07-30
P04893,Conveyor,Tooling,Steel,SensorWorks,Netherlands,258.84,2.571,21,38,35,low,8,0.501,2271,7,118.7,yes,2023-01-31
P04894,CNC-Mill,Bearing,Composite,MotionHub,Sweden,151.84,0.497,19,18,23,medium,5,0.293,4797,6,125.0,yes,2023-08-26
P04895,Assembly,Belt,Aluminum,EuroMech,Czech Republic,59.45,0.496,10,31,16,low,9,0.278,2569,4,96.1,yes,2025-02-14
P04896,Lathe,Motor,Composite,PreciseTech,Finland,822.97,14.739,19,40,14,high,6,0.055,9614,9,104.0,yes,2024-09-10
P04897,Conveyor,Bearing,Stainless Steel,PreciseTech,Italy,104.37,0.727,25,25,25,critical,8,0.208,4373,6,140.1,yes,2024-07-05
P04898,Press,Seal,Composite,FlowCore,Czech Republic,15.76,0.042,23,7,30,critical,7,0.296,1766,6,135.8,yes,2024-04-15
P04899,Packaging,Cable,Polymer,SensorWorks,Netherlands,33.85,0.702,22,11,22,low,5,0.222,4984,16,101.3,yes,2024-07-29
P04900,Conveyor,Tooling,Brass,MotionHub,Italy,184.61,1.571,33,11,31,critical,8,0.564,3819,10,120.3,yes,2025-01-14
P04901,Lathe,Filter,Stainless Steel,MotionHub,Netherlands,38.83,0.237,15,23,17,low,5,0.304,6990,13,77.8,yes,2023-10-29
P04902,Assembly,Tooling,Polymer,Activa Parts,Sweden,192.51,1.766,12,54,12,medium,9,0.366,2638,4,116.3,yes,2023-05-17
P04903,Packaging,Cable,Brass,Activa Parts,Germany,20.79,0.769,16,37,15,medium,3,0.392,10531,23,117.8,yes,2023-05-18
P04904,CNC-Mill,Filter,Brass,PreciseTech,Poland,36.78,0.283,14,39,19,medium,4,0.551,7964,16,85.5,no,2024-01-21
P04905,CNC-Mill,Gear,Composite,PreciseTech,Czech Republic,134.95,1.549,17,34,7,low,6,0.175,7947,5,105.8,yes,2024-11-21
P04906,Lathe,Cable,Stainless Steel,FlowCore,Germany,32.86,0.426,6,38,12,medium,4,0.086,7348,16,124.9,yes,2024-02-13
P04907,Lathe,Valve,Composite,MotionHub,Netherlands,315.66,2.079,22,25,25,low,7,0.272,6741,2,133.4,yes,2024-11-18
P04908,Conveyor,Sensor,Steel,SensorWorks,Finland,83.9,0.244,20,34,24,critical,5,0.164,5542,5,93.1,yes,2024-07-16
P04909,Press,Bearing,Brass,Activa Parts,Germany,46.92,1.078,12,39,20,high,5,0.18,3920,8,138.1,yes,2023-12-15
P04910,Lathe,Gear,Stainless Steel,SensorWorks,Germany,74.59,1.775,31,10,27,critical,6,0.655,7956,6,99.7,no,2023-02-20
P04911,Conveyor,Valve,Brass,Activa Parts,Germany,143.04,1.268,9,33,16,low,4,0.066,10239,8,120.4,yes,2023-12-06
P04912,Lathe,Cable,Aluminum,Activa Parts,Netherlands,30.04,0.734,16,14,17,high,6,0.204,7638,16,115.3,yes,2025-01-31
P04913,Assembly,Belt,Steel,PreciseTech,Finland,64.92,0.463,16,34,16,medium,6,0.32,3096,4,118.6,no,2024-08-30
P04914,Assembly,Filter,Stainless Steel,SensorWorks,Czech Republic,49.59,0.267,15,22,6,medium,4,0.09,9516,12,92.7,no,2023-09-25
P04915,Press,Controller,Steel,SensorWorks,Finland,1266.71,0.959,19,0,20,medium,5,0.069,18471,4,62.3,yes,2024-11-19
P04916,Lathe,Filter,Steel,PreciseTech,Germany,23.16,0.307,8,11,11,low,4,0.153,3926,14,92.4,no,2024-10-25
P04917,Assembly,Controller,Polymer,Nordic Motion,Italy,509.38,0.993,11,49,20,medium,6,0.147,14267,3,70.6,yes,2024-08-17
P04918,CNC-Mill,Filter,Brass,Activa Parts,Poland,13.34,0.56,12,56,7,medium,5,0.154,5513,6,89.4,yes,2024-02-16
P04919,CNC-Mill,Bearing,Ceramic,EuroMech,Germany,116.11,0.992,18,33,19,medium,6,0.436,3618,11,162.2,yes,2023-04-07
P04920,Assembly,Sensor,Polymer,Activa Parts,Finland,154.85,0.294,21,4,13,high,7,0.302,5319,7,96.1,yes,2024-09-18
P04921,Press,Gear,Steel,FlowCore,Poland,191.36,1.479,22,24,22,high,5,0.163,8768,5,103.9,yes,2024-08-13
P04922,Packaging,Filter,Brass,MotionHub,Finland,36.3,0.327,19,6,25,high,7,0.162,8384,10,70.8,no,2024-10-01
P04923,Assembly,Filter,Ceramic,EuroMech,Sweden,21.81,0.42,11,38,25,low,6,0.098,3101,16,116.2,yes,2024-04-13
P04924,Assembly,Cable,Polymer,FlowCore,Germany,12.01,0.456,14,40,21,low,8,0.388,9277,21,109.4,yes,2025-02-18
P04925,CNC-Mill,Controller,Composite,PreciseTech,Germany,806.86,2.118,25,22,30,critical,5,0.098,15244,2,53.5,yes,2024-05-24
P04926,Lathe,Belt,Brass,EuroMech,Italy,34.91,0.214,11,29,14,medium,9,0.301,3539,7,142.3,yes,2023-12-28
P04927,Conveyor,Valve,Ceramic,Nordic Motion,Netherlands,76.99,1.748,14,3,18,high,6,0.181,8599,7,136.9,no,2023-01-17
P04928,Conveyor,Gear,Ceramic,Activa Parts,Sweden,157.18,2.008,7,24,21,medium,4,0.242,6068,5,151.1,yes,2023-05-04
P04929,CNC-Mill,Filter,Steel,Nordic Motion,Finland,51.37,0.315,23,20,23,high,6,0.402,11733,17,88.2,yes,2025-01-18
P04930,CNC-Mill,Bearing,Polymer,SensorWorks,Sweden,98.53,0.702,15,30,15,medium,4,0.148,5164,13,143.3,yes,2024-03-06
P04931,Lathe,Bearing,Polymer,FlowCore,Germany,97.65,0.957,12,16,15,low,7,0.507,4580,14,151.9,no,2023-04-17
P04932,Packaging,Bearing,Composite,Nordic Motion,Czech Republic,82.76,0.879,8,49,16,low,4,0.42,4798,11,141.9,yes,2023-03-14
P04933,Packaging,Valve,Polymer,Nordic Motion,Netherlands,229.46,2.111,10,48,20,medium,3,0.148,8420,2,131.4,no,2023-03-29
P04934,CNC-Mill,Sensor,Steel,PreciseTech,Sweden,144.59,0.239,14,40,26,medium,3,0.211,6290,9,95.5,yes,2024-04-08
P04935,Packaging,Sensor,Ceramic,EuroMech,Germany,87.14,0.299,15,56,17,low,5,0.081,7416,5,96.8,yes,2024-05-03
P04936,Packaging,Filter,Polymer,MotionHub,Netherlands,33.9,0.266,18,24,8,low,5,0.237,8079,15,91.7,yes,2024-09-12
P04937,CNC-Mill,Filter,Steel,Nordic Motion,Poland,17.51,0.236,12,30,10,medium,5,0.168,7657,15,88.0,yes,2024-09-09
P04938,Conveyor,Cable,Polymer,Nordic Motion,Italy,20.09,0.678,15,20,19,critical,6,0.464,10031,20,84.3,yes,2025-01-13
P04939,Packaging,Valve,Stainless Steel,Nordic Motion,Germany,247.95,1.106,17,15,19,medium,6,0.093,12445,6,123.8,yes,2024-07-17
P04940,Assembly,Controller,Aluminum,PreciseTech,Germany,816.31,1.373,22,0,9,medium,7,0.115,18307,4,46.3,yes,2023-07-14
P04941,Assembly,Pump,Steel,PreciseTech,Poland,1050.68,6.765,27,0,20,medium,2,0.138,9475,7,116.4,yes,2023-03-21
P04942,Press,Sensor,Composite,SensorWorks,Poland,112.57,0.43,10,26,10,high,2,0.217,7633,6,71.6,yes,2024-11-01
P04943,Packaging,Seal,Stainless Steel,EuroMech,Sweden,22.17,0.05,17,42,22,low,10,0.662,2333,5,90.8,yes,2024-06-29
P04944,Assembly,Seal,Brass,Nordic Motion,Sweden,31.78,0.051,18,14,25,critical,10,0.73,2861,3,131.0,no,2023-05-17
P04945,CNC-Mill,Belt,Steel,PreciseTech,Netherlands,51.29,0.325,9,33,26,low,7,0.353,2137,6,102.7,yes,2023-08-10
P04946,Assembly,Valve,Brass,FlowCore,Italy,198.29,0.985,1,16,12,medium,5,0.135,11633,6,120.3,yes,2023-07-02
P04947,Assembly,Controller,Brass,EuroMech,Netherlands,466.5,1.225,2,37,0,high,5,0.096,18504,2,48.7,yes,2025-01-16
P04948,Lathe,Valve,Ceramic,Nordic Motion,Netherlands,232.93,1.134,19,14,20,high,4,0.12,10375,7,143.5,no,2023-12-16
P04949,Lathe,Cable,Polymer,MotionHub,Germany,24.01,0.816,20,0,21,medium,6,0.177,5261,22,112.9,yes,2023-11-04
P04950,Packaging,Sensor,Aluminum,MotionHub,Poland,182.58,0.334,16,12,10,medium,4,0.089,7105,12,71.5,yes,2023-05-08
P04951,Press,Tooling,Aluminum,Nordic Motion,Netherlands,107.01,1.84,12,0,21,low,8,0.229,3224,9,106.6,no,2024-05-28
P04952,Press,Pump,Composite,Activa Parts,Sweden,347.2,9.631,27,25,5,high,5,0.113,11447,7,100.7,yes,2024-02-23
P04953,CNC-Mill,Pump,Aluminum,EuroMech,Netherlands,285.16,7.619,11,29,27,high,3,0.301,9353,3,133.5,yes,2023-03-11
P04954,CNC-Mill,Controller,Ceramic,Activa Parts,Finland,1780.75,1.369,30,0,32,critical,5,0.107,14289,2,84.0,yes,2024-08-03
P04955,Packaging,Bearing,Stainless Steel,Activa Parts,Germany,80.09,0.863,16,37,9,critical,6,0.344,4799,15,141.9,yes,2023-06-05
P04956,Press,Seal,Steel,Activa Parts,Germany,14.47,0.046,10,46,21,medium,10,0.478,2016,4,110.0,no,2023-06-21
P04957,Assembly,Pump,Steel,FlowCore,Sweden,575.41,9.014,18,24,24,high,3,0.178,8201,6,113.7,yes,2024-09-12
P04958,Conveyor,Sensor,Aluminum,SensorWorks,Czech Republic,150.91,0.234,15,15,26,low,6,0.374,6839,2,96.0,yes,2024-01-13
P04959,Assembly,Bearing,Stainless Steel,FlowCore,Netherlands,114.24,0.717,14,22,26,critical,5,0.384,5043,6,114.1,yes,2023-05-15
P04960,CNC-Mill,Pump,Ceramic,PreciseTech,Sweden,224.28,9.312,10,28,23,low,9,0.1,6611,6,129.1,yes,2023-01-12
P04961,Lathe,Pump,Stainless Steel,Nordic Motion,Finland,462.44,8.876,8,26,12,medium,8,0.225,8128,6,104.1,yes,2024-10-20
P04962,Packaging,Gear,Steel,Nordic Motion,Sweden,220.95,1.399,19,39,10,low,2,0.149,9091,4,111.5,no,2024-08-24
P04963,Conveyor,Sensor,Polymer,MotionHub,Finland,148.51,0.196,12,17,19,low,8,0.179,6466,9,91.8,yes,2023-10-03
P04964,Assembly,Pump,Stainless Steel,FlowCore,Italy,444.39,6.768,3,11,8,medium,4,0.189,7847,5,106.6,yes,2023-07-06
P04965,Press,Seal,Polymer,SensorWorks,Poland,11.52,0.041,10,42,11,high,10,0.624,1986,8,122.1,yes,2023-09-02
P04966,Press,Sensor,Polymer,PreciseTech,Czech Republic,327.17,0.232,22,25,19,high,5,0.131,6098,9,91.4,yes,2023-11-05
P04967,Lathe,Cable,Steel,PreciseTech,Poland,7.28,0.714,15,1,21,medium,4,0.142,5999,20,110.8,yes,2023-02-08
P04968,Press,Controller,Stainless Steel,Nordic Motion,Czech Republic,911.98,1.53,22,0,28,low,1,0.088,10162,9,46.2,yes,2024-08-04
P04969,CNC-Mill,Tooling,Aluminum,Activa Parts,Sweden,166.4,1.363,24,14,18,critical,10,0.77,2410,6,101.0,yes,2023-03-14
P04970,Assembly,Bearing,Polymer,MotionHub,Sweden,47.19,0.732,13,17,15,low,6,0.374,4734,12,145.4,yes,2025-01-05
P04971,CNC-Mill,Pump,Composite,PreciseTech,Czech Republic,548.09,12.51,13,15,15,medium,9,0.185,6394,8,108.9,yes,2024-03-02
P04972,CNC-Mill,Filter,Polymer,PreciseTech,Netherlands,30.45,0.155,19,7,26,low,7,0.165,6253,17,97.5,yes,2024-04-02
P04973,Conveyor,Valve,Stainless Steel,EuroMech,Italy,144.28,1.801,10,40,23,medium,7,0.217,11423,7,131.4,no,2024-05-04
P04974,Press,Bearing,Composite,Activa Parts,Sweden,35.52,0.385,15,18,24,medium,10,0.177,6783,7,141.1,yes,2023-08-21
P04975,Packaging,Belt,Composite,Activa Parts,Germany,39.53,0.277,20,12,26,low,8,0.226,3628,9,110.2,yes,2024-07-17
P04976,Lathe,Cable,Brass,MotionHub,Finland,16.75,0.582,23,22,15,critical,5,0.179,6731,22,111.5,no,2023-11-07
P04977,Packaging,Sensor,Aluminum,Nordic Motion,Poland,58.52,0.247,14,29,8,medium,5,0.105,6921,11,94.9,yes,2024-07-15
P04978,Press,Motor,Ceramic,Activa Parts,Poland,547.21,10.104,12,10,7,medium,6,0.309,11497,1,120.3,yes,2023-02-03
P04979,Packaging,Belt,Aluminum,Nordic Motion,Italy,40.18,0.508,15,13,7,high,7,0.663,3092,12,111.1,no,2023-09-26
P04980,Assembly,Controller,Aluminum,Activa Parts,Netherlands,1004.22,0.924,17,23,22,high,6,0.101,17432,3,70.4,yes,2023-01-17
P04981,Packaging,Valve,Aluminum,PreciseTech,Netherlands,288.46,1.273,23,24,28,medium,5,0.265,8725,7,143.8,yes,2025-02-10
P04982,Packaging,Valve,Stainless Steel,Nordic Motion,Italy,217.38,1.141,17,29,15,medium,5,0.163,10215,5,122.0,yes,2023-06-21
P04983,CNC-Mill,Sensor,Aluminum,Activa Parts,Italy,185.61,0.181,22,15,28,low,4,0.151,5978,8,86.4,no,2023-12-31
P04984,Lathe,Bearing,Aluminum,FlowCore,Sweden,94.74,1.021,22,17,22,low,6,0.345,5902,10,121.2,yes,2024-06-25
P04985,Lathe,Gear,Stainless Steel,EuroMech,Germany,72.64,2.142,5,40,19,high,5,0.404,9235,1,133.4,yes,2023-07-09
P04986,Press,Tooling,Composite,PreciseTech,Italy,117.29,1.413,23,22,28,medium,7,0.587,3131,5,106.9,no,2023-05-18
P04987,Lathe,Belt,Brass,Nordic Motion,Czech Republic,37.62,0.29,11,47,7,high,8,0.485,3819,1,114.4,yes,2024-01-18
P04988,Lathe,Tooling,Ceramic,SensorWorks,Finland,124.79,2.085,9,20,16,high,6,0.403,3153,8,144.4,yes,2023-03-10
P04989,Assembly,Valve,Stainless Steel,SensorWorks,Finland,162.84,1.635,13,15,15,low,7,0.202,12955,7,137.8,yes,2024-07-18
P04990,Assembly,Filter,Brass,Nordic Motion,Netherlands,27.74,0.388,14,33,16,high,6,0.394,7376,11,82.2,yes,2023-07-29
P04991,Lathe,Cable,Stainless Steel,Nordic Motion,Germany,49.41,0.438,22,22,29,critical,3,0.399,8833,18,113.2,no,2025-01-04
P04992,Conveyor,Tooling,Aluminum,FlowCore,Italy,59.22,2.306,20,28,26,critical,9,0.366,2422,12,111.7,yes,2023-04-12
P04993,Packaging,Controller,Steel,Activa Parts,Finland,719.25,0.775,6,28,8,high,4,0.158,15171,5,67.2,yes,2024-02-28
P04994,Assembly,Belt,Polymer,FlowCore,Germany,89.64,0.194,33,0,38,critical,10,0.553,2737,4,114.6,yes,2024-08-01
P04995,Lathe,Valve,Stainless Steel,PreciseTech,Germany,145.89,1.916,13,36,19,high,6,0.213,11734,5,136.5,yes,2023-03-01
P04996,CNC-Mill,Controller,Ceramic,SensorWorks,Netherlands,490.91,1.25,11,29,20,medium,8,0.191,14584,1,57.1,no,2024-10-28
P04997,Packaging,Controller,Steel,PreciseTech,Poland,1046.54,0.885,29,16,26,critical,2,0.113,16386,4,70.4,no,2023-02-17
P04998,Assembly,Valve,Steel,MotionHub,Czech Republic,245.54,2.145,26,28,27,critical,5,0.151,11314,3,109.6,yes,2023-02-28
P04999,Lathe,Bearing,Brass,Activa Parts,Finland,90.68,0.467,16,29,23,low,7,0.183,4332,14,143.3,yes,2024-02-02
P05000,Conveyor,Seal,Steel,Nordic Motion,Poland,28.98,0.038,16,9,18,medium,8,0.307,2656,4,122.3,no,2024-03-29
P05001,Assembly,Filter,Stainless Steel,PreciseTech,Netherlands,55.93,0.35,26,0,20,high,4,0.123,9187,17,83.9,yes,2023-10-16
P05002,Assembly,Cable,Brass,Nordic Motion,Netherlands,44.43,0.351,10,12,9,medium,7,0.094,9694,12,106.2,yes,2024-11-23
P05003,Press,Seal,Aluminum,EuroMech,Italy,11.05,0.051,11,56,26,medium,9,0.488,2175,10,107.6,yes,2023-08-07
P05004,Packaging,Valve,Aluminum,MotionHub,Italy,234.03,1.337,17,19,11,low,4,0.124,7748,8,147.9,no,2024-04-30
P05005,Assembly,Filter,Composite,PreciseTech,Sweden,18.67,0.546,15,25,21,low,4,0.212,5496,15,104.1,yes,2023-05-27
P05006,Assembly,Motor,Composite,FlowCore,Germany,785.9,12.719,5,28,12,medium,5,0.245,17432,9,116.8,yes,2024-06-16
P05007,Press,Filter,Ceramic,EuroMech,Czech Republic,26.4,0.334,17,18,19,low,7,0.166,8252,15,107.2,yes,2023-09-27
P05008,CNC-Mill,Motor,Steel,Nordic Motion,Czech Republic,807.85,8.98,19,20,16,medium,4,0.074,5808,11,115.7,no,2023-11-03
P05009,CNC-Mill,Gear,Composite,PreciseTech,Germany,76.77,1.322,24,23,20,critical,4,0.303,8338,10,82.4,yes,2023-11-02
P05010,Conveyor,Valve,Stainless Steel,Activa Parts,Germany,348.19,1.546,24,29,28,low,5,0.211,11250,10,151.0,no,2023-04-08
P05011,Press,Belt,Composite,EuroMech,Sweden,41.44,0.501,16,27,18,low,9,0.296,3409,13,105.0,yes,2023-12-04
P05012,Conveyor,Gear,Aluminum,SensorWorks,Finland,153.15,1.483,24,0,21,high,5,0.3,7300,1,125.4,yes,2024-05-14
P05013,Conveyor,Cable,Aluminum,MotionHub,Finland,24.25,0.689,15,27,19,medium,6,0.108,6403,20,109.7,yes,2024-04-25
P05014,Press,Valve,Stainless Steel,Nordic Motion,Italy,182.06,1.891,12,24,25,low,4,0.188,9922,3,125.3,yes,2023-01-25
P05015,Lathe,Seal,Ceramic,Activa Parts,Italy,10.83,0.029,17,16,21,medium,7,0.412,2317,7,129.8,yes,2023-07-05
P05016,Press,Sensor,Stainless Steel,SensorWorks,Germany,96.89,0.23,10,29,16,medium,6,0.221,6562,8,78.7,no,2024-10-25
P05017,Assembly,Tooling,Ceramic,Nordic Motion,Germany,237.83,1.584,8,36,13,medium,10,1.109,2912,8,125.4,yes,2024-02-21
P05018,Assembly,Cable,Brass,PreciseTech,Finland,24.92,0.723,15,23,16,medium,4,0.078,7270,18,111.1,yes,2024-07-05
P05019,Assembly,Filter,Steel,SensorWorks,Poland,31.96,0.245,16,43,23,medium,7,0.211,3859,13,106.0,yes,2023-01-05
P05020,Conveyor,Controller,Polymer,FlowCore,Germany,1271.52,0.588,13,17,15,low,8,0.091,15046,2,58.4,yes,2024-08-24
P05021,CNC-Mill,Belt,Brass,SensorWorks,Finland,42.28,0.644,13,51,16,low,10,0.595,2527,9,115.5,yes,2023-10-05
P05022,Lathe,Valve,Steel,SensorWorks,Netherlands,92.89,1.97,2,33,4,medium,7,0.295,7547,3,156.9,no,2025-03-08
P05023,Lathe,Controller,Composite,SensorWorks,Poland,543.25,1.395,15,17,17,low,5,0.092,19793,1,59.6,no,2024-04-14
P05024,Conveyor,Tooling,Steel,SensorWorks,Netherlands,135.63,2.838,14,19,18,high,9,0.905,3311,5,102.8,yes,2023-11-14
P05025,Packaging,Bearing,Brass,PreciseTech,Poland,59.41,1.086,17,0,16,high,4,0.295,5254,15,136.1,no,2024-10-28
P05026,Assembly,Tooling,Ceramic,PreciseTech,Czech Republic,181.02,1.082,13,26,11,medium,9,0.365,3115,9,113.9,yes,2025-03-22
P05027,Press,Sensor,Composite,EuroMech,Italy,92.84,0.262,21,8,25,low,5,0.291,7294,7,108.3,yes,2023-03-28
P05028,Assembly,Tooling,Polymer,PreciseTech,Netherlands,85.89,1.61,15,24,14,low,8,0.335,3482,9,118.3,no,2023-12-18
P05029,Assembly,Filter,Ceramic,FlowCore,Germany,14.02,0.461,10,24,0,low,6,0.4,8471,15,109.4,yes,2025-01-06
P05030,CNC-Mill,Bearing,Ceramic,EuroMech,Germany,102.85,0.527,12,25,18,medium,4,0.48,6184,8,140.4,yes,2025-01-17
P05031,Assembly,Pump,Polymer,Nordic Motion,Czech Republic,312.07,7.746,17,42,23,medium,4,0.215,9067,10,106.4,yes,2023-04-10
P05032,Assembly,Valve,Steel,PreciseTech,Netherlands,127.5,0.929,27,2,29,medium,3,0.271,8640,8,108.2,no,2025-03-04
P05033,Conveyor,Pump,Polymer,PreciseTech,Netherlands,306.79,6.163,15,23,20,low,4,0.113,6899,12,108.3,yes,2024-07-07
P05034,Conveyor,Sensor,Ceramic,MotionHub,Finland,122.08,0.247,10,16,15,low,5,0.272,7850,10,102.6,yes,2023-09-04
P05035,Assembly,Sensor,Aluminum,EuroMech,Italy,75.29,0.199,16,21,20,low,5,0.15,6086,10,86.2,yes,2023-04-15
P05036,Assembly,Belt,Aluminum,FlowCore,Netherlands,69.51,0.213,11,41,1,medium,7,0.467,3432,11,109.2,yes,2023-06-17
P05037,Conveyor,Tooling,Polymer,PreciseTech,Italy,124.76,1.989,10,47,4,high,4,0.301,3098,5,136.7,yes,2024-10-26
P05038,Packaging,Tooling,Polymer,FlowCore,Italy,149.99,2.951,9,0,20,low,7,0.516,2829,4,106.1,no,2023-11-22
P05039,Packaging,Motor,Composite,PreciseTech,Italy,958.57,9.272,17,22,31,medium,7,0.066,15805,5,103.7,no,2024-04-05
P05040,Press,Gear,Stainless Steel,MotionHub,Poland,170.49,3.306,17,7,27,medium,5,0.217,7144,7,113.3,no,2024-09-16
P05041,Packaging,Tooling,Composite,Activa Parts,Poland,298.89,1.174,25,0,20,low,8,0.556,3948,4,132.3,yes,2024-09-14
P05042,Packaging,Motor,Composite,Activa Parts,Germany,458.3,4.698,17,19,17,medium,10,0.134,10686,5,97.9,yes,2023-11-22
P05043,Lathe,Controller,Composite,PreciseTech,Sweden,1397.13,1.607,19,20,25,low,4,0.058,15726,14,45.0,no,2023-01-25
P05044,CNC-Mill,Bearing,Ceramic,MotionHub,Poland,174.9,1.005,12,34,12,high,7,0.534,5100,9,169.8,yes,2023-12-27
P05045,Conveyor,Motor,Polymer,FlowCore,Finland,366.61,8.58,9,49,9,medium,2,0.084,13630,3,105.3,no,2023-07-02
P05046,Conveyor,Pump,Steel,Nordic Motion,Poland,481.81,8.491,10,19,12,low,4,0.222,8968,7,75.1,yes,2023-08-13
P05047,Conveyor,Sensor,Aluminum,Activa Parts,Italy,53.19,0.357,19,0,17,medium,6,0.14,6738,3,89.4,yes,2024-04-18
P05048,Lathe,Filter,Brass,Nordic Motion,Netherlands,59.71,0.305,18,0,14,low,5,0.133,7597,17,86.8,yes,2023-03-17
P05049,Conveyor,Sensor,Brass,Nordic Motion,Sweden,203.72,0.355,28,34,32,high,6,0.119,6784,11,76.2,yes,2024-06-05
P05050,CNC-Mill,Gear,Brass,Activa Parts,Italy,134.02,2.431,16,23,16,medium,3,0.522,5901,5,98.2,no,2024-10-18
P05051,Lathe,Belt,Aluminum,SensorWorks,Germany,47.3,0.218,24,22,30,medium,9,0.592,3165,5,95.9,yes,2024-03-15
P05052,Assembly,Gear,Stainless Steel,Activa Parts,Czech Republic,167.81,1.461,16,17,19,high,3,0.165,6829,3,115.4,yes,2023-08-15
P05053,Press,Valve,Composite,Activa Parts,Germany,92.16,1.458,15,46,24,medium,5,0.141,8181,9,141.4,yes,2023-08-31
P05054,Packaging,Filter,Ceramic,Activa Parts,Sweden,20.58,0.276,10,34,19,medium,5,0.316,9383,20,131.0,yes,2023-02-02
P05055,Press,Seal,Polymer,MotionHub,Germany,17.76,0.058,24,8,18,critical,6,0.661,2368,7,119.5,yes,2023-10-02
P05056,Lathe,Cable,Brass,PreciseTech,Germany,58.3,0.519,17,16,28,low,7,0.144,7454,18,112.3,no,2023-08-26
P05057,Lathe,Filter,Stainless Steel,PreciseTech,Italy,18.36,0.258,13,48,8,medium,1,0.131,7450,18,84.8,yes,2024-05-30
P05058,Conveyor,Motor,Steel,Nordic Motion,Germany,819.67,6.973,15,42,26,medium,2,0.05,9283,8,82.4,no,2023-05-21
P05059,Press,Bearing,Brass,Nordic Motion,Sweden,138.05,1.096,16,24,19,low,10,0.346,5723,5,136.4,yes,2023-02-07
P05060,Assembly,Controller,Aluminum,EuroMech,Italy,2684.61,0.61,23,16,24,high,4,0.136,17341,9,75.4,no,2024-08-11
P05061,Assembly,Bearing,Steel,Activa Parts,Italy,150.21,1.063,20,52,10,medium,5,0.325,4935,9,152.7,no,2023-10-03
P05062,Conveyor,Sensor,Stainless Steel,FlowCore,Germany,68.04,0.464,21,18,22,low,6,0.512,5602,11,79.7,yes,2024-07-13
P05063,CNC-Mill,Valve,Steel,Nordic Motion,Poland,237.48,1.478,14,23,15,high,4,0.087,11121,2,106.8,yes,2024-06-20
P05064,CNC-Mill,Sensor,Steel,MotionHub,Sweden,117.87,0.272,14,0,20,medium,4,0.237,6457,7,98.3,no,2025-03-23
P05065,Lathe,Valve,Stainless Steel,Nordic Motion,Germany,237.23,1.032,9,27,15,low,6,0.198,10782,7,148.4,yes,2023-10-22
P05066,CNC-Mill,Sensor,Steel,PreciseTech,Sweden,126.32,0.327,19,1,14,medium,5,0.627,6026,12,105.4,yes,2024-01-20
P05067,Packaging,Controller,Brass,PreciseTech,Germany,1431.92,2.038,15,34,12,medium,5,0.222,16060,1,59.7,no,2024-07-30
P05068,Packaging,Sensor,Stainless Steel,EuroMech,Czech Republic,123.93,0.209,15,16,24,high,8,0.186,7413,12,112.1,yes,2023-11-21
P05069,Press,Filter,Composite,Activa Parts,Netherlands,20.34,0.325,7,23,13,high,6,0.194,7897,15,84.5,yes,2023-04-04
P05070,Press,Gear,Brass,FlowCore,Czech Republic,281.7,2.08,26,12,31,critical,8,0.158,6677,10,129.8,yes,2023-12-01
P05071,Press,Sensor,Polymer,FlowCore,Italy,179.09,0.22,12,40,17,medium,7,0.332,6435,10,90.9,no,2023-07-24
P05072,Lathe,Sensor,Stainless Steel,MotionHub,Netherlands,116.93,0.263,13,24,19,low,7,0.224,5139,7,76.4,no,2025-02-17
P05073,Lathe,Tooling,Polymer,MotionHub,Finland,97.41,1.039,16,39,30,high,8,0.552,3468,3,108.9,yes,2025-01-11
P05074,Press,Tooling,Polymer,MotionHub,Finland,85.11,2.564,22,14,20,critical,10,0.459,3589,6,103.5,yes,2023-08-28
P05075,CNC-Mill,Cable,Polymer,Activa Parts,Finland,21.76,0.443,26,8,26,critical,3,0.127,8553,19,92.1,yes,2024-12-28
P05076,Conveyor,Belt,Composite,SensorWorks,Czech Republic,121.88,0.525,21,0,13,low,7,0.348,3540,5,127.4,yes,2024-09-24
P05077,Press,Seal,Composite,SensorWorks,Italy,23.89,0.036,6,52,11,low,9,0.67,2492,2,131.1,yes,2024-08-09
P05078,Conveyor,Tooling,Composite,MotionHub,Germany,138.75,3.063,14,34,19,medium,9,0.408,2705,10,112.2,yes,2023-11-10
P05079,Packaging,Tooling,Steel,SensorWorks,Sweden,42.14,3.46,12,34,19,high,9,0.624,2445,10,107.3,yes,2023-11-02
P05080,Assembly,Gear,Steel,PreciseTech,Germany,199.94,1.451,19,12,19,critical,1,0.129,8818,7,121.9,no,2023-03-28
P05081,Packaging,Sensor,Ceramic,SensorWorks,Sweden,105.37,0.238,21,23,19,medium,8,0.145,4088,2,101.0,yes,2023-06-25
P05082,Packaging,Belt,Ceramic,SensorWorks,Sweden,53.44,0.314,23,6,23,critical,9,0.804,2806,8,112.3,yes,2023-02-02
P05083,Lathe,Controller,Steel,FlowCore,Poland,950.15,0.997,17,19,24,medium,4,0.103,14069,11,63.5,yes,2024-04-28
P05084,Packaging,Controller,Brass,FlowCore,Germany,903.54,1.027,18,4,20,low,5,0.191,13168,3,45.0,yes,2023-01-09
P05085,Assembly,Motor,Steel,PreciseTech,Finland,368.81,14.175,10,36,0,high,6,0.05,9942,5,89.2,yes,2023-06-26
P05086,Assembly,Gear,Steel,Nordic Motion,Germany,93.78,2.079,8,24,11,high,3,0.204,4153,4,120.0,no,2023-06-07
P05087,Packaging,Bearing,Ceramic,EuroMech,Netherlands,87.68,0.99,17,24,21,critical,7,0.152,4504,9,165.5,yes,2023-12-18
P05088,Lathe,Gear,Ceramic,FlowCore,Italy,193.13,1.426,24,14,21,medium,5,0.149,8950,7,123.2,no,2023-08-06
P05089,Conveyor,Sensor,Stainless Steel,Nordic Motion,Sweden,179.13,0.142,8,40,9,medium,3,0.097,9440,11,87.3,yes,2024-10-13
P05090,Packaging,Valve,Brass,EuroMech,Sweden,134.5,1.969,15,32,14,high,3,0.28,11552,6,133.6,no,2023-04-26
P05091,CNC-Mill,Gear,Ceramic,PreciseTech,Poland,116.74,1.796,13,22,24,medium,5,0.254,9206,8,126.0,yes,2023-09-10
P05092,Lathe,Belt,Brass,Activa Parts,Sweden,66.53,0.557,20,29,23,high,8,0.224,3535,10,119.2,yes,2023-11-14
P05093,Assembly,Bearing,Composite,Activa Parts,Sweden,98.89,1.556,30,9,42,critical,8,0.529,4971,13,146.6,no,2024-02-01
P05094,Conveyor,Pump,Composite,PreciseTech,Italy,948.48,4.985,20,27,22,high,6,0.076,9982,8,99.7,no,2023-01-20
P05095,Packaging,Cable,Aluminum,SensorWorks,Italy,27.74,1.059,15,27,20,medium,2,0.367,8224,14,100.5,yes,2024-07-16
P05096,Lathe,Belt,Polymer,PreciseTech,Netherlands,32.62,0.436,17,32,24,low,7,0.915,3084,9,105.9,yes,2024-02-07
P05097,Lathe,Seal,Stainless Steel,Activa Parts,Italy,16.7,0.045,8,0,3,medium,8,0.532,1489,4,133.5,yes,2025-01-08
P05098,Packaging,Pump,Polymer,Activa Parts,Finland,443.03,18.889,11,14,17,medium,8,0.158,9593,10,119.0,yes,2023-04-20
P05099,Conveyor,Seal,Polymer,MotionHub,Czech Republic,25.67,0.043,11,20,18,medium,9,0.281,2230,4,118.5,yes,2023-06-07
P05100,CNC-Mill,Bearing,Brass,SensorWorks,Netherlands,64.32,1.547,17,23,17,high,9,0.151,4353,8,135.4,yes,2023-09-09
P05101,Lathe,Bearing,Brass,Nordic Motion,Netherlands,69.02,0.673,7,11,4,medium,7,0.192,4621,16,136.0,no,2023-08-01
P05102,Press,Controller,Ceramic,Activa Parts,Finland,664.23,0.959,24,43,22,low,7,0.188,12182,5,92.6,yes,2024-01-28
P05103,Packaging,Motor,Aluminum,PreciseTech,Czech Republic,765.81,15.262,7,52,7,high,1,0.244,11750,7,122.7,yes,2023-06-07
P05104,Lathe,Cable,Composite,PreciseTech,Sweden,14.12,0.706,14,20,16,high,4,0.14,7233,19,101.5,yes,2023-06-06
P05105,Packaging,Valve,Ceramic,PreciseTech,Germany,310.71,2.186,13,34,11,medium,6,0.169,11578,10,141.6,yes,2024-01-23
P05106,Assembly,Cable,Aluminum,MotionHub,Czech Republic,36.18,0.617,13,43,15,low,1,0.287,8804,15,101.7,yes,2023-10-30
P05107,Press,Valve,Brass,MotionHub,Germany,162.05,1.464,24,28,14,low,7,0.232,9187,13,135.7,no,2023-01-17
P05108,Lathe,Sensor,Aluminum,Nordic Motion,Germany,177.55,0.223,19,5,18,low,3,0.194,5784,9,102.9,no,2023-05-15
P05109,Assembly,Cable,Composite,SensorWorks,Sweden,22.85,0.699,14,3,26,medium,2,0.218,7037,21,108.8,yes,2024-01-20
P05110,Lathe,Bearing,Stainless Steel,Activa Parts,Germany,99.09,0.862,27,0,27,critical,5,0.631,4838,14,152.7,no,2023-04-16
P05111,Press,Seal,Polymer,PreciseTech,Poland,23.3,0.058,10,32,15,medium,9,0.367,2301,1,115.9,yes,2023-07-29
P05112,Lathe,Cable,Aluminum,Nordic Motion,Italy,39.58,0.586,15,32,23,medium,5,0.21,9287,20,101.2,no,2024-04-19
P05113,Packaging,Cable,Aluminum,PreciseTech,Italy,8.41,0.51,12,18,14,low,3,0.234,6971,17,96.8,yes,2023-08-17
P05114,Assembly,Bearing,Aluminum,Nordic Motion,Netherlands,33.17,1.962,16,8,22,critical,6,0.332,3305,8,131.5,yes,2023-08-06
P05115,CNC-Mill,Sensor,Steel,Activa Parts,Germany,145.71,0.279,10,25,14,medium,5,0.168,4922,3,80.2,no,2024-03-21
P05116,Press,Cable,Ceramic,MotionHub,Germany,11.12,0.728,3,25,5,medium,5,0.151,9397,22,136.4,no,2023-05-23
P05117,Conveyor,Sensor,Polymer,FlowCore,Poland,182.98,0.446,28,40,26,high,5,0.243,7255,8,102.9,yes,2023-02-01
P05118,Conveyor,Controller,Polymer,MotionHub,Finland,1893.8,1.19,19,24,26,medium,5,0.078,15547,4,67.7,yes,2023-07-21
P05119,Lathe,Sensor,Composite,FlowCore,Netherlands,155.04,0.232,11,30,19,low,4,0.147,3989,10,106.3,no,2023-03-23
P05120,Press,Filter,Aluminum,PreciseTech,Finland,23.28,0.172,8,20,13,high,5,0.292,7791,9,83.0,no,2023-07-31
P05121,Press,Seal,Steel,PreciseTech,Sweden,15.95,0.026,16,23,10,high,9,0.713,2344,6,124.4,yes,2024-05-25
P05122,Conveyor,Sensor,Brass,EuroMech,Germany,143.14,0.258,22,14,26,high,8,0.277,6471,7,74.7,yes,2024-04-22
P05123,Lathe,Belt,Stainless Steel,PreciseTech,Germany,57.12,0.586,16,57,23,high,5,0.235,3958,10,119.0,no,2025-02-17
P05124,Press,Belt,Polymer,SensorWorks,Sweden,18.16,0.2,13,22,14,critical,7,0.222,2807,7,93.2,yes,2024-03-12
P05125,Conveyor,Motor,Steel,Activa Parts,Netherlands,350.36,10.086,29,5,38,critical,5,0.231,9470,6,116.9,yes,2023-04-21
P05126,Packaging,Bearing,Stainless Steel,PreciseTech,Finland,81.22,0.649,12,44,22,medium,4,0.351,6435,8,162.7,yes,2024-06-28
P05127,Press,Sensor,Stainless Steel,PreciseTech,Czech Republic,214.46,0.229,19,35,15,critical,6,0.118,4037,9,88.3,no,2023-09-19
P05128,Press,Belt,Polymer,FlowCore,Finland,85.16,0.448,27,10,24,medium,7,0.914,3166,8,122.2,no,2024-03-23
P05129,Assembly,Filter,Stainless Steel,Nordic Motion,Finland,40.73,0.212,16,28,20,medium,4,0.152,9094,17,110.9,yes,2023-07-08
P05130,Assembly,Controller,Brass,EuroMech,Finland,697.32,0.762,1,34,11,low,3,0.109,10203,4,52.5,no,2025-01-05
P05131,Press,Gear,Polymer,Activa Parts,Germany,138.7,1.958,20,31,8,low,6,0.383,7028,8,106.0,yes,2024-03-21
P05132,Packaging,Bearing,Ceramic,FlowCore,Italy,93.11,1.103,10,50,25,high,7,0.557,4853,13,173.2,yes,2023-03-24
P05133,Press,Valve,Ceramic,PreciseTech,Netherlands,207.97,1.347,13,45,19,medium,10,0.325,8989,3,148.1,yes,2023-08-28
P05134,Press,Bearing,Polymer,Nordic Motion,Germany,152.64,1.864,22,11,15,low,4,0.439,3999,9,143.9,yes,2023-05-09
P05135,Conveyor,Filter,Steel,EuroMech,Sweden,30.5,0.232,13,11,14,low,8,0.158,9297,11,91.5,no,2024-07-19
P05136,Conveyor,Bearing,Stainless Steel,EuroMech,Netherlands,105.92,0.747,15,7,27,low,4,0.453,5917,9,125.2,yes,2023-02-04
P05137,Assembly,Belt,Polymer,PreciseTech,Sweden,70.02,0.269,29,43,32,critical,8,0.364,2508,13,106.7,yes,2023-11-21
P05138,Assembly,Controller,Composite,Activa Parts,Netherlands,1109.17,1.545,20,44,26,critical,3,0.173,11153,1,63.9,yes,2023-07-20
P05139,Lathe,Tooling,Steel,FlowCore,Sweden,66.96,2.238,17,52,10,low,7,0.431,3116,6,97.1,yes,2023-04-26
P05140,Conveyor,Cable,Brass,EuroMech,Poland,23.96,0.692,9,42,15,low,4,0.551,8285,18,104.9,yes,2024-12-22
P05141,Conveyor,Sensor,Brass,Nordic Motion,Czech Republic,127.95,0.171,20,38,23,medium,4,0.092,7201,6,87.4,yes,2023-11-23
P05142,Packaging,Sensor,Brass,Nordic Motion,Finland,100.8,0.441,13,24,13,medium,4,0.259,7044,7,72.1,yes,2023-11-10
P05143,Conveyor,Sensor,Composite,Nordic Motion,Sweden,125.0,0.219,19,50,12,low,5,0.28,5662,8,74.6,yes,2023-08-13
P05144,Press,Tooling,Aluminum,Nordic Motion,Poland,171.27,2.038,13,18,21,medium,10,0.31,2490,7,89.1,yes,2023-10-15
P05145,Assembly,Tooling,Composite,EuroMech,Finland,126.88,3.79,9,21,3,medium,8,0.287,3076,4,83.9,yes,2023-09-13
P05146,Lathe,Motor,Ceramic,Activa Parts,Finland,711.74,11.607,18,24,21,critical,2,0.668,8605,8,121.9,yes,2023-01-28
P05147,Conveyor,Controller,Polymer,FlowCore,Italy,543.05,0.797,14,29,20,high,8,0.092,14567,1,54.1,yes,2024-01-29
P05148,Packaging,Pump,Aluminum,SensorWorks,Finland,417.88,6.393,12,32,21,low,4,0.165,9914,10,128.8,yes,2023-09-14
P05149,Press,Seal,Stainless Steel,SensorWorks,Poland,15.53,0.075,8,51,3,medium,8,0.251,2908,8,121.0,yes,2025-01-24
P05150,CNC-Mill,Bearing,Ceramic,SensorWorks,Italy,81.06,0.873,22,43,15,medium,7,0.203,5298,11,175.9,yes,2025-01-08
P05151,CNC-Mill,Tooling,Steel,Activa Parts,Sweden,63.39,1.663,10,34,11,low,7,0.298,2370,16,119.6,no,2024-04-24
P05152,Assembly,Valve,Brass,SensorWorks,Italy,228.19,1.382,19,25,13,high,5,0.146,8647,3,129.0,no,2023-11-06
P05153,Assembly,Controller,Brass,MotionHub,Germany,609.84,1.457,1,4,19,low,3,0.195,8374,4,51.4,yes,2024-03-17
P05154,Press,Motor,Aluminum,MotionHub,Finland,748.38,16.555,15,21,34,high,7,0.354,13398,5,85.7,yes,2023-01-06
P05155,Lathe,Valve,Ceramic,MotionHub,Sweden,193.74,1.543,9,0,11,low,4,0.171,10387,4,168.3,yes,2025-02-16
P05156,Press,Sensor,Aluminum,FlowCore,Finland,149.67,0.493,17,31,27,medium,7,0.031,7330,6,88.1,no,2024-02-20
P05157,Press,Seal,Stainless Steel,SensorWorks,Sweden,14.35,0.052,14,0,9,high,8,0.192,2406,10,132.6,no,2023-09-07
P05158,Press,Tooling,Stainless Steel,Nordic Motion,Italy,131.58,1.251,31,0,31,critical,9,0.628,2763,6,103.9,no,2024-03-12
P05159,Packaging,Seal,Ceramic,Nordic Motion,Finland,21.82,0.027,14,42,20,high,4,0.352,2143,4,151.6,yes,2024-08-01
P05160,Conveyor,Cable,Aluminum,MotionHub,Italy,21.58,0.436,15,15,25,high,5,0.162,7596,15,97.6,yes,2024-06-17
P05161,Conveyor,Seal,Polymer,Nordic Motion,Sweden,25.45,0.089,9,18,19,low,9,0.976,2246,8,106.8,no,2024-05-13
P05162,Packaging,Gear,Polymer,SensorWorks,Netherlands,104.1,2.56,14,51,21,low,6,0.269,9471,4,105.4,yes,2024-07-29
P05163,Press,Sensor,Steel,Nordic Motion,Finland,248.84,0.245,19,26,18,low,3,0.384,5872,9,103.1,yes,2024-07-15
P05164,Press,Belt,Ceramic,PreciseTech,Germany,76.68,0.224,21,39,15,low,6,0.445,2643,3,142.0,yes,2024-07-12
P05165,CNC-Mill,Motor,Composite,Nordic Motion,Finland,434.1,14.341,14,18,26,medium,3,0.171,13548,4,107.6,yes,2024-11-24
P05166,Assembly,Bearing,Polymer,MotionHub,Sweden,169.89,0.86,12,31,6,high,8,0.196,5069,6,147.3,yes,2024-04-22
P05167,Packaging,Belt,Stainless Steel,SensorWorks,Poland,48.88,0.426,14,32,15,low,9,0.61,4552,7,128.4,no,2024-12-31
P05168,CNC-Mill,Filter,Brass,Nordic Motion,Czech Republic,31.0,0.427,9,31,13,medium,2,0.174,8952,9,77.3,no,2024-12-06
P05169,Press,Motor,Brass,FlowCore,Poland,465.5,10.049,13,26,12,medium,5,0.08,15084,3,90.3,yes,2023-11-17
P05170,Lathe,Seal,Polymer,SensorWorks,Sweden,14.1,0.084,9,27,8,low,9,0.454,1954,6,122.7,yes,2023-08-03
P05171,Assembly,Belt,Polymer,MotionHub,Germany,31.54,0.346,16,36,7,low,4,0.606,2406,5,116.6,yes,2023-01-14
P05172,Conveyor,Filter,Steel,Activa Parts,Germany,22.54,0.506,15,32,25,medium,5,0.327,7912,10,84.2,yes,2025-01-03
P05173,Conveyor,Belt,Ceramic,FlowCore,Finland,34.91,0.295,15,27,16,low,6,0.34,2786,7,123.1,yes,2024-09-08
P05174,CNC-Mill,Seal,Brass,FlowCore,Italy,14.6,0.049,10,42,9,low,7,0.252,1537,7,120.5,yes,2023-04-15
P05175,CNC-Mill,Gear,Steel,SensorWorks,Germany,84.3,2.616,8,12,12,medium,7,0.27,8833,5,119.3,no,2023-06-27
P05176,Lathe,Pump,Composite,MotionHub,Finland,495.99,6.446,9,8,13,medium,7,0.303,7322,2,113.3,yes,2024-10-16
P05177,Assembly,Seal,Composite,PreciseTech,Sweden,26.02,0.05,27,44,21,critical,7,0.454,2998,1,135.3,yes,2024-12-19
P05178,CNC-Mill,Controller,Steel,Nordic Motion,Finland,1135.57,1.377,15,19,31,high,5,0.1,7328,2,45.0,yes,2024-11-18
P05179,Lathe,Bearing,Composite,EuroMech,Netherlands,86.75,0.613,9,35,18,medium,4,0.478,7327,7,143.4,yes,2024-09-17
P05180,CNC-Mill,Motor,Polymer,PreciseTech,Czech Republic,585.3,7.661,17,11,9,medium,3,0.08,13406,8,93.7,yes,2025-01-11
P05181,Assembly,Pump,Stainless Steel,Nordic Motion,Czech Republic,303.8,8.008,25,0,10,medium,5,0.288,10569,4,84.3,yes,2024-12-08
P05182,Assembly,Belt,Aluminum,Activa Parts,Germany,42.05,0.282,16,14,19,high,6,0.594,3073,10,110.1,yes,2023-12-21
P05183,Press,Bearing,Brass,FlowCore,Sweden,59.62,1.176,5,21,15,medium,5,0.283,4781,14,127.6,yes,2025-02-03
P05184,Packaging,Filter,Stainless Steel,Activa Parts,Czech Republic,25.13,0.365,14,34,16,medium,6,0.225,7538,14,85.3,no,2023-01-31
P05185,CNC-Mill,Seal,Polymer,Activa Parts,Sweden,15.34,0.041,12,6,23,medium,8,0.218,2300,9,130.8,no,2024-05-29
P05186,Assembly,Motor,Stainless Steel,PreciseTech,Finland,786.99,11.085,22,32,28,low,3,0.133,9994,2,120.9,yes,2023-09-21
P05187,Press,Seal,Brass,MotionHub,Czech Republic,7.99,0.049,8,36,15,medium,10,1.303,2494,8,103.5,yes,2024-12-29
P05188,Assembly,Belt,Polymer,SensorWorks,Netherlands,50.23,0.269,24,4,24,critical,4,0.309,2093,3,85.7,no,2023-08-18
P05189,Assembly,Filter,Composite,MotionHub,Finland,28.34,0.208,14,30,18,medium,5,0.386,6126,19,92.8,yes,2023-12-31
P05190,CNC-Mill,Filter,Steel,EuroMech,Italy,48.82,0.189,17,26,17,high,5,0.207,8241,10,71.7,yes,2024-10-22
P05191,Packaging,Gear,Ceramic,PreciseTech,Finland,97.75,2.213,7,16,15,medium,9,0.081,10708,1,140.0,yes,2024-08-16
P05192,Packaging,Controller,Aluminum,FlowCore,Finland,389.82,1.216,4,49,10,medium,4,0.104,17569,4,69.8,yes,2025-01-18
P05193,Press,Filter,Composite,Nordic Motion,Netherlands,29.53,0.298,24,17,20,low,4,0.183,6103,19,85.4,yes,2023-11-25
P05194,Lathe,Bearing,Polymer,PreciseTech,Italy,89.31,0.782,17,17,18,medium,8,0.39,3063,6,151.7,yes,2023-12-24
P05195,CNC-Mill,Motor,Steel,EuroMech,Czech Republic,624.92,10.313,21,22,18,critical,5,0.063,11892,9,107.5,yes,2023-05-24
P05196,Conveyor,Valve,Composite,SensorWorks,Sweden,183.9,1.357,13,34,21,low,4,0.067,11837,7,128.9,yes,2023-02-13
P05197,Conveyor,Bearing,Polymer,FlowCore,Sweden,89.82,0.964,17,19,22,medium,3,0.191,8545,7,122.5,yes,2023-04-15
P05198,Press,Controller,Brass,Nordic Motion,Italy,384.15,1.472,11,42,6,high,7,0.097,15556,5,59.2,no,2024-10-11
P05199,Packaging,Belt,Polymer,Activa Parts,Finland,22.2,0.323,18,8,7,low,3,0.439,3275,9,125.6,yes,2023-05-12
P05200,Assembly,Bearing,Polymer,Nordic Motion,Italy,95.78,0.603,13,13,10,low,6,0.389,4383,11,133.3,yes,2023-03-02
P05201,Lathe,Seal,Ceramic,MotionHub,Italy,49.96,0.069,27,0,25,high,10,1.288,2850,8,126.4,no,2024-11-10
P05202,CNC-Mill,Gear,Stainless Steel,PreciseTech,Finland,179.81,1.916,14,7,14,low,6,0.223,6642,8,136.2,no,2024-03-12
P05203,Lathe,Bearing,Ceramic,MotionHub,Sweden,41.72,0.522,12,45,33,low,7,0.427,3595,12,163.0,yes,2023-06-17
P05204,Conveyor,Valve,Composite,Nordic Motion,Italy,285.69,0.855,18,27,11,medium,9,0.094,12565,9,119.2,yes,2023-08-10
P05205,Conveyor,Valve,Steel,SensorWorks,Poland,236.83,1.776,17,6,19,high,7,0.073,10113,9,129.6,no,2023-08-23
P05206,Packaging,Motor,Brass,SensorWorks,Italy,1437.97,14.249,16,18,22,high,6,0.039,12399,6,103.2,yes,2024-05-04
P05207,Assembly,Motor,Brass,FlowCore,Netherlands,1251.05,4.886,14,41,15,low,7,0.167,9553,5,102.4,yes,2023-07-11
P05208,Lathe,Bearing,Ceramic,PreciseTech,Czech Republic,126.06,1.039,23,36,27,medium,2,0.254,5825,7,151.0,yes,2024-08-31
P05209,Assembly,Filter,Ceramic,PreciseTech,Finland,43.18,0.25,5,37,9,medium,3,0.126,7269,13,113.1,yes,2023-08-11
P05210,Assembly,Valve,Composite,FlowCore,Netherlands,202.5,2.341,16,32,29,low,5,0.22,12024,6,119.8,no,2024-03-30
P05211,Packaging,Motor,Aluminum,Activa Parts,Poland,845.18,8.878,15,0,15,low,4,0.143,13191,6,84.2,yes,2024-09-18
P05212,Conveyor,Belt,Steel,MotionHub,Finland,49.55,0.408,22,41,22,low,8,0.425,3919,9,115.2,yes,2023-09-18
P05213,Assembly,Belt,Ceramic,FlowCore,Czech Republic,42.95,0.222,10,24,6,high,8,0.375,3350,4,133.8,yes,2024-06-16
P05214,Lathe,Sensor,Aluminum,EuroMech,Poland,138.97,0.179,19,29,20,low,4,0.424,8740,6,100.7,yes,2024-12-03
P05215,Lathe,Sensor,Polymer,Activa Parts,Finland,98.09,0.311,27,4,29,critical,4,0.241,4609,11,69.3,yes,2023-09-17
P05216,Packaging,Belt,Polymer,Activa Parts,Netherlands,30.52,0.292,11,22,13,high,8,0.265,2498,11,82.8,no,2025-03-23
P05217,CNC-Mill,Pump,Stainless Steel,FlowCore,Czech Republic,795.96,5.932,16,2,20,medium,5,0.129,9946,4,125.5,yes,2023-01-02
P05218,Conveyor,Sensor,Polymer,SensorWorks,Sweden,134.54,0.23,19,21,20,high,6,0.298,6721,9,100.3,no,2023-11-05
P05219,Press,Valve,Stainless Steel,EuroMech,Netherlands,104.37,1.696,16,46,14,medium,4,0.227,8052,8,132.7,no,2024-02-29
P05220,Conveyor,Cable,Polymer,FlowCore,Poland,17.47,0.612,13,17,9,low,6,0.354,9362,19,111.3,yes,2024-05-18
P05221,CNC-Mill,Seal,Composite,MotionHub,Netherlands,16.82,0.036,30,12,34,critical,10,0.291,3140,6,135.6,yes,2023-12-02
P05222,Conveyor,Sensor,Composite,MotionHub,Poland,39.66,0.215,1,58,11,high,8,0.136,5118,6,84.6,no,2023-04-08
P05223,Press,Bearing,Composite,SensorWorks,Italy,136.9,0.672,28,11,22,low,8,0.667,4655,8,159.1,yes,2024-11-21
P05224,Packaging,Pump,Aluminum,Activa Parts,Italy,435.56,6.764,13,4,18,high,5,0.159,10590,6,117.9,yes,2025-03-20
P05225,Assembly,Sensor,Brass,MotionHub,Finland,106.17,0.293,24,24,21,medium,2,0.312,7892,6,88.6,yes,2023-04-05
P05226,Assembly,Filter,Steel,PreciseTech,Poland,51.8,0.175,12,13,18,medium,6,0.159,10160,9,92.0,no,2024-07-23
P05227,Press,Filter,Stainless Steel,MotionHub,Finland,41.57,0.391,18,27,19,low,6,0.102,9158,14,90.6,yes,2023-05-09
P05228,Packaging,Filter,Steel,FlowCore,Finland,20.99,0.37,13,4,17,medium,8,0.146,8589,16,86.4,yes,2024-05-05
P05229,Lathe,Belt,Polymer,SensorWorks,Finland,25.78,0.292,20,16,19,medium,7,0.426,3110,5,83.4,yes,2023-11-27
P05230,Conveyor,Gear,Steel,EuroMech,Sweden,154.15,0.912,14,13,12,medium,3,0.143,7942,4,118.8,yes,2024-10-10
P05231,Assembly,Belt,Aluminum,EuroMech,Netherlands,56.6,0.475,20,25,25,high,7,0.344,2950,5,108.5,yes,2024-12-20
P05232,Conveyor,Seal,Stainless Steel,MotionHub,Germany,15.07,0.039,21,6,22,medium,7,1.311,2269,6,108.3,yes,2024-01-15
P05233,Press,Bearing,Stainless Steel,EuroMech,Italy,101.36,0.651,18,31,16,low,3,0.234,6141,12,133.5,yes,2024-10-20
P05234,Lathe,Tooling,Polymer,SensorWorks,Sweden,131.25,1.56,27,29,23,critical,8,0.648,2215,5,102.5,yes,2024-06-05
P05235,Press,Sensor,Stainless Steel,FlowCore,Sweden,67.78,0.195,16,26,17,medium,5,0.208,6745,9,81.4,no,2024-02-19
P05236,Press,Valve,Polymer,PreciseTech,Germany,550.25,1.4,21,14,17,medium,4,0.306,13120,4,131.8,yes,2025-02-16
P05237,Conveyor,Seal,Ceramic,SensorWorks,Poland,10.05,0.02,14,32,17,low,8,1.145,2448,7,120.6,no,2024-05-08
P05238,Conveyor,Sensor,Brass,EuroMech,Netherlands,195.55,0.312,32,8,23,critical,4,0.335,7919,5,75.7,yes,2025-01-11
P05239,Packaging,Filter,Aluminum,SensorWorks,Sweden,34.43,0.292,32,43,24,critical,6,0.145,10421,16,89.6,yes,2024-07-08
P05240,Conveyor,Controller,Aluminum,Activa Parts,Czech Republic,767.69,1.406,14,32,21,medium,6,0.093,15434,3,54.0,yes,2024-12-26
P05241,Press,Tooling,Steel,EuroMech,Sweden,213.01,1.961,9,32,12,low,10,0.264,3249,4,106.1,yes,2023-05-23
P05242,Packaging,Filter,Stainless Steel,SensorWorks,Germany,28.65,0.282,1,39,10,low,6,0.103,5566,12,76.1,yes,2023-03-21
P05243,Press,Filter,Aluminum,MotionHub,Netherlands,18.78,0.173,10,28,17,high,5,0.099,7445,10,116.5,no,2024-09-28
P05244,CNC-Mill,Pump,Steel,Activa Parts,Germany,640.87,7.109,21,37,23,low,6,0.181,10086,7,71.3,yes,2023-06-10
P05245,Assembly,Tooling,Stainless Steel,Activa Parts,Sweden,60.56,1.496,7,25,13,medium,9,0.433,3322,6,97.1,yes,2024-05-31
P05246,CNC-Mill,Valve,Aluminum,PreciseTech,Poland,234.3,1.173,28,27,28,critical,4,0.2,9942,9,120.6,no,2023-05-04
P05247,Press,Belt,Stainless Steel,Nordic Motion,Germany,34.28,0.27,11,38,18,medium,7,0.302,2258,7,93.7,no,2024-07-23
P05248,Press,Cable,Composite,Nordic Motion,Sweden,38.01,0.761,20,32,26,high,6,0.187,6062,19,105.5,yes,2023-04-15
P05249,Packaging,Cable,Steel,SensorWorks,Netherlands,61.86,0.445,15,30,15,medium,6,0.191,9020,23,111.6,yes,2023-05-10
P05250,Assembly,Gear,Aluminum,MotionHub,Finland,166.35,1.603,15,20,16,low,5,0.231,9990,9,100.1,yes,2023-12-12
P05251,Press,Gear,Polymer,FlowCore,Italy,91.96,2.002,12,28,21,medium,5,0.174,7510,11,105.5,yes,2023-04-02
P05252,Press,Sensor,Aluminum,Nordic Motion,Sweden,137.01,0.269,16,0,17,medium,2,0.365,5954,13,67.6,yes,2024-01-06
P05253,Lathe,Controller,Brass,Nordic Motion,Sweden,990.23,0.715,3,31,8,medium,8,0.107,16921,6,55.4,yes,2024-05-19
P05254,Assembly,Bearing,Steel,SensorWorks,Poland,73.76,0.796,25,0,21,critical,7,0.189,3809,13,114.9,yes,2024-08-13
P05255,Assembly,Gear,Ceramic,EuroMech,Finland,107.22,2.012,12,42,11,low,7,0.276,7330,6,139.6,no,2025-01-09
P05256,CNC-Mill,Motor,Stainless Steel,EuroMech,Italy,349.44,10.033,13,11,23,low,4,0.135,11539,4,113.7,yes,2024-06-26
P05257,Assembly,Belt,Aluminum,SensorWorks,Poland,72.28,0.322,10,2,12,low,9,0.617,3176,4,106.9,yes,2024-01-24
P05258,CNC-Mill,Bearing,Stainless Steel,PreciseTech,Finland,109.34,0.596,13,33,19,high,5,0.416,5287,13,144.9,no,2024-08-21
P05259,CNC-Mill,Gear,Composite,Activa Parts,Sweden,102.16,1.802,9,41,12,medium,6,0.232,7353,11,91.0,yes,2023-04-20
P05260,Conveyor,Motor,Aluminum,Nordic Motion,Sweden,1847.71,14.082,20,0,27,high,3,0.139,11057,7,93.7,yes,2023-10-27
P05261,Press,Pump,Aluminum,Nordic Motion,Poland,596.01,9.705,13,25,8,medium,5,0.251,8204,6,98.1,no,2024-10-28
P05262,Assembly,Gear,Polymer,FlowCore,Italy,244.43,1.723,20,29,12,high,4,0.426,9460,9,103.6,yes,2024-12-09
P05263,Lathe,Pump,Ceramic,EuroMech,Netherlands,384.88,13.818,20,1,31,high,5,0.121,10660,8,115.0,yes,2024-11-03
P05264,Assembly,Filter,Aluminum,EuroMech,Finland,60.37,0.124,18,31,22,medium,4,0.294,9360,17,82.6,yes,2023-06-16
P05265,Press,Sensor,Ceramic,Nordic Motion,Sweden,179.27,0.336,20,30,17,critical,5,0.144,5409,8,105.4,yes,2024-11-03
P05266,Conveyor,Belt,Brass,Nordic Motion,Sweden,47.43,0.376,17,32,12,medium,8,0.553,3081,10,108.8,yes,2024-08-15
P05267,Packaging,Valve,Brass,Activa Parts,Germany,363.65,2.903,10,2,10,low,3,0.407,12364,8,136.6,yes,2023-09-02
P05268,CNC-Mill,Bearing,Stainless Steel,MotionHub,Germany,57.68,0.441,18,25,16,medium,6,0.366,5851,3,136.1,yes,2023-09-08
P05269,Conveyor,Controller,Ceramic,EuroMech,Finland,900.09,0.693,6,44,11,medium,2,0.062,11038,7,49.3,no,2023-09-07
P05270,Packaging,Tooling,Aluminum,MotionHub,Finland,129.94,1.278,14,31,22,low,9,0.599,2067,8,109.9,yes,2023-03-20
P05271,Conveyor,Seal,Stainless Steel,EuroMech,Czech Republic,16.43,0.04,12,32,13,medium,5,0.168,2644,3,122.1,yes,2024-04-07
P05272,Lathe,Valve,Ceramic,PreciseTech,Germany,241.14,0.952,21,0,16,low,2,0.122,12170,6,149.7,yes,2025-03-11
P05273,Assembly,Gear,Aluminum,EuroMech,Germany,194.16,1.455,10,21,16,high,4,0.224,5303,7,106.7,yes,2024-11-25
P05274,Lathe,Valve,Aluminum,MotionHub,Netherlands,160.59,3.048,11,8,18,medium,3,0.222,7374,7,131.1,yes,2023-06-30
P05275,Press,Bearing,Polymer,SensorWorks,Italy,92.89,1.481,23,6,21,critical,7,0.423,6268,10,153.4,yes,2023-07-24
P05276,Press,Gear,Ceramic,Nordic Motion,Finland,263.77,1.996,24,31,18,critical,7,0.125,7932,7,115.0,yes,2024-02-20
P05277,Packaging,Valve,Polymer,MotionHub,Poland,168.76,0.931,16,13,24,low,4,0.381,12024,7,136.5,no,2024-05-20
P05278,Lathe,Pump,Stainless Steel,EuroMech,Finland,357.94,7.66,13,33,7,high,4,0.184,8442,5,113.0,no,2025-03-24
P05279,Assembly,Belt,Ceramic,Activa Parts,Germany,59.53,0.307,21,11,38,high,6,0.165,3239,1,143.2,no,2024-12-13
P05280,CNC-Mill,Sensor,Composite,Nordic Motion,Finland,101.1,0.193,15,27,23,medium,5,0.243,4529,10,93.3,no,2024-05-31
P05281,Assembly,Valve,Composite,Nordic Motion,Sweden,858.94,1.231,35,3,26,critical,8,0.117,10500,4,133.8,no,2024-02-15
P05282,CNC-Mill,Pump,Brass,FlowCore,Poland,397.33,4.111,22,23,16,medium,4,0.188,8506,11,84.1,yes,2023-02-03
P05283,Assembly,Bearing,Steel,Activa Parts,Finland,61.5,0.773,13,30,19,high,4,0.118,4459,13,120.9,yes,2024-03-25
P05284,Lathe,Tooling,Polymer,Nordic Motion,Germany,70.01,1.484,13,34,17,low,6,0.444,2683,7,110.2,yes,2023-03-10
P05285,Conveyor,Controller,Steel,MotionHub,Sweden,682.48,1.803,12,34,10,low,6,0.161,15392,1,55.5,no,2023-01-10
P05286,Conveyor,Sensor,Brass,MotionHub,Czech Republic,45.9,0.314,18,31,16,high,5,0.519,10151,15,82.3,no,2024-03-29
P05287,Press,Valve,Stainless Steel,EuroMech,Sweden,233.01,2.98,19,26,25,medium,6,0.129,12112,9,111.4,no,2023-07-08
P05288,Packaging,Seal,Polymer,MotionHub,Germany,13.62,0.047,27,19,20,medium,9,0.585,2695,8,115.1,yes,2024-02-16
P05289,Press,Belt,Aluminum,FlowCore,Italy,31.3,0.274,10,27,11,high,7,1.137,2894,11,106.8,yes,2025-02-08
P05290,Press,Seal,Ceramic,Nordic Motion,Sweden,21.18,0.032,4,45,6,medium,8,0.295,2328,6,145.0,yes,2023-06-21
P05291,CNC-Mill,Valve,Brass,Nordic Motion,Czech Republic,338.71,2.223,11,32,18,high,4,0.381,7826,6,106.0,yes,2024-05-16
P05292,Press,Cable,Stainless Steel,SensorWorks,Germany,29.66,0.59,14,39,21,medium,3,0.106,7128,20,136.3,yes,2025-01-05
P05293,Packaging,Filter,Stainless Steel,PreciseTech,Italy,13.42,0.326,11,13,12,low,4,0.533,9458,10,103.5,yes,2024-12-23
P05294,Lathe,Filter,Brass,EuroMech,Sweden,40.66,0.672,22,8,24,medium,5,0.356,10274,15,96.6,yes,2024-05-14
P05295,Packaging,Motor,Polymer,EuroMech,Germany,906.88,9.734,17,17,14,medium,5,0.057,14351,8,108.7,yes,2024-06-02
P05296,CNC-Mill,Seal,Steel,Activa Parts,Italy,15.47,0.1,20,26,37,critical,6,0.224,1893,9,123.8,yes,2025-03-19
P05297,Lathe,Filter,Composite,PreciseTech,Poland,42.69,0.57,17,12,24,high,7,0.088,6880,16,106.9,no,2024-01-02
P05298,Lathe,Sensor,Aluminum,EuroMech,Czech Republic,137.76,0.259,21,38,23,high,3,0.118,6721,9,77.8,yes,2024-09-19
P05299,Press,Belt,Ceramic,PreciseTech,Germany,61.34,0.471,15,30,22,high,6,0.283,2346,6,146.3,no,2024-12-10
P05300,Packaging,Sensor,Brass,Nordic Motion,Netherlands,192.25,0.322,14,29,25,high,4,0.26,4162,10,94.7,yes,2024-02-07
P05301,CNC-Mill,Cable,Stainless Steel,PreciseTech,Sweden,14.37,0.795,20,14,11,medium,7,0.496,6689,23,92.5,yes,2023-11-07
P05302,Lathe,Controller,Polymer,EuroMech,Finland,450.39,0.849,14,33,16,low,4,0.221,12571,4,60.0,yes,2025-03-20
P05303,CNC-Mill,Motor,Ceramic,MotionHub,Finland,992.67,14.0,16,44,24,medium,3,0.205,15032,7,113.0,yes,2025-03-10
P05304,CNC-Mill,Cable,Brass,MotionHub,Sweden,25.6,0.733,16,1,10,low,6,0.205,7026,18,94.4,yes,2025-01-22
P05305,Assembly,Filter,Stainless Steel,SensorWorks,Germany,33.97,0.38,15,24,14,low,5,0.236,9448,18,107.0,no,2023-04-27
P05306,Press,Seal,Ceramic,MotionHub,Finland,16.83,0.04,7,41,12,medium,8,0.77,1602,8,153.3,yes,2023-08-04
P05307,Lathe,Pump,Aluminum,Activa Parts,Poland,449.36,6.921,11,20,8,medium,4,0.227,10850,8,107.0,yes,2023-03-04
P05308,Packaging,Valve,Steel,PreciseTech,Netherlands,273.99,1.518,14,20,20,high,6,0.073,10199,5,122.4,no,2023-01-19
P05309,Conveyor,Gear,Stainless Steel,FlowCore,Sweden,100.36,1.682,7,17,9,medium,6,0.272,8434,9,115.0,yes,2023-02-07
P05310,Assembly,Cable,Ceramic,Nordic Motion,Czech Republic,18.55,0.654,12,31,24,high,5,0.174,4882,20,132.8,yes,2023-09-27
P05311,Assembly,Gear,Polymer,MotionHub,Sweden,124.6,1.005,22,19,25,low,4,0.192,7458,6,99.2,yes,2023-12-06
P05312,CNC-Mill,Sensor,Steel,Activa Parts,Sweden,84.89,0.13,12,37,22,low,5,0.461,5984,10,93.5,yes,2025-02-12
P05313,Lathe,Filter,Brass,EuroMech,Netherlands,23.35,0.313,17,22,12,critical,6,0.249,6836,11,111.5,yes,2024-08-15
P05314,Assembly,Sensor,Aluminum,SensorWorks,Netherlands,131.67,0.241,14,22,13,high,3,0.07,4442,6,70.1,no,2023-10-31
P05315,Lathe,Controller,Brass,SensorWorks,Italy,1083.52,1.294,27,25,31,critical,3,0.224,18432,1,55.5,yes,2024-05-24
P05316,CNC-Mill,Bearing,Steel,PreciseTech,Italy,56.07,0.599,15,17,22,high,9,0.48,5774,10,136.9,yes,2025-01-03
P05317,Lathe,Pump,Aluminum,SensorWorks,Netherlands,582.06,8.036,24,45,24,low,6,0.423,10179,7,101.4,yes,2024-05-01
P05318,Lathe,Motor,Brass,EuroMech,Sweden,248.4,10.488,11,24,1,low,2,0.159,8275,5,108.9,yes,2025-01-28
P05319,Assembly,Filter,Ceramic,Nordic Motion,Netherlands,22.83,0.304,18,1,16,low,5,0.197,9804,17,117.3,yes,2023-03-21
P05320,Press,Filter,Composite,SensorWorks,Czech Republic,26.61,0.185,23,26,32,low,5,0.351,7595,13,108.9,yes,2024-07-01
P05321,Assembly,Sensor,Steel,SensorWorks,Sweden,147.61,0.202,13,43,17,low,8,0.36,7918,14,77.9,yes,2024-10-16
P05322,CNC-Mill,Cable,Ceramic,Activa Parts,Germany,14.83,0.743,11,19,13,high,5,0.123,8884,22,140.0,no,2024-11-30
P05323,Lathe,Belt,Brass,PreciseTech,Finland,96.96,0.453,26,42,21,medium,8,0.622,3366,8,114.7,yes,2024-02-05
P05324,Press,Motor,Aluminum,Activa Parts,Netherlands,401.88,9.613,13,48,12,low,4,0.186,9708,8,100.5,yes,2024-05-17
P05325,Lathe,Gear,Ceramic,MotionHub,Sweden,202.69,1.824,24,2,25,medium,6,0.58,5511,8,111.2,yes,2023-12-15
P05326,CNC-Mill,Cable,Polymer,MotionHub,Italy,34.2,1.573,22,27,22,critical,2,0.239,9135,12,117.2,yes,2024-12-20
P05327,Press,Sensor,Ceramic,EuroMech,Sweden,77.04,0.463,24,48,13,medium,7,0.323,8382,11,101.3,yes,2024-04-25
P05328,Lathe,Gear,Stainless Steel,Activa Parts,Czech Republic,194.59,2.124,11,20,22,low,3,0.199,9153,10,123.5,yes,2024-12-24
P05329,CNC-Mill,Motor,Steel,SensorWorks,Germany,807.68,12.266,10,23,20,low,6,0.277,9493,6,106.2,yes,2024-08-27
P05330,CNC-Mill,Filter,Ceramic,Activa Parts,Poland,73.61,0.359,20,36,21,low,5,0.101,8314,11,115.4,yes,2024-08-09
P05331,Press,Filter,Aluminum,FlowCore,Finland,33.75,0.278,18,24,24,medium,4,0.127,5209,10,92.6,yes,2024-12-20
P05332,Assembly,Tooling,Stainless Steel,PreciseTech,Italy,147.55,1.684,9,41,16,high,10,1.121,1703,6,128.3,yes,2023-01-08
P05333,Conveyor,Filter,Aluminum,FlowCore,Netherlands,45.45,0.484,18,50,22,critical,3,0.202,6794,17,89.6,no,2025-02-07
P05334,Conveyor,Gear,Composite,MotionHub,Poland,104.94,1.836,26,49,12,critical,8,0.257,7325,5,114.2,yes,2023-04-09
P05335,Lathe,Seal,Stainless Steel,Nordic Motion,Finland,24.39,0.03,23,20,16,low,9,0.288,2608,8,119.0,yes,2023-06-27
P05336,Assembly,Sensor,Aluminum,PreciseTech,Sweden,182.9,0.315,15,32,25,low,5,0.162,7657,11,67.9,yes,2023-01-19
P05337,Press,Seal,Ceramic,MotionHub,Poland,21.19,0.036,14,18,24,medium,5,0.761,2382,6,133.1,yes,2025-02-10
P05338,CNC-Mill,Bearing,Stainless Steel,Nordic Motion,Italy,83.33,0.808,18,33,18,medium,3,0.402,4306,6,143.9,yes,2025-02-10
P05339,Lathe,Filter,Aluminum,PreciseTech,Italy,20.11,0.27,17,24,37,medium,5,0.109,8360,10,88.8,no,2023-07-15
P05340,Press,Seal,Polymer,Activa Parts,Sweden,21.64,0.05,14,61,20,low,10,0.765,2551,4,117.8,yes,2023-10-29
P05341,Conveyor,Seal,Aluminum,MotionHub,Czech Republic,29.39,0.038,13,19,11,high,10,0.262,3382,10,124.6,no,2024-05-02
P05342,Packaging,Valve,Stainless Steel,Nordic Motion,Poland,155.6,2.205,14,34,30,low,7,0.205,11337,4,128.4,yes,2024-10-29
P05343,Assembly,Filter,Ceramic,Activa Parts,Poland,29.04,0.238,21,10,35,critical,5,0.137,6037,17,105.7,yes,2024-06-21
P05344,Assembly,Bearing,Stainless Steel,FlowCore,Poland,82.7,0.549,12,16,14,high,6,0.254,4482,9,151.5,yes,2023-12-30
P05345,Packaging,Valve,Steel,SensorWorks,Czech Republic,369.2,2.291,20,17,24,medium,4,0.281,6949,7,136.6,no,2024-01-17
P05346,Assembly,Sensor,Polymer,EuroMech,Czech Republic,107.43,0.344,17,31,25,high,2,0.346,4895,11,88.6,yes,2023-09-28
P05347,Lathe,Sensor,Steel,Nordic Motion,Czech Republic,144.78,0.145,19,20,19,low,6,0.171,7657,9,80.2,no,2023-07-15
P05348,Press,Filter,Aluminum,Nordic Motion,Poland,43.19,0.366,20,26,13,high,5,0.226,8418,10,93.6,yes,2024-03-31
P05349,Press,Seal,Steel,FlowCore,Poland,18.02,0.043,16,42,13,critical,9,0.41,2845,11,121.0,yes,2024-06-26
P05350,Packaging,Sensor,Brass,FlowCore,Finland,112.41,0.301,9,37,21,medium,4,0.659,6439,12,69.9,no,2024-05-20
P05351,Assembly,Motor,Stainless Steel,FlowCore,Finland,367.33,14.061,16,27,15,medium,7,0.161,13454,7,106.4,yes,2024-10-21
P05352,Press,Tooling,Aluminum,FlowCore,Czech Republic,134.05,1.938,15,13,24,high,9,0.551,2388,9,105.7,no,2023-09-25
P05353,Conveyor,Bearing,Stainless Steel,MotionHub,Sweden,96.23,0.578,15,9,21,medium,8,0.145,3808,12,146.5,yes,2024-02-10
P05354,Assembly,Motor,Polymer,PreciseTech,Netherlands,594.2,13.7,16,43,22,high,4,0.104,13181,8,81.1,yes,2023-08-13
P05355,CNC-Mill,Filter,Stainless Steel,Nordic Motion,Finland,27.78,0.21,14,27,11,medium,7,0.168,7855,13,99.0,yes,2024-12-29
P05356,Conveyor,Filter,Ceramic,SensorWorks,Netherlands,29.58,0.213,9,40,15,low,4,0.195,9222,13,113.9,yes,2023-12-28
P05357,Assembly,Motor,Composite,FlowCore,Italy,570.49,10.406,10,28,16,low,5,0.176,14076,6,106.1,yes,2024-02-23
P05358,CNC-Mill,Seal,Brass,Nordic Motion,Poland,15.83,0.047,11,29,20,medium,7,0.35,3033,6,141.7,yes,2024-04-09
P05359,CNC-Mill,Seal,Composite,FlowCore,Finland,9.32,0.067,14,8,16,low,7,0.618,1897,8,93.8,yes,2023-04-10
P05360,Lathe,Pump,Ceramic,MotionHub,Czech Republic,225.18,5.4,11,41,25,medium,5,0.109,10941,13,118.3,yes,2025-03-11
P05361,Assembly,Cable,Aluminum,EuroMech,Germany,16.13,0.571,20,35,16,low,8,0.058,11423,20,112.6,yes,2023-04-11
P05362,Conveyor,Sensor,Brass,EuroMech,Czech Republic,111.24,0.257,15,20,24,low,5,0.274,5291,8,96.5,yes,2024-10-26
P05363,CNC-Mill,Belt,Aluminum,FlowCore,Netherlands,17.21,0.509,17,42,16,low,8,0.401,4266,5,128.8,yes,2024-07-16
P05364,Assembly,Cable,Brass,PreciseTech,Sweden,22.02,0.79,16,24,28,low,8,0.326,6760,23,120.4,yes,2023-10-24
P05365,Press,Sensor,Polymer,MotionHub,Poland,120.48,0.524,7,30,17,high,6,0.127,6503,8,88.0,no,2023-08-01
P05366,Assembly,Bearing,Aluminum,Activa Parts,Italy,128.62,1.458,19,34,34,medium,5,0.277,5928,7,131.4,yes,2023-01-15
P05367,Assembly,Controller,Aluminum,EuroMech,Czech Republic,583.27,1.315,1,33,4,medium,8,0.139,22480,1,62.7,no,2023-01-31
P05368,CNC-Mill,Pump,Steel,Nordic Motion,Italy,263.26,8.693,8,50,8,medium,5,0.062,6110,10,115.1,yes,2025-02-16
P05369,Conveyor,Seal,Ceramic,Activa Parts,Italy,20.91,0.024,24,28,41,low,8,0.28,2264,3,154.5,yes,2024-01-24
P05370,Lathe,Motor,Polymer,MotionHub,Poland,730.33,14.334,18,17,28,critical,4,0.198,12246,4,83.5,yes,2024-04-04
P05371,Press,Seal,Brass,SensorWorks,Poland,21.58,0.053,13,43,5,low,4,0.442,3230,6,150.5,no,2023-05-04
P05372,Assembly,Pump,Ceramic,SensorWorks,Sweden,473.31,5.587,14,25,12,medium,10,0.221,9892,6,138.1,yes,2023-05-18
P05373,CNC-Mill,Bearing,Brass,MotionHub,Italy,114.71,0.571,24,43,28,critical,5,0.379,6305,14,143.9,yes,2023-08-29
P05374,CNC-Mill,Sensor,Aluminum,EuroMech,Sweden,151.75,0.126,11,27,9,medium,4,0.336,9285,10,97.4,yes,2023-09-25
P05375,CNC-Mill,Sensor,Aluminum,Nordic Motion,Italy,111.53,0.218,24,34,29,high,5,0.38,5614,12,78.3,yes,2024-05-16
P05376,Lathe,Sensor,Polymer,SensorWorks,Netherlands,110.87,0.191,17,33,25,high,6,0.317,8340,5,81.1,yes,2024-07-30
P05377,Packaging,Valve,Ceramic,MotionHub,Germany,114.57,1.694,7,29,10,medium,5,0.164,7304,13,143.6,yes,2024-03-02
P05378,CNC-Mill,Gear,Polymer,Activa Parts,Italy,94.0,1.417,8,40,11,medium,1,0.226,8176,6,113.6,no,2025-03-23
P05379,CNC-Mill,Seal,Stainless Steel,Activa Parts,Italy,31.06,0.051,12,42,21,low,9,0.195,2607,7,122.6,yes,2023-09-28
P05380,Packaging,Seal,Ceramic,FlowCore,Finland,37.07,0.055,19,7,21,low,10,0.667,1894,7,135.7,no,2024-01-19
P05381,Lathe,Sensor,Stainless Steel,EuroMech,Germany,106.82,0.305,22,33,15,high,5,0.242,6699,10,57.9,yes,2025-02-03
P05382,CNC-Mill,Tooling,Polymer,Activa Parts,Netherlands,196.08,4.155,20,4,19,medium,3,0.289,2467,6,119.3,no,2024-04-24
P05383,Assembly,Tooling,Brass,PreciseTech,Italy,197.98,1.139,18,24,15,high,10,0.654,2613,5,120.4,yes,2024-01-22
P05384,Assembly,Filter,Steel,Nordic Motion,Netherlands,43.67,0.316,24,19,28,high,5,0.543,8210,14,92.7,yes,2025-01-30
P05385,Packaging,Motor,Brass,MotionHub,Netherlands,598.41,15.125,22,10,22,high,4,0.193,15233,6,87.9,yes,2024-02-14
P05386,Assembly,Sensor,Steel,Nordic Motion,Sweden,121.01,0.461,10,27,21,critical,8,0.248,3473,7,80.5,yes,2023-09-26
P05387,Lathe,Pump,Aluminum,EuroMech,Netherlands,493.31,4.937,20,12,30,low,5,0.07,8096,6,130.6,yes,2023-07-05
P05388,Press,Gear,Composite,Nordic Motion,Italy,126.75,2.09,13,34,14,medium,5,0.26,9848,6,118.5,yes,2024-06-14
P05389,Assembly,Valve,Brass,FlowCore,Italy,469.72,0.811,18,18,22,medium,4,0.115,8363,12,118.6,yes,2024-10-15
P05390,Conveyor,Cable,Stainless Steel,Activa Parts,Netherlands,63.84,0.936,15,49,13,high,6,0.148,8760,19,109.1,yes,2024-05-26
P05391,Packaging,Controller,Ceramic,PreciseTech,Finland,507.77,1.044,9,7,9,medium,4,0.157,20313,4,81.0,yes,2023-08-06
P05392,Conveyor,Belt,Brass,Nordic Motion,Poland,56.93,0.215,16,44,17,high,3,0.202,2320,7,117.0,yes,2024-09-10
P05393,Conveyor,Pump,Aluminum,SensorWorks,Germany,241.21,6.15,6,31,6,medium,6,0.188,10873,13,111.2,yes,2024-02-24
P05394,Press,Seal,Ceramic,MotionHub,Poland,16.37,0.06,15,45,20,medium,8,0.578,3622,5,138.5,yes,2023-07-15
P05395,Packaging,Sensor,Brass,SensorWorks,Netherlands,72.73,0.184,18,49,15,low,6,0.401,3713,11,104.8,no,2023-08-03
P05396,Lathe,Controller,Steel,PreciseTech,Germany,958.36,0.934,9,35,13,high,6,0.162,14239,1,70.4,yes,2023-10-02
P05397,Assembly,Pump,Polymer,MotionHub,Italy,315.22,9.047,10,36,17,low,3,0.23,9863,6,106.3,no,2025-03-04
P05398,Packaging,Seal,Stainless Steel,FlowCore,Germany,26.26,0.029,16,17,19,medium,6,0.597,1789,6,112.3,yes,2023-06-19
P05399,Assembly,Sensor,Composite,EuroMech,Italy,251.55,0.339,25,20,22,critical,7,0.236,7153,15,93.0,no,2023-11-20
P05400,CNC-Mill,Bearing,Composite,Activa Parts,Netherlands,88.06,0.553,10,30,18,low,4,0.283,5990,11,138.9,yes,2024-08-14
P05401,Packaging,Valve,Ceramic,MotionHub,Sweden,288.96,2.321,9,19,6,medium,5,0.076,11175,6,131.3,yes,2023-08-18
P05402,Assembly,Belt,Ceramic,PreciseTech,Poland,31.48,0.312,21,11,24,high,10,0.31,2840,6,141.3,yes,2023-07-07
P05403,Conveyor,Sensor,Composite,SensorWorks,Germany,88.02,0.172,18,31,12,critical,5,0.273,6044,7,89.3,no,2023-08-10
P05404,Lathe,Cable,Ceramic,PreciseTech,Italy,15.77,0.495,15,7,5,medium,5,0.221,8595,24,111.1,yes,2024-09-12
P05405,Lathe,Cable,Steel,MotionHub,Finland,33.78,0.538,16,28,15,medium,6,0.11,6285,20,104.0,yes,2023-01-10
P05406,Conveyor,Filter,Steel,Nordic Motion,Germany,30.67,0.216,21,54,8,critical,5,0.252,10127,11,94.2,yes,2025-03-22
P05407,Press,Belt,Brass,MotionHub,Czech Republic,29.81,0.331,16,3,21,low,8,0.323,2624,11,121.1,yes,2023-04-04
P05408,CNC-Mill,Bearing,Steel,FlowCore,Italy,88.1,1.236,15,32,15,medium,8,0.163,6542,8,138.5,yes,2023-08-15
P05409,CNC-Mill,Bearing,Aluminum,Activa Parts,Netherlands,135.59,1.333,13,14,19,medium,5,0.173,3477,14,165.4,yes,2024-02-01
P05410,Lathe,Gear,Brass,FlowCore,Italy,68.5,2.613,6,28,16,high,6,0.14,7198,5,104.9,no,2023-12-24
P05411,Press,Tooling,Aluminum,EuroMech,Czech Republic,106.69,4.214,24,59,20,high,6,0.276,2514,3,115.5,yes,2024-03-07
P05412,Assembly,Cable,Stainless Steel,EuroMech,Italy,28.85,0.558,16,39,26,high,7,0.168,8142,16,94.7,no,2023-10-25
P05413,Lathe,Filter,Composite,PreciseTech,Poland,26.0,0.431,8,52,9,medium,4,0.11,6373,14,100.5,no,2024-01-10
P05414,Assembly,Cable,Brass,PreciseTech,Finland,22.82,1.439,16,24,18,high,8,0.251,9219,20,101.6,yes,2024-01-07
P05415,Lathe,Bearing,Brass,Activa Parts,Netherlands,80.19,0.671,22,25,15,medium,9,0.098,5690,14,163.0,no,2023-08-19
P05416,CNC-Mill,Gear,Polymer,MotionHub,Italy,150.56,2.809,6,6,3,low,5,0.326,8314,6,113.0,yes,2024-04-04
P05417,Packaging,Controller,Polymer,PreciseTech,Finland,345.08,1.794,17,32,24,medium,5,0.159,15789,2,49.2,yes,2025-03-05
P05418,CNC-Mill,Seal,Stainless Steel,FlowCore,Czech Republic,36.78,0.034,22,17,18,low,4,0.506,2582,8,127.7,yes,2024-07-30
P05419,Conveyor,Filter,Composite,MotionHub,Netherlands,31.43,0.176,19,21,29,medium,7,0.212,9483,16,106.8,no,2024-04-18
P05420,Conveyor,Tooling,Stainless Steel,PreciseTech,Netherlands,120.2,2.169,20,10,15,low,8,0.286,2550,10,111.7,yes,2024-11-13
P05421,Packaging,Motor,Ceramic,Nordic Motion,Italy,301.23,12.776,12,28,21,high,7,0.109,10106,7,90.7,yes,2023-03-25
P05422,Conveyor,Controller,Brass,Nordic Motion,Netherlands,352.34,1.068,15,54,12,medium,3,0.073,19648,5,60.1,yes,2023-01-15
P05423,Assembly,Seal,Steel,MotionHub,Poland,13.22,0.04,11,54,25,low,6,0.78,2488,5,138.8,yes,2025-03-19
P05424,Lathe,Bearing,Polymer,Activa Parts,Sweden,63.21,0.593,8,44,9,high,5,0.283,5218,8,151.5,yes,2024-07-14
P05425,CNC-Mill,Valve,Ceramic,EuroMech,Germany,202.05,1.886,16,25,20,high,3,0.186,9417,11,148.0,yes,2023-12-13
P05426,Lathe,Controller,Brass,Nordic Motion,Czech Republic,696.43,0.881,11,24,11,medium,9,0.084,17152,6,63.1,yes,2024-06-10
P05427,Assembly,Motor,Ceramic,PreciseTech,Netherlands,822.58,11.543,15,50,20,high,5,0.151,10805,8,109.0,yes,2024-09-14
P05428,CNC-Mill,Gear,Aluminum,PreciseTech,Sweden,205.71,1.845,12,21,17,medium,6,0.212,7591,6,115.1,yes,2023-12-14
P05429,Packaging,Gear,Aluminum,PreciseTech,Poland,222.3,1.592,25,29,22,low,5,0.176,5993,9,111.9,yes,2023-01-17
P05430,Assembly,Seal,Composite,Activa Parts,Finland,16.91,0.089,23,0,28,critical,5,1.238,2150,4,115.8,yes,2023-04-14
P05431,CNC-Mill,Bearing,Aluminum,FlowCore,Czech Republic,60.7,0.678,19,24,24,medium,8,0.292,6316,11,146.0,yes,2023-04-22
P05432,Press,Gear,Stainless Steel,Nordic Motion,Poland,195.79,1.402,16,5,23,low,4,0.119,9284,12,98.8,no,2024-01-19
P05433,Assembly,Tooling,Polymer,Activa Parts,Italy,172.1,2.441,18,25,28,medium,7,0.913,3146,3,96.6,no,2024-08-20
P05434,Lathe,Controller,Brass,MotionHub,Italy,1282.71,1.156,12,43,9,high,2,0.1,11286,1,59.1,yes,2023-03-16
P05435,Press,Motor,Steel,PreciseTech,Poland,328.26,9.139,20,33,33,low,3,0.161,12594,4,120.7,yes,2024-05-09
P05436,Assembly,Valve,Stainless Steel,MotionHub,Italy,183.5,2.389,15,12,21,medium,5,0.405,11641,4,129.3,no,2023-02-08
P05437,Lathe,Tooling,Polymer,PreciseTech,Netherlands,113.17,2.094,15,28,15,low,8,0.493,2482,9,118.5,yes,2024-09-15
P05438,Lathe,Valve,Steel,PreciseTech,Italy,170.75,1.909,18,6,17,medium,8,0.254,8118,11,127.3,yes,2025-01-06
P05439,CNC-Mill,Motor,Ceramic,EuroMech,Poland,963.05,12.951,27,43,26,critical,10,0.278,15880,6,136.7,yes,2024-03-15
P05440,Packaging,Tooling,Steel,FlowCore,Czech Republic,103.53,2.052,21,22,18,critical,5,0.793,2271,10,113.1,yes,2024-01-01
P05441,Conveyor,Valve,Polymer,MotionHub,Sweden,172.19,1.816,14,8,15,high,4,0.257,8898,4,141.7,no,2024-02-23
P05442,Conveyor,Seal,Composite,MotionHub,Finland,16.73,0.057,15,20,18,medium,8,0.595,1631,3,119.7,yes,2023-03-10
P05443,Packaging,Valve,Stainless Steel,Nordic Motion,Netherlands,549.74,1.327,24,19,22,low,8,0.178,10738,3,132.1,no,2023-08-22
P05444,Packaging,Bearing,Aluminum,Activa Parts,Germany,132.22,1.102,14,2,32,high,4,0.171,7151,12,127.9,yes,2023-01-11
P05445,Conveyor,Bearing,Steel,Nordic Motion,Finland,88.24,0.716,13,40,22,high,7,0.17,5524,9,153.0,yes,2023-12-25
P05446,Packaging,Seal,Brass,FlowCore,Finland,21.23,0.073,15,27,20,low,8,0.356,2294,3,115.5,no,2024-02-19
P05447,CNC-Mill,Seal,Steel,MotionHub,Czech Republic,24.75,0.051,14,39,22,high,10,0.591,2664,8,131.8,yes,2024-07-20
P05448,Conveyor,Seal,Stainless Steel,MotionHub,Poland,11.8,0.051,16,16,16,medium,10,1.419,2078,8,123.2,yes,2024-04-10
P05449,Assembly,Sensor,Aluminum,PreciseTech,Czech Republic,98.53,0.274,17,6,21,medium,6,0.144,5344,5,74.3,yes,2024-07-16
P05450,Conveyor,Bearing,Composite,SensorWorks,Czech Republic,105.59,0.753,11,9,28,low,4,0.843,7443,5,139.6,no,2024-07-15
P05451,Lathe,Belt,Composite,MotionHub,Germany,137.29,0.461,28,0,21,critical,10,0.266,2918,3,113.7,yes,2024-03-29
P05452,Assembly,Bearing,Stainless Steel,SensorWorks,Italy,105.65,1.041,21,25,25,high,5,0.137,4077,12,152.8,no,2024-02-03
P05453,CNC-Mill,Sensor,Ceramic,FlowCore,Czech Republic,144.26,0.576,18,32,17,low,6,0.208,7729,11,113.3,yes,2025-02-25
P05454,CNC-Mill,Cable,Composite,EuroMech,Sweden,43.67,0.564,20,15,13,medium,3,0.137,5856,15,120.4,yes,2024-03-01
P05455,Lathe,Cable,Composite,PreciseTech,Netherlands,24.15,0.712,22,11,25,low,7,0.251,9716,17,112.4,yes,2023-03-24
P05456,CNC-Mill,Pump,Ceramic,PreciseTech,Czech Republic,281.05,11.008,14,36,9,low,6,0.227,5093,4,123.7,yes,2023-11-08
P05457,Conveyor,Bearing,Composite,Activa Parts,Sweden,50.77,0.971,18,41,29,medium,7,0.273,3608,8,140.6,yes,2023-10-10
P05458,Lathe,Bearing,Brass,FlowCore,Italy,105.71,0.829,21,36,29,low,10,0.271,7045,13,133.7,yes,2023-01-23
P05459,Assembly,Pump,Steel,FlowCore,Sweden,383.2,10.44,16,54,20,medium,5,0.118,10889,5,124.4,no,2024-06-22
P05460,Press,Sensor,Polymer,Activa Parts,Finland,66.92,0.288,10,15,16,medium,3,0.079,6929,8,91.5,yes,2024-11-27
P05461,Press,Gear,Ceramic,Nordic Motion,Finland,165.35,0.731,29,21,27,critical,9,0.081,7310,5,128.9,no,2023-09-06
P05462,Lathe,Bearing,Brass,Activa Parts,Poland,127.62,0.872,11,35,17,low,5,0.159,5221,10,107.3,no,2023-02-03
P05463,Lathe,Bearing,Polymer,FlowCore,Czech Republic,108.84,0.838,12,45,18,medium,8,0.386,6076,13,133.8,yes,2025-01-12
P05464,Assembly,Bearing,Polymer,EuroMech,Germany,99.03,0.958,16,37,18,medium,3,0.257,6475,16,121.6,no,2024-06-27
P05465,Conveyor,Bearing,Stainless Steel,PreciseTech,Italy,54.95,1.044,6,5,13,high,7,0.263,5780,10,159.3,yes,2024-06-02
P05466,CNC-Mill,Belt,Ceramic,SensorWorks,Poland,55.45,0.506,23,53,22,critical,8,0.547,3871,9,130.1,yes,2023-02-18
P05467,Packaging,Tooling,Ceramic,PreciseTech,Italy,124.66,2.915,11,22,13,medium,9,0.51,2271,12,140.4,no,2023-10-09
P05468,Conveyor,Tooling,Polymer,PreciseTech,Czech Republic,119.78,3.017,11,30,16,low,7,0.284,2188,10,106.3,no,2023-09-15
P05469,Packaging,Belt,Stainless Steel,MotionHub,Finland,27.08,0.422,20,36,12,low,7,1.675,3956,3,100.5,yes,2023-05-08
P05470,Packaging,Filter,Polymer,MotionHub,Finland,24.56,0.242,9,25,6,medium,6,0.224,7090,18,110.6,yes,2024-12-27
P05471,Assembly,Bearing,Steel,FlowCore,Italy,97.76,0.594,20,24,28,medium,5,0.426,7127,6,146.2,yes,2024-04-26
P05472,Lathe,Belt,Polymer,Activa Parts,Italy,28.81,0.758,21,18,23,high,9,0.247,3294,7,124.1,yes,2024-11-02
P05473,Conveyor,Motor,Aluminum,PreciseTech,Czech Republic,332.66,12.08,17,24,23,low,2,0.115,11963,2,94.8,no,2024-11-26
P05474,CNC-Mill,Bearing,Brass,SensorWorks,Sweden,63.95,0.734,9,14,16,high,4,0.624,5577,12,141.8,no,2025-03-02
P05475,Conveyor,Tooling,Brass,SensorWorks,Finland,207.68,1.632,15,29,26,medium,9,0.236,3236,11,93.4,no,2024-10-03
P05476,Lathe,Motor,Steel,Nordic Motion,Germany,583.26,7.724,16,19,14,medium,6,0.174,10705,3,115.7,no,2024-04-05
P05477,CNC-Mill,Seal,Aluminum,Nordic Motion,Italy,23.3,0.036,21,13,22,high,5,0.321,3008,4,82.9,no,2023-02-16
P05478,Lathe,Filter,Steel,SensorWorks,Netherlands,47.37,0.455,28,33,34,critical,5,0.322,8339,10,81.5,yes,2024-07-03
P05479,Press,Valve,Aluminum,SensorWorks,Poland,183.32,2.168,26,11,23,critical,4,0.088,11506,3,108.6,yes,2025-01-14
P05480,CNC-Mill,Tooling,Steel,FlowCore,Sweden,212.66,3.11,23,16,27,critical,6,0.674,3015,5,96.8,yes,2024-05-11
P05481,Packaging,Controller,Aluminum,Nordic Motion,Netherlands,852.52,1.151,21,7,17,low,1,0.066,13028,6,54.3,yes,2023-05-20
P05482,CNC-Mill,Filter,Steel,FlowCore,Italy,34.64,0.267,20,17,19,low,6,0.153,7260,15,108.8,no,2024-09-18
P05483,CNC-Mill,Bearing,Aluminum,EuroMech,Czech Republic,107.7,1.184,5,49,12,medium,5,0.259,4379,8,140.2,yes,2023-06-30
P05484,Conveyor,Sensor,Aluminum,Activa Parts,Finland,70.44,0.261,11,26,14,medium,4,0.215,6536,7,80.3,yes,2024-08-12
P05485,Assembly,Seal,Ceramic,MotionHub,Italy,25.58,0.058,16,19,19,medium,7,0.319,2372,8,151.9,no,2024-07-11
P05486,Press,Sensor,Ceramic,FlowCore,Italy,129.46,0.254,9,43,25,medium,3,0.178,6176,5,110.9,yes,2024-08-21
P05487,Conveyor,Cable,Stainless Steel,MotionHub,Netherlands,15.58,0.71,16,15,18,medium,4,0.374,10101,20,121.6,yes,2024-02-24
P05488,CNC-Mill,Seal,Polymer,EuroMech,Germany,18.76,0.044,10,23,16,low,6,0.363,1923,11,126.7,yes,2025-01-03
P05489,Lathe,Sensor,Aluminum,MotionHub,Finland,60.48,0.243,13,34,16,medium,4,0.204,6801,7,91.5,yes,2024-12-22
P05490,CNC-Mill,Pump,Steel,Activa Parts,Netherlands,731.83,10.064,12,32,13,high,7,0.084,9419,3,115.5,yes,2025-01-03
P05491,Lathe,Filter,Stainless Steel,Nordic Motion,Sweden,23.3,0.21,26,24,31,medium,6,0.129,6200,11,85.7,yes,2024-02-07
P05492,Lathe,Seal,Ceramic,PreciseTech,Sweden,14.63,0.048,11,19,13,high,8,0.772,1973,4,125.6,no,2024-02-17
P05493,CNC-Mill,Filter,Ceramic,EuroMech,Germany,21.82,0.261,12,14,19,high,7,0.189,6606,23,107.7,no,2023-02-16
P05494,CNC-Mill,Valve,Stainless Steel,PreciseTech,Italy,116.99,2.708,13,50,24,medium,5,0.083,8534,6,148.1,yes,2024-10-03
P05495,Press,Belt,Stainless Steel,EuroMech,Poland,26.74,0.268,13,12,30,medium,4,1.233,3660,7,96.4,yes,2024-12-03
P05496,CNC-Mill,Motor,Ceramic,MotionHub,Italy,431.11,7.744,19,27,21,medium,8,0.321,11967,4,140.6,yes,2025-03-02
P05497,Lathe,Valve,Polymer,Nordic Motion,Poland,94.72,1.466,9,21,5,high,5,0.102,10190,6,136.5,yes,2025-02-27
P05498,Packaging,Gear,Ceramic,MotionHub,Poland,117.3,1.844,8,17,11,medium,4,0.549,10657,13,148.1,yes,2023-04-02
P05499,Press,Pump,Aluminum,EuroMech,Germany,466.61,8.117,16,26,13,medium,5,0.109,7916,1,110.4,yes,2024-04-03
P05500,Press,Seal,Steel,EuroMech,Poland,15.61,0.039,5,36,2,high,9,0.841,2478,7,120.4,no,2023-04-05
P05501,Press,Valve,Polymer,Nordic Motion,Germany,133.94,1.757,16,40,19,medium,5,0.239,6604,10,129.4,no,2024-06-15
P05502,CNC-Mill,Sensor,Steel,EuroMech,Germany,91.01,0.222,5,6,15,medium,7,0.222,3942,13,88.4,yes,2024-08-07
P05503,Conveyor,Pump,Aluminum,PreciseTech,Czech Republic,345.21,10.088,14,45,3,medium,8,0.266,8185,3,96.7,yes,2023-04-05
P05504,Conveyor,Filter,Aluminum,EuroMech,Italy,33.57,0.145,15,14,18,low,9,0.225,6435,20,111.5,no,2023-04-11
P05505,Assembly,Sensor,Composite,MotionHub,Poland,118.8,0.289,12,39,12,medium,4,0.436,6289,6,71.3,yes,2024-06-29
P05506,Press,Seal,Stainless Steel,FlowCore,Germany,27.32,0.054,19,30,21,high,8,0.954,2216,15,125.3,yes,2023-03-17
P05507,CNC-Mill,Bearing,Steel,FlowCore,Poland,79.54,0.539,18,19,23,medium,7,0.553,4365,10,135.2,yes,2023-05-07
P05508,Conveyor,Bearing,Stainless Steel,SensorWorks,Sweden,94.06,0.573,22,7,25,critical,5,0.951,5237,11,111.8,yes,2024-03-20
P05509,Assembly,Cable,Polymer,EuroMech,Italy,17.79,0.624,5,18,0,high,9,0.2,8404,16,103.5,yes,2023-11-06
P05510,Conveyor,Cable,Brass,Nordic Motion,Finland,31.7,1.505,17,17,10,medium,6,0.197,6587,15,123.2,yes,2025-03-08
P05511,Press,Filter,Stainless Steel,Nordic Motion,Czech Republic,22.02,0.244,20,43,14,critical,8,0.12,6955,11,94.6,yes,2023-07-29
P05512,CNC-Mill,Cable,Brass,SensorWorks,Finland,36.58,0.565,23,36,29,medium,8,0.123,8902,16,125.7,yes,2024-05-14
P05513,Conveyor,Belt,Composite,EuroMech,Italy,63.59,0.277,18,15,13,critical,10,0.401,3147,6,141.5,yes,2025-03-04
P05514,Assembly,Seal,Polymer,MotionHub,Germany,19.39,0.045,8,18,16,high,8,0.982,1685,6,117.6,yes,2023-04-17
P05515,CNC-Mill,Belt,Ceramic,Activa Parts,Sweden,37.29,0.373,10,47,19,medium,6,1.062,4318,7,121.8,yes,2023-05-11
P05516,Assembly,Bearing,Steel,Activa Parts,Germany,71.48,0.878,24,19,26,critical,6,0.448,4501,10,137.4,yes,2024-03-26
P05517,Conveyor,Gear,Steel,MotionHub,Netherlands,337.0,1.965,14,55,10,medium,6,0.194,5878,1,116.0,yes,2023-11-26
P05518,Lathe,Gear,Brass,SensorWorks,Czech Republic,141.8,1.441,10,28,26,low,5,0.374,9108,10,102.6,no,2023-12-06
P05519,Lathe,Tooling,Steel,SensorWorks,Germany,99.9,1.764,22,12,31,critical,7,0.541,2432,7,121.9,yes,2023-07-07
P05520,Conveyor,Controller,Aluminum,EuroMech,Poland,675.86,1.202,16,0,12,low,6,0.069,13328,1,64.5,yes,2024-06-26
P05521,Packaging,Seal,Steel,FlowCore,Poland,26.82,0.053,14,15,7,medium,9,0.932,3457,14,116.0,yes,2023-11-28
P05522,Press,Belt,Steel,Activa Parts,Finland,62.25,0.357,17,30,21,high,8,0.444,2800,7,115.1,yes,2024-03-15
P05523,Press,Sensor,Polymer,MotionHub,Poland,130.14,0.237,15,29,8,low,6,0.408,6873,8,88.2,yes,2024-08-24
P05524,Assembly,Seal,Ceramic,EuroMech,Poland,33.55,0.045,15,53,22,medium,9,1.387,3011,4,139.5,yes,2023-05-03
P05525,Lathe,Filter,Ceramic,SensorWorks,Poland,18.6,0.167,7,27,20,low,9,0.431,9026,17,96.9,yes,2024-10-30
P05526,CNC-Mill,Sensor,Steel,Activa Parts,Poland,219.63,0.123,15,29,12,high,4,0.18,8563,8,79.1,yes,2024-04-26
P05527,Packaging,Bearing,Aluminum,Activa Parts,Finland,103.69,0.758,14,16,21,high,1,0.23,5148,9,147.3,yes,2024-09-08
P05528,Lathe,Cable,Ceramic,EuroMech,Germany,18.15,0.72,11,24,9,high,4,0.141,6278,16,116.0,yes,2024-10-23
P05529,Lathe,Pump,Stainless Steel,Activa Parts,Finland,439.81,9.032,11,30,14,low,8,0.124,7705,3,115.6,no,2024-01-05
P05530,CNC-Mill,Valve,Composite,Activa Parts,Poland,134.3,2.122,9,36,12,low,1,0.286,11012,2,111.0,yes,2023-11-15
P05531,CNC-Mill,Motor,Aluminum,EuroMech,Czech Republic,722.58,7.624,21,38,28,medium,4,0.224,6837,8,123.6,no,2024-02-08
P05532,Conveyor,Seal,Steel,EuroMech,Poland,9.34,0.024,24,27,24,medium,10,0.558,2433,2,121.2,yes,2024-10-28
P05533,Conveyor,Gear,Steel,Nordic Motion,Czech Republic,172.78,1.49,21,18,32,low,5,0.522,9191,3,113.8,no,2023-03-29
P05534,Conveyor,Bearing,Steel,Activa Parts,Italy,85.95,0.787,20,24,22,low,6,0.418,6044,9,119.8,no,2024-03-04
P05535,Assembly,Tooling,Stainless Steel,PreciseTech,Italy,138.89,1.594,18,29,24,low,9,0.304,2739,10,102.4,yes,2023-03-17
P05536,Press,Filter,Polymer,FlowCore,Poland,42.12,0.581,8,11,16,medium,7,0.256,7045,12,91.5,yes,2024-12-29
P05537,Packaging,Pump,Composite,SensorWorks,Czech Republic,493.13,7.427,19,24,21,critical,7,0.195,7732,6,123.4,yes,2023-08-28
P05538,Assembly,Seal,Composite,FlowCore,Finland,11.95,0.064,10,45,11,low,10,0.511,2309,6,111.8,yes,2023-08-21
P05539,Conveyor,Controller,Steel,SensorWorks,Poland,392.08,1.073,7,42,19,medium,3,0.106,15540,7,52.0,yes,2024-02-21
P05540,Packaging,Bearing,Aluminum,MotionHub,Germany,62.12,0.789,14,40,9,low,4,0.535,4954,13,137.1,yes,2023-08-03
P05541,Conveyor,Sensor,Stainless Steel,FlowCore,Netherlands,230.79,0.158,22,21,23,critical,5,0.17,6508,11,102.8,yes,2025-01-02
P05542,CNC-Mill,Belt,Stainless Steel,PreciseTech,Netherlands,31.8,0.246,8,28,14,high,6,0.237,4359,9,107.0,yes,2024-05-23
P05543,Conveyor,Controller,Ceramic,PreciseTech,Sweden,1534.9,1.372,15,29,20,low,5,0.192,17078,1,104.1,no,2024-12-25
P05544,Packaging,Sensor,Composite,EuroMech,Netherlands,76.86,0.242,1,39,7,medium,5,0.204,4820,6,78.2,no,2025-01-12
P05545,Conveyor,Sensor,Ceramic,FlowCore,Germany,104.45,0.188,16,7,22,medium,4,0.332,5163,10,98.0,no,2023-11-29
P05546,Lathe,Seal,Ceramic,FlowCore,Netherlands,9.11,0.096,13,17,6,low,5,0.471,2002,6,124.4,yes,2023-07-24
P05547,Assembly,Gear,Aluminum,Nordic Motion,Sweden,159.89,2.53,11,48,13,medium,6,0.078,5723,11,111.7,yes,2024-09-18
P05548,CNC-Mill,Valve,Polymer,MotionHub,Poland,94.54,1.472,14,35,13,medium,5,0.322,11687,13,128.9,yes,2023-03-21
P05549,Packaging,Motor,Ceramic,SensorWorks,Poland,555.27,12.749,7,29,19,low,4,0.061,10942,7,134.0,yes,2023-04-05
P05550,Packaging,Pump,Stainless Steel,MotionHub,Netherlands,851.46,9.048,19,19,17,high,6,0.089,6894,5,136.4,yes,2023-10-05
P05551,Press,Bearing,Stainless Steel,PreciseTech,Poland,34.23,0.829,29,30,25,critical,6,0.483,5091,12,138.6,no,2023-05-06
P05552,CNC-Mill,Motor,Brass,Nordic Motion,Sweden,585.32,7.018,14,7,14,low,4,0.12,10188,4,105.0,no,2024-12-01
P05553,Lathe,Filter,Ceramic,MotionHub,Germany,22.52,0.233,20,21,20,medium,6,0.095,9693,18,121.1,yes,2024-01-29
P05554,CNC-Mill,Motor,Brass,FlowCore,Poland,822.91,9.279,16,31,18,low,4,0.073,11472,6,94.8,yes,2025-01-31
P05555,Press,Gear,Composite,Activa Parts,Czech Republic,234.94,1.821,16,2,12,medium,10,0.332,9969,11,94.9,yes,2023-08-05
P05556,Assembly,Filter,Polymer,Nordic Motion,Italy,22.35,0.307,20,40,16,critical,7,0.201,6906,14,92.5,yes,2024-12-22
P05557,CNC-Mill,Gear,Composite,FlowCore,Czech Republic,148.68,2.859,23,38,11,medium,5,0.075,11461,10,97.5,yes,2023-07-17
P05558,CNC-Mill,Seal,Aluminum,FlowCore,Czech Republic,19.24,0.043,14,12,6,critical,9,0.433,3062,5,119.2,yes,2024-05-28
P05559,Assembly,Belt,Composite,SensorWorks,Netherlands,143.84,0.831,20,27,17,medium,9,0.537,2656,11,99.7,no,2023-05-20
P05560,Press,Gear,Aluminum,MotionHub,Finland,176.66,1.341,13,32,14,medium,5,0.173,6620,7,104.5,yes,2024-11-10
P05561,Assembly,Bearing,Polymer,FlowCore,Czech Republic,77.89,0.425,21,52,8,medium,5,0.459,4553,7,142.7,yes,2023-06-01
P05562,Conveyor,Tooling,Steel,MotionHub,Germany,128.5,3.128,20,40,8,medium,10,0.287,2982,7,104.2,yes,2023-12-06
P05563,Lathe,Pump,Ceramic,MotionHub,Germany,617.75,22.699,31,28,26,critical,4,0.074,10060,4,148.7,yes,2023-06-27
P05564,Lathe,Bearing,Stainless Steel,MotionHub,Netherlands,88.09,1.205,16,40,26,high,4,0.484,4851,9,134.3,yes,2023-09-11
P05565,Assembly,Belt,Ceramic,Nordic Motion,Netherlands,27.56,0.253,16,47,23,medium,9,0.899,3246,3,147.2,yes,2024-02-14
P05566,CNC-Mill,Valve,Aluminum,Activa Parts,Czech Republic,96.81,1.232,19,26,32,medium,3,0.409,10898,6,117.2,yes,2023-09-13
P05567,Press,Cable,Aluminum,Nordic Motion,Czech Republic,21.24,0.553,14,38,24,critical,4,0.072,9888,18,86.0,no,2023-12-03
P05568,Packaging,Tooling,Brass,SensorWorks,Sweden,110.37,2.525,15,37,9,high,7,0.61,2726,9,96.7,yes,2023-05-28
P05569,Press,Tooling,Brass,Activa Parts,Sweden,184.7,3.063,25,28,17,low,6,0.362,3104,10,111.8,yes,2024-09-13
P05570,Press,Sensor,Ceramic,Nordic Motion,Sweden,79.48,0.27,4,28,13,medium,7,0.25,7183,11,115.3,no,2024-08-05
P05571,Lathe,Belt,Ceramic,MotionHub,Italy,28.64,0.417,21,38,20,low,7,0.474,4387,4,130.2,no,2025-02-02
P05572,CNC-Mill,Cable,Aluminum,FlowCore,Netherlands,49.8,0.727,27,30,17,critical,3,0.322,8056,18,103.7,yes,2024-07-08
P05573,Packaging,Belt,Stainless Steel,SensorWorks,Italy,50.93,0.209,20,34,17,low,5,0.204,4008,1,128.7,yes,2025-03-16
P05574,Press,Gear,Brass,FlowCore,Poland,160.25,4.164,17,51,13,medium,5,0.238,6753,7,103.3,no,2023-12-08
P05575,Conveyor,Gear,Ceramic,PreciseTech,Sweden,99.97,1.259,20,25,19,medium,5,0.266,9356,5,130.7,yes,2024-02-22
P05576,Assembly,Gear,Polymer,Activa Parts,Netherlands,199.33,1.35,11,29,25,low,5,0.214,8696,7,115.5,no,2024-01-27
P05577,CNC-Mill,Bearing,Aluminum,Nordic Motion,Germany,105.46,0.845,16,36,16,medium,7,0.383,5158,9,141.3,yes,2024-06-09
P05578,CNC-Mill,Bearing,Aluminum,FlowCore,Poland,105.57,1.053,12,31,22,medium,6,0.848,4879,11,143.7,yes,2024-10-12
P05579,Lathe,Controller,Ceramic,Nordic Motion,Poland,956.77,0.672,14,12,15,high,4,0.199,15884,5,83.8,yes,2024-12-13
P05580,Press,Belt,Stainless Steel,PreciseTech,Finland,37.97,0.354,17,19,16,medium,10,0.394,2839,5,115.5,yes,2023-02-04
P05581,Assembly,Sensor,Ceramic,EuroMech,Poland,142.71,0.352,22,18,26,low,4,0.142,6430,11,103.5,yes,2024-02-11
P05582,Press,Motor,Ceramic,Nordic Motion,Netherlands,747.93,5.529,8,34,7,medium,6,0.117,12360,5,107.9,yes,2025-01-25
P05583,Conveyor,Seal,Steel,Activa Parts,Finland,7.36,0.054,7,49,15,medium,7,0.491,2123,7,124.0,yes,2025-02-06
P05584,Lathe,Belt,Polymer,EuroMech,Italy,71.78,0.325,14,14,18,low,5,0.226,3045,3,112.8,yes,2024-03-02
P05585,Lathe,Sensor,Aluminum,SensorWorks,Poland,210.05,0.214,22,5,24,high,9,0.363,5265,7,98.4,yes,2023-12-04
P05586,Lathe,Belt,Aluminum,FlowCore,Finland,22.9,0.482,21,1,20,low,5,0.44,3054,1,112.9,yes,2023-11-02
P05587,Conveyor,Motor,Brass,SensorWorks,Germany,371.34,10.403,10,25,14,low,8,0.101,12335,6,109.2,yes,2025-03-22
P05588,Packaging,Filter,Brass,SensorWorks,Finland,23.87,0.246,17,41,32,high,3,0.102,6001,14,104.2,yes,2023-08-03
P05589,Assembly,Cable,Aluminum,FlowCore,Netherlands,24.75,0.345,3,49,24,low,8,0.258,6582,17,108.2,no,2023-08-31
P05590,Conveyor,Seal,Steel,FlowCore,Sweden,15.13,0.035,24,25,18,critical,7,0.579,2516,7,117.2,yes,2024-09-05
P05591,CNC-Mill,Filter,Brass,MotionHub,Poland,42.78,0.203,18,48,24,low,5,0.315,9692,15,92.9,yes,2023-08-09
P05592,Conveyor,Bearing,Stainless Steel,EuroMech,Poland,109.9,0.924,12,35,20,high,6,0.352,3639,15,119.2,yes,2023-07-05
P05593,Conveyor,Pump,Brass,FlowCore,Poland,388.8,7.725,16,17,27,low,6,0.345,12428,10,100.1,yes,2024-01-12
P05594,Conveyor,Valve,Steel,PreciseTech,Poland,289.93,1.685,12,17,19,medium,7,0.111,13387,5,126.9,yes,2023-07-22
P05595,Assembly,Tooling,Composite,PreciseTech,Czech Republic,115.74,1.353,15,16,20,low,5,0.228,1955,11,102.9,yes,2023-04-19
P05596,Press,Pump,Stainless Steel,SensorWorks,Poland,575.43,6.974,11,15,16,medium,6,0.122,8590,4,120.4,no,2023-05-18
P05597,Conveyor,Seal,Steel,EuroMech,Italy,9.9,0.113,21,31,17,medium,7,0.96,1900,5,131.3,yes,2024-02-21
P05598,Packaging,Cable,Stainless Steel,EuroMech,Finland,18.94,0.834,19,15,22,high,4,0.149,10707,16,118.4,yes,2024-06-29
P05599,Packaging,Cable,Composite,PreciseTech,Finland,28.99,0.785,20,25,21,medium,6,0.273,5255,15,131.5,no,2025-02-26
P05600,Conveyor,Cable,Polymer,Nordic Motion,Netherlands,27.45,0.537,12,17,14,medium,4,0.173,7735,15,130.4,yes,2024-06-03
P05601,Conveyor,Bearing,Brass,FlowCore,Finland,42.07,1.304,20,19,20,high,7,0.16,4214,8,124.3,no,2024-10-05
P05602,Conveyor,Motor,Steel,SensorWorks,Czech Republic,1157.36,19.322,16,15,11,low,7,0.05,14660,4,92.5,yes,2023-11-26
P05603,CNC-Mill,Controller,Steel,SensorWorks,Poland,511.78,1.771,13,28,21,low,3,0.069,13014,5,55.3,yes,2024-08-03
P05604,Lathe,Bearing,Brass,Nordic Motion,Czech Republic,65.55,0.711,5,19,12,high,5,0.143,6122,8,149.8,yes,2023-06-03
P05605,Lathe,Gear,Steel,Nordic Motion,Sweden,52.8,1.607,9,22,12,medium,1,0.218,11084,14,103.3,yes,2023-04-14
P05606,Conveyor,Bearing,Stainless Steel,FlowCore,Italy,113.73,0.835,15,13,7,medium,8,1.064,4286,9,141.8,yes,2025-02-21
P05607,Conveyor,Cable,Aluminum,MotionHub,Netherlands,23.13,0.864,20,24,22,medium,3,0.291,6731,19,114.4,yes,2024-12-08
P05608,Assembly,Motor,Steel,SensorWorks,Italy,430.34,9.836,17,29,13,low,3,0.248,15754,5,120.1,yes,2023-01-31
P05609,Lathe,Cable,Stainless Steel,Nordic Motion,Poland,19.12,0.714,9,25,10,medium,6,0.405,7273,19,99.1,yes,2024-09-15
P05610,Conveyor,Tooling,Composite,FlowCore,Poland,165.87,1.859,12,44,15,low,7,0.741,3224,9,98.2,yes,2024-02-18
P05611,Assembly,Sensor,Stainless Steel,PreciseTech,Czech Republic,161.91,0.376,12,51,20,high,6,0.206,7943,6,75.7,no,2025-02-16
P05612,Press,Cable,Steel,SensorWorks,Italy,15.87,0.579,22,20,16,low,3,0.297,6093,14,97.6,yes,2023-07-05
P05613,Packaging,Belt,Composite,PreciseTech,Poland,61.56,0.538,22,19,22,medium,6,0.481,4463,10,110.3,yes,2024-08-11
P05614,Press,Bearing,Ceramic,Activa Parts,Finland,120.33,0.671,6,39,14,medium,7,0.208,6635,13,155.2,yes,2025-02-15
P05615,Packaging,Seal,Stainless Steel,Nordic Motion,Poland,12.67,0.05,12,43,14,medium,7,0.568,2210,9,99.5,yes,2023-07-30
P05616,Assembly,Belt,Brass,EuroMech,Finland,36.67,0.206,20,28,17,high,7,0.37,2927,7,115.7,yes,2024-02-20
P05617,Conveyor,Tooling,Steel,PreciseTech,Netherlands,45.78,2.623,21,39,28,low,8,0.542,3440,2,116.3,no,2023-11-03
P05618,Press,Filter,Ceramic,SensorWorks,Sweden,25.47,0.225,20,12,22,medium,6,0.112,12005,13,110.1,yes,2024-02-22
P05619,Assembly,Seal,Aluminum,MotionHub,Finland,14.05,0.045,11,4,10,high,9,1.085,2085,8,121.0,no,2023-01-10
P05620,Assembly,Valve,Composite,SensorWorks,Italy,194.65,1.487,10,35,16,low,4,0.264,10584,5,117.8,yes,2024-07-07
P05621,Press,Gear,Composite,SensorWorks,Italy,149.25,1.682,11,12,13,low,4,0.12,8850,11,98.5,yes,2024-12-25
P05622,CNC-Mill,Filter,Aluminum,FlowCore,Finland,14.51,0.134,15,40,19,medium,3,0.139,8383,13,115.7,yes,2023-05-04
P05623,Press,Motor,Composite,MotionHub,Sweden,967.25,12.739,20,0,24,high,5,0.215,12643,6,114.7,no,2023-01-09
P05624,Lathe,Sensor,Steel,Nordic Motion,Italy,127.84,0.275,8,55,0,medium,4,0.315,6505,13,108.9,yes,2024-01-08
P05625,CNC-Mill,Sensor,Brass,MotionHub,Finland,127.63,0.189,13,17,18,low,3,0.234,10459,14,79.0,yes,2023-06-11
P05626,Conveyor,Motor,Ceramic,SensorWorks,Netherlands,588.58,9.709,21,17,21,low,4,0.259,6955,8,132.6,yes,2023-07-20
P05627,Conveyor,Valve,Steel,Nordic Motion,Italy,128.44,1.428,18,13,24,medium,4,0.059,12697,7,114.0,yes,2024-10-04
P05628,Conveyor,Pump,Polymer,FlowCore,Sweden,597.35,5.65,21,9,21,medium,6,0.348,8420,10,95.2,yes,2025-03-21
P05629,CNC-Mill,Sensor,Ceramic,Nordic Motion,Sweden,84.29,0.289,19,15,12,medium,2,0.152,3955,11,106.4,yes,2023-08-05
P05630,Assembly,Bearing,Ceramic,Nordic Motion,Sweden,116.02,0.63,22,40,27,critical,5,0.325,6211,14,167.8,no,2024-12-22
P05631,Assembly,Bearing,Stainless Steel,EuroMech,Italy,78.96,0.757,11,1,14,medium,10,0.287,4841,10,147.0,yes,2023-07-10
P05632,CNC-Mill,Sensor,Composite,Activa Parts,Sweden,96.2,0.271,11,45,14,low,5,0.167,6206,5,87.1,yes,2024-12-27
P05633,Conveyor,Pump,Composite,SensorWorks,Germany,1024.59,7.756,27,7,32,critical,5,0.207,9061,5,119.3,no,2025-03-21
P05634,Conveyor,Cable,Steel,Nordic Motion,Poland,34.66,1.162,13,23,13,low,5,0.128,11598,19,114.0,no,2024-02-21
P05635,CNC-Mill,Bearing,Steel,Activa Parts,Poland,48.8,1.333,14,15,16,low,7,0.28,5932,12,157.8,yes,2024-07-29
P05636,Press,Seal,Brass,EuroMech,Germany,36.57,0.096,30,32,33,low,4,0.301,2214,5,123.3,yes,2023-06-05
P05637,Packaging,Bearing,Aluminum,Activa Parts,Italy,79.44,1.064,9,0,18,critical,6,0.136,5374,14,129.5,yes,2025-02-18
P05638,Press,Bearing,Stainless Steel,EuroMech,Germany,78.2,0.935,26,3,26,medium,6,0.254,4618,7,157.7,yes,2023-11-19
P05639,Conveyor,Sensor,Brass,FlowCore,Czech Republic,153.71,0.281,15,46,29,high,4,0.357,7858,10,76.8,yes,2023-02-09
P05640,Conveyor,Seal,Aluminum,EuroMech,Netherlands,18.32,0.072,11,27,19,medium,9,0.247,2137,8,116.8,yes,2023-08-01
P05641,Conveyor,Seal,Aluminum,Nordic Motion,Germany,22.09,0.074,16,1,14,critical,8,0.77,2341,7,113.9,yes,2024-04-09
P05642,Conveyor,Valve,Steel,FlowCore,Finland,161.88,2.933,20,51,29,low,2,0.154,9011,12,127.7,yes,2025-01-01
P05643,Assembly,Controller,Composite,MotionHub,Finland,826.03,1.072,20,47,22,critical,7,0.136,19890,4,73.4,yes,2024-10-02
P05644,Conveyor,Sensor,Ceramic,MotionHub,Sweden,88.69,0.227,22,40,23,medium,4,0.199,4802,10,110.5,yes,2023-12-30
P05645,Lathe,Pump,Aluminum,SensorWorks,Italy,266.17,3.948,3,21,7,medium,4,0.083,10496,7,121.2,yes,2024-08-05
P05646,Lathe,Pump,Polymer,SensorWorks,Finland,638.24,6.418,14,34,11,low,3,0.178,7749,1,117.3,yes,2024-10-10
P05647,Assembly,Sensor,Stainless Steel,FlowCore,Italy,112.66,0.3,17,14,17,critical,3,0.197,5441,6,85.6,yes,2023-08-14
P05648,Packaging,Valve,Stainless Steel,PreciseTech,Italy,210.81,1.472,4,51,14,high,7,0.248,10188,9,126.9,no,2025-01-29
P05649,Conveyor,Bearing,Stainless Steel,FlowCore,Finland,66.87,0.812,4,19,16,low,4,0.707,4437,12,152.1,no,2024-01-31
P05650,Packaging,Controller,Polymer,MotionHub,Italy,1517.01,0.621,17,25,16,low,5,0.181,18598,1,45.0,yes,2023-03-27
P05651,Conveyor,Sensor,Steel,Nordic Motion,Sweden,144.04,0.26,20,29,17,medium,5,0.206,6041,16,95.7,no,2024-07-02
P05652,Conveyor,Cable,Stainless Steel,FlowCore,Sweden,21.61,0.947,15,37,18,high,6,0.22,8688,16,125.7,yes,2023-10-16
P05653,CNC-Mill,Sensor,Brass,PreciseTech,Czech Republic,102.7,0.32,10,34,15,high,4,0.152,7275,13,111.0,yes,2023-03-03
P05654,Press,Pump,Composite,Nordic Motion,Finland,309.12,10.244,27,13,33,critical,1,0.12,10867,4,119.0,yes,2023-10-14
P05655,CNC-Mill,Bearing,Ceramic,SensorWorks,Finland,60.57,0.56,17,15,24,medium,5,0.328,4914,12,171.9,yes,2024-02-19
P05656,Press,Pump,Brass,SensorWorks,Finland,276.09,16.277,12,8,29,medium,6,0.339,10407,6,85.9,yes,2023-06-19
P05657,CNC-Mill,Pump,Composite,Activa Parts,Finland,458.64,16.227,29,21,30,critical,8,0.176,7044,7,109.3,yes,2023-06-29
P05658,CNC-Mill,Controller,Brass,MotionHub,Czech Republic,551.23,0.604,16,23,26,critical,4,0.187,12847,5,88.3,yes,2024-08-02
P05659,Lathe,Cable,Polymer,Activa Parts,Finland,19.29,0.412,14,21,14,high,4,0.248,7516,22,113.2,yes,2023-12-12
P05660,Conveyor,Controller,Composite,FlowCore,Finland,875.91,0.916,15,24,23,medium,5,0.116,13199,1,48.4,yes,2023-02-28
P05661,Lathe,Sensor,Steel,PreciseTech,Sweden,80.03,0.2,18,33,27,medium,4,0.333,8720,10,84.5,yes,2024-02-15
P05662,CNC-Mill,Pump,Polymer,SensorWorks,Netherlands,594.99,6.103,20,14,19,medium,3,0.238,7129,7,109.0,yes,2024-08-06
P05663,Lathe,Filter,Aluminum,MotionHub,Italy,10.01,0.273,17,8,19,critical,6,0.116,7529,18,91.4,yes,2023-08-02
P05664,Packaging,Valve,Composite,Activa Parts,Poland,485.52,1.109,11,25,17,low,7,0.194,11109,4,134.8,yes,2024-10-12
P05665,Lathe,Bearing,Composite,Nordic Motion,Germany,86.8,0.801,11,39,19,low,6,0.12,5066,8,153.8,no,2023-12-06
P05666,Press,Bearing,Aluminum,FlowCore,Czech Republic,107.31,0.956,16,34,22,medium,6,0.417,5666,8,144.6,yes,2023-09-06
P05667,Conveyor,Gear,Brass,Nordic Motion,Netherlands,399.65,2.58,24,40,18,high,3,0.104,11468,12,115.5,yes,2023-04-21
P05668,Conveyor,Filter,Brass,SensorWorks,Sweden,78.9,0.191,16,14,16,medium,7,0.354,7911,14,111.2,yes,2023-10-18
P05669,Conveyor,Seal,Steel,PreciseTech,Italy,8.17,0.059,15,42,13,low,7,0.179,1805,9,121.9,yes,2024-05-06
P05670,Packaging,Valve,Brass,FlowCore,Germany,214.62,3.193,9,2,8,low,8,0.187,8065,8,110.3,yes,2023-05-26
P05671,CNC-Mill,Controller,Ceramic,SensorWorks,Sweden,343.27,1.749,1,68,3,low,6,0.136,13209,1,89.6,yes,2023-09-08
P05672,Conveyor,Bearing,Steel,FlowCore,Netherlands,66.94,1.548,20,12,29,low,7,0.273,3766,11,148.5,yes,2024-11-28
P05673,Conveyor,Pump,Steel,Activa Parts,Netherlands,443.24,5.693,5,25,12,medium,4,0.298,8900,4,114.7,yes,2023-04-13
P05674,Assembly,Bearing,Composite,SensorWorks,Czech Republic,108.44,1.805,9,18,14,high,5,0.545,5961,12,139.7,yes,2024-06-18
P05675,Packaging,Gear,Brass,PreciseTech,Italy,151.54,1.522,8,30,19,low,4,0.181,5321,5,103.5,no,2024-06-21
P05676,Conveyor,Motor,Aluminum,PreciseTech,Czech Republic,327.57,16.779,13,29,15,low,6,0.278,12095,6,109.4,yes,2025-02-01
P05677,Conveyor,Sensor,Steel,Activa Parts,Germany,151.26,0.363,22,43,28,critical,7,0.208,6715,7,115.0,yes,2024-11-28
P05678,Press,Bearing,Steel,MotionHub,Netherlands,190.99,1.076,18,23,28,medium,3,0.748,5979,19,137.2,no,2024-01-03
P05679,Packaging,Bearing,Ceramic,FlowCore,Sweden,106.92,0.809,17,8,17,low,8,0.546,5050,12,138.3,yes,2025-01-08
P05680,Press,Sensor,Steel,Nordic Motion,Sweden,157.24,0.333,16,21,15,low,5,0.176,6801,5,66.1,yes,2024-12-18
P05681,Packaging,Pump,Steel,PreciseTech,Netherlands,720.85,9.041,21,49,23,medium,7,0.429,9245,3,107.9,yes,2024-03-30
P05682,CNC-Mill,Motor,Polymer,EuroMech,Germany,392.97,12.421,17,29,20,high,6,0.089,11054,10,103.3,yes,2023-08-01
P05683,Lathe,Seal,Aluminum,FlowCore,Finland,18.95,0.051,15,12,15,high,9,1.04,2441,7,95.3,yes,2025-01-09
P05684,Lathe,Tooling,Ceramic,SensorWorks,Germany,75.5,2.863,4,31,3,medium,9,0.422,2497,11,152.5,no,2024-10-21
P05685,Assembly,Gear,Brass,PreciseTech,Poland,206.08,1.707,15,6,9,low,6,0.172,7516,6,121.1,yes,2023-01-22
P05686,Lathe,Bearing,Steel,Activa Parts,Finland,38.68,0.896,13,38,19,high,7,0.653,6197,14,113.4,yes,2023-02-28
P05687,Press,Tooling,Steel,Nordic Motion,Sweden,98.26,2.041,8,48,11,low,8,0.379,2259,5,125.1,yes,2024-04-08
P05688,Lathe,Pump,Steel,Activa Parts,Netherlands,315.84,19.851,6,36,18,medium,6,0.251,9727,1,113.7,no,2023-03-22
P05689,Assembly,Gear,Steel,Activa Parts,Poland,178.55,2.282,23,22,32,critical,3,0.285,8763,9,113.5,yes,2023-04-06
P05690,Press,Tooling,Stainless Steel,Activa Parts,Czech Republic,129.1,1.577,18,50,19,low,7,0.357,3061,6,126.3,no,2023-01-03
P05691,Conveyor,Sensor,Brass,SensorWorks,Germany,201.04,0.26,13,24,22,low,1,0.181,5077,11,93.0,yes,2023-04-12
P05692,Conveyor,Belt,Ceramic,MotionHub,Netherlands,51.33,0.33,10,21,15,low,6,0.436,2956,7,99.4,yes,2024-02-04
P05693,Lathe,Cable,Composite,PreciseTech,Poland,21.17,0.585,8,11,8,low,5,0.28,7812,18,94.9,yes,2023-09-30
P05694,Assembly,Tooling,Polymer,Activa Parts,Poland,217.54,2.622,14,26,11,low,6,0.366,3136,6,104.9,yes,2024-01-22
P05695,CNC-Mill,Seal,Brass,Nordic Motion,Italy,15.76,0.066,9,32,6,medium,8,0.66,3431,5,133.3,yes,2025-01-15
P05696,Lathe,Filter,Ceramic,FlowCore,Czech Republic,24.35,0.325,19,22,17,medium,2,0.4,6468,14,126.6,yes,2023-05-10
P05697,CNC-Mill,Controller,Steel,Activa Parts,Finland,1114.31,0.725,10,33,19,high,9,0.042,19742,1,45.0,yes,2024-11-01
P05698,Conveyor,Valve,Stainless Steel,Nordic Motion,Poland,288.83,1.389,11,17,12,high,3,0.137,10728,9,127.0,no,2023-03-28
P05699,Conveyor,Pump,Aluminum,PreciseTech,Netherlands,410.68,11.872,18,5,33,medium,7,0.104,9988,4,91.9,yes,2024-12-08
P05700,Assembly,Filter,Steel,MotionHub,Netherlands,36.73,0.262,28,18,30,critical,6,0.145,7463,11,95.3,yes,2024-04-05
P05701,Assembly,Filter,Ceramic,Nordic Motion,Netherlands,22.14,0.219,11,12,13,medium,4,0.123,10987,18,93.4,no,2024-07-18
P05702,Lathe,Cable,Stainless Steel,Nordic Motion,Poland,22.12,1.509,19,27,20,high,6,0.154,5576,12,111.1,no,2023-03-23
P05703,Assembly,Cable,Steel,FlowCore,Netherlands,36.68,0.554,11,31,25,high,6,0.121,5604,18,117.8,no,2024-02-04
P05704,Press,Gear,Steel,MotionHub,Czech Republic,325.33,1.691,25,33,26,low,6,0.177,9079,7,113.9,no,2024-03-16
P05705,Conveyor,Gear,Brass,Activa Parts,Germany,268.74,2.36,28,19,31,medium,6,0.256,9708,5,116.9,yes,2024-04-19
P05706,Press,Belt,Polymer,EuroMech,Italy,39.72,0.158,17,48,27,critical,10,0.303,3309,9,119.7,no,2023-08-07
P05707,Packaging,Sensor,Brass,SensorWorks,Italy,104.37,0.365,9,25,20,medium,5,0.199,6441,2,84.1,yes,2024-08-13
P05708,Lathe,Filter,Brass,MotionHub,Germany,24.98,0.347,18,0,20,medium,3,0.114,7540,13,102.7,yes,2024-03-04
P05709,Assembly,Controller,Brass,MotionHub,Czech Republic,428.0,1.504,9,24,14,high,6,0.089,8190,1,53.9,no,2023-01-11
P05710,Conveyor,Sensor,Polymer,Nordic Motion,Finland,122.27,0.197,14,47,29,medium,7,0.266,7885,7,86.6,yes,2024-09-02
P05711,Assembly,Tooling,Steel,EuroMech,Sweden,120.89,2.747,6,34,1,medium,6,0.666,2547,6,100.8,yes,2023-08-14
P05712,CNC-Mill,Tooling,Ceramic,SensorWorks,Finland,253.39,0.88,20,29,19,low,10,0.408,3536,4,124.6,no,2024-04-19
P05713,Press,Bearing,Steel,EuroMech,Poland,123.28,0.772,21,29,22,medium,5,0.496,4564,15,147.1,yes,2023-12-04
P05714,CNC-Mill,Controller,Composite,Nordic Motion,Poland,659.9,1.781,19,32,19,critical,8,0.251,17989,1,63.6,yes,2023-07-30
P05715,Conveyor,Sensor,Polymer,EuroMech,Sweden,76.19,0.196,5,37,11,low,3,0.262,5434,6,95.2,yes,2023-07-01
P05716,Conveyor,Seal,Brass,FlowCore,Czech Republic,32.58,0.064,13,5,14,low,7,0.255,2471,12,112.8,yes,2023-06-30
P05717,CNC-Mill,Filter,Steel,EuroMech,Poland,31.52,0.193,13,34,23,high,5,0.17,9497,16,107.7,no,2024-08-02
P05718,Conveyor,Cable,Ceramic,Activa Parts,Italy,20.27,0.621,13,21,17,low,4,0.465,10657,14,139.8,yes,2023-08-01
P05719,CNC-Mill,Motor,Stainless Steel,EuroMech,Netherlands,1037.55,10.361,9,26,24,low,4,0.152,15529,4,95.7,yes,2025-02-18
P05720,Press,Bearing,Brass,PreciseTech,Netherlands,126.07,1.156,19,26,22,medium,5,0.339,5223,11,167.6,yes,2024-01-10
P05721,Press,Gear,Aluminum,MotionHub,Finland,66.81,1.913,11,38,15,medium,7,0.25,7085,4,99.7,yes,2025-03-15
P05722,Assembly,Sensor,Stainless Steel,EuroMech,Italy,130.79,0.32,14,24,18,low,5,0.106,6747,10,91.2,yes,2024-05-18
P05723,Conveyor,Seal,Composite,EuroMech,Finland,30.35,0.064,21,39,32,medium,10,0.912,3199,2,112.2,yes,2024-07-24
P05724,Lathe,Filter,Composite,EuroMech,Germany,23.75,0.346,24,17,22,medium,6,0.105,7768,16,102.5,yes,2023-03-14
P05725,Packaging,Gear,Polymer,PreciseTech,Poland,60.2,1.054,16,29,26,high,6,0.364,8962,2,100.7,yes,2024-08-09
P05726,Lathe,Bearing,Brass,FlowCore,Netherlands,60.56,0.407,13,0,18,medium,6,0.294,4077,11,127.4,no,2023-08-28
P05727,CNC-Mill,Valve,Aluminum,Nordic Motion,Finland,168.1,1.447,20,46,17,critical,5,0.106,6649,7,126.3,yes,2023-01-02
P05728,Packaging,Seal,Polymer,FlowCore,Finland,25.18,0.027,24,40,23,critical,5,0.338,1959,8,111.5,no,2023-12-05
P05729,Packaging,Sensor,Ceramic,PreciseTech,Italy,129.82,0.308,13,24,17,low,4,0.104,5581,14,79.8,yes,2024-01-26
P05730,CNC-Mill,Tooling,Ceramic,Nordic Motion,Germany,259.79,2.409,20,0,16,low,5,0.666,2513,6,122.6,yes,2023-06-20
P05731,Conveyor,Motor,Aluminum,FlowCore,Italy,763.92,10.757,17,9,12,medium,6,0.294,13208,3,110.3,yes,2023-09-12
P05732,Lathe,Gear,Brass,PreciseTech,Italy,203.23,2.353,27,21,18,critical,4,0.196,6970,6,108.7,yes,2024-12-05
P05733,Lathe,Pump,Brass,FlowCore,Germany,520.82,7.468,18,7,13,medium,7,0.169,12154,5,100.2,yes,2023-10-08
P05734,CNC-Mill,Gear,Stainless Steel,Activa Parts,Netherlands,128.43,0.913,16,10,24,medium,8,0.209,7541,9,113.7,yes,2023-06-13
P05735,Press,Pump,Composite,MotionHub,Sweden,477.16,8.291,18,34,13,medium,5,0.2,9610,6,94.3,yes,2023-10-12
P05736,Conveyor,Valve,Aluminum,MotionHub,Germany,113.26,1.385,26,9,26,critical,7,0.149,9508,4,120.0,yes,2024-11-23
P05737,Lathe,Sensor,Ceramic,Nordic Motion,Germany,59.51,0.511,10,29,2,medium,8,0.135,5146,11,91.5,yes,2023-06-01
P05738,Conveyor,Cable,Composite,MotionHub,Poland,12.97,0.511,25,23,20,critical,4,0.273,9290,18,101.0,no,2023-07-10
P05739,Assembly,Gear,Composite,FlowCore,Netherlands,72.82,1.521,16,47,27,medium,5,0.251,8784,9,101.4,yes,2023-03-28
P05740,Conveyor,Tooling,Aluminum,MotionHub,Germany,82.05,1.387,15,44,22,critical,10,0.358,2600,1,131.9,no,2024-07-17
P05741,Assembly,Seal,Ceramic,SensorWorks,Germany,24.08,0.028,25,24,31,critical,9,0.415,2535,5,143.4,yes,2024-06-18
P05742,Press,Filter,Composite,FlowCore,Sweden,14.79,0.135,7,27,18,medium,6,0.151,10790,17,77.9,yes,2025-03-08
P05743,Press,Gear,Steel,MotionHub,Poland,94.24,1.157,16,14,19,medium,7,0.181,9481,10,97.0,no,2023-05-30
P05744,Press,Bearing,Steel,Activa Parts,Poland,96.73,0.663,20,15,29,low,7,0.254,5725,9,121.3,yes,2023-05-21
P05745,CNC-Mill,Belt,Stainless Steel,Nordic Motion,Netherlands,53.03,0.402,25,14,27,critical,6,0.567,3314,7,116.1,yes,2025-01-19
P05746,Packaging,Seal,Steel,FlowCore,Sweden,7.86,0.062,19,18,18,medium,9,0.174,1909,10,133.4,yes,2025-01-18
P05747,Assembly,Valve,Steel,EuroMech,Netherlands,207.6,2.611,12,20,23,low,4,0.263,7825,10,112.4,yes,2024-05-01
P05748,Packaging,Sensor,Ceramic,Activa Parts,Finland,91.1,0.31,15,51,25,low,6,0.255,8890,9,99.8,yes,2024-05-05
P05749,Lathe,Seal,Ceramic,EuroMech,Netherlands,21.81,0.031,21,39,26,critical,6,0.852,2389,4,143.9,yes,2024-03-27
P05750,Packaging,Seal,Ceramic,EuroMech,Sweden,20.59,0.041,15,1,21,medium,6,0.678,2549,4,140.3,no,2025-02-06
P05751,Lathe,Seal,Stainless Steel,Activa Parts,Germany,21.18,0.049,12,14,27,low,8,0.438,2223,11,122.1,no,2023-12-03
P05752,Packaging,Motor,Stainless Steel,Activa Parts,Finland,449.07,16.555,9,28,0,high,4,0.107,9142,3,96.8,yes,2023-04-13
P05753,Lathe,Valve,Polymer,Nordic Motion,Poland,214.05,1.384,12,31,23,low,5,0.199,13107,1,116.7,yes,2023-11-14
P05754,Lathe,Valve,Brass,PreciseTech,Sweden,279.6,1.086,19,5,18,medium,6,0.177,9279,3,118.6,yes,2023-05-07
P05755,CNC-Mill,Pump,Aluminum,SensorWorks,Finland,423.42,8.193,11,14,9,medium,4,0.125,10444,8,113.0,yes,2024-04-18
P05756,Press,Belt,Aluminum,PreciseTech,Sweden,72.26,0.405,11,31,17,medium,7,0.256,3397,4,86.9,yes,2023-12-22
P05757,Packaging,Tooling,Composite,Activa Parts,Netherlands,112.29,3.127,14,21,19,high,10,0.37,3467,7,110.1,yes,2024-04-05
P05758,Lathe,Gear,Ceramic,SensorWorks,Netherlands,110.4,2.158,26,35,32,critical,6,0.467,6387,10,116.8,yes,2024-02-18
P05759,Packaging,Filter,Composite,PreciseTech,Sweden,24.96,0.32,11,49,31,medium,4,0.337,8763,10,126.0,yes,2024-09-01
P05760,Press,Pump,Polymer,PreciseTech,Sweden,412.79,6.325,8,53,17,medium,3,0.233,6920,10,95.5,yes,2023-10-21
P05761,Press,Pump,Ceramic,SensorWorks,Poland,377.08,12.507,19,35,24,high,5,0.189,9920,6,115.4,yes,2023-12-28
P05762,Press,Pump,Polymer,MotionHub,Czech Republic,356.75,3.369,7,52,18,low,3,0.277,8184,9,122.7,yes,2023-05-24
P05763,Assembly,Controller,Polymer,PreciseTech,Finland,592.97,1.113,11,35,10,medium,3,0.134,13499,6,70.5,yes,2023-11-19
P05764,Press,Sensor,Aluminum,EuroMech,Sweden,286.48,0.298,20,25,28,critical,6,0.146,9034,10,77.0,yes,2023-01-18
P05765,Press,Belt,Stainless Steel,SensorWorks,Italy,30.64,0.399,26,26,23,critical,6,0.737,3489,9,79.3,yes,2025-01-19
P05766,CNC-Mill,Tooling,Brass,Nordic Motion,Poland,176.26,3.05,20,31,21,medium,7,0.464,1873,1,115.3,yes,2024-06-04
P05767,Press,Motor,Stainless Steel,EuroMech,Finland,485.7,11.93,6,37,12,medium,7,0.202,16409,4,94.6,yes,2024-04-24
P05768,CNC-Mill,Valve,Aluminum,Activa Parts,Netherlands,156.99,1.864,17,45,24,low,8,0.104,11330,11,145.3,no,2025-01-30
P05769,Lathe,Pump,Stainless Steel,Nordic Motion,Germany,365.36,10.876,4,36,6,high,4,0.202,9789,8,119.2,yes,2024-11-10
P05770,Press,Tooling,Ceramic,PreciseTech,Czech Republic,54.21,0.994,13,33,21,low,5,0.644,2968,10,115.4,yes,2024-09-04
P05771,Press,Pump,Stainless Steel,MotionHub,Germany,475.79,14.142,8,21,12,medium,6,0.115,7651,4,118.2,yes,2024-08-03
P05772,Assembly,Tooling,Composite,Activa Parts,Netherlands,102.92,1.328,16,13,12,medium,7,0.275,2597,3,92.0,yes,2024-11-30
P05773,Lathe,Belt,Ceramic,Nordic Motion,Italy,17.17,0.621,30,1,20,critical,9,0.184,2936,8,140.2,yes,2023-08-06
P05774,Assembly,Pump,Steel,PreciseTech,Czech Republic,175.51,12.852,14,18,19,high,2,0.258,12285,1,95.9,yes,2023-01-22
P05775,Packaging,Valve,Aluminum,SensorWorks,Netherlands,245.87,1.382,14,32,16,low,7,0.263,8635,5,128.8,yes,2024-05-10
P05776,Conveyor,Seal,Ceramic,FlowCore,Germany,14.6,0.104,12,37,16,medium,5,0.459,2354,8,126.3,yes,2025-03-09
P05777,Packaging,Seal,Ceramic,Nordic Motion,Germany,14.6,0.099,11,9,23,low,7,0.715,2133,15,137.5,yes,2025-03-13
P05778,Conveyor,Cable,Polymer,SensorWorks,Finland,22.06,0.711,5,17,18,high,7,0.333,11727,19,96.1,yes,2024-12-31
P05779,Press,Pump,Brass,MotionHub,Sweden,382.3,15.162,18,24,13,high,3,0.211,7613,7,113.4,no,2024-02-29
P05780,Conveyor,Bearing,Steel,EuroMech,Poland,50.06,0.844,20,41,30,medium,5,0.419,7079,13,152.6,yes,2024-12-28
P05781,Conveyor,Gear,Composite,Nordic Motion,Poland,171.86,0.986,13,32,8,high,5,0.202,7112,10,89.8,yes,2024-07-05
P05782,Packaging,Belt,Brass,MotionHub,Poland,24.4,0.138,18,15,16,high,8,0.507,2284,9,98.3,yes,2023-07-25
P05783,Conveyor,Sensor,Aluminum,PreciseTech,Czech Republic,96.98,0.479,12,32,17,medium,5,0.145,4526,7,86.8,yes,2023-07-02
P05784,Press,Seal,Aluminum,Nordic Motion,Poland,23.36,0.04,20,15,23,high,9,0.893,2748,2,123.7,no,2023-06-17
P05785,Lathe,Sensor,Composite,SensorWorks,Czech Republic,123.38,0.329,4,24,9,high,1,0.204,4976,9,80.9,yes,2023-11-09
P05786,CNC-Mill,Filter,Composite,PreciseTech,Netherlands,28.51,0.362,25,19,30,medium,6,0.136,9081,14,98.2,no,2024-11-13
P05787,Lathe,Motor,Brass,EuroMech,Italy,800.19,12.151,13,25,9,low,8,0.115,12881,6,111.0,no,2024-09-25
P05788,Press,Seal,Brass,SensorWorks,Netherlands,36.46,0.058,11,20,16,high,8,0.536,2064,9,96.4,no,2023-09-16
P05789,Packaging,Sensor,Composite,SensorWorks,Netherlands,98.42,0.224,17,29,18,high,3,0.257,5174,5,100.2,yes,2024-09-28
P05790,Press,Pump,Stainless Steel,MotionHub,Poland,691.4,12.986,21,76,20,medium,5,0.171,7815,6,92.4,yes,2024-11-06
P05791,CNC-Mill,Controller,Brass,Nordic Motion,Czech Republic,1018.41,1.633,29,31,39,critical,3,0.152,16131,1,54.2,yes,2023-09-28
P05792,CNC-Mill,Bearing,Ceramic,PreciseTech,Poland,48.58,0.631,15,29,18,high,8,0.647,6285,13,154.4,yes,2023-04-16
P05793,Conveyor,Tooling,Composite,PreciseTech,Sweden,121.77,4.468,5,45,14,medium,10,0.275,2532,1,107.0,yes,2023-06-01
P05794,Packaging,Belt,Aluminum,SensorWorks,Czech Republic,22.49,0.292,12,5,23,medium,8,0.551,2750,13,123.5,yes,2023-04-25
P05795,Conveyor,Valve,Stainless Steel,Nordic Motion,Finland,258.7,1.595,21,41,11,high,6,0.162,8526,10,150.1,no,2024-10-18
P05796,Conveyor,Filter,Polymer,EuroMech,Czech Republic,8.17,0.331,19,11,15,critical,8,0.132,7859,9,83.0,yes,2024-08-31
P05797,Lathe,Cable,Aluminum,Activa Parts,Poland,37.75,0.742,18,18,29,high,1,0.24,7846,20,111.2,yes,2024-02-29
P05798,Press,Seal,Brass,FlowCore,Italy,18.96,0.047,17,14,25,high,9,0.556,3006,8,103.7,no,2023-07-21
P05799,CNC-Mill,Pump,Stainless Steel,PreciseTech,Poland,396.97,5.694,12,16,18,high,5,0.15,13134,3,105.8,no,2024-07-05
P05800,Packaging,Gear,Ceramic,Nordic Motion,Czech Republic,124.15,1.349,11,21,13,low,4,0.158,7846,11,128.9,no,2024-02-21
P05801,CNC-Mill,Controller,Aluminum,Activa Parts,Netherlands,1432.61,1.822,21,20,32,medium,6,0.112,18743,6,76.1,yes,2024-07-25
P05802,Packaging,Motor,Stainless Steel,PreciseTech,Netherlands,722.79,11.307,13,18,11,medium,4,0.112,7339,1,88.2,no,2023-03-23
P05803,Press,Cable,Brass,FlowCore,Poland,15.3,0.603,17,33,13,low,7,0.12,11180,15,116.0,yes,2024-12-28
P05804,Packaging,Sensor,Composite,MotionHub,Poland,184.33,0.32,16,18,25,high,4,0.498,7845,8,78.9,no,2024-05-26
P05805,Lathe,Sensor,Composite,Nordic Motion,Czech Republic,189.49,0.203,21,1,10,low,6,0.438,6324,13,81.8,yes,2024-02-17
P05806,Conveyor,Gear,Steel,Activa Parts,Italy,115.09,1.224,11,32,5,medium,7,0.106,10770,10,124.9,yes,2024-09-08
P05807,Packaging,Motor,Steel,Activa Parts,Germany,285.14,7.808,19,40,30,medium,3,0.093,12926,2,108.8,no,2023-05-27
P05808,Assembly,Gear,Ceramic,EuroMech,Italy,154.01,2.219,11,30,27,medium,5,0.172,9102,12,123.0,no,2024-09-24
P05809,Press,Pump,Steel,PreciseTech,Czech Republic,403.63,6.916,16,31,19,high,8,0.158,10890,4,106.4,yes,2023-04-26
P05810,Conveyor,Belt,Composite,SensorWorks,Netherlands,38.96,0.205,13,35,12,medium,7,0.497,2322,8,95.3,yes,2024-10-05
P05811,Lathe,Gear,Polymer,Nordic Motion,Germany,123.0,1.636,21,19,14,critical,6,0.384,9713,5,91.4,no,2024-09-06
P05812,Assembly,Pump,Steel,FlowCore,Finland,449.0,8.09,13,0,15,low,4,0.214,7201,11,126.7,no,2024-03-26
P05813,Assembly,Sensor,Brass,SensorWorks,Germany,284.9,0.205,15,22,23,medium,5,0.261,6066,9,78.9,yes,2023-05-11
P05814,CNC-Mill,Bearing,Steel,Nordic Motion,Germany,93.44,1.283,20,9,22,high,3,0.298,5223,11,151.3,no,2024-07-15
P05815,CNC-Mill,Gear,Ceramic,Nordic Motion,Czech Republic,84.36,1.606,12,21,16,low,3,0.068,10147,8,157.7,yes,2023-04-25
P05816,Lathe,Motor,Aluminum,PreciseTech,Finland,460.54,8.71,15,25,21,low,7,0.18,12005,7,94.4,no,2024-12-12
P05817,Lathe,Pump,Steel,MotionHub,Italy,468.53,8.759,10,41,25,low,4,0.287,9814,7,107.2,yes,2023-12-14
P05818,Assembly,Cable,Stainless Steel,PreciseTech,Sweden,24.4,0.895,10,20,16,high,5,0.086,8136,20,116.9,yes,2024-07-17
P05819,Lathe,Seal,Polymer,Activa Parts,Poland,20.42,0.032,16,27,29,medium,7,0.43,2116,9,116.8,yes,2023-08-12
P05820,Conveyor,Cable,Polymer,SensorWorks,Germany,18.3,0.706,20,27,23,medium,8,0.504,7252,23,92.4,no,2023-12-18
P05821,CNC-Mill,Motor,Polymer,MotionHub,Sweden,525.55,6.174,16,12,24,medium,5,0.069,10254,5,100.0,yes,2023-02-10
P05822,CNC-Mill,Motor,Polymer,SensorWorks,Sweden,821.5,10.093,11,40,18,low,10,0.066,8842,1,119.5,yes,2024-02-22
P05823,Packaging,Bearing,Ceramic,EuroMech,Netherlands,127.83,1.096,15,53,12,medium,5,0.278,6392,12,163.3,yes,2023-02-02
P05824,CNC-Mill,Seal,Steel,SensorWorks,Poland,11.65,0.032,6,48,12,medium,8,0.313,2247,2,116.5,yes,2023-09-19
P05825,Press,Gear,Steel,EuroMech,Germany,123.88,1.517,19,16,18,medium,7,0.404,5706,3,117.3,no,2023-11-28
P05826,CNC-Mill,Controller,Brass,EuroMech,Finland,1338.46,2.09,15,0,12,medium,6,0.065,17052,1,63.3,no,2024-11-30
P05827,Assembly,Bearing,Composite,PreciseTech,Germany,39.08,0.832,7,20,16,medium,4,0.072,4742,8,144.0,yes,2024-05-17
P05828,Packaging,Sensor,Steel,EuroMech,Germany,194.42,0.321,3,38,13,low,7,0.278,6397,11,66.2,yes,2023-03-21
P05829,Lathe,Gear,Brass,SensorWorks,Germany,120.01,1.653,4,16,8,low,8,0.091,7127,4,126.1,no,2024-09-03
P05830,Lathe,Valve,Stainless Steel,EuroMech,Netherlands,131.6,1.992,10,28,23,medium,2,0.12,6830,7,136.6,yes,2023-11-02
P05831,Assembly,Valve,Stainless Steel,Activa Parts,Finland,491.64,1.84,26,31,15,medium,5,0.192,10041,6,138.4,yes,2023-10-28
P05832,Lathe,Seal,Steel,Activa Parts,Netherlands,8.07,0.029,14,22,9,medium,8,0.747,1436,12,108.8,yes,2023-10-11
P05833,Lathe,Belt,Composite,Nordic Motion,Netherlands,45.67,0.391,19,19,25,high,7,0.316,3914,10,106.4,yes,2023-02-19
P05834,Packaging,Motor,Ceramic,Nordic Motion,Finland,386.49,15.755,7,35,10,medium,4,0.029,12024,6,123.1,yes,2023-04-03
P05835,CNC-Mill,Valve,Ceramic,FlowCore,Czech Republic,263.08,1.995,24,24,15,low,4,0.186,11240,8,163.2,no,2025-02-04
P05836,Press,Belt,Steel,Activa Parts,Netherlands,40.76,0.427,8,44,22,medium,6,0.326,3735,4,109.2,yes,2023-01-03
P05837,Assembly,Seal,Steel,EuroMech,Sweden,10.51,0.076,14,11,20,high,5,0.7,2319,5,109.8,yes,2024-10-02
P05838,Press,Seal,Brass,PreciseTech,Finland,16.15,0.035,11,23,11,medium,10,0.872,2428,7,121.5,yes,2024-01-25
P05839,Press,Valve,Polymer,Activa Parts,Sweden,179.34,1.932,6,20,1,high,4,0.379,9115,4,120.8,yes,2025-02-09
P05840,Conveyor,Sensor,Steel,Nordic Motion,Italy,242.79,0.266,9,10,12,low,2,0.186,6569,12,73.7,yes,2024-01-24
P05841,CNC-Mill,Gear,Stainless Steel,SensorWorks,Czech Republic,201.64,1.265,21,14,20,medium,4,0.236,6412,6,117.1,yes,2024-12-13
P05842,Conveyor,Bearing,Aluminum,Nordic Motion,Netherlands,95.37,0.561,14,36,24,medium,6,0.381,5907,13,144.9,yes,2024-03-21
P05843,CNC-Mill,Filter,Brass,PreciseTech,Sweden,22.53,0.302,12,34,17,medium,3,0.187,5591,15,90.1,yes,2024-04-13
P05844,Press,Filter,Brass,Nordic Motion,Sweden,18.91,0.211,1,26,6,medium,6,0.2,6220,11,89.2,yes,2023-08-29
P05845,Conveyor,Belt,Brass,SensorWorks,Netherlands,42.14,0.311,19,28,23,low,7,0.803,3671,4,99.2,yes,2023-01-10
P05846,Lathe,Belt,Steel,MotionHub,Italy,44.95,0.327,17,49,19,low,6,0.461,2484,3,115.7,yes,2024-06-30
P05847,Assembly,Sensor,Composite,Nordic Motion,Czech Republic,131.0,0.159,19,36,21,critical,4,0.541,8930,11,62.8,yes,2024-03-06
P05848,Assembly,Filter,Steel,Nordic Motion,Czech Republic,32.29,0.396,22,36,22,low,3,0.45,5381,15,100.9,no,2023-06-12
P05849,Conveyor,Filter,Ceramic,PreciseTech,Poland,32.7,0.386,20,11,27,medium,6,0.555,7202,11,123.4,no,2024-05-07
P05850,CNC-Mill,Filter,Polymer,FlowCore,Sweden,38.14,0.214,14,41,20,medium,3,0.103,8066,14,97.8,yes,2024-06-02
P05851,CNC-Mill,Valve,Composite,FlowCore,Czech Republic,147.3,1.073,21,33,22,high,9,0.298,8347,12,114.5,yes,2024-11-04
P05852,Lathe,Filter,Brass,SensorWorks,Netherlands,24.85,0.487,19,36,14,medium,4,0.209,9336,12,104.7,yes,2024-05-20
P05853,Press,Sensor,Ceramic,FlowCore,Poland,119.35,0.184,8,28,12,medium,3,0.181,7450,10,107.5,no,2025-02-19
P05854,Lathe,Bearing,Steel,FlowCore,Finland,124.11,1.245,17,7,18,critical,7,0.174,4370,4,154.2,yes,2023-01-10
P05855,Lathe,Filter,Aluminum,Nordic Motion,Finland,23.91,0.294,19,30,20,medium,6,0.141,8090,15,100.0,no,2024-08-01
P05856,CNC-Mill,Motor,Aluminum,MotionHub,Sweden,447.94,12.073,30,24,25,medium,7,0.096,10735,1,106.6,yes,2024-01-02
P05857,CNC-Mill,Seal,Polymer,EuroMech,Netherlands,33.05,0.074,16,40,19,medium,8,0.328,1916,4,112.8,yes,2024-07-07
P05858,Assembly,Belt,Steel,SensorWorks,Poland,35.05,0.611,14,28,17,low,8,1.227,3729,5,117.5,yes,2023-11-20
P05859,Packaging,Gear,Aluminum,Activa Parts,Sweden,125.98,2.212,23,40,18,critical,6,0.202,9511,7,93.1,yes,2024-04-13
P05860,Assembly,Filter,Aluminum,SensorWorks,Italy,13.84,0.383,20,23,25,critical,1,0.17,9036,17,96.4,yes,2024-07-14
P05861,CNC-Mill,Bearing,Stainless Steel,PreciseTech,Italy,79.27,0.761,13,31,27,low,7,0.16,6926,12,138.1,yes,2024-02-11
P05862,Assembly,Tooling,Composite,EuroMech,Poland,127.61,3.153,18,17,17,medium,8,0.568,3379,6,93.9,yes,2023-11-15
P05863,Conveyor,Pump,Aluminum,PreciseTech,Czech Republic,388.71,10.232,9,7,18,low,6,0.273,10311,11,113.2,yes,2023-12-09
P05864,Press,Motor,Stainless Steel,Activa Parts,Netherlands,475.82,6.352,20,10,16,low,6,0.301,9154,5,88.2,yes,2023-08-03
P05865,Lathe,Motor,Composite,PreciseTech,Poland,589.37,18.558,13,22,14,low,7,0.214,8853,4,102.5,no,2024-12-07
P05866,Lathe,Bearing,Aluminum,EuroMech,Italy,88.15,1.143,17,16,22,medium,6,0.36,5155,12,143.9,yes,2024-04-15
P05867,Packaging,Bearing,Brass,EuroMech,Netherlands,92.47,1.145,7,42,21,low,8,0.334,4535,12,140.7,yes,2024-01-04
P05868,Lathe,Pump,Stainless Steel,EuroMech,Finland,382.52,6.282,17,27,13,low,5,0.194,7713,11,101.1,yes,2025-03-11
P05869,Assembly,Valve,Stainless Steel,Nordic Motion,Germany,204.55,1.812,19,38,20,medium,3,0.206,10583,5,103.9,yes,2024-08-10
P05870,Assembly,Belt,Steel,Nordic Motion,Netherlands,53.15,0.321,18,25,21,medium,9,0.533,2732,9,110.4,yes,2024-02-20
P05871,Conveyor,Sensor,Composite,EuroMech,Sweden,109.16,0.252,15,18,21,low,3,0.242,8679,9,89.3,yes,2023-06-12
P05872,Conveyor,Belt,Composite,FlowCore,Czech Republic,38.57,0.194,15,41,8,high,6,0.453,3329,10,94.5,yes,2025-03-06
P05873,Press,Controller,Brass,Activa Parts,Finland,1080.01,1.971,20,6,29,medium,2,0.049,16248,1,65.9,yes,2023-03-02
P05874,Press,Filter,Steel,SensorWorks,Netherlands,27.99,0.256,24,10,27,medium,6,0.125,10224,15,115.5,yes,2024-10-19
P05875,CNC-Mill,Controller,Ceramic,MotionHub,Italy,622.61,0.411,14,47,22,medium,3,0.111,10522,1,102.1,no,2023-04-11
P05876,Conveyor,Pump,Steel,Activa Parts,Italy,370.95,6.197,15,25,22,medium,7,0.418,6911,6,114.9,yes,2024-05-19
P05877,Lathe,Belt,Composite,SensorWorks,Czech Republic,42.77,0.267,20,42,25,low,9,0.445,3260,3,97.6,yes,2024-03-10
P05878,Conveyor,Bearing,Composite,Nordic Motion,Netherlands,107.39,0.839,17,35,22,medium,6,0.318,4289,12,155.0,yes,2024-04-04
P05879,Packaging,Seal,Polymer,FlowCore,Netherlands,16.86,0.074,1,29,7,high,6,0.407,2329,6,116.1,yes,2023-02-26
P05880,Assembly,Gear,Composite,PreciseTech,Germany,72.74,2.288,13,23,16,critical,2,0.18,6908,11,96.2,yes,2023-05-30
P05881,Press,Cable,Composite,PreciseTech,Finland,24.67,0.788,11,46,20,high,4,0.285,5877,19,96.9,no,2023-01-10
P05882,CNC-Mill,Motor,Composite,FlowCore,Netherlands,674.69,24.642,16,23,25,high,5,0.179,13876,1,105.7,yes,2024-04-19
P05883,Lathe,Belt,Aluminum,EuroMech,Sweden,28.78,0.214,21,19,25,high,6,0.591,2962,11,98.9,yes,2024-10-03
P05884,Packaging,Filter,Ceramic,Activa Parts,Netherlands,53.13,0.214,15,22,28,high,7,0.183,12650,17,125.8,no,2024-09-06
P05885,Press,Filter,Aluminum,FlowCore,Finland,21.84,0.331,7,20,18,low,7,0.291,7717,10,88.2,no,2025-03-18
P05886,CNC-Mill,Seal,Composite,FlowCore,Finland,12.86,0.091,14,37,15,high,8,0.632,2016,9,128.2,yes,2024-11-27
P05887,Packaging,Controller,Brass,Activa Parts,Czech Republic,648.08,0.776,14,35,14,medium,7,0.095,12330,4,45.0,yes,2024-12-31
P05888,Assembly,Valve,Composite,MotionHub,Germany,284.59,2.32,19,25,17,medium,6,0.183,11141,5,118.7,yes,2023-04-25
P05889,Conveyor,Valve,Polymer,EuroMech,Sweden,176.21,1.251,13,19,21,medium,5,0.379,12679,9,136.0,yes,2023-03-20
P05890,Conveyor,Motor,Composite,Activa Parts,Sweden,837.56,6.87,20,11,21,high,1,0.117,13281,1,114.6,no,2023-12-12
P05891,Lathe,Motor,Polymer,EuroMech,Netherlands,960.74,12.434,32,15,29,critical,7,0.17,10826,5,97.0,yes,2023-09-02
P05892,Press,Sensor,Aluminum,SensorWorks,Sweden,102.46,0.185,10,22,4,high,6,0.168,7099,6,94.7,yes,2023-10-24
P05893,Press,Tooling,Polymer,MotionHub,Finland,169.18,2.359,10,37,12,medium,8,0.531,3414,9,123.4,yes,2024-09-07
P05894,Assembly,Bearing,Steel,PreciseTech,Sweden,57.76,0.713,14,22,23,low,9,0.336,3437,13,138.4,yes,2023-04-09
P05895,Assembly,Seal,Brass,PreciseTech,Finland,13.39,0.058,13,27,17,medium,5,0.366,1856,5,137.9,yes,2023-12-30
P05896,Assembly,Filter,Steel,FlowCore,Italy,27.68,0.311,28,41,36,critical,7,0.508,5837,12,104.4,no,2023-09-19
P05897,Conveyor,Controller,Stainless Steel,MotionHub,Sweden,1030.99,1.032,22,26,29,low,3,0.118,22375,10,61.9,yes,2024-11-01
P05898,Assembly,Bearing,Composite,MotionHub,Netherlands,75.68,0.684,18,8,19,high,6,0.163,5531,10,142.7,yes,2024-03-11
P05899,Assembly,Belt,Composite,SensorWorks,Sweden,34.12,0.594,15,8,15,high,8,0.391,3319,5,92.9,yes,2023-01-29
P05900,Conveyor,Controller,Polymer,PreciseTech,Sweden,577.8,1.514,22,29,16,medium,3,0.305,15435,1,55.8,yes,2023-07-26
P05901,CNC-Mill,Tooling,Aluminum,SensorWorks,Poland,211.2,5.73,21,17,26,medium,7,0.357,4340,1,128.1,yes,2024-05-02
P05902,Lathe,Controller,Brass,SensorWorks,Italy,956.76,0.672,16,41,20,medium,5,0.249,15030,10,56.4,no,2024-02-06
P05903,Packaging,Seal,Aluminum,EuroMech,Czech Republic,15.25,0.039,6,53,15,low,6,0.42,2122,4,124.3,yes,2024-12-18
P05904,Packaging,Pump,Ceramic,MotionHub,Sweden,175.35,11.666,12,29,21,high,5,0.222,9876,7,140.2,no,2024-09-12
P05905,CNC-Mill,Cable,Aluminum,EuroMech,Germany,20.55,0.38,13,32,17,low,3,0.113,7914,13,94.8,no,2023-03-16
P05906,Assembly,Gear,Steel,SensorWorks,Netherlands,136.07,1.742,14,13,13,high,7,0.153,8723,10,103.9,yes,2023-06-13
P05907,CNC-Mill,Cable,Aluminum,PreciseTech,Finland,14.54,0.704,1,26,15,medium,4,0.284,7432,14,101.4,yes,2025-03-06
P05908,Packaging,Pump,Brass,EuroMech,Sweden,373.39,10.798,8,59,16,high,2,0.203,6646,8,100.5,no,2024-06-19
P05909,Lathe,Sensor,Aluminum,SensorWorks,Italy,95.66,0.236,23,27,40,low,5,0.283,6006,12,83.1,no,2023-12-27
P05910,Lathe,Bearing,Brass,MotionHub,Czech Republic,82.59,0.864,22,41,28,medium,7,0.231,5301,15,148.5,no,2023-08-02
P05911,Conveyor,Pump,Steel,PreciseTech,Finland,443.01,6.989,10,37,24,medium,7,0.071,12136,10,104.7,yes,2025-03-05
P05912,Packaging,Cable,Steel,PreciseTech,Germany,21.52,0.498,7,21,10,medium,3,0.221,5382,24,106.6,yes,2023-08-10
P05913,Press,Controller,Ceramic,EuroMech,Czech Republic,622.05,0.815,20,2,29,medium,3,0.085,20724,1,69.1,yes,2023-10-11
P05914,Assembly,Motor,Polymer,SensorWorks,Czech Republic,519.54,7.764,17,42,17,low,5,0.227,15498,6,97.7,no,2023-03-11
P05915,CNC-Mill,Pump,Composite,Nordic Motion,Poland,819.91,8.457,16,17,17,medium,5,0.07,8973,5,92.2,yes,2023-01-19
P05916,Packaging,Filter,Steel,MotionHub,Italy,14.73,0.406,17,8,24,low,6,0.157,6494,13,108.8,yes,2024-02-15
P05917,CNC-Mill,Bearing,Stainless Steel,Nordic Motion,Sweden,73.85,0.585,23,44,35,critical,3,0.507,5677,14,169.9,yes,2025-01-26
P05918,Lathe,Gear,Brass,EuroMech,Finland,83.45,1.285,13,43,25,high,4,0.181,6083,7,116.4,yes,2024-02-22
P05919,Assembly,Cable,Polymer,Nordic Motion,Germany,58.76,0.982,11,21,14,high,4,0.098,6996,19,114.2,yes,2024-08-12
P05920,Packaging,Pump,Steel,SensorWorks,Finland,340.01,8.89,15,41,19,medium,6,0.096,10920,6,121.0,yes,2024-06-26
P05921,CNC-Mill,Gear,Aluminum,Activa Parts,Netherlands,186.16,1.449,16,42,17,low,7,0.177,4814,9,123.1,yes,2023-09-23
P05922,Lathe,Gear,Steel,SensorWorks,Netherlands,253.33,0.973,17,2,19,low,3,0.145,10485,7,103.6,yes,2023-08-19
P05923,CNC-Mill,Gear,Ceramic,FlowCore,Netherlands,125.48,2.977,7,30,20,medium,6,0.222,6686,8,123.4,no,2023-12-24
P05924,Lathe,Valve,Brass,FlowCore,Sweden,215.02,1.273,14,49,20,high,6,0.262,12610,1,127.3,no,2023-11-16
P05925,Conveyor,Seal,Ceramic,FlowCore,Poland,26.82,0.079,14,24,17,low,6,0.407,2770,6,121.6,no,2024-03-06
P05926,Press,Filter,Steel,MotionHub,Italy,26.49,0.223,10,15,10,low,8,0.262,8819,14,80.9,no,2024-06-17
P05927,Lathe,Bearing,Composite,Nordic Motion,Germany,55.76,0.942,15,11,20,medium,5,0.324,4445,13,159.2,yes,2024-11-23
P05928,Lathe,Seal,Aluminum,Nordic Motion,Czech Republic,8.38,0.06,13,12,17,low,5,0.394,1650,6,124.3,no,2023-09-21
P05929,Press,Motor,Ceramic,Activa Parts,Italy,491.23,9.997,23,4,27,low,3,0.262,8934,7,134.9,no,2023-02-23
P05930,Assembly,Gear,Brass,EuroMech,Finland,154.91,1.978,16,38,30,medium,6,0.417,7349,3,106.2,no,2023-03-25
P05931,Conveyor,Seal,Steel,PreciseTech,Germany,8.83,0.06,14,43,25,low,8,0.664,2014,6,129.5,yes,2024-11-19
P05932,Conveyor,Sensor,Ceramic,Nordic Motion,Germany,88.39,0.174,16,15,27,low,8,0.303,7045,6,111.4,no,2024-04-06
P05933,Lathe,Bearing,Aluminum,MotionHub,Finland,90.44,0.74,22,24,28,critical,6,0.335,3259,5,158.3,no,2024-07-13
P05934,Assembly,Tooling,Ceramic,PreciseTech,Italy,143.5,2.65,16,27,10,medium,7,0.743,2777,5,116.8,yes,2023-01-25
P05935,Conveyor,Motor,Brass,PreciseTech,Czech Republic,269.81,11.201,15,23,26,low,7,0.195,11985,5,110.6,yes,2023-06-12
P05936,Press,Seal,Steel,Nordic Motion,Italy,32.57,0.066,14,22,13,medium,7,0.617,2260,8,115.1,yes,2024-05-30
P05937,Packaging,Bearing,Steel,PreciseTech,Germany,64.43,1.224,21,20,21,critical,8,0.161,3802,10,156.7,yes,2024-01-18
P05938,Conveyor,Seal,Steel,SensorWorks,Netherlands,25.14,0.091,19,32,36,medium,7,0.533,2114,12,133.6,yes,2023-11-20
P05939,Conveyor,Controller,Stainless Steel,EuroMech,Germany,890.28,1.078,18,0,25,low,6,0.183,13302,3,56.2,yes,2025-01-26
P05940,Assembly,Pump,Stainless Steel,EuroMech,Poland,1155.0,12.139,23,18,14,critical,7,0.131,10352,1,98.7,yes,2023-07-21
P05941,Conveyor,Sensor,Ceramic,Activa Parts,Sweden,199.0,0.585,18,34,35,medium,7,0.386,4294,5,89.6,yes,2023-09-27
P05942,Press,Gear,Composite,PreciseTech,Netherlands,120.97,2.128,15,39,25,medium,5,0.171,6094,6,117.8,yes,2024-02-20
P05943,Conveyor,Pump,Composite,PreciseTech,Czech Republic,576.16,6.435,17,32,28,medium,5,0.152,8111,5,123.7,yes,2023-11-12
P05944,Packaging,Controller,Aluminum,MotionHub,Italy,764.22,0.95,22,46,18,high,6,0.139,14478,5,68.6,yes,2024-09-08
P05945,Assembly,Pump,Polymer,SensorWorks,Czech Republic,391.05,5.751,10,38,12,low,3,0.157,6991,8,103.4,yes,2024-08-17
P05946,Conveyor,Pump,Composite,FlowCore,Germany,702.94,10.079,25,28,23,medium,5,0.111,5395,7,108.0,yes,2025-01-20
P05947,Packaging,Sensor,Aluminum,Nordic Motion,Finland,75.54,0.261,19,38,19,critical,6,0.318,4892,10,88.5,yes,2024-05-15
P05948,Conveyor,Pump,Ceramic,SensorWorks,Germany,777.17,13.215,29,7,30,high,4,0.207,7943,7,110.5,no,2023-03-21
P05949,Lathe,Valve,Stainless Steel,MotionHub,Italy,223.96,2.999,12,33,14,high,5,0.114,7239,8,129.4,yes,2024-06-18
P05950,Packaging,Valve,Aluminum,SensorWorks,Finland,303.68,0.611,18,16,10,high,4,0.091,9886,8,130.8,yes,2023-07-23
P05951,Press,Sensor,Polymer,FlowCore,Italy,219.49,0.213,17,34,21,low,5,0.126,5852,7,94.5,yes,2024-11-12
P05952,Lathe,Gear,Composite,MotionHub,Finland,147.92,1.915,15,18,13,low,5,0.263,9220,5,124.3,yes,2024-12-17
P05953,Conveyor,Bearing,Stainless Steel,PreciseTech,Netherlands,100.53,0.945,16,20,13,medium,7,0.307,5866,14,121.7,yes,2023-06-05
P05954,Packaging,Cable,Composite,SensorWorks,Czech Republic,36.84,0.84,19,27,18,medium,6,0.237,4701,21,113.6,no,2023-11-18
P05955,Packaging,Valve,Brass,FlowCore,Czech Republic,276.87,1.994,14,27,17,medium,5,0.173,10944,9,110.4,yes,2023-08-12
P05956,Lathe,Controller,Brass,Nordic Motion,Finland,1044.44,1.095,24,34,17,medium,5,0.261,12740,1,59.5,yes,2024-03-01
P05957,Lathe,Sensor,Aluminum,Nordic Motion,Netherlands,99.12,0.273,14,6,19,medium,5,0.134,6750,11,98.0,yes,2024-01-18
P05958,Packaging,Filter,Stainless Steel,EuroMech,Czech Republic,8.77,0.347,13,32,22,high,5,0.165,8310,7,102.8,yes,2023-07-10
P05959,Lathe,Bearing,Stainless Steel,FlowCore,Sweden,143.61,0.587,12,31,13,medium,6,0.604,5490,13,123.4,yes,2025-01-16
P05960,Conveyor,Bearing,Aluminum,MotionHub,Sweden,73.29,0.814,16,24,10,low,7,0.164,5424,13,133.3,no,2023-09-05
P05961,Assembly,Sensor,Polymer,Nordic Motion,Czech Republic,179.05,0.261,12,21,16,medium,5,0.316,8659,9,84.1,yes,2024-04-27
P05962,Conveyor,Sensor,Polymer,PreciseTech,Finland,99.43,0.312,8,12,17,medium,4,0.2,7772,8,72.5,no,2023-05-05
P05963,Packaging,Motor,Ceramic,EuroMech,Netherlands,611.98,13.48,15,12,10,medium,4,0.108,12650,2,109.6,yes,2024-08-15
P05964,Assembly,Tooling,Ceramic,EuroMech,Poland,234.28,1.866,19,0,24,high,9,0.537,2545,6,118.3,no,2024-11-15
P05965,Conveyor,Sensor,Composite,Nordic Motion,Netherlands,40.57,0.189,10,30,36,low,5,0.196,4286,10,92.9,no,2023-03-20
P05966,Packaging,Valve,Composite,SensorWorks,Sweden,72.29,1.455,14,28,16,low,6,0.397,10360,8,123.9,no,2023-06-09
P05967,CNC-Mill,Bearing,Polymer,PreciseTech,Italy,119.55,1.048,7,29,24,medium,5,0.325,4810,9,147.2,no,2023-07-13
P05968,CNC-Mill,Sensor,Steel,EuroMech,Germany,171.46,0.201,17,43,20,high,8,0.261,6192,8,81.2,no,2023-05-07
P05969,Packaging,Sensor,Steel,FlowCore,Italy,108.71,0.241,11,41,16,medium,4,0.122,5160,9,90.1,yes,2023-12-04
P05970,Assembly,Bearing,Ceramic,Activa Parts,Netherlands,161.97,0.759,20,51,16,medium,6,0.517,5835,14,164.3,yes,2024-05-29
P05971,Assembly,Motor,Stainless Steel,Nordic Motion,Poland,511.14,14.365,26,7,25,medium,5,0.151,15951,7,91.5,yes,2025-03-23
P05972,CNC-Mill,Pump,Ceramic,PreciseTech,Czech Republic,119.62,6.376,8,66,12,high,5,0.118,8842,5,131.7,no,2024-06-19
P05973,Lathe,Tooling,Composite,SensorWorks,Poland,372.14,1.29,30,39,25,critical,10,0.427,4633,6,105.3,no,2024-07-24
P05974,CNC-Mill,Belt,Steel,SensorWorks,Czech Republic,22.13,0.432,1,21,9,medium,6,0.222,3148,8,105.7,no,2024-07-20
P05975,CNC-Mill,Motor,Aluminum,MotionHub,Italy,555.19,11.834,19,12,23,medium,7,0.174,13918,4,94.8,yes,2023-04-02
P05976,Assembly,Gear,Brass,Activa Parts,Germany,92.15,0.884,8,26,14,medium,5,0.135,5913,9,116.6,no,2024-05-17
P05977,Conveyor,Bearing,Aluminum,MotionHub,Netherlands,58.18,0.658,14,13,28,high,6,0.298,2227,11,136.1,yes,2024-04-19
P05978,CNC-Mill,Gear,Aluminum,Nordic Motion,Netherlands,162.89,2.595,12,28,11,low,4,0.248,9452,6,134.7,yes,2024-07-06
P05979,CNC-Mill,Pump,Aluminum,Nordic Motion,Czech Republic,489.88,8.585,11,25,22,medium,9,0.137,12831,8,97.6,yes,2023-01-21
P05980,Conveyor,Bearing,Composite,PreciseTech,Netherlands,130.42,0.85,24,5,29,medium,6,0.152,7054,7,165.9,no,2023-11-04
P05981,Conveyor,Bearing,Aluminum,PreciseTech,Czech Republic,71.3,1.425,14,50,8,low,7,0.26,3265,9,137.3,yes,2024-04-02
P05982,Packaging,Gear,Ceramic,EuroMech,Netherlands,141.41,3.109,10,25,21,medium,4,0.162,8264,9,127.5,no,2023-01-03
P05983,CNC-Mill,Sensor,Composite,Nordic Motion,Italy,256.11,0.286,23,7,12,high,5,0.424,6222,8,73.4,no,2023-02-21
P05984,CNC-Mill,Controller,Polymer,Nordic Motion,Italy,582.39,0.976,17,39,24,low,8,0.261,19005,2,53.0,no,2024-10-16
P05985,Conveyor,Valve,Steel,Nordic Motion,Sweden,194.95,1.913,14,40,24,medium,4,0.191,13312,9,125.7,no,2024-01-31
P05986,Packaging,Gear,Polymer,Nordic Motion,Finland,104.05,1.524,15,16,23,high,6,0.323,7237,4,98.0,yes,2024-10-18
P05987,Press,Bearing,Brass,SensorWorks,Czech Republic,51.25,0.772,16,28,15,high,7,0.673,4119,16,144.8,no,2023-02-04
P05988,Assembly,Sensor,Composite,FlowCore,Czech Republic,97.3,0.183,27,28,27,low,2,0.212,4807,12,67.6,no,2024-12-02
P05989,Assembly,Cable,Aluminum,FlowCore,Czech Republic,23.91,0.57,15,20,14,low,5,0.227,5254,19,111.8,yes,2025-02-06
P05990,CNC-Mill,Controller,Brass,PreciseTech,Italy,494.98,1.537,14,18,23,medium,2,0.13,9936,6,47.4,yes,2024-03-08
P05991,Press,Gear,Aluminum,FlowCore,Italy,235.59,1.164,18,29,18,medium,5,0.128,10336,7,94.8,yes,2023-04-11
P05992,CNC-Mill,Motor,Polymer,PreciseTech,Poland,669.11,13.19,17,19,25,medium,3,0.132,13380,7,107.7,yes,2023-11-11
P05993,Conveyor,Gear,Polymer,Activa Parts,Germany,322.74,2.403,21,0,33,low,2,0.248,7879,3,106.7,no,2024-10-28
P05994,Press,Pump,Ceramic,EuroMech,Sweden,757.16,10.113,19,0,32,low,4,0.417,8512,9,141.0,yes,2024-08-05
P05995,Conveyor,Tooling,Ceramic,Nordic Motion,Poland,181.16,3.715,25,1,30,critical,5,0.524,3023,8,119.7,no,2023-05-14
P05996,Packaging,Pump,Aluminum,Activa Parts,Poland,400.67,8.781,24,10,18,low,6,0.35,10502,6,97.8,yes,2024-02-01
P05997,Conveyor,Sensor,Stainless Steel,SensorWorks,Italy,297.85,0.214,14,45,17,medium,6,0.175,6534,5,86.1,yes,2024-07-14
P05998,Press,Controller,Aluminum,SensorWorks,Netherlands,682.58,0.839,10,36,19,medium,8,0.172,15400,7,45.0,no,2024-11-28
P05999,Press,Filter,Aluminum,MotionHub,Germany,14.13,0.444,16,17,23,low,4,0.095,8362,11,97.2,yes,2023-01-13
P06000,Packaging,Valve,Ceramic,PreciseTech,Germany,326.26,2.709,28,7,37,critical,7,0.071,10678,7,133.3,yes,2023-05-04
P06001,Press,Valve,Ceramic,SensorWorks,Poland,180.86,0.904,19,32,13,high,5,0.182,7877,7,142.5,yes,2024-08-18
P06002,Assembly,Filter,Polymer,SensorWorks,Finland,28.85,0.333,11,23,11,low,6,0.185,8136,15,87.3,yes,2023-06-29
P06003,Conveyor,Seal,Brass,MotionHub,Sweden,18.43,0.039,16,21,22,medium,9,0.383,2396,2,115.9,no,2024-10-14
P06004,Packaging,Pump,Ceramic,EuroMech,Netherlands,582.91,13.793,15,38,16,high,5,0.223,8658,8,120.3,yes,2023-04-09
P06005,Assembly,Motor,Steel,EuroMech,Poland,586.11,23.466,14,40,12,medium,5,0.113,11405,1,95.5,yes,2023-10-12
P06006,Packaging,Tooling,Steel,Activa Parts,Germany,92.37,2.849,17,9,24,low,8,0.242,2254,14,123.1,yes,2023-05-11
P06007,Assembly,Filter,Composite,PreciseTech,Sweden,45.54,0.216,19,39,15,medium,4,0.262,6141,14,71.0,yes,2023-12-26
P06008,Press,Gear,Ceramic,SensorWorks,Finland,94.47,1.137,17,22,24,medium,5,0.231,10110,11,125.2,yes,2024-03-06
P06009,CNC-Mill,Gear,Composite,MotionHub,Poland,93.02,2.479,14,5,22,high,4,0.134,8859,8,100.9,yes,2024-09-13
P06010,Lathe,Motor,Ceramic,EuroMech,Poland,983.61,10.562,22,47,31,medium,6,0.106,9836,8,128.3,yes,2023-06-02
P06011,Press,Motor,Aluminum,Activa Parts,Poland,711.2,10.984,20,39,19,medium,6,0.174,12740,3,117.4,no,2023-05-01
P06012,Conveyor,Filter,Ceramic,MotionHub,Sweden,20.26,0.24,13,34,25,high,4,0.112,8066,9,123.8,no,2024-05-29
P06013,CNC-Mill,Motor,Composite,EuroMech,Poland,690.29,8.377,19,26,18,critical,2,0.084,15353,4,114.7,yes,2024-02-19
P06014,Lathe,Bearing,Polymer,MotionHub,Germany,59.06,0.961,12,28,8,medium,4,0.475,5312,10,134.1,no,2023-04-22
P06015,Press,Seal,Polymer,FlowCore,Germany,7.06,0.049,12,28,32,medium,8,1.115,2049,6,117.4,yes,2023-10-27
P06016,Packaging,Motor,Steel,PreciseTech,Finland,1038.92,8.869,6,19,12,high,5,0.314,12501,2,100.5,no,2023-07-18
P06017,Press,Pump,Steel,FlowCore,Czech Republic,422.25,4.369,22,4,28,medium,5,0.116,6043,5,118.3,yes,2023-09-05
P06018,Packaging,Valve,Stainless Steel,Activa Parts,Sweden,235.41,2.452,4,36,21,medium,4,0.314,9061,5,132.4,yes,2025-02-27
P06019,Lathe,Gear,Composite,Nordic Motion,Poland,113.4,0.904,6,37,7,high,7,0.315,8531,6,128.3,no,2024-06-16
P06020,Assembly,Seal,Polymer,MotionHub,Poland,31.76,0.044,19,32,12,high,7,0.424,1958,8,107.7,no,2024-05-19
P06021,Packaging,Bearing,Ceramic,Nordic Motion,Germany,144.2,0.669,15,48,7,low,5,0.495,4050,13,158.5,yes,2023-01-04
P06022,Assembly,Motor,Polymer,Activa Parts,Germany,1203.87,13.866,8,19,10,high,6,0.09,13198,6,95.1,yes,2023-01-19
P06023,Packaging,Filter,Ceramic,SensorWorks,Czech Republic,44.67,0.489,11,33,13,low,7,0.257,8212,6,108.5,yes,2023-03-22
P06024,Lathe,Pump,Composite,FlowCore,Czech Republic,1009.51,8.81,13,20,16,low,7,0.185,9267,3,109.2,no,2025-01-16
P06025,CNC-Mill,Sensor,Brass,FlowCore,Finland,169.3,0.242,18,20,18,medium,7,0.116,8007,9,60.9,no,2023-11-20
P06026,Lathe,Seal,Brass,MotionHub,Poland,23.74,0.09,19,31,26,medium,9,1.479,1873,7,113.0,yes,2024-01-14
P06027,Conveyor,Bearing,Aluminum,MotionHub,Germany,51.69,0.89,11,56,25,high,9,0.207,5211,8,152.0,yes,2023-08-08
P06028,Assembly,Motor,Stainless Steel,FlowCore,Italy,896.91,9.526,15,37,23,high,5,0.113,12107,1,125.6,yes,2025-02-04
P06029,Conveyor,Valve,Steel,EuroMech,Sweden,391.41,4.364,9,29,15,high,6,0.086,13777,1,136.4,no,2023-12-15
P06030,CNC-Mill,Filter,Aluminum,Nordic Motion,Netherlands,23.28,0.221,16,5,16,low,6,0.167,8689,15,78.6,yes,2024-06-17
P06031,Conveyor,Seal,Aluminum,FlowCore,Netherlands,9.56,0.029,7,47,13,medium,9,0.221,2673,9,99.3,yes,2023-01-30
P06032,CNC-Mill,Valve,Aluminum,PreciseTech,Germany,231.96,1.403,11,27,12,medium,5,0.077,9417,13,151.7,yes,2023-10-11
P06033,Lathe,Valve,Aluminum,EuroMech,Sweden,313.03,2.421,12,16,21,medium,6,0.135,10119,7,119.4,yes,2023-02-08
P06034,Conveyor,Belt,Ceramic,Nordic Motion,Poland,67.33,0.33,19,2,20,low,10,0.478,3031,7,136.4,yes,2024-05-06
P06035,Press,Bearing,Brass,FlowCore,Finland,87.32,0.931,16,12,18,high,5,0.425,4043,13,130.9,yes,2024-10-05
P06036,Press,Bearing,Composite,FlowCore,Czech Republic,31.16,0.681,15,42,8,low,9,0.311,6740,12,156.9,no,2024-06-23
P06037,Lathe,Bearing,Stainless Steel,MotionHub,Germany,98.99,0.645,12,29,15,low,5,0.755,4712,12,149.5,no,2024-04-07
P06038,Press,Valve,Stainless Steel,EuroMech,Netherlands,333.72,2.237,21,26,23,medium,7,0.257,11862,8,149.6,yes,2023-02-08
P06039,Lathe,Controller,Ceramic,PreciseTech,Finland,796.96,1.39,7,52,9,low,3,0.085,16584,5,103.1,no,2025-02-25
P06040,Lathe,Pump,Brass,PreciseTech,Germany,558.98,4.01,22,20,27,medium,7,0.228,12555,4,95.3,yes,2025-03-24
P06041,Lathe,Filter,Aluminum,PreciseTech,Sweden,27.64,0.265,15,40,25,low,5,0.148,7628,12,100.9,yes,2024-01-29
P06042,Press,Filter,Polymer,Activa Parts,Finland,29.62,0.147,17,13,26,medium,9,0.266,6459,9,84.8,no,2025-03-01
P06043,Packaging,Valve,Stainless Steel,PreciseTech,Finland,190.92,1.338,20,43,15,low,1,0.244,8085,4,133.4,no,2024-01-20
P06044,Conveyor,Pump,Polymer,MotionHub,Czech Republic,349.17,8.773,13,20,15,medium,6,0.106,10612,6,117.4,yes,2024-04-09
P06045,Conveyor,Sensor,Polymer,EuroMech,Italy,82.24,0.374,7,27,12,high,5,0.212,5340,8,58.8,yes,2025-03-13
P06046,Lathe,Filter,Brass,Nordic Motion,Sweden,35.53,0.174,16,20,18,high,6,0.38,8509,14,101.7,yes,2023-06-03
P06047,Assembly,Filter,Ceramic,MotionHub,Sweden,36.33,0.295,13,29,17,low,2,0.108,8215,12,111.2,yes,2024-06-25
P06048,CNC-Mill,Bearing,Steel,Nordic Motion,Italy,98.64,0.726,13,24,12,medium,5,0.369,4660,7,150.7,no,2023-01-29
P06049,CNC-Mill,Seal,Stainless Steel,MotionHub,Netherlands,22.28,0.045,19,26,17,medium,9,0.703,1924,6,117.9,yes,2023-12-05
P06050,CNC-Mill,Bearing,Composite,FlowCore,Sweden,130.05,0.429,22,4,21,low,4,0.551,4598,13,122.3,yes,2025-02-01
P06051,Press,Bearing,Aluminum,Activa Parts,Finland,93.91,0.913,8,36,6,high,6,0.093,4163,5,138.6,no,2025-01-31
P06052,Press,Filter,Aluminum,Activa Parts,Sweden,37.25,0.138,21,42,20,medium,8,0.165,7986,7,98.1,yes,2024-11-19
P06053,CNC-Mill,Bearing,Ceramic,Nordic Motion,Czech Republic,85.85,0.795,24,31,39,high,6,0.253,5702,13,137.4,yes,2024-04-20
P06054,Conveyor,Valve,Ceramic,MotionHub,Finland,230.31,1.385,21,23,26,critical,6,0.169,10437,4,162.4,yes,2023-06-24
P06055,Lathe,Belt,Composite,EuroMech,Czech Republic,23.9,0.252,19,28,19,high,3,0.754,4038,12,87.2,yes,2024-03-15
P06056,Packaging,Cable,Ceramic,Nordic Motion,Czech Republic,16.98,0.909,9,41,22,high,5,0.177,8602,17,119.6,yes,2024-03-14
P06057,Lathe,Seal,Ceramic,Activa Parts,Poland,39.22,0.068,19,34,15,medium,7,0.857,1957,4,133.4,no,2024-08-16
P06058,Conveyor,Bearing,Stainless Steel,SensorWorks,Italy,93.33,0.743,8,24,13,low,5,0.291,5094,15,133.9,yes,2023-08-22
P06059,CNC-Mill,Filter,Brass,Nordic Motion,Czech Republic,19.73,0.246,18,34,21,high,3,0.173,10516,10,94.3,no,2024-08-10
P06060,Conveyor,Sensor,Stainless Steel,Nordic Motion,Sweden,118.04,0.359,12,34,16,low,9,0.088,6248,10,96.0,yes,2023-10-26
P06061,Press,Tooling,Ceramic,MotionHub,Italy,103.69,1.98,18,29,14,medium,8,0.224,1684,5,133.5,yes,2024-12-24
P06062,CNC-Mill,Belt,Stainless Steel,Activa Parts,Italy,44.24,0.121,11,39,20,medium,9,0.382,2764,5,101.8,yes,2023-10-12
P06063,Lathe,Motor,Aluminum,Nordic Motion,Poland,263.59,8.873,16,33,10,low,5,0.264,8592,2,104.2,yes,2023-08-25
P06064,Assembly,Belt,Stainless Steel,EuroMech,Poland,47.93,0.336,15,42,17,high,10,0.396,2151,8,80.2,yes,2024-11-29
P06065,CNC-Mill,Motor,Polymer,Activa Parts,Netherlands,254.52,8.905,11,31,8,low,5,0.131,11803,2,118.6,yes,2023-02-26
P06066,Packaging,Sensor,Composite,SensorWorks,Netherlands,123.81,0.205,13,16,22,medium,5,0.143,5822,3,77.7,yes,2025-01-30
P06067,Conveyor,Pump,Aluminum,Activa Parts,Italy,266.75,7.902,17,11,16,low,6,0.194,10136,2,107.7,yes,2023-08-01
P06068,Packaging,Seal,Stainless Steel,FlowCore,Germany,28.83,0.025,17,25,20,high,7,0.492,2978,8,121.8,yes,2025-01-24
P06069,Lathe,Sensor,Steel,SensorWorks,Italy,138.25,0.264,19,17,29,medium,3,0.524,5672,9,84.7,no,2023-10-23
P06070,CNC-Mill,Valve,Ceramic,Nordic Motion,Germany,209.99,1.52,17,18,13,high,4,0.73,9232,9,146.8,no,2024-03-17
P06071,Packaging,Gear,Polymer,MotionHub,Finland,117.79,2.544,26,9,18,high,6,0.185,5764,1,105.3,yes,2023-07-06
P06072,Conveyor,Cable,Composite,EuroMech,Czech Republic,37.32,1.256,20,28,18,critical,5,0.356,7954,15,92.1,no,2023-09-05
P06073,Assembly,Sensor,Polymer,PreciseTech,Finland,242.95,0.361,23,8,28,medium,2,0.242,7719,7,103.6,yes,2023-03-02
P06074,Assembly,Bearing,Composite,MotionHub,Czech Republic,169.24,0.624,9,21,0,high,8,0.194,6876,10,139.4,yes,2024-07-24
P06075,CNC-Mill,Valve,Ceramic,EuroMech,Poland,213.01,1.82,7,42,18,medium,4,0.141,10172,6,158.0,yes,2023-04-14
P06076,Press,Bearing,Composite,SensorWorks,Sweden,117.49,0.955,9,34,16,medium,4,0.089,4570,10,149.2,yes,2024-11-06
P06077,CNC-Mill,Bearing,Steel,Activa Parts,Sweden,33.2,1.244,10,44,9,medium,3,0.252,5343,11,135.7,yes,2024-02-23
P06078,CNC-Mill,Controller,Brass,FlowCore,Sweden,514.69,1.138,21,40,23,critical,3,0.339,12994,4,78.6,yes,2024-04-27
P06079,Conveyor,Gear,Aluminum,SensorWorks,Czech Republic,166.46,2.438,16,0,10,medium,4,0.14,7914,1,96.6,yes,2023-03-19
P06080,Lathe,Cable,Ceramic,Activa Parts,Czech Republic,23.92,0.479,20,19,29,low,8,0.333,5495,16,133.8,yes,2024-12-12
P06081,Conveyor,Tooling,Composite,MotionHub,Finland,68.79,2.087,14,12,15,high,10,0.636,2634,6,97.8,no,2025-03-22
P06082,Lathe,Tooling,Ceramic,Nordic Motion,Sweden,124.25,1.639,12,46,15,medium,9,0.585,3132,9,134.2,yes,2023-01-03
P06083,Assembly,Pump,Stainless Steel,PreciseTech,Czech Republic,253.26,7.826,7,31,17,medium,3,0.225,5030,3,108.4,no,2024-07-11
P06084,Assembly,Valve,Ceramic,EuroMech,Italy,208.14,1.309,15,12,28,medium,5,0.251,10102,8,137.5,yes,2024-07-13
P06085,Press,Sensor,Polymer,SensorWorks,Netherlands,140.03,0.159,21,36,24,medium,3,0.176,6097,10,71.3,no,2024-06-20
P06086,Conveyor,Cable,Brass,MotionHub,Poland,30.53,0.892,12,27,19,low,6,0.501,8699,22,96.5,yes,2023-06-06
P06087,Press,Bearing,Aluminum,EuroMech,Italy,94.81,0.723,24,30,28,critical,5,0.261,5044,13,141.6,yes,2023-11-06
P06088,Lathe,Bearing,Polymer,MotionHub,Netherlands,114.96,0.541,21,27,13,high,6,0.195,5098,13,136.1,yes,2023-10-25
P06089,Conveyor,Belt,Stainless Steel,Nordic Motion,Netherlands,32.02,0.283,13,65,12,low,4,0.888,2833,7,136.3,yes,2024-08-16
P06090,Packaging,Motor,Steel,SensorWorks,Poland,491.04,13.47,14,27,14,critical,4,0.128,11141,3,108.4,no,2025-01-31
P06091,Lathe,Pump,Brass,EuroMech,Czech Republic,550.41,7.885,19,7,27,low,6,0.411,6908,6,112.7,yes,2025-02-17
P06092,Conveyor,Filter,Steel,MotionHub,Germany,44.16,0.229,18,22,19,medium,3,0.214,10451,17,104.4,yes,2023-12-25
P06093,Assembly,Valve,Steel,Nordic Motion,Czech Republic,354.26,2.078,7,19,9,low,5,0.215,12417,6,121.5,yes,2023-08-01
P06094,Assembly,Motor,Composite,MotionHub,Germany,336.11,8.278,20,26,23,low,6,0.112,7917,9,86.4,yes,2025-01-25
P06095,Packaging,Seal,Composite,MotionHub,Netherlands,12.51,0.046,13,45,14,medium,6,0.385,2770,3,98.3,yes,2023-08-05
P06096,Assembly,Seal,Ceramic,Activa Parts,Poland,13.36,0.044,9,51,21,low,8,0.604,2620,1,153.6,no,2024-08-21
P06097,Conveyor,Tooling,Polymer,MotionHub,Netherlands,101.79,4.39,13,38,21,high,8,0.552,3504,7,101.3,yes,2024-11-17
P06098,CNC-Mill,Tooling,Brass,Activa Parts,Germany,251.43,5.199,15,65,19,medium,10,1.2,3609,5,112.4,yes,2024-07-20
P06099,Conveyor,Valve,Polymer,MotionHub,Finland,259.39,1.601,32,9,34,critical,5,0.411,10422,8,145.3,yes,2023-07-02
P06100,Assembly,Filter,Composite,EuroMech,Germany,43.13,0.423,16,2,20,low,7,0.228,5931,12,102.7,yes,2024-01-20
P06101,Conveyor,Motor,Stainless Steel,EuroMech,Czech Republic,286.61,5.965,6,37,0,high,7,0.153,12298,10,91.3,no,2025-01-13
P06102,Assembly,Tooling,Steel,Activa Parts,Czech Republic,130.53,0.855,18,33,18,high,7,0.433,3061,8,88.2,yes,2024-08-31
P06103,CNC-Mill,Belt,Ceramic,SensorWorks,Germany,63.95,0.52,13,21,14,medium,5,0.317,3706,8,124.0,yes,2024-06-30
P06104,Lathe,Bearing,Steel,EuroMech,Netherlands,89.07,1.225,23,33,20,low,6,0.229,4545,14,126.3,yes,2024-06-09
P06105,CNC-Mill,Cable,Composite,PreciseTech,Czech Republic,15.42,0.524,15,15,16,medium,3,0.117,7450,14,129.6,yes,2023-09-12
P06106,Lathe,Sensor,Aluminum,SensorWorks,Finland,121.02,0.387,11,20,18,medium,3,0.217,4665,5,99.4,yes,2025-02-16
P06107,Lathe,Pump,Ceramic,Nordic Motion,Italy,388.64,3.406,11,29,8,medium,3,0.168,12333,5,139.7,yes,2024-11-13
P06108,Press,Bearing,Aluminum,MotionHub,Finland,162.78,0.633,25,21,33,critical,7,0.42,6672,15,131.3,yes,2023-02-10
P06109,Conveyor,Valve,Composite,FlowCore,Germany,346.44,0.763,27,7,22,critical,4,0.158,9044,10,118.6,yes,2023-07-22
P06110,Press,Controller,Brass,PreciseTech,Netherlands,924.79,1.026,18,32,22,low,4,0.19,16521,10,76.8,yes,2023-10-16
P06111,CNC-Mill,Sensor,Brass,Activa Parts,Poland,91.43,0.225,12,26,13,critical,5,0.188,5920,7,80.3,yes,2024-08-26
P06112,CNC-Mill,Seal,Steel,SensorWorks,Italy,19.67,0.057,10,15,19,low,8,0.395,2961,10,118.1,no,2023-06-06
P06113,Conveyor,Valve,Aluminum,SensorWorks,Poland,444.65,1.618,12,29,17,medium,4,0.14,9281,9,125.3,yes,2023-07-05
P06114,Assembly,Cable,Aluminum,EuroMech,Czech Republic,20.74,0.656,14,30,16,medium,3,0.068,8648,12,102.2,yes,2024-12-30
P06115,Assembly,Motor,Stainless Steel,PreciseTech,Germany,550.75,10.272,11,21,15,high,6,0.374,11365,5,104.4,yes,2024-11-15
P06116,Conveyor,Sensor,Brass,EuroMech,Sweden,144.07,0.229,16,36,20,high,7,0.282,8594,15,86.4,no,2023-12-03
P06117,Packaging,Cable,Stainless Steel,EuroMech,Czech Republic,22.38,0.87,15,0,19,high,4,0.186,7738,21,97.2,yes,2024-07-30
P06118,Packaging,Pump,Composite,PreciseTech,Finland,404.6,7.867,12,36,21,medium,8,0.203,6566,10,130.3,yes,2023-10-11
P06119,Lathe,Pump,Brass,PreciseTech,Italy,605.03,10.413,35,11,29,critical,2,0.212,7532,7,120.6,yes,2024-11-19
P06120,Assembly,Seal,Stainless Steel,EuroMech,Germany,13.85,0.062,14,1,19,medium,7,0.63,1993,8,113.6,yes,2025-03-12
P06121,Assembly,Valve,Polymer,MotionHub,Italy,200.38,1.311,23,43,23,medium,7,0.163,11322,9,126.2,yes,2024-07-14
P06122,Lathe,Valve,Polymer,PreciseTech,Italy,310.83,1.398,30,0,34,critical,4,0.252,11291,5,113.0,no,2024-04-30
P06123,CNC-Mill,Seal,Stainless Steel,EuroMech,Finland,26.93,0.049,9,41,11,low,5,0.843,2424,8,131.5,no,2024-10-18
P06124,Packaging,Belt,Ceramic,FlowCore,Finland,43.54,0.266,14,33,15,medium,2,0.349,2755,10,137.6,yes,2024-07-14
P06125,Assembly,Gear,Aluminum,FlowCore,Germany,125.62,1.387,14,46,20,low,5,0.158,9350,7,104.0,yes,2024-09-11
P06126,Assembly,Motor,Polymer,MotionHub,Germany,480.02,7.9,8,40,11,low,8,0.076,12751,6,104.2,no,2024-03-06
P06127,CNC-Mill,Tooling,Ceramic,Nordic Motion,Finland,167.43,1.814,21,11,16,low,9,0.579,2034,15,135.0,yes,2024-09-11
P06128,CNC-Mill,Pump,Ceramic,EuroMech,Finland,405.68,6.588,18,21,12,medium,5,0.081,4964,5,123.5,yes,2023-08-15
P06129,Lathe,Pump,Stainless Steel,SensorWorks,Sweden,601.18,7.31,20,0,24,low,6,0.174,7113,7,110.3,yes,2024-05-14
P06130,Packaging,Pump,Polymer,FlowCore,Czech Republic,411.79,11.282,20,30,19,critical,2,0.409,9775,9,129.8,no,2024-11-12
P06131,Assembly,Bearing,Composite,SensorWorks,Italy,109.37,2.105,19,29,16,high,4,0.726,4040,9,139.0,no,2025-02-16
P06132,Press,Pump,Steel,Activa Parts,Finland,409.35,8.906,4,25,16,high,3,0.169,10192,8,114.3,no,2023-01-09
P06133,Press,Bearing,Polymer,Nordic Motion,Poland,106.55,0.704,9,37,16,medium,10,0.245,3680,12,119.6,yes,2023-10-15
P06134,Packaging,Tooling,Brass,PreciseTech,Poland,151.3,1.577,15,33,23,low,10,0.412,3378,3,124.3,yes,2025-02-06
P06135,Lathe,Sensor,Polymer,Nordic Motion,Netherlands,143.53,0.212,13,13,23,medium,4,0.18,9306,7,85.9,no,2024-08-17
P06136,Conveyor,Bearing,Stainless Steel,PreciseTech,Germany,38.75,0.913,12,21,8,low,4,0.168,4894,9,150.0,no,2024-05-05
P06137,Conveyor,Gear,Aluminum,MotionHub,Germany,157.72,2.211,17,22,12,medium,4,0.123,8333,4,103.7,no,2024-06-24
P06138,Packaging,Tooling,Brass,Nordic Motion,Sweden,134.67,1.792,14,44,12,medium,5,0.385,2157,8,110.2,yes,2023-03-17
P06139,Press,Bearing,Ceramic,PreciseTech,Italy,108.04,1.012,19,24,23,medium,8,0.287,3518,12,160.9,yes,2023-06-04
P06140,Packaging,Sensor,Aluminum,FlowCore,Italy,117.38,0.183,20,42,18,medium,4,0.155,8177,14,91.4,no,2024-12-29
P06141,Assembly,Bearing,Ceramic,PreciseTech,Poland,73.05,0.655,20,36,24,high,7,0.438,6046,9,134.4,yes,2023-09-12
P06142,Lathe,Bearing,Steel,SensorWorks,Czech Republic,94.32,0.449,16,19,17,medium,5,0.527,6279,13,154.2,no,2024-01-10
P06143,Press,Belt,Polymer,Activa Parts,Italy,67.71,0.785,19,31,21,high,6,0.877,3623,10,97.9,yes,2024-12-03
P06144,Press,Cable,Brass,PreciseTech,Netherlands,15.73,0.618,10,20,14,medium,5,0.25,7821,24,89.4,yes,2023-03-07
P06145,Conveyor,Sensor,Brass,PreciseTech,Netherlands,72.08,0.26,13,31,27,medium,7,0.096,7191,8,72.5,yes,2024-03-11
P06146,Lathe,Filter,Composite,PreciseTech,Netherlands,13.4,0.267,12,35,23,low,4,0.259,6060,13,98.9,yes,2023-10-16
P06147,Press,Pump,Stainless Steel,SensorWorks,Germany,550.83,12.3,6,21,9,low,8,0.093,8058,8,108.1,no,2025-03-14
P06148,CNC-Mill,Pump,Stainless Steel,EuroMech,Poland,388.8,11.252,26,0,34,critical,4,0.127,4591,2,126.7,no,2024-06-05
P06149,Press,Motor,Aluminum,Activa Parts,Germany,421.56,11.833,12,23,18,low,5,0.088,10182,1,97.6,yes,2025-02-24
P06150,Packaging,Pump,Ceramic,FlowCore,Italy,507.2,6.479,14,39,15,high,7,0.555,8707,4,126.8,yes,2024-12-25
P06151,CNC-Mill,Cable,Ceramic,SensorWorks,Italy,34.91,0.368,16,17,17,low,6,0.503,5933,23,138.1,no,2023-06-03
P06152,Conveyor,Belt,Steel,EuroMech,Netherlands,34.78,0.349,13,0,23,high,5,0.365,3383,5,105.8,yes,2024-03-18
P06153,CNC-Mill,Motor,Ceramic,PreciseTech,Netherlands,613.96,20.253,12,23,15,high,4,0.115,16612,2,120.5,yes,2024-04-22
P06154,Lathe,Sensor,Composite,EuroMech,Poland,198.76,0.426,38,34,31,critical,6,0.188,5886,4,80.6,yes,2023-12-21
P06155,CNC-Mill,Sensor,Aluminum,EuroMech,Germany,135.05,0.39,19,12,19,medium,6,0.118,5503,10,68.6,yes,2024-01-31
P06156,Lathe,Valve,Polymer,FlowCore,Italy,141.65,1.261,13,2,20,medium,5,0.199,10176,4,124.7,yes,2024-03-26
P06157,Assembly,Gear,Polymer,FlowCore,Germany,94.88,1.592,9,37,34,high,4,0.119,6997,11,107.6,yes,2025-02-15
P06158,Press,Filter,Aluminum,FlowCore,Finland,34.94,0.266,12,47,22,high,4,0.164,7449,11,114.3,yes,2023-05-05
P06159,Assembly,Bearing,Steel,FlowCore,Sweden,80.93,1.122,10,61,16,high,6,0.748,5409,12,131.4,yes,2023-09-18
P06160,Assembly,Bearing,Polymer,PreciseTech,Czech Republic,143.99,1.017,14,31,13,low,8,0.245,5725,11,130.9,no,2025-01-04
P06161,Assembly,Motor,Brass,PreciseTech,Netherlands,515.3,17.036,12,44,18,medium,6,0.085,12114,11,128.7,yes,2024-04-05
P06162,Assembly,Pump,Stainless Steel,EuroMech,Italy,502.28,7.116,12,4,22,high,2,0.168,7273,11,122.8,no,2024-10-10
P06163,Conveyor,Gear,Aluminum,Nordic Motion,Germany,165.28,2.415,10,42,15,low,6,0.047,8568,8,114.8,yes,2024-02-09
P06164,Packaging,Valve,Stainless Steel,Nordic Motion,Czech Republic,263.93,1.794,13,14,13,low,6,0.164,9951,8,120.3,yes,2024-05-17
P06165,Conveyor,Seal,Polymer,Activa Parts,Netherlands,19.19,0.098,14,14,24,medium,9,0.813,2751,7,139.0,yes,2023-04-02
P06166,Packaging,Bearing,Ceramic,SensorWorks,Finland,137.37,1.005,20,16,18,medium,7,0.173,5981,13,161.1,no,2024-07-13
P06167,Packaging,Bearing,Composite,EuroMech,Netherlands,303.87,1.003,17,0,21,low,6,0.192,4414,11,131.6,yes,2023-02-26
P06168,Press,Motor,Steel,FlowCore,Poland,589.85,16.605,10,21,15,medium,4,0.2,12527,4,111.0,yes,2024-02-06
P06169,CNC-Mill,Cable,Aluminum,Nordic Motion,Finland,22.14,0.971,15,29,29,low,4,0.173,8790,15,120.9,yes,2023-06-13
P06170,Assembly,Belt,Polymer,PreciseTech,Finland,50.08,0.327,15,13,26,high,6,0.646,2649,5,91.3,no,2024-11-25
P06171,Packaging,Filter,Aluminum,SensorWorks,Poland,50.98,0.444,22,32,21,medium,4,0.531,10233,18,80.3,yes,2023-01-12
P06172,Lathe,Valve,Composite,EuroMech,Germany,182.65,2.078,23,24,21,medium,6,0.143,9123,4,128.1,yes,2023-07-22
P06173,CNC-Mill,Tooling,Aluminum,EuroMech,Czech Republic,94.09,2.583,11,20,23,low,5,0.485,2936,9,133.5,yes,2023-07-23
P06174,Assembly,Gear,Stainless Steel,EuroMech,Netherlands,141.13,1.217,14,5,17,high,4,0.31,5880,1,113.3,no,2023-09-02
P06175,Lathe,Pump,Steel,PreciseTech,Italy,707.12,9.82,20,32,28,low,5,0.186,11232,7,101.4,yes,2024-10-05
P06176,Lathe,Gear,Aluminum,Activa Parts,Czech Republic,181.33,1.623,15,10,23,medium,5,0.318,9309,5,92.8,no,2023-07-07
P06177,Assembly,Filter,Steel,MotionHub,Netherlands,33.31,0.246,8,55,13,low,7,0.198,7731,11,79.2,yes,2025-02-08
P06178,Assembly,Gear,Steel,Activa Parts,Netherlands,151.32,2.047,12,34,19,low,5,0.06,5471,5,102.8,no,2023-07-16
P06179,Packaging,Cable,Stainless Steel,MotionHub,Finland,13.56,0.387,14,37,26,high,7,0.277,8270,22,98.5,yes,2024-11-11
P06180,Lathe,Controller,Stainless Steel,MotionHub,Czech Republic,690.15,0.529,6,53,16,high,4,0.157,19019,3,45.1,yes,2024-02-05
P06181,CNC-Mill,Cable,Composite,MotionHub,Finland,40.53,1.204,13,33,13,low,7,0.127,8860,15,95.7,yes,2024-08-10
P06182,Assembly,Bearing,Steel,FlowCore,Netherlands,54.65,0.734,10,30,16,high,4,0.517,6052,8,138.9,yes,2023-03-10
P06183,Press,Sensor,Ceramic,EuroMech,Finland,89.53,0.164,18,37,20,medium,6,0.188,7832,7,111.3,no,2024-06-25
P06184,CNC-Mill,Belt,Composite,Activa Parts,Poland,66.22,0.479,17,9,17,medium,6,0.213,3021,6,112.8,yes,2023-07-01
P06185,Press,Bearing,Steel,FlowCore,Germany,52.88,0.61,19,53,34,critical,7,0.712,2841,1,138.4,yes,2024-07-20
P06186,Packaging,Valve,Aluminum,FlowCore,Sweden,166.43,1.05,24,15,21,high,5,0.129,9121,12,131.2,yes,2023-05-15
P06187,Packaging,Cable,Composite,SensorWorks,Germany,24.94,0.357,12,21,20,high,3,0.267,6699,16,109.6,no,2023-02-08
P06188,Lathe,Belt,Aluminum,Nordic Motion,Czech Republic,39.07,0.344,8,21,22,high,8,0.405,2946,7,116.0,yes,2024-10-05
P06189,Packaging,Filter,Ceramic,FlowCore,Italy,25.98,0.295,16,43,18,medium,5,0.095,9817,18,129.9,no,2023-05-11
P06190,Assembly,Gear,Ceramic,PreciseTech,Netherlands,164.57,1.722,14,31,15,high,7,0.207,6684,11,136.2,yes,2024-01-19
P06191,Conveyor,Filter,Composite,MotionHub,Germany,21.86,0.244,24,59,28,medium,4,0.423,8441,16,71.5,yes,2024-11-24
P06192,Lathe,Pump,Stainless Steel,Nordic Motion,Sweden,409.28,8.656,8,33,17,high,3,0.296,9323,6,103.3,yes,2024-07-07
P06193,Packaging,Pump,Ceramic,MotionHub,Finland,330.16,7.7,9,11,7,low,7,0.087,13023,8,117.2,yes,2025-02-15
P06194,Packaging,Sensor,Composite,Nordic Motion,Finland,80.21,0.328,7,48,18,low,5,0.154,5874,13,66.3,yes,2024-04-04
P06195,Assembly,Tooling,Ceramic,Activa Parts,Czech Republic,147.9,1.566,8,30,23,high,9,0.827,2479,12,124.2,yes,2023-07-18
P06196,Conveyor,Cable,Stainless Steel,SensorWorks,Sweden,14.06,1.073,11,35,13,high,5,0.187,10602,19,107.8,yes,2023-08-03
P06197,CNC-Mill,Pump,Stainless Steel,MotionHub,Czech Republic,594.61,7.624,16,6,20,medium,1,0.122,11838,8,116.4,yes,2023-01-05
P06198,Conveyor,Controller,Steel,Activa Parts,Italy,940.14,1.85,14,27,10,medium,8,0.141,10781,1,56.0,yes,2023-12-15
P06199,Packaging,Sensor,Polymer,Activa Parts,Netherlands,191.29,0.217,17,9,13,high,1,0.312,5434,7,79.1,yes,2024-04-23
P06200,Assembly,Valve,Composite,PreciseTech,Sweden,115.86,1.834,15,15,14,medium,5,0.337,11343,8,128.3,no,2023-01-07
P06201,Assembly,Motor,Ceramic,Activa Parts,Netherlands,755.98,6.182,26,18,27,low,6,0.144,6806,5,122.4,yes,2024-07-13
P06202,Conveyor,Seal,Aluminum,FlowCore,Germany,7.87,0.057,17,35,18,medium,6,0.784,2850,6,105.4,no,2025-01-27
P06203,Conveyor,Seal,Steel,Activa Parts,Poland,16.38,0.038,19,5,29,medium,10,0.497,1060,8,128.8,yes,2024-05-09
P06204,Packaging,Valve,Ceramic,PreciseTech,Sweden,269.47,1.863,15,15,17,medium,6,0.161,10366,3,161.2,no,2024-04-02
P06205,CNC-Mill,Seal,Composite,Activa Parts,Netherlands,13.59,0.052,19,12,25,medium,10,0.49,2526,7,95.5,yes,2024-12-01
P06206,Conveyor,Motor,Ceramic,Nordic Motion,Germany,404.06,8.674,12,19,16,medium,6,0.108,12527,7,123.1,yes,2024-05-10
P06207,Lathe,Bearing,Stainless Steel,PreciseTech,Netherlands,108.14,0.63,21,10,19,low,3,0.294,5088,11,153.1,yes,2024-03-20
P06208,CNC-Mill,Pump,Brass,SensorWorks,Italy,230.62,10.882,12,34,0,critical,4,0.291,10116,8,122.8,yes,2023-07-23
P06209,Packaging,Controller,Brass,MotionHub,Italy,706.83,0.864,21,30,19,low,9,0.103,13996,1,71.0,yes,2023-03-02
P06210,Lathe,Filter,Steel,PreciseTech,Italy,23.75,0.193,11,17,19,low,6,0.382,7613,16,91.3,no,2023-12-07
P06211,CNC-Mill,Sensor,Polymer,SensorWorks,Netherlands,111.16,0.251,13,33,10,medium,5,0.245,5089,11,86.1,yes,2023-12-10
P06212,CNC-Mill,Filter,Stainless Steel,EuroMech,Italy,41.63,0.243,24,36,19,medium,5,0.155,10021,20,91.0,no,2023-09-03
P06213,Conveyor,Seal,Brass,EuroMech,Sweden,11.37,0.062,12,12,21,medium,9,0.869,1895,3,127.1,yes,2024-07-21
P06214,Packaging,Sensor,Ceramic,MotionHub,Germany,226.09,0.205,11,28,16,high,3,0.153,6776,7,105.6,no,2024-03-18
P06215,Assembly,Filter,Polymer,FlowCore,Czech Republic,36.37,0.413,11,21,25,low,5,0.295,7251,14,100.0,yes,2023-11-28
P06216,Conveyor,Bearing,Stainless Steel,MotionHub,Czech Republic,69.98,0.792,20,57,27,medium,8,0.929,4060,12,115.2,yes,2023-09-21
P06217,Lathe,Gear,Ceramic,Nordic Motion,Czech Republic,206.04,1.711,12,16,18,high,4,0.195,8681,7,111.9,no,2023-09-08
P06218,Assembly,Controller,Ceramic,EuroMech,Sweden,462.04,1.081,5,30,16,medium,4,0.128,11100,4,71.6,yes,2023-03-04
P06219,Conveyor,Cable,Composite,EuroMech,Czech Republic,30.88,0.886,19,27,30,low,5,0.44,7924,21,119.0,yes,2023-08-15
P06220,Press,Gear,Polymer,FlowCore,Germany,126.22,1.438,12,37,16,medium,3,0.14,6611,5,118.3,yes,2024-01-07
P06221,Conveyor,Sensor,Steel,MotionHub,Czech Republic,147.01,0.242,17,36,18,low,5,0.171,4778,8,87.4,yes,2025-02-23
P06222,Packaging,Valve,Composite,MotionHub,Sweden,255.87,1.157,6,26,14,low,6,0.136,8005,1,131.6,yes,2023-11-23
P06223,Assembly,Filter,Brass,Nordic Motion,Italy,19.01,0.261,16,21,13,critical,3,0.288,10560,19,110.2,yes,2023-10-16
P06224,Conveyor,Cable,Aluminum,Activa Parts,Germany,47.34,0.441,17,19,21,medium,4,0.425,14767,22,102.6,no,2023-06-28
P06225,Lathe,Cable,Steel,MotionHub,Sweden,31.27,0.775,22,11,25,critical,8,0.155,6987,16,103.9,yes,2024-01-09
P06226,Packaging,Controller,Stainless Steel,MotionHub,Czech Republic,477.08,1.051,9,29,9,medium,5,0.11,10081,1,45.0,yes,2024-03-01
P06227,Press,Seal,Polymer,PreciseTech,Germany,11.81,0.075,29,6,22,critical,5,0.584,1877,9,113.7,yes,2023-12-08
P06228,Conveyor,Gear,Aluminum,Nordic Motion,Finland,129.62,6.644,26,39,31,medium,8,0.145,8526,3,105.9,no,2024-06-11
P06229,CNC-Mill,Belt,Polymer,FlowCore,Italy,68.48,0.36,19,51,21,medium,7,0.591,4312,1,117.3,yes,2024-07-29
P06230,CNC-Mill,Motor,Aluminum,MotionHub,Poland,321.44,11.584,16,33,20,low,7,0.079,7573,7,128.6,yes,2023-06-18
P06231,Conveyor,Filter,Stainless Steel,Nordic Motion,Germany,15.08,0.204,25,14,25,critical,5,0.213,9874,8,96.5,no,2025-02-14
P06232,Press,Gear,Aluminum,PreciseTech,Germany,187.5,1.693,17,41,3,low,9,0.321,8356,10,118.1,yes,2025-02-10
P06233,Packaging,Pump,Composite,SensorWorks,Finland,717.38,5.636,25,9,15,critical,2,0.121,6883,6,98.8,yes,2024-07-21
P06234,Packaging,Valve,Composite,PreciseTech,Germany,157.51,2.275,23,0,21,medium,8,0.216,11661,4,126.7,yes,2024-01-07
P06235,CNC-Mill,Valve,Composite,Nordic Motion,Poland,243.0,1.415,10,32,16,low,6,0.187,9089,9,122.6,no,2024-03-01
P06236,Packaging,Seal,Polymer,Nordic Motion,Netherlands,15.29,0.047,16,37,17,medium,8,0.317,2585,4,113.8,no,2024-08-04
P06237,Conveyor,Belt,Steel,FlowCore,Germany,30.69,0.88,23,28,24,critical,10,0.236,3739,4,137.0,yes,2025-01-21
P06238,CNC-Mill,Sensor,Steel,Activa Parts,Sweden,97.8,0.238,16,35,9,medium,8,0.105,6356,5,81.2,yes,2023-05-03
P06239,Assembly,Sensor,Polymer,PreciseTech,Sweden,110.04,0.153,11,20,15,high,6,0.468,6576,8,83.9,yes,2023-12-17
P06240,Press,Bearing,Ceramic,SensorWorks,Italy,96.58,0.717,13,49,23,low,5,0.527,3886,14,146.1,yes,2025-02-07
P06241,Press,Gear,Steel,SensorWorks,Poland,239.68,1.24,18,5,32,medium,7,0.086,9391,7,122.3,yes,2024-02-09
P06242,CNC-Mill,Tooling,Polymer,PreciseTech,Netherlands,125.47,2.437,14,17,8,medium,8,0.822,2899,7,117.4,yes,2024-02-15
P06243,Lathe,Valve,Composite,Activa Parts,Finland,182.15,2.257,12,37,19,high,4,0.15,10385,1,121.2,yes,2024-07-03
P06244,CNC-Mill,Cable,Stainless Steel,Nordic Motion,Sweden,19.94,1.158,11,30,13,high,5,0.494,6566,15,125.9,no,2024-11-17
P06245,Press,Motor,Stainless Steel,Activa Parts,Italy,509.46,10.881,21,22,22,critical,7,0.175,16818,7,120.2,yes,2023-11-08
P06246,CNC-Mill,Tooling,Steel,PreciseTech,Germany,153.69,2.889,23,29,27,critical,8,0.403,2998,5,97.2,yes,2024-03-22
P06247,Assembly,Gear,Composite,SensorWorks,Netherlands,107.38,1.529,8,18,21,low,8,0.316,6859,3,95.1,yes,2024-02-17
P06248,Press,Motor,Ceramic,EuroMech,Poland,274.96,15.054,17,16,16,medium,8,0.163,14919,2,145.3,yes,2024-06-15
P06249,Lathe,Belt,Stainless Steel,Nordic Motion,Poland,25.99,0.246,16,25,13,medium,4,0.384,4007,12,119.3,yes,2023-04-09
P06250,Conveyor,Belt,Stainless Steel,EuroMech,Sweden,84.83,0.302,24,10,30,low,9,0.346,4031,6,125.7,yes,2023-02-04
P06251,Packaging,Bearing,Ceramic,SensorWorks,Poland,134.37,1.165,25,25,27,critical,6,0.344,5145,10,147.6,yes,2023-01-07
P06252,Assembly,Sensor,Ceramic,Activa Parts,Netherlands,160.67,0.323,15,37,19,low,6,0.225,7604,8,111.2,yes,2023-02-27
P06253,Conveyor,Seal,Ceramic,PreciseTech,Poland,36.58,0.046,28,32,28,critical,10,0.465,2236,5,150.5,yes,2024-12-26
P06254,Packaging,Filter,Steel,Activa Parts,Italy,61.93,0.373,21,17,26,medium,5,0.088,8342,15,95.2,yes,2024-06-19
P06255,Press,Cable,Brass,PreciseTech,Germany,20.76,0.503,16,11,21,medium,7,0.18,8172,13,121.2,no,2024-06-05
P06256,Press,Motor,Steel,FlowCore,Netherlands,341.07,12.82,23,55,18,low,5,0.177,8961,3,82.7,no,2025-01-13
P06257,Packaging,Seal,Ceramic,MotionHub,Finland,11.7,0.036,20,35,27,low,9,0.576,1692,4,115.7,yes,2024-12-11
P06258,Packaging,Seal,Ceramic,SensorWorks,Sweden,18.57,0.038,18,29,22,low,10,0.494,2857,7,151.7,yes,2025-02-19
P06259,Assembly,Filter,Steel,Nordic Motion,Germany,30.31,0.385,10,42,15,medium,6,0.471,5427,11,86.8,yes,2024-12-13
P06260,Conveyor,Bearing,Aluminum,MotionHub,Czech Republic,122.4,0.836,19,29,26,high,4,0.826,4733,10,162.4,yes,2023-09-13
P06261,Assembly,Sensor,Brass,FlowCore,Sweden,175.76,0.248,14,38,24,low,8,0.349,6268,11,89.4,yes,2024-08-14
P06262,Lathe,Pump,Stainless Steel,FlowCore,Poland,519.72,7.482,11,33,7,high,6,0.116,10853,6,106.4,yes,2024-03-31
P06263,Conveyor,Filter,Steel,PreciseTech,Sweden,65.22,0.224,11,15,19,medium,1,0.166,9488,13,109.3,yes,2025-02-06
P06264,Packaging,Controller,Ceramic,Nordic Motion,Finland,457.25,1.087,2,47,19,low,4,0.079,14520,4,90.0,yes,2024-04-26
P06265,CNC-Mill,Bearing,Stainless Steel,Activa Parts,Czech Republic,76.15,0.782,19,9,26,critical,5,0.364,2895,12,128.8,no,2024-05-15
P06266,Press,Belt,Composite,EuroMech,Netherlands,68.33,0.285,19,17,27,medium,7,0.619,3112,5,114.7,no,2023-02-14
P06267,Packaging,Motor,Steel,SensorWorks,Germany,279.38,6.319,12,45,17,high,4,0.24,12700,5,92.0,no,2023-06-08
P06268,Press,Gear,Ceramic,SensorWorks,Sweden,139.27,1.534,17,29,24,medium,3,0.199,6876,5,121.2,yes,2024-05-30
P06269,Press,Controller,Brass,EuroMech,Sweden,1225.93,1.193,17,35,21,high,4,0.111,12142,2,75.1,yes,2023-10-02
P06270,Packaging,Gear,Aluminum,Nordic Motion,Poland,139.81,2.367,12,8,9,high,7,0.157,7075,12,113.0,yes,2024-10-09
P06271,Assembly,Gear,Polymer,Nordic Motion,Germany,147.08,1.789,16,29,27,low,4,0.156,9348,4,119.8,yes,2023-04-18
P06272,CNC-Mill,Controller,Stainless Steel,Activa Parts,Poland,1091.04,1.584,13,21,24,medium,5,0.089,14472,1,45.0,yes,2024-07-08
P06273,Assembly,Motor,Stainless Steel,Nordic Motion,Netherlands,357.55,23.444,19,16,23,medium,1,0.189,8975,8,103.0,yes,2023-10-23
P06274,Conveyor,Cable,Stainless Steel,EuroMech,Czech Republic,12.76,0.658,11,19,22,medium,5,0.368,6639,19,119.4,no,2024-08-09
P06275,Conveyor,Filter,Aluminum,Activa Parts,Germany,32.36,0.12,23,48,28,high,6,0.334,7758,15,85.3,no,2023-11-12
P06276,CNC-Mill,Filter,Ceramic,Nordic Motion,Sweden,27.21,0.277,20,21,28,low,6,0.141,7820,19,99.2,yes,2024-11-05
P06277,CNC-Mill,Seal,Ceramic,EuroMech,Sweden,23.63,0.045,15,0,12,high,7,0.669,1867,5,118.6,yes,2023-06-24
P06278,CNC-Mill,Bearing,Composite,FlowCore,Czech Republic,152.93,0.846,6,33,14,low,4,0.146,6104,6,135.8,no,2024-01-24
P06279,Conveyor,Filter,Brass,FlowCore,Poland,34.13,0.144,16,40,23,medium,6,0.361,6047,18,84.0,yes,2023-06-27
P06280,Lathe,Pump,Ceramic,FlowCore,Netherlands,430.81,12.328,16,25,26,high,4,0.263,4686,8,134.5,yes,2024-06-22
P06281,Conveyor,Seal,Brass,SensorWorks,Sweden,13.06,0.057,19,13,31,medium,9,0.341,2711,11,106.1,no,2025-03-06
P06282,Conveyor,Sensor,Stainless Steel,EuroMech,Netherlands,115.39,0.374,19,6,24,high,8,0.214,4447,9,90.6,no,2023-12-28
P06283,Assembly,Bearing,Stainless Steel,EuroMech,Finland,106.57,0.628,14,6,19,high,8,0.273,3328,17,96.3,yes,2023-10-06
P06284,Conveyor,Tooling,Polymer,Nordic Motion,Netherlands,151.51,0.967,9,23,25,low,6,0.625,2196,3,105.7,yes,2024-12-07
P06285,Press,Seal,Composite,FlowCore,Czech Republic,29.95,0.056,21,7,29,low,8,0.534,2526,10,117.3,yes,2024-04-22
P06286,CNC-Mill,Seal,Composite,MotionHub,Czech Republic,18.91,0.033,9,18,28,medium,10,0.512,1541,12,105.2,yes,2024-02-24
P06287,Packaging,Bearing,Stainless Steel,FlowCore,Poland,144.03,1.541,19,46,17,medium,7,0.326,5565,14,123.6,yes,2024-01-29
P06288,Packaging,Sensor,Aluminum,EuroMech,Finland,104.05,0.166,17,15,20,low,6,0.261,5581,9,91.4,yes,2023-06-16
P06289,Conveyor,Pump,Ceramic,PreciseTech,Germany,831.94,6.556,24,17,22,low,4,0.219,8600,3,124.6,yes,2024-05-08
P06290,CNC-Mill,Tooling,Steel,EuroMech,Czech Republic,130.56,2.574,13,36,25,medium,7,0.301,3370,7,87.1,yes,2023-02-16
P06291,Lathe,Seal,Brass,FlowCore,Netherlands,31.68,0.048,19,18,20,high,8,0.148,2152,8,138.1,yes,2023-11-24
P06292,Press,Bearing,Composite,Nordic Motion,Czech Republic,55.13,0.947,27,30,29,critical,8,0.32,4322,8,135.9,yes,2023-07-24
P06293,Packaging,Motor,Composite,FlowCore,Sweden,671.39,9.287,26,35,34,critical,7,0.143,11405,3,101.2,no,2024-04-18
P06294,Press,Belt,Stainless Steel,MotionHub,Czech Republic,28.87,0.333,18,28,12,medium,6,0.77,3153,5,114.8,yes,2023-12-19
P06295,Press,Filter,Composite,Nordic Motion,Poland,19.21,0.353,17,17,19,medium,5,0.738,4975,13,102.1,yes,2023-01-30
P06296,Lathe,Tooling,Composite,Activa Parts,Germany,215.73,1.683,14,36,27,high,4,0.413,3937,11,117.4,yes,2023-10-21
P06297,Packaging,Bearing,Brass,MotionHub,Czech Republic,119.58,1.375,16,39,22,low,6,0.507,5193,11,143.7,yes,2024-03-07
P06298,CNC-Mill,Sensor,Steel,EuroMech,Italy,99.15,0.166,13,25,13,low,3,0.236,7434,9,103.9,yes,2023-03-29
P06299,Packaging,Filter,Polymer,Activa Parts,Netherlands,16.08,0.359,16,28,29,low,4,0.218,7727,12,117.4,yes,2023-10-12
P06300,Lathe,Seal,Brass,EuroMech,Finland,11.67,0.066,11,16,20,high,6,0.217,1812,3,127.7,yes,2023-04-19
P06301,Packaging,Bearing,Steel,PreciseTech,Finland,150.89,1.118,16,40,16,high,8,0.143,6360,12,127.4,yes,2024-05-20
P06302,Assembly,Cable,Polymer,PreciseTech,Poland,20.14,0.922,13,6,22,low,3,0.11,6107,13,128.9,no,2025-01-25
P06303,Conveyor,Valve,Composite,Nordic Motion,Finland,258.43,1.386,12,28,0,medium,7,0.147,12964,2,121.9,no,2023-05-11
P06304,CNC-Mill,Pump,Polymer,PreciseTech,Germany,611.23,6.866,23,10,12,medium,3,0.139,7349,10,127.3,yes,2023-02-24
P06305,Press,Pump,Ceramic,Nordic Motion,Netherlands,817.68,8.122,22,40,16,low,6,0.181,7188,5,115.8,yes,2024-04-27
P06306,Assembly,Gear,Steel,MotionHub,Poland,229.14,2.217,19,6,20,medium,4,0.112,9239,3,101.1,yes,2024-06-15
P06307,Lathe,Sensor,Polymer,Activa Parts,Poland,59.88,0.313,2,4,16,medium,4,0.211,9142,9,55.7,no,2023-04-16
P06308,Assembly,Tooling,Aluminum,SensorWorks,Czech Republic,144.6,1.423,2,30,14,medium,9,0.381,2446,5,101.7,yes,2023-04-11
P06309,CNC-Mill,Tooling,Brass,FlowCore,Czech Republic,86.57,1.963,11,12,14,medium,9,0.572,2499,4,123.9,yes,2024-01-02
P06310,Lathe,Cable,Polymer,Nordic Motion,Poland,36.09,1.069,21,35,26,low,4,0.171,5572,20,115.9,yes,2023-12-23
P06311,Conveyor,Motor,Polymer,FlowCore,Sweden,491.44,9.209,9,29,25,high,6,0.274,10552,13,80.6,no,2024-12-21
P06312,Assembly,Pump,Brass,PreciseTech,Czech Republic,339.22,9.347,10,31,9,medium,6,0.106,9214,5,121.4,yes,2024-04-26
P06313,CNC-Mill,Bearing,Steel,Nordic Motion,Sweden,77.26,1.152,19,35,18,low,5,0.195,7268,12,155.4,yes,2024-01-14
P06314,Press,Gear,Composite,Nordic Motion,Italy,119.23,1.869,9,6,12,low,7,0.161,9212,7,127.7,yes,2023-06-03
P06315,Press,Motor,Composite,Activa Parts,Sweden,461.9,15.958,11,26,2,medium,6,0.096,11764,1,97.8,yes,2023-07-27
P06316,Assembly,Sensor,Brass,Activa Parts,Poland,257.83,0.426,24,0,17,high,7,0.291,6617,9,86.8,yes,2023-06-06
P06317,Lathe,Sensor,Composite,Nordic Motion,Sweden,75.66,0.214,18,26,20,medium,5,0.211,5866,8,79.5,yes,2024-04-27
P06318,Conveyor,Filter,Composite,Activa Parts,Czech Republic,55.38,0.219,21,33,17,low,8,0.183,10348,10,78.2,yes,2024-06-01
P06319,Lathe,Pump,Ceramic,PreciseTech,Czech Republic,252.33,9.014,13,22,18,medium,6,0.32,7155,3,117.7,yes,2023-08-28
P06320,Assembly,Motor,Composite,Nordic Motion,Poland,695.16,13.506,23,49,18,low,6,0.095,13539,6,94.9,yes,2024-03-19
P06321,Press,Motor,Polymer,Activa Parts,Poland,592.64,13.136,8,22,12,low,5,0.107,10338,5,100.8,yes,2024-07-08
P06322,Assembly,Filter,Aluminum,EuroMech,Germany,30.82,0.291,19,11,20,low,6,0.387,6977,14,97.4,yes,2024-06-24
P06323,Assembly,Pump,Polymer,Activa Parts,Netherlands,412.32,4.604,18,17,18,medium,4,0.312,10596,7,105.9,yes,2025-02-04
P06324,CNC-Mill,Pump,Polymer,Activa Parts,Finland,566.46,6.23,26,28,43,medium,2,0.139,9969,6,105.0,no,2023-05-06
P06325,Assembly,Gear,Aluminum,EuroMech,Poland,154.33,1.237,27,34,27,critical,9,0.14,8642,7,114.4,no,2024-08-29
P06326,CNC-Mill,Bearing,Stainless Steel,MotionHub,Germany,101.64,1.413,14,34,8,medium,3,0.227,5962,9,152.1,yes,2025-01-31
P06327,Press,Valve,Composite,Nordic Motion,Italy,151.53,2.104,12,26,10,medium,6,0.251,8534,2,114.3,no,2024-10-05
P06328,Conveyor,Seal,Ceramic,EuroMech,Finland,15.87,0.04,11,16,25,high,7,0.365,3252,4,132.0,yes,2024-05-23
P06329,Press,Bearing,Aluminum,SensorWorks,Finland,84.18,0.659,17,22,19,low,10,0.162,6550,12,162.8,yes,2023-07-24
P06330,Conveyor,Valve,Steel,EuroMech,Czech Republic,130.98,1.414,14,18,13,medium,7,0.318,9782,1,122.2,no,2024-07-02
P06331,Conveyor,Bearing,Polymer,Activa Parts,Netherlands,73.01,0.985,4,40,12,medium,6,0.362,4656,11,150.5,yes,2024-01-04
P06332,Packaging,Tooling,Brass,PreciseTech,Italy,125.72,2.151,22,19,26,medium,9,1.447,1857,7,88.2,no,2024-05-23
P06333,Press,Motor,Polymer,FlowCore,Sweden,503.88,10.962,11,24,6,medium,7,0.182,7840,5,114.8,no,2023-05-18
P06334,Press,Sensor,Ceramic,EuroMech,Germany,127.37,0.232,27,22,32,high,5,0.2,6226,14,81.6,yes,2023-09-03
P06335,Lathe,Bearing,Steel,PreciseTech,Netherlands,100.58,0.823,15,21,20,low,4,0.299,5568,10,135.2,yes,2023-04-07
P06336,Packaging,Gear,Polymer,Nordic Motion,Finland,95.97,1.755,12,27,24,low,6,0.137,9674,12,107.9,yes,2023-08-28
P06337,Assembly,Tooling,Composite,Activa Parts,Sweden,180.57,2.525,26,28,20,medium,10,0.942,2367,7,94.8,no,2024-07-31
P06338,CNC-Mill,Bearing,Polymer,EuroMech,Netherlands,102.01,1.397,19,25,10,medium,5,0.352,2510,10,144.5,no,2023-09-17
P06339,Conveyor,Bearing,Stainless Steel,SensorWorks,Sweden,90.93,0.983,14,27,17,medium,4,0.453,5380,8,112.6,yes,2025-02-04
P06340,Conveyor,Valve,Steel,MotionHub,Finland,308.98,1.455,5,29,12,medium,6,0.122,8210,8,119.0,yes,2024-08-24
P06341,Press,Gear,Stainless Steel,EuroMech,Poland,151.74,1.86,16,27,15,medium,5,0.266,6187,3,98.2,yes,2024-09-21
P06342,CNC-Mill,Sensor,Steel,FlowCore,Sweden,84.37,0.335,15,27,21,medium,8,0.974,5877,6,91.2,yes,2024-12-08
P06343,Lathe,Valve,Composite,EuroMech,Germany,112.76,2.516,14,19,14,critical,4,0.424,11863,5,134.3,yes,2023-01-02
P06344,Packaging,Motor,Polymer,EuroMech,Sweden,591.51,13.467,19,16,21,critical,3,0.368,14067,8,122.7,yes,2023-07-01
P06345,Conveyor,Bearing,Steel,Nordic Motion,Netherlands,50.82,1.245,10,19,21,medium,7,0.257,6778,12,165.1,yes,2023-07-01
P06346,CNC-Mill,Belt,Polymer,EuroMech,Sweden,51.47,0.432,14,49,18,medium,9,0.628,4438,3,121.2,yes,2023-05-10
P06347,Conveyor,Belt,Steel,EuroMech,Italy,90.85,0.444,33,4,29,high,6,0.837,2623,5,121.7,yes,2024-03-18
P06348,Press,Valve,Brass,Activa Parts,Czech Republic,177.64,1.847,5,23,12,medium,9,0.214,12694,6,134.3,yes,2024-07-12
P06349,Press,Controller,Brass,Activa Parts,Netherlands,673.75,1.084,13,20,10,high,3,0.094,16605,1,49.9,no,2023-12-27
P06350,Packaging,Seal,Steel,PreciseTech,Italy,18.23,0.044,22,18,22,high,6,0.478,1886,8,123.6,yes,2023-11-04
P06351,CNC-Mill,Motor,Stainless Steel,EuroMech,Sweden,298.41,10.528,20,29,19,medium,2,0.216,9331,1,121.3,yes,2024-05-19
P06352,Assembly,Gear,Steel,SensorWorks,Czech Republic,197.18,2.462,11,7,24,medium,5,0.097,6048,13,110.3,yes,2024-12-11
P06353,Press,Bearing,Ceramic,EuroMech,Poland,123.16,1.43,14,16,19,low,8,0.238,4175,6,151.4,no,2023-04-18
P06354,Press,Seal,Brass,PreciseTech,Netherlands,9.63,0.048,13,20,18,low,6,1.43,2448,11,103.5,yes,2024-06-30
P06355,Packaging,Gear,Aluminum,PreciseTech,Italy,131.82,1.131,12,35,14,low,8,0.103,9086,2,97.8,yes,2023-12-15
P06356,Assembly,Sensor,Stainless Steel,FlowCore,Poland,213.0,0.215,24,6,23,low,6,0.275,5692,5,108.9,yes,2023-08-08
P06357,Press,Bearing,Aluminum,EuroMech,Netherlands,74.47,0.458,13,32,19,medium,6,0.768,4407,15,130.2,yes,2023-12-27
P06358,Conveyor,Motor,Ceramic,EuroMech,Poland,648.93,16.356,2,16,16,medium,5,0.342,7335,2,124.6,yes,2024-10-29
P06359,CNC-Mill,Tooling,Composite,Activa Parts,Sweden,173.57,3.093,12,28,10,low,5,0.282,2943,4,108.1,no,2023-02-25
P06360,Assembly,Bearing,Aluminum,Activa Parts,Germany,106.34,0.661,4,35,14,medium,8,0.617,4598,8,131.0,yes,2023-11-01
P06361,Conveyor,Filter,Brass,SensorWorks,Germany,13.0,0.443,29,13,24,critical,7,0.316,8388,15,77.8,no,2023-11-02
P06362,Packaging,Motor,Composite,EuroMech,Finland,308.77,21.725,13,44,13,medium,3,0.095,12996,6,104.6,yes,2024-02-17
P06363,Assembly,Seal,Aluminum,Nordic Motion,Czech Republic,13.03,0.046,12,28,17,low,10,0.562,2442,7,123.2,yes,2024-05-20
P06364,Packaging,Bearing,Steel,SensorWorks,Finland,110.79,0.983,13,35,13,medium,8,0.341,5748,9,127.9,yes,2024-02-21
P06365,CNC-Mill,Belt,Polymer,SensorWorks,Sweden,38.73,0.337,12,18,17,medium,8,0.352,3502,8,101.2,no,2025-02-26
P06366,Packaging,Sensor,Stainless Steel,Activa Parts,Netherlands,68.58,0.271,15,40,12,low,2,0.301,5996,4,85.7,yes,2024-05-31
P06367,Conveyor,Tooling,Composite,Nordic Motion,Sweden,83.49,2.247,8,65,22,medium,9,0.731,2197,8,111.1,yes,2025-03-17
P06368,Press,Tooling,Stainless Steel,Nordic Motion,Finland,113.28,2.081,25,1,28,critical,6,0.466,3514,5,116.7,yes,2024-08-23
P06369,Conveyor,Pump,Composite,MotionHub,Czech Republic,663.75,9.309,16,1,16,medium,7,0.202,11854,3,112.6,no,2023-08-30
P06370,Assembly,Sensor,Ceramic,SensorWorks,Sweden,138.6,0.399,16,32,18,medium,6,0.074,4760,9,107.3,yes,2024-04-23
P06371,Conveyor,Motor,Brass,PreciseTech,Netherlands,591.13,12.355,28,18,26,critical,9,0.059,16708,10,119.4,yes,2024-11-02
P06372,Conveyor,Seal,Ceramic,SensorWorks,Czech Republic,11.77,0.032,19,19,16,high,8,0.412,2973,3,155.5,yes,2024-05-17
P06373,CNC-Mill,Motor,Brass,EuroMech,Czech Republic,642.7,11.864,8,19,5,low,4,0.215,11762,3,113.0,yes,2023-04-09
P06374,Assembly,Gear,Stainless Steel,PreciseTech,Germany,77.77,1.857,21,22,24,high,6,0.072,6237,6,110.5,yes,2024-11-19
P06375,Press,Sensor,Steel,MotionHub,Poland,103.02,0.205,16,10,23,low,4,0.184,3944,7,100.5,yes,2024-03-26
P06376,CNC-Mill,Valve,Composite,EuroMech,Sweden,239.27,1.23,18,35,19,low,6,0.132,7215,3,146.6,yes,2024-04-29
P06377,Press,Controller,Steel,FlowCore,Germany,670.32,1.112,14,19,7,medium,4,0.098,11890,2,45.0,yes,2024-05-06
P06378,Packaging,Filter,Stainless Steel,Nordic Motion,Netherlands,31.63,0.28,12,14,21,high,5,0.216,8747,15,109.6,yes,2024-11-28
P06379,Conveyor,Seal,Ceramic,SensorWorks,Germany,22.03,0.03,27,18,17,critical,10,0.383,2946,6,148.5,yes,2025-02-02
P06380,Lathe,Valve,Ceramic,MotionHub,Czech Republic,332.8,2.232,16,24,15,medium,4,0.154,11352,9,129.6,yes,2023-02-16
P06381,Press,Pump,Steel,Nordic Motion,Germany,462.04,9.382,23,32,20,medium,6,0.103,5435,5,117.3,yes,2025-03-04
P06382,Packaging,Sensor,Stainless Steel,SensorWorks,Finland,84.9,0.333,12,29,20,medium,6,0.195,7660,5,76.4,yes,2023-06-04
P06383,Assembly,Tooling,Stainless Steel,Activa Parts,Italy,186.18,1.991,20,8,34,medium,8,0.322,2557,5,125.0,yes,2023-07-14
P06384,Assembly,Valve,Aluminum,SensorWorks,Germany,258.91,0.662,19,8,20,low,5,0.302,10117,8,130.2,yes,2023-06-01
P06385,Packaging,Belt,Stainless Steel,Nordic Motion,Italy,34.2,0.457,16,35,25,medium,6,0.717,2112,4,103.7,no,2023-09-27
P06386,Packaging,Sensor,Brass,PreciseTech,Germany,171.41,0.65,20,19,15,critical,6,0.241,6576,9,65.5,yes,2023-12-06
P06387,CNC-Mill,Valve,Brass,PreciseTech,Netherlands,273.57,0.921,24,3,25,critical,7,0.123,12417,8,163.0,yes,2024-06-03
P06388,CNC-Mill,Bearing,Polymer,FlowCore,Germany,97.78,0.823,24,12,25,low,7,0.245,4991,14,136.7,yes,2023-10-11
P06389,Lathe,Gear,Aluminum,Nordic Motion,Germany,151.77,1.817,16,22,22,medium,4,0.292,8352,7,87.1,yes,2024-11-22
P06390,Conveyor,Belt,Steel,SensorWorks,Poland,46.78,0.435,13,34,15,medium,7,0.631,3292,6,104.4,yes,2025-01-11
P06391,Conveyor,Belt,Stainless Steel,MotionHub,Czech Republic,37.57,0.402,13,0,20,medium,6,0.211,4153,7,102.8,yes,2023-02-03
P06392,Conveyor,Sensor,Polymer,PreciseTech,Italy,37.91,0.197,22,9,27,critical,7,0.155,4016,9,88.8,yes,2023-05-23
P06393,Press,Belt,Brass,FlowCore,Finland,28.88,0.185,14,8,15,medium,3,0.342,4759,5,114.5,no,2024-08-14
P06394,Press,Valve,Stainless Steel,EuroMech,Finland,233.89,1.229,16,11,9,medium,4,0.256,9530,5,130.4,yes,2023-12-14
P06395,Assembly,Gear,Stainless Steel,FlowCore,Poland,78.41,1.68,28,19,27,high,3,0.151,6422,6,118.4,yes,2024-07-12
P06396,Packaging,Sensor,Steel,Activa Parts,Italy,58.33,0.359,21,22,22,medium,4,0.365,6716,8,90.0,yes,2024-08-05
P06397,CNC-Mill,Sensor,Composite,SensorWorks,Poland,144.64,0.235,15,3,20,medium,4,0.172,5126,8,100.9,no,2025-01-22
P06398,Packaging,Motor,Composite,Nordic Motion,Sweden,910.22,15.007,23,46,23,low,1,0.059,11982,8,114.6,yes,2023-07-27
P06399,Packaging,Belt,Stainless Steel,FlowCore,Netherlands,49.62,0.479,19,13,21,high,10,0.865,3248,1,104.3,yes,2023-05-13
P06400,Assembly,Seal,Polymer,Activa Parts,Netherlands,11.52,0.041,16,19,22,low,9,0.436,2733,8,98.4,no,2023-07-24
P06401,Packaging,Cable,Brass,Nordic Motion,Sweden,18.2,0.29,13,3,14,high,8,0.109,9905,15,122.6,yes,2024-07-14
P06402,Assembly,Cable,Steel,SensorWorks,Finland,36.51,0.693,16,6,24,medium,6,0.147,4018,20,107.3,yes,2024-03-23
P06403,Lathe,Cable,Aluminum,Nordic Motion,Netherlands,32.48,0.466,22,37,26,high,4,0.111,6428,17,110.2,yes,2024-09-13
P06404,CNC-Mill,Tooling,Aluminum,SensorWorks,Sweden,62.17,1.862,9,36,15,medium,8,0.525,2733,12,89.6,yes,2023-01-21
P06405,Lathe,Gear,Stainless Steel,EuroMech,Finland,148.05,1.8,13,9,11,low,2,0.147,7152,4,64.3,yes,2023-10-09
P06406,Lathe,Motor,Aluminum,MotionHub,Sweden,540.24,9.752,10,8,27,medium,5,0.164,15968,9,98.5,yes,2023-09-07
P06407,Packaging,Gear,Steel,Activa Parts,Finland,276.13,1.488,18,18,18,medium,6,0.324,11241,2,111.6,yes,2024-10-06
P06408,Packaging,Motor,Composite,MotionHub,Germany,1185.19,10.015,19,34,2,low,5,0.195,11158,9,95.7,yes,2024-07-08
P06409,Assembly,Filter,Ceramic,EuroMech,Netherlands,24.01,0.264,10,18,22,high,7,0.304,11281,12,116.9,no,2024-10-31
P06410,Packaging,Cable,Ceramic,Nordic Motion,Poland,26.02,1.239,14,37,16,medium,4,0.194,7342,16,129.2,yes,2023-06-17
P06411,Lathe,Belt,Polymer,EuroMech,Czech Republic,32.42,0.216,11,42,19,low,5,0.313,3028,3,113.7,yes,2024-10-25
P06412,Packaging,Bearing,Steel,Nordic Motion,Italy,59.07,1.255,17,52,21,medium,8,0.22,3823,11,150.5,no,2023-08-31
P06413,Press,Controller,Steel,MotionHub,Netherlands,1072.1,0.942,7,49,9,low,10,0.057,9871,4,52.7,yes,2024-11-06
P06414,Press,Bearing,Stainless Steel,Nordic Motion,Poland,83.24,2.658,14,0,15,high,7,0.98,5721,15,121.8,yes,2024-08-28
P06415,Packaging,Filter,Steel,EuroMech,Poland,10.7,0.371,25,60,30,low,6,0.614,7082,9,100.3,yes,2023-03-27
P06416,Conveyor,Filter,Ceramic,FlowCore,Netherlands,17.96,0.156,11,18,6,medium,4,0.155,10222,19,107.4,no,2023-10-13
P06417,Assembly,Bearing,Steel,Nordic Motion,Poland,96.88,1.344,15,24,14,high,6,0.349,4087,9,138.3,yes,2024-07-30
P06418,Packaging,Seal,Composite,MotionHub,Germany,12.06,0.071,25,28,30,medium,10,0.891,2437,6,123.0,yes,2024-11-01
P06419,Press,Seal,Ceramic,EuroMech,Germany,27.81,0.04,17,20,16,medium,6,0.518,2488,1,137.5,no,2024-07-04
P06420,CNC-Mill,Belt,Composite,PreciseTech,Italy,46.12,0.563,17,22,26,medium,7,0.309,3067,3,96.6,yes,2024-10-07
P06421,Conveyor,Valve,Steel,EuroMech,Finland,137.83,1.948,13,14,15,medium,4,0.248,11118,3,110.0,yes,2024-09-16
P06422,Press,Bearing,Ceramic,EuroMech,Sweden,62.55,0.593,10,26,18,medium,6,0.404,2680,11,166.0,yes,2023-10-17
P06423,Press,Sensor,Aluminum,Nordic Motion,Netherlands,90.49,0.203,17,19,24,high,8,0.276,6966,7,88.7,yes,2023-06-18
P06424,Packaging,Tooling,Steel,PreciseTech,Finland,176.09,2.172,15,13,18,high,7,1.132,2824,1,111.7,no,2024-09-12
P06425,Lathe,Bearing,Steel,EuroMech,Czech Republic,70.64,1.028,17,10,15,medium,9,0.482,4705,14,142.5,yes,2024-01-23
P06426,Packaging,Filter,Aluminum,FlowCore,Italy,23.75,0.258,6,55,22,medium,5,0.095,5932,11,93.3,yes,2023-03-27
P06427,CNC-Mill,Gear,Steel,Activa Parts,Poland,180.02,2.425,20,7,31,low,4,0.529,6189,9,116.0,yes,2023-10-01
P06428,Conveyor,Pump,Polymer,Nordic Motion,Sweden,387.52,7.092,19,27,17,high,5,0.319,8409,9,103.8,yes,2023-03-10
P06429,Packaging,Tooling,Polymer,SensorWorks,Netherlands,115.01,3.4,14,34,25,medium,9,0.231,2191,6,101.9,yes,2023-03-27
P06430,Assembly,Valve,Composite,Nordic Motion,Sweden,193.28,0.917,7,23,19,high,4,0.154,5384,4,145.7,no,2024-11-20
P06431,Lathe,Motor,Polymer,MotionHub,Netherlands,422.57,10.843,15,41,19,low,4,0.119,14001,4,97.0,no,2024-01-23
P06432,CNC-Mill,Belt,Aluminum,EuroMech,Poland,55.29,0.348,20,26,22,low,7,0.28,2464,11,117.8,yes,2024-11-14
P06433,CNC-Mill,Gear,Ceramic,PreciseTech,Poland,71.26,3.371,6,12,5,medium,2,0.082,7796,5,130.3,no,2024-11-14
P06434,Packaging,Pump,Stainless Steel,FlowCore,Netherlands,486.71,7.296,28,68,28,critical,4,0.219,11725,1,111.3,yes,2023-04-29
P06435,Packaging,Cable,Ceramic,MotionHub,Czech Republic,20.12,1.375,7,31,17,high,5,0.28,11706,23,131.9,yes,2024-01-13
P06436,Press,Belt,Aluminum,SensorWorks,Germany,30.55,0.193,16,24,18,low,8,0.194,2031,11,124.9,yes,2025-03-14
P06437,CNC-Mill,Tooling,Ceramic,Activa Parts,Czech Republic,103.21,1.904,13,21,19,high,9,0.894,2729,10,114.1,yes,2023-04-04
P06438,Conveyor,Sensor,Brass,EuroMech,Netherlands,176.98,0.342,28,30,24,critical,5,0.132,6136,7,71.7,no,2023-08-25
P06439,Packaging,Tooling,Ceramic,PreciseTech,Finland,239.52,1.239,24,4,14,critical,10,0.731,3233,7,127.0,yes,2024-06-18
P06440,CNC-Mill,Tooling,Stainless Steel,SensorWorks,Italy,83.94,2.556,17,20,26,low,8,0.205,3016,7,106.2,yes,2024-02-20
P06441,Lathe,Cable,Stainless Steel,MotionHub,Italy,38.53,0.647,10,43,4,low,7,0.273,7408,14,92.7,yes,2023-12-13
P06442,Assembly,Cable,Ceramic,SensorWorks,Italy,24.4,0.384,20,14,22,critical,7,0.259,9213,19,113.5,no,2023-11-06
P06443,Lathe,Sensor,Brass,Activa Parts,Sweden,178.04,0.191,9,63,22,medium,3,0.284,6493,9,101.6,no,2023-12-14
P06444,Assembly,Valve,Steel,PreciseTech,Italy,191.67,2.109,15,7,28,medium,3,0.181,12454,11,123.7,yes,2024-03-21
P06445,Packaging,Pump,Steel,EuroMech,Italy,412.46,6.1,12,29,15,low,4,0.078,10333,8,115.6,no,2023-12-03
P06446,Lathe,Gear,Steel,PreciseTech,Italy,171.92,2.144,16,0,23,low,5,0.147,7849,12,125.3,yes,2023-01-12
P06447,Assembly,Pump,Brass,SensorWorks,Germany,314.95,15.564,14,21,25,high,3,0.102,8792,6,111.5,yes,2024-11-02
P06448,CNC-Mill,Belt,Polymer,Activa Parts,Finland,45.55,0.56,12,36,31,medium,6,0.473,2666,5,120.2,no,2023-10-27
P06449,CNC-Mill,Bearing,Polymer,EuroMech,Germany,92.8,0.559,9,59,24,medium,6,0.27,4579,8,145.1,no,2023-07-13
P06450,Packaging,Pump,Composite,SensorWorks,Czech Republic,704.31,6.069,16,23,15,low,7,0.062,14006,5,107.0,yes,2023-09-12
P06451,Conveyor,Controller,Polymer,PreciseTech,Czech Republic,832.17,0.887,19,22,10,critical,5,0.271,18216,1,57.0,yes,2025-02-03
P06452,Lathe,Bearing,Stainless Steel,SensorWorks,Italy,85.66,0.836,18,9,12,high,8,0.134,4750,17,123.8,yes,2024-10-04
P06453,Assembly,Cable,Composite,SensorWorks,Germany,28.28,1.003,16,36,18,medium,2,0.233,8670,21,110.7,yes,2023-07-23
P06454,Conveyor,Valve,Steel,EuroMech,Czech Republic,183.01,1.221,17,24,5,low,4,0.295,9715,15,145.5,yes,2023-11-19
P06455,CNC-Mill,Sensor,Composite,MotionHub,Sweden,120.98,0.162,22,50,26,medium,3,0.255,8284,10,69.5,yes,2023-10-08
P06456,Lathe,Seal,Composite,EuroMech,Poland,11.36,0.042,21,15,18,critical,10,1.201,3366,1,104.2,yes,2025-02-16
P06457,Assembly,Gear,Brass,FlowCore,Poland,84.37,0.993,13,15,12,low,8,0.293,6317,8,111.7,yes,2024-10-05
P06458,Packaging,Valve,Composite,PreciseTech,Czech Republic,144.82,2.804,14,31,9,high,4,0.191,10804,3,118.3,no,2024-04-29
P06459,Assembly,Filter,Aluminum,MotionHub,Poland,20.72,0.25,21,29,24,high,7,0.193,8721,11,91.9,no,2024-10-18
P06460,Conveyor,Bearing,Steel,SensorWorks,Germany,81.43,0.424,13,22,14,high,6,0.313,5431,12,117.8,yes,2024-05-16
P06461,Assembly,Seal,Composite,Nordic Motion,Czech Republic,24.96,0.042,15,17,18,critical,10,0.526,2767,10,99.6,yes,2023-11-23
P06462,Lathe,Belt,Brass,Activa Parts,Germany,28.93,0.219,11,41,24,medium,10,0.427,2121,10,109.6,no,2024-08-12
P06463,Assembly,Valve,Brass,Nordic Motion,Netherlands,77.44,1.207,19,2,21,medium,3,0.349,11354,5,134.2,yes,2024-10-09
P06464,Packaging,Bearing,Stainless Steel,PreciseTech,Netherlands,69.52,0.568,8,56,20,medium,6,0.337,4266,15,151.0,yes,2024-02-25
P06465,CNC-Mill,Sensor,Aluminum,FlowCore,Netherlands,118.34,0.301,16,11,24,medium,5,0.13,7694,9,85.0,no,2023-12-04
P06466,Conveyor,Cable,Composite,SensorWorks,Czech Republic,54.29,0.784,21,33,18,medium,8,0.265,8880,19,119.6,yes,2024-05-26
P06467,Lathe,Motor,Aluminum,MotionHub,Czech Republic,612.88,21.296,13,40,17,medium,6,0.219,12515,2,116.9,no,2024-06-09
P06468,Packaging,Pump,Ceramic,Nordic Motion,Sweden,141.84,6.479,11,19,16,low,6,0.102,8979,7,120.9,yes,2024-01-25
P06469,Conveyor,Belt,Brass,MotionHub,Finland,42.73,0.541,17,32,10,high,7,0.646,2966,12,118.2,yes,2023-09-08
P06470,Press,Motor,Stainless Steel,Activa Parts,Sweden,617.22,8.588,26,22,20,critical,6,0.186,11712,6,83.6,yes,2023-05-24
P06471,CNC-Mill,Bearing,Stainless Steel,Activa Parts,Germany,59.88,1.76,9,20,17,medium,7,0.284,3878,12,142.8,no,2024-04-22
P06472,Press,Bearing,Stainless Steel,FlowCore,Germany,89.72,1.195,25,18,35,medium,7,0.253,5988,10,144.3,no,2023-05-17
P06473,Packaging,Controller,Brass,FlowCore,Poland,727.95,1.213,14,18,13,low,5,0.069,13158,6,63.8,yes,2024-01-22
P06474,Conveyor,Cable,Composite,MotionHub,Poland,15.0,0.86,21,16,19,critical,6,0.233,7111,16,97.1,no,2024-12-16
P06475,Assembly,Pump,Composite,Nordic Motion,Italy,245.83,7.771,15,43,18,medium,6,0.288,7929,5,114.3,no,2024-11-16
P06476,Assembly,Controller,Stainless Steel,Activa Parts,Germany,2665.17,1.043,31,19,21,critical,3,0.135,12392,4,63.8,yes,2023-02-18
P06477,Assembly,Tooling,Brass,PreciseTech,Netherlands,194.01,1.524,18,36,28,medium,10,0.186,3130,2,118.8,yes,2024-01-01
P06478,Packaging,Valve,Composite,EuroMech,Italy,509.19,1.236,20,27,21,medium,5,0.119,9216,9,144.1,yes,2023-05-18
P06479,Assembly,Motor,Polymer,Nordic Motion,Czech Republic,332.77,9.449,13,37,10,low,4,0.233,12323,3,102.8,yes,2023-08-22
P06480,Press,Bearing,Stainless Steel,FlowCore,Czech Republic,86.0,1.23,7,55,16,medium,5,0.296,5783,10,149.2,yes,2023-04-21
P06481,Assembly,Sensor,Steel,MotionHub,Netherlands,242.77,0.474,10,21,12,medium,5,0.184,6149,7,72.0,yes,2024-04-05
P06482,CNC-Mill,Cable,Composite,MotionHub,Sweden,23.36,0.546,21,30,17,low,9,0.141,9843,14,99.9,yes,2025-02-19
P06483,Conveyor,Sensor,Brass,MotionHub,Czech Republic,108.42,0.238,14,23,26,medium,5,0.404,5630,2,71.5,yes,2023-04-22
P06484,Lathe,Bearing,Stainless Steel,Nordic Motion,Czech Republic,111.35,1.038,9,64,19,high,3,0.277,6364,13,156.6,yes,2024-05-03
P06485,CNC-Mill,Seal,Steel,Activa Parts,Netherlands,7.26,0.054,12,18,10,low,10,0.631,2648,8,126.0,yes,2024-08-21
P06486,Lathe,Bearing,Polymer,EuroMech,Germany,133.43,0.534,13,33,18,low,8,0.284,5416,10,154.5,no,2024-03-18
P06487,Assembly,Sensor,Brass,EuroMech,Germany,132.48,0.148,18,18,17,medium,5,0.072,7264,9,99.0,yes,2023-09-27
P06488,Conveyor,Bearing,Stainless Steel,FlowCore,Czech Republic,79.79,0.587,16,37,26,medium,8,0.175,6302,16,132.7,yes,2024-06-26
P06489,Assembly,Motor,Brass,MotionHub,Czech Republic,1836.09,16.088,26,28,17,critical,5,0.136,12381,7,115.6,yes,2023-12-07
P06490,Conveyor,Gear,Polymer,FlowCore,Sweden,134.65,2.303,16,0,17,low,7,0.15,8770,8,123.6,yes,2024-08-10
P06491,CNC-Mill,Pump,Aluminum,MotionHub,Poland,358.45,7.555,9,20,10,medium,5,0.099,7715,5,129.1,yes,2024-03-17
P06492,Assembly,Seal,Brass,FlowCore,Italy,23.31,0.065,12,40,21,high,8,0.35,1747,1,105.0,yes,2024-10-30
P06493,Press,Belt,Brass,EuroMech,Italy,54.54,0.446,14,27,20,medium,8,0.447,3114,4,114.3,yes,2023-02-28
P06494,Packaging,Sensor,Steel,FlowCore,Germany,117.05,0.386,18,36,26,medium,5,0.149,8074,6,66.4,yes,2024-05-22
P06495,Assembly,Bearing,Brass,MotionHub,Sweden,102.72,1.149,2,50,6,high,6,0.388,4877,7,138.8,no,2023-09-27
P06496,Conveyor,Pump,Polymer,Nordic Motion,Germany,363.04,6.57,19,13,19,medium,6,0.157,9161,11,129.5,yes,2023-09-05
P06497,CNC-Mill,Gear,Steel,PreciseTech,Poland,152.93,1.78,15,14,9,low,6,0.205,9138,6,99.0,yes,2023-10-21
P06498,Packaging,Bearing,Aluminum,FlowCore,Poland,51.26,0.672,10,66,20,medium,9,0.346,5057,10,154.4,yes,2025-02-08
P06499,Packaging,Sensor,Steel,MotionHub,Sweden,70.16,0.186,9,43,13,high,4,0.215,8415,9,89.1,yes,2025-01-11
P06500,Press,Seal,Aluminum,SensorWorks,Sweden,18.56,0.081,20,23,17,low,10,0.528,3004,6,103.0,no,2023-03-05
