event_id,timestamp,machine_id,line_id,shift,event_category,event_subcategory,severity,duration_min,downtime_min,production_loss_units,operator_team,resolved_by
E100029,2025-01-01 00:01:00,MX-102,Line-A,night,Warning,VibrationTrend,high,1,0,0,Charlie,Engineer
E100027,2025-01-01 00:26:00,MX-102,Line-A,night,Alarm,SensorFailure,medium,52,40,56,Delta,Engineer
E100004,2025-01-01 00:34:00,MX-102,Line-A,night,Maintenance,Calibration,low,94,71,15,Delta,Operator
E100002,2025-01-01 00:48:00,MX-101,Line-A,night,Setup,ToolChange,low,37,32,26,Bravo,AutoReset
E100009,2025-01-01 00:59:00,MX-202,Line-C,night,Alarm,HighVibration,medium,37,26,25,Charlie,Technician
E100076,2025-01-01 01:22:00,MX-101,Line-A,night,Setup,ToolChange,medium,28,22,8,Alpha,Operator
E100038,2025-01-01 01:42:00,MX-101,Line-A,night,Quality,MaterialMismatch,medium,9,0,20,Bravo,Engineer
E100098,2025-01-01 02:22:00,MX-201,Line-C,night,Alarm,Overheat,high,44,28,46,Charlie,AutoReset
E100083,2025-01-01 02:24:00,MX-103,Line-B,night,Setup,ToolChange,low,40,38,19,Bravo,Technician
E100049,2025-01-01 02:26:00,MX-202,Line-C,night,Safety,DoorInterlock,critical,11,7,6,Alpha,Operator
E100087,2025-01-01 02:41:00,MX-201,Line-C,night,Safety,DoorInterlock,medium,2,1,0,Delta,Technician
E100106,2025-01-01 02:43:00,MX-102,Line-A,night,Maintenance,FilterChange,medium,113,34,24,Bravo,Technician
E100051,2025-01-01 02:47:00,MX-103,Line-B,night,Maintenance,Calibration,medium,23,9,3,Delta,AutoReset
E100089,2025-01-01 02:55:00,MX-103,Line-B,night,Maintenance,FilterChange,low,33,20,13,Delta,Supervisor
E100045,2025-01-01 03:05:00,MX-102,Line-A,night,Safety,DoorInterlock,high,53,44,13,Alpha,AutoReset
E100100,2025-01-01 03:18:00,MX-101,Line-A,night,Alarm,Overheat,low,37,36,77,Charlie,Operator
E100028,2025-01-01 03:36:00,MX-101,Line-A,night,Maintenance,Inspection,low,149,45,11,Charlie,Operator
E100011,2025-01-01 03:44:00,MX-202,Line-C,night,Maintenance,FilterChange,low,84,33,16,Alpha,Operator
E100035,2025-01-01 05:03:00,MX-101,Line-A,night,Warning,VibrationTrend,medium,14,2,1,Bravo,Supervisor
E100069,2025-01-01 05:27:00,MX-103,Line-B,night,Warning,EnergySpike,low,20,0,0,Delta,Technician
E100068,2025-01-01 05:55:00,MX-103,Line-B,night,Quality,VisionReject,low,9,2,57,Delta,Operator
E100032,2025-01-01 06:24:00,MX-103,Line-B,morning,Maintenance,Calibration,medium,78,59,52,Bravo,Technician
E100019,2025-01-01 06:43:00,MX-102,Line-A,morning,Setup,ToolChange,low,43,40,8,Bravo,Operator
E100081,2025-01-01 06:47:00,MX-103,Line-B,morning,Alarm,SensorFailure,critical,32,18,35,Bravo,Technician
E100008,2025-01-01 06:49:00,MX-202,Line-C,morning,Maintenance,Inspection,medium,149,93,88,Delta,Operator
E100104,2025-01-01 06:57:00,MX-101,Line-A,morning,Maintenance,Calibration,medium,90,45,16,Bravo,Operator
E100014,2025-01-01 06:57:00,MX-102,Line-A,morning,Safety,GuardOpen,medium,5,2,2,Charlie,Engineer
E100088,2025-01-01 06:58:00,MX-103,Line-B,morning,Warning,PressureTrend,high,3,0,0,Bravo,Engineer
E100023,2025-01-01 07:05:00,MX-101,Line-A,morning,Quality,DimensionDrift,medium,34,1,206,Alpha,Technician
E100041,2025-01-01 07:07:00,MX-202,Line-C,morning,Warning,VibrationTrend,medium,11,0,0,Delta,AutoReset
E100080,2025-01-01 07:51:00,MX-102,Line-A,morning,Quality,DimensionDrift,medium,19,1,114,Bravo,Engineer
E100020,2025-01-01 07:59:00,MX-202,Line-C,morning,Quality,VisionReject,high,34,8,74,Alpha,AutoReset
E100044,2025-01-01 08:01:00,MX-103,Line-B,morning,Maintenance,FilterChange,low,125,77,44,Alpha,Operator
E100086,2025-01-01 08:26:00,MX-101,Line-A,morning,Quality,VisionReject,low,17,1,51,Delta,Supervisor
E100039,2025-01-01 09:44:00,MX-201,Line-C,morning,Warning,TempTrend,medium,2,0,0,Bravo,Technician
E100031,2025-01-01 09:44:00,MX-202,Line-C,morning,Warning,EnergySpike,low,8,0,0,Bravo,Technician
E100071,2025-01-01 09:54:00,MX-101,Line-A,morning,Maintenance,Inspection,medium,51,18,5,Delta,Technician
E100070,2025-01-01 09:58:00,MX-102,Line-A,morning,Warning,EnergySpike,medium,21,0,0,Bravo,Technician
E100050,2025-01-01 10:19:00,MX-103,Line-B,morning,Setup,FixtureAdjustment,medium,56,41,28,Delta,Operator
E100000,2025-01-01 10:26:00,MX-102,Line-A,morning,Maintenance,Calibration,medium,19,9,3,Bravo,Technician
E100056,2025-01-01 10:28:00,MX-101,Line-A,morning,Setup,ToolChange,low,48,35,18,Delta,Supervisor
E100085,2025-01-01 10:32:00,MX-201,Line-C,morning,Warning,VibrationTrend,high,13,1,0,Alpha,Operator
E100103,2025-01-01 10:39:00,MX-202,Line-C,morning,Quality,VisionReject,medium,13,2,67,Charlie,AutoReset
E100096,2025-01-01 10:50:00,MX-201,Line-C,morning,Quality,VisionReject,low,16,4,85,Charlie,AutoReset
E100102,2025-01-01 10:57:00,MX-201,Line-C,morning,Alarm,SensorFailure,high,10,7,14,Bravo,Technician
E100078,2025-01-01 11:08:00,MX-103,Line-B,morning,Alarm,PressureDrop,critical,103,83,89,Delta,Operator
E100054,2025-01-01 11:14:00,MX-103,Line-B,morning,Warning,VibrationTrend,medium,7,0,0,Delta,AutoReset
E100046,2025-01-01 11:24:00,MX-103,Line-B,morning,Safety,DoorInterlock,critical,17,10,7,Alpha,Technician
E100101,2025-01-01 11:27:00,MX-102,Line-A,morning,Alarm,MotorOverload,high,40,35,73,Delta,Operator
E100030,2025-01-01 12:00:00,MX-202,Line-C,morning,Maintenance,FilterChange,medium,47,15,4,Charlie,Technician
E100036,2025-01-01 12:18:00,MX-201,Line-C,morning,Warning,PressureTrend,medium,4,0,0,Bravo,Operator
E100018,2025-01-01 12:36:00,MX-102,Line-A,morning,Setup,RecipeChange,low,35,33,23,Alpha,AutoReset
E100077,2025-01-01 14:01:00,MX-201,Line-C,evening,Alarm,Overheat,high,30,18,27,Bravo,Technician
E100017,2025-01-01 14:18:00,MX-101,Line-A,evening,Quality,MaterialMismatch,high,3,0,11,Bravo,Operator
E100060,2025-01-01 14:47:00,MX-103,Line-B,evening,Alarm,PressureDrop,critical,3,2,2,Alpha,Technician
E100025,2025-01-01 15:15:00,MX-101,Line-A,evening,Alarm,PressureDrop,low,42,29,24,Alpha,Technician
E100013,2025-01-01 15:19:00,MX-102,Line-A,evening,Quality,VisionReject,low,12,2,64,Charlie,Technician
E100063,2025-01-01 15:56:00,MX-202,Line-C,evening,Alarm,MotorOverload,medium,19,14,16,Alpha,Technician
E100092,2025-01-01 16:03:00,MX-201,Line-C,evening,Warning,TempTrend,low,13,1,0,Bravo,Supervisor
E100012,2025-01-01 16:13:00,MX-101,Line-A,evening,Maintenance,FilterChange,low,50,12,3,Delta,Engineer
E100048,2025-01-01 16:20:00,MX-201,Line-C,evening,Maintenance,BearingReplacement,low,17,12,2,Bravo,Technician
E100055,2025-01-01 16:25:00,MX-202,Line-C,evening,Quality,MaterialMismatch,low,23,6,155,Delta,Operator
E100057,2025-01-01 16:34:00,MX-103,Line-B,evening,Maintenance,Lubrication,low,84,29,11,Delta,AutoReset
E100015,2025-01-01 16:34:00,MX-202,Line-C,evening,Setup,FixtureAdjustment,low,20,16,5,Bravo,Operator
E100091,2025-01-01 16:39:00,MX-103,Line-B,evening,Maintenance,BearingReplacement,medium,65,24,15,Charlie,Technician
E100007,2025-01-01 16:39:00,MX-102,Line-A,evening,Alarm,Overheat,medium,117,113,132,Charlie,Technician
E100058,2025-01-01 16:42:00,MX-103,Line-B,evening,Setup,ToolChange,low,16,14,8,Alpha,Operator
E100043,2025-01-01 16:45:00,MX-201,Line-C,evening,Maintenance,FilterChange,low,114,72,67,Alpha,Technician
E100090,2025-01-01 16:57:00,MX-202,Line-C,evening,Alarm,MotorOverload,high,33,31,40,Charlie,Supervisor
E100075,2025-01-01 17:14:00,MX-101,Line-A,evening,Alarm,HighVibration,medium,25,12,16,Bravo,Technician
E100026,2025-01-01 17:27:00,MX-201,Line-C,evening,Alarm,MotorOverload,critical,59,39,35,Delta,Technician
E100059,2025-01-01 17:31:00,MX-103,Line-B,evening,Setup,RecipeChange,medium,58,54,37,Alpha,Technician
E100016,2025-01-01 17:35:00,MX-103,Line-B,evening,Alarm,MotorOverload,high,5,3,5,Delta,Operator
E100067,2025-01-01 17:55:00,MX-103,Line-B,evening,Alarm,Overheat,low,25,14,20,Bravo,Operator
E100034,2025-01-01 18:46:00,MX-201,Line-C,evening,Setup,RecipeChange,low,8,6,1,Delta,Technician
E100072,2025-01-01 18:48:00,MX-102,Line-A,evening,Alarm,SensorFailure,medium,13,11,18,Bravo,Technician
E100003,2025-01-01 18:57:00,MX-103,Line-B,evening,Setup,FixtureAdjustment,low,59,41,23,Bravo,AutoReset
E100082,2025-01-01 19:09:00,MX-201,Line-C,evening,Warning,EnergySpike,low,4,0,0,Bravo,Technician
E100061,2025-01-01 19:11:00,MX-201,Line-C,evening,Setup,ToolChange,low,29,25,19,Alpha,Technician
E100022,2025-01-01 19:11:00,MX-202,Line-C,evening,Setup,RecipeChange,low,101,72,56,Alpha,Technician
E100047,2025-01-01 19:16:00,MX-101,Line-A,evening,Maintenance,BearingReplacement,low,56,20,7,Delta,Supervisor
E100040,2025-01-01 19:18:00,MX-202,Line-C,evening,Warning,VibrationTrend,low,2,0,0,Alpha,Engineer
E100021,2025-01-01 19:18:00,MX-103,Line-B,evening,Warning,TempTrend,medium,9,1,0,Delta,AutoReset
E100005,2025-01-01 19:19:00,MX-101,Line-A,evening,Alarm,MotorOverload,medium,32,22,38,Alpha,Operator
E100062,2025-01-01 19:41:00,MX-101,Line-A,evening,Warning,PressureTrend,low,13,1,0,Bravo,Supervisor
E100066,2025-01-01 19:58:00,MX-101,Line-A,evening,Maintenance,FilterChange,medium,51,15,9,Delta,Technician
E100095,2025-01-01 19:59:00,MX-202,Line-C,evening,Safety,GuardOpen,medium,34,20,16,Delta,Engineer
E100074,2025-01-01 20:00:00,MX-103,Line-B,evening,Safety,EStop,medium,15,7,6,Delta,Technician
E100037,2025-01-01 20:07:00,MX-201,Line-C,evening,Maintenance,Lubrication,low,72,54,14,Bravo,Technician
E100079,2025-01-01 20:10:00,MX-201,Line-C,evening,Maintenance,FilterChange,low,62,20,6,Delta,Engineer
E100084,2025-01-01 20:19:00,MX-102,Line-A,evening,Quality,SurfaceDefect,medium,7,0,42,Charlie,Operator
E100073,2025-01-01 20:27:00,MX-102,Line-A,evening,Warning,EnergySpike,medium,56,1,0,Charlie,Technician
E100033,2025-01-01 20:31:00,MX-102,Line-A,evening,Warning,EnergySpike,high,1,0,0,Bravo,Technician
E100065,2025-01-01 20:49:00,MX-103,Line-B,evening,Quality,VisionReject,high,15,4,96,Charlie,Operator
E100064,2025-01-01 20:54:00,MX-202,Line-C,evening,Quality,MaterialMismatch,high,1,0,4,Delta,Operator
E100024,2025-01-01 21:11:00,MX-201,Line-C,evening,Warning,TempTrend,high,6,0,0,Bravo,Technician
E100042,2025-01-01 21:16:00,MX-102,Line-A,evening,Warning,PressureTrend,low,2,0,0,Charlie,Technician
E100001,2025-01-01 21:16:00,MX-201,Line-C,evening,Setup,ToolChange,low,69,60,49,Delta,Engineer
E100053,2025-01-01 21:19:00,MX-102,Line-A,evening,Warning,EnergySpike,low,8,0,0,Delta,Supervisor
E100105,2025-01-01 21:31:00,MX-102,Line-A,evening,Maintenance,FilterChange,low,61,32,19,Alpha,Engineer
E100097,2025-01-01 21:51:00,MX-102,Line-A,evening,Warning,TempTrend,high,3,0,0,Charlie,Operator
E100094,2025-01-01 22:07:00,MX-201,Line-C,night,Quality,DimensionDrift,medium,6,2,38,Alpha,Technician
E100052,2025-01-01 22:45:00,MX-102,Line-A,night,Maintenance,Lubrication,low,79,44,42,Delta,Engineer
E100099,2025-01-01 22:46:00,MX-101,Line-A,night,Warning,TempTrend,low,10,0,0,Charlie,Engineer
E100010,2025-01-01 23:07:00,MX-202,Line-C,night,Warning,VibrationTrend,low,9,0,0,Alpha,Operator
E100006,2025-01-01 23:12:00,MX-101,Line-A,night,Maintenance,Lubrication,medium,61,36,14,Alpha,Technician
E100093,2025-01-01 23:21:00,MX-102,Line-A,night,Warning,EnergySpike,low,3,0,0,Delta,Technician
E100199,2025-01-02 00:11:00,MX-202,Line-C,night,Maintenance,Calibration,medium,37,17,9,Bravo,AutoReset
E100171,2025-01-02 00:11:00,MX-202,Line-C,night,Maintenance,Lubrication,medium,36,16,9,Charlie,Supervisor
E100128,2025-01-02 00:15:00,MX-202,Line-C,night,Warning,PressureTrend,low,13,0,0,Delta,Technician
E100210,2025-01-02 00:46:00,MX-202,Line-C,night,Setup,ToolChange,medium,18,13,9,Charlie,Engineer
E100218,2025-01-02 01:16:00,MX-102,Line-A,night,Maintenance,BearingReplacement,low,72,47,18,Delta,Engineer
E100158,2025-01-02 01:27:00,MX-102,Line-A,night,Alarm,PressureDrop,critical,89,47,50,Bravo,Supervisor
E100120,2025-01-02 01:30:00,MX-101,Line-A,night,Quality,MaterialMismatch,medium,8,1,49,Alpha,Technician
E100129,2025-01-02 01:46:00,MX-102,Line-A,night,Alarm,PressureDrop,medium,50,33,24,Charlie,Operator
E100142,2025-01-02 02:11:00,MX-201,Line-C,night,Warning,EnergySpike,high,7,0,0,Bravo,Operator
E100119,2025-01-02 02:12:00,MX-202,Line-C,night,Maintenance,Inspection,medium,112,67,29,Alpha,AutoReset
E100132,2025-01-02 02:29:00,MX-201,Line-C,night,Maintenance,BearingReplacement,medium,56,33,12,Delta,Operator
E100186,2025-01-02 02:41:00,MX-201,Line-C,night,Safety,DoorInterlock,critical,2,1,0,Charlie,AutoReset
E100122,2025-01-02 03:09:00,MX-202,Line-C,night,Warning,EnergySpike,medium,12,0,0,Alpha,Technician
E100194,2025-01-02 03:18:00,MX-103,Line-B,night,Alarm,SensorFailure,critical,48,43,80,Alpha,Operator
E100160,2025-01-02 03:22:00,MX-101,Line-A,night,Alarm,PressureDrop,critical,85,44,59,Bravo,Technician
E100208,2025-01-02 03:27:00,MX-101,Line-A,night,Alarm,PressureDrop,high,33,30,52,Bravo,AutoReset
E100201,2025-01-02 04:03:00,MX-101,Line-A,night,Setup,FixtureAdjustment,low,25,19,6,Bravo,Technician
E100207,2025-01-02 04:11:00,MX-202,Line-C,night,Quality,MaterialMismatch,low,3,0,18,Alpha,AutoReset
E100108,2025-01-02 04:29:00,MX-103,Line-B,night,Setup,ToolChange,low,47,39,24,Bravo,Technician
E100193,2025-01-02 05:07:00,MX-201,Line-C,night,Warning,PressureTrend,low,10,1,0,Alpha,Operator
E100166,2025-01-02 05:11:00,MX-102,Line-A,night,Warning,TempTrend,medium,22,1,0,Bravo,Operator
E100182,2025-01-02 05:15:00,MX-102,Line-A,night,Quality,VisionReject,medium,1,0,2,Delta,Operator
E100175,2025-01-02 05:21:00,MX-103,Line-B,night,Safety,GuardOpen,high,13,12,17,Bravo,Technician
E100180,2025-01-02 05:40:00,MX-202,Line-C,night,Setup,ToolChange,medium,73,72,65,Alpha,AutoReset
E100165,2025-01-02 06:00:00,MX-103,Line-B,morning,Warning,EnergySpike,medium,8,0,0,Bravo,Technician
E100138,2025-01-02 06:35:00,MX-101,Line-A,morning,Alarm,SensorFailure,high,44,43,37,Alpha,Technician
E100197,2025-01-02 06:38:00,MX-101,Line-A,morning,Safety,DoorInterlock,medium,27,15,14,Bravo,Operator
E100133,2025-01-02 06:42:00,MX-101,Line-A,morning,Warning,VibrationTrend,medium,4,0,0,Bravo,Engineer
E100126,2025-01-02 06:53:00,MX-202,Line-C,morning,Maintenance,FilterChange,medium,84,34,23,Delta,Operator
E100125,2025-01-02 06:55:00,MX-202,Line-C,morning,Warning,EnergySpike,low,16,1,0,Bravo,Operator
E100214,2025-01-02 06:56:00,MX-101,Line-A,morning,Maintenance,Inspection,medium,40,20,10,Alpha,Supervisor
E100109,2025-01-02 07:14:00,MX-201,Line-C,morning,Warning,PressureTrend,low,29,1,0,Delta,AutoReset
E100115,2025-01-02 07:28:00,MX-103,Line-B,morning,Warning,TempTrend,medium,12,1,0,Delta,Engineer
E100110,2025-01-02 07:35:00,MX-101,Line-A,morning,Setup,FixtureAdjustment,low,42,36,8,Charlie,Engineer
E100200,2025-01-02 07:52:00,MX-202,Line-C,morning,Alarm,MotorOverload,low,33,20,42,Bravo,Technician
E100131,2025-01-02 08:10:00,MX-201,Line-C,morning,Setup,RecipeChange,low,36,33,24,Alpha,Operator
E100145,2025-01-02 08:14:00,MX-101,Line-A,morning,Alarm,MotorOverload,high,74,52,38,Delta,Operator
E100185,2025-01-02 08:17:00,MX-101,Line-A,morning,Alarm,HighVibration,high,114,58,94,Charlie,AutoReset
E100153,2025-01-02 08:17:00,MX-103,Line-B,morning,Quality,DimensionDrift,medium,7,0,35,Bravo,Operator
E100174,2025-01-02 08:24:00,MX-202,Line-C,morning,Safety,GuardOpen,high,39,21,26,Delta,Operator
E100130,2025-01-02 08:32:00,MX-202,Line-C,morning,Warning,TempTrend,low,7,0,0,Charlie,AutoReset
E100206,2025-01-02 08:32:00,MX-202,Line-C,morning,Maintenance,Lubrication,low,21,11,7,Alpha,Technician
E100151,2025-01-02 08:38:00,MX-102,Line-A,morning,Setup,FixtureAdjustment,low,52,37,9,Bravo,Technician
E100161,2025-01-02 08:42:00,MX-101,Line-A,morning,Maintenance,FilterChange,low,34,12,4,Charlie,AutoReset
E100190,2025-01-02 08:52:00,MX-103,Line-B,morning,Alarm,HighVibration,high,33,23,35,Delta,Supervisor
E100202,2025-01-02 09:03:00,MX-101,Line-A,morning,Alarm,MotorOverload,critical,25,21,21,Bravo,Technician
E100152,2025-01-02 09:06:00,MX-101,Line-A,morning,Quality,DimensionDrift,high,1,0,5,Alpha,AutoReset
E100189,2025-01-02 09:17:00,MX-201,Line-C,morning,Alarm,PressureDrop,high,56,32,38,Delta,Supervisor
E100198,2025-01-02 09:26:00,MX-101,Line-A,morning,Setup,FixtureAdjustment,low,49,43,14,Delta,AutoReset
E100148,2025-01-02 09:26:00,MX-202,Line-C,morning,Setup,FixtureAdjustment,low,85,67,70,Charlie,AutoReset
E100170,2025-01-02 09:36:00,MX-202,Line-C,morning,Quality,DimensionDrift,medium,8,1,28,Delta,Operator
E100141,2025-01-02 09:54:00,MX-201,Line-C,morning,Alarm,HighVibration,high,23,18,33,Delta,Engineer
E100217,2025-01-02 09:59:00,MX-101,Line-A,morning,Warning,EnergySpike,low,6,0,0,Charlie,AutoReset
E100150,2025-01-02 10:36:00,MX-101,Line-A,morning,Alarm,MotorOverload,high,15,8,16,Delta,Engineer
E100168,2025-01-02 11:13:00,MX-201,Line-C,morning,Warning,PressureTrend,low,3,0,0,Alpha,Technician
E100156,2025-01-02 11:27:00,MX-202,Line-C,morning,Alarm,SensorFailure,high,28,22,39,Charlie,Operator
E100121,2025-01-02 11:33:00,MX-102,Line-A,morning,Setup,ToolChange,low,8,7,5,Delta,Technician
E100162,2025-01-02 11:40:00,MX-102,Line-A,morning,Safety,DoorInterlock,high,18,14,3,Bravo,Supervisor
E100184,2025-01-02 11:44:00,MX-101,Line-A,morning,Maintenance,FilterChange,low,21,11,10,Alpha,Supervisor
E100215,2025-01-02 12:38:00,MX-101,Line-A,morning,Alarm,HighVibration,high,13,8,13,Charlie,Engineer
E100212,2025-01-02 13:07:00,MX-103,Line-B,morning,Setup,RecipeChange,low,54,44,35,Alpha,Operator
E100113,2025-01-02 13:11:00,MX-101,Line-A,morning,Warning,VibrationTrend,low,7,0,0,Alpha,Supervisor
E100155,2025-01-02 13:16:00,MX-102,Line-A,morning,Setup,ToolChange,medium,29,22,20,Bravo,AutoReset
E100187,2025-01-02 13:23:00,MX-201,Line-C,morning,Alarm,HighVibration,medium,95,91,105,Bravo,Technician
E100159,2025-01-02 13:33:00,MX-102,Line-A,morning,Alarm,HighVibration,medium,45,25,38,Alpha,Technician
E100112,2025-01-02 13:41:00,MX-202,Line-C,morning,Alarm,SensorFailure,high,11,10,16,Charlie,AutoReset
E100213,2025-01-02 13:43:00,MX-101,Line-A,morning,Alarm,HighVibration,critical,11,9,9,Bravo,Engineer
E100139,2025-01-02 13:44:00,MX-101,Line-A,morning,Setup,ToolChange,low,46,40,11,Delta,Engineer
E100135,2025-01-02 13:47:00,MX-102,Line-A,morning,Alarm,HighVibration,high,8,4,4,Delta,Supervisor
E100192,2025-01-02 13:54:00,MX-103,Line-B,morning,Quality,VisionReject,high,9,0,42,Alpha,AutoReset
E100127,2025-01-02 14:24:00,MX-103,Line-B,evening,Safety,EStop,high,13,7,4,Delta,Engineer
E100118,2025-01-02 14:35:00,MX-201,Line-C,evening,Alarm,MotorOverload,low,36,31,41,Delta,Engineer
E100143,2025-01-02 14:41:00,MX-101,Line-A,evening,Setup,RecipeChange,low,27,26,16,Bravo,Supervisor
E100167,2025-01-02 14:54:00,MX-102,Line-A,evening,Maintenance,Calibration,medium,166,97,73,Delta,Supervisor
E100157,2025-01-02 14:55:00,MX-201,Line-C,evening,Warning,VibrationTrend,low,22,1,0,Charlie,Technician
E100181,2025-01-02 14:57:00,MX-202,Line-C,evening,Maintenance,BearingReplacement,low,28,9,5,Bravo,AutoReset
E100219,2025-01-02 15:09:00,MX-202,Line-C,evening,Alarm,HighVibration,medium,68,44,47,Alpha,Engineer
E100114,2025-01-02 15:41:00,MX-202,Line-C,evening,Alarm,Overheat,high,30,26,43,Bravo,Operator
E100140,2025-01-02 15:49:00,MX-102,Line-A,evening,Maintenance,Lubrication,medium,46,12,10,Bravo,AutoReset
E100163,2025-01-02 15:57:00,MX-102,Line-A,evening,Alarm,Overheat,medium,27,12,18,Delta,Operator
E100205,2025-01-02 16:04:00,MX-103,Line-B,evening,Warning,EnergySpike,low,10,0,0,Alpha,Engineer
E100146,2025-01-02 16:20:00,MX-202,Line-C,evening,Setup,RecipeChange,low,86,61,65,Alpha,Technician
E100124,2025-01-02 16:39:00,MX-202,Line-C,evening,Maintenance,Lubrication,low,146,69,21,Alpha,AutoReset
E100107,2025-01-02 16:43:00,MX-202,Line-C,evening,Warning,EnergySpike,low,12,1,0,Alpha,AutoReset
E100147,2025-01-02 16:49:00,MX-103,Line-B,evening,Warning,TempTrend,high,18,2,1,Alpha,Technician
E100211,2025-01-02 16:53:00,MX-101,Line-A,evening,Alarm,HighVibration,medium,17,14,9,Alpha,Operator
E100191,2025-01-02 17:15:00,MX-103,Line-B,evening,Setup,RecipeChange,low,34,33,33,Alpha,Operator
E100144,2025-01-02 17:16:00,MX-102,Line-A,evening,Maintenance,Calibration,low,190,75,21,Delta,Supervisor
E100116,2025-01-02 17:17:00,MX-201,Line-C,evening,Maintenance,Calibration,high,10,7,5,Bravo,Operator
E100188,2025-01-02 17:39:00,MX-103,Line-B,evening,Warning,EnergySpike,low,4,0,0,Alpha,Engineer
E100123,2025-01-02 17:45:00,MX-201,Line-C,evening,Maintenance,Lubrication,medium,87,35,18,Alpha,AutoReset
E100137,2025-01-02 18:28:00,MX-103,Line-B,evening,Quality,SurfaceDefect,medium,18,1,71,Alpha,Engineer
E100136,2025-01-02 19:42:00,MX-201,Line-C,evening,Alarm,HighVibration,high,42,23,43,Charlie,AutoReset
E100154,2025-01-02 20:15:00,MX-201,Line-C,evening,Quality,DimensionDrift,medium,32,4,92,Charlie,Supervisor
E100169,2025-01-02 20:23:00,MX-103,Line-B,evening,Safety,EStop,critical,13,7,8,Bravo,Engineer
E100203,2025-01-02 20:28:00,MX-101,Line-A,evening,Maintenance,FilterChange,medium,101,37,22,Bravo,Operator
E100117,2025-01-02 20:35:00,MX-202,Line-C,evening,Quality,DimensionDrift,high,38,9,222,Delta,Operator
E100111,2025-01-02 20:41:00,MX-102,Line-A,evening,Quality,VisionReject,medium,38,10,238,Bravo,AutoReset
E100172,2025-01-02 20:53:00,MX-202,Line-C,evening,Warning,EnergySpike,low,1,0,0,Delta,Engineer
E100179,2025-01-02 21:05:00,MX-102,Line-A,evening,Quality,SurfaceDefect,high,25,2,171,Charlie,Operator
E100216,2025-01-02 21:08:00,MX-202,Line-C,evening,Alarm,MotorOverload,high,35,29,48,Bravo,Technician
E100178,2025-01-02 21:21:00,MX-101,Line-A,evening,Alarm,SensorFailure,medium,22,13,27,Delta,Technician
E100204,2025-01-02 21:32:00,MX-201,Line-C,evening,Maintenance,BearingReplacement,high,63,50,40,Delta,Operator
E100134,2025-01-02 21:37:00,MX-101,Line-A,evening,Alarm,PressureDrop,medium,57,47,62,Charlie,Operator
E100164,2025-01-02 22:08:00,MX-201,Line-C,night,Warning,EnergySpike,low,1,0,0,Charlie,Supervisor
E100196,2025-01-02 22:26:00,MX-103,Line-B,night,Setup,FixtureAdjustment,low,48,42,40,Bravo,Technician
E100209,2025-01-02 22:31:00,MX-202,Line-C,night,Quality,MaterialMismatch,high,17,1,72,Bravo,Operator
E100176,2025-01-02 22:58:00,MX-103,Line-B,night,Warning,TempTrend,low,5,0,0,Bravo,Supervisor
E100173,2025-01-02 23:02:00,MX-102,Line-A,night,Warning,TempTrend,low,9,0,0,Charlie,Supervisor
E100195,2025-01-02 23:09:00,MX-103,Line-B,night,Quality,SurfaceDefect,medium,11,2,50,Alpha,Operator
E100149,2025-01-02 23:13:00,MX-201,Line-C,night,Quality,SurfaceDefect,high,8,0,52,Delta,AutoReset
E100177,2025-01-02 23:50:00,MX-102,Line-A,night,Maintenance,Calibration,low,45,30,28,Charlie,AutoReset
E100183,2025-01-02 23:52:00,MX-102,Line-A,night,Maintenance,Inspection,low,38,22,7,Delta,Operator
E100305,2025-01-03 00:03:00,MX-103,Line-B,night,Warning,PressureTrend,medium,22,2,0,Alpha,Operator
E100249,2025-01-03 00:20:00,MX-202,Line-C,night,Alarm,HighVibration,critical,32,26,22,Charlie,Operator
E100248,2025-01-03 00:45:00,MX-202,Line-C,night,Warning,VibrationTrend,low,5,0,0,Delta,Technician
E100254,2025-01-03 01:22:00,MX-101,Line-A,night,Setup,RecipeChange,low,85,73,54,Charlie,Engineer
E100224,2025-01-03 01:29:00,MX-102,Line-A,night,Maintenance,BearingReplacement,low,60,23,12,Delta,Engineer
E100326,2025-01-03 01:30:00,MX-201,Line-C,night,Warning,TempTrend,medium,2,0,0,Delta,Technician
E100267,2025-01-03 01:38:00,MX-102,Line-A,night,Maintenance,BearingReplacement,medium,184,48,46,Bravo,Engineer
E100310,2025-01-03 01:38:00,MX-102,Line-A,night,Warning,PressureTrend,low,9,1,0,Delta,Technician
E100250,2025-01-03 01:38:00,MX-101,Line-A,night,Warning,EnergySpike,low,4,0,0,Bravo,Engineer
E100330,2025-01-03 01:39:00,MX-101,Line-A,night,Alarm,SensorFailure,high,28,23,27,Delta,Operator
E100260,2025-01-03 01:43:00,MX-101,Line-A,night,Warning,EnergySpike,low,1,0,0,Bravo,Engineer
E100261,2025-01-03 01:55:00,MX-201,Line-C,night,Alarm,MotorOverload,high,84,63,68,Alpha,Operator
E100288,2025-01-03 01:57:00,MX-202,Line-C,night,Quality,DimensionDrift,high,19,1,81,Delta,Technician
E100329,2025-01-03 02:03:00,MX-202,Line-C,night,Setup,ToolChange,low,84,66,55,Bravo,Operator
E100284,2025-01-03 02:33:00,MX-201,Line-C,night,Maintenance,Lubrication,medium,98,47,38,Bravo,Operator
E100259,2025-01-03 02:34:00,MX-103,Line-B,night,Alarm,SensorFailure,low,37,28,51,Bravo,Engineer
E100275,2025-01-03 02:53:00,MX-103,Line-B,night,Alarm,MotorOverload,high,21,19,26,Delta,Technician
E100268,2025-01-03 03:01:00,MX-102,Line-A,night,Warning,TempTrend,low,13,0,0,Charlie,AutoReset
E100251,2025-01-03 03:26:00,MX-103,Line-B,night,Maintenance,Lubrication,low,86,59,55,Delta,AutoReset
E100241,2025-01-03 03:27:00,MX-101,Line-A,night,Alarm,PressureDrop,low,85,49,77,Alpha,Technician
E100237,2025-01-03 03:38:00,MX-201,Line-C,night,Alarm,HighVibration,high,46,30,63,Alpha,Engineer
E100292,2025-01-03 03:56:00,MX-202,Line-C,night,Alarm,SensorFailure,medium,85,61,45,Alpha,AutoReset
E100236,2025-01-03 04:37:00,MX-102,Line-A,night,Alarm,MotorOverload,medium,21,12,11,Delta,AutoReset
E100318,2025-01-03 04:44:00,MX-202,Line-C,night,Setup,RecipeChange,low,17,16,10,Charlie,Technician
E100307,2025-01-03 04:57:00,MX-201,Line-C,night,Quality,VisionReject,high,5,0,28,Alpha,Technician
E100314,2025-01-03 05:01:00,MX-103,Line-B,night,Warning,VibrationTrend,low,4,0,0,Charlie,Engineer
E100333,2025-01-03 05:09:00,MX-201,Line-C,night,Maintenance,Calibration,low,21,13,2,Alpha,Technician
E100293,2025-01-03 05:15:00,MX-103,Line-B,night,Warning,VibrationTrend,low,15,1,0,Delta,Engineer
E100230,2025-01-03 05:16:00,MX-101,Line-A,night,Quality,MaterialMismatch,low,4,0,9,Charlie,Supervisor
E100294,2025-01-03 05:21:00,MX-102,Line-A,night,Quality,VisionReject,medium,4,0,11,Charlie,Operator
E100300,2025-01-03 06:04:00,MX-101,Line-A,morning,Maintenance,FilterChange,medium,48,28,24,Charlie,Technician
E100317,2025-01-03 06:52:00,MX-101,Line-A,morning,Safety,AreaBreach,medium,45,23,32,Bravo,Engineer
E100286,2025-01-03 07:50:00,MX-102,Line-A,morning,Setup,FixtureAdjustment,medium,56,45,45,Alpha,Engineer
E100232,2025-01-03 07:55:00,MX-101,Line-A,morning,Safety,AreaBreach,medium,5,4,5,Alpha,Engineer
E100312,2025-01-03 07:56:00,MX-201,Line-C,morning,Alarm,MotorOverload,low,70,36,36,Alpha,Engineer
E100221,2025-01-03 08:12:00,MX-202,Line-C,morning,Maintenance,Inspection,low,47,11,3,Bravo,Technician
E100274,2025-01-03 08:13:00,MX-103,Line-B,morning,Quality,MaterialMismatch,medium,4,0,22,Delta,AutoReset
E100295,2025-01-03 09:13:00,MX-102,Line-A,morning,Alarm,HighVibration,high,36,27,50,Bravo,Technician
E100298,2025-01-03 09:23:00,MX-101,Line-A,morning,Safety,EStop,high,7,4,1,Bravo,AutoReset
E100315,2025-01-03 09:37:00,MX-103,Line-B,morning,Warning,TempTrend,high,18,0,0,Alpha,Technician
E100244,2025-01-03 09:51:00,MX-201,Line-C,morning,Setup,ToolChange,low,16,11,6,Bravo,Operator
E100311,2025-01-03 10:08:00,MX-102,Line-A,morning,Warning,EnergySpike,low,1,0,0,Charlie,Engineer
E100258,2025-01-03 10:43:00,MX-101,Line-A,morning,Safety,AreaBreach,high,21,10,3,Alpha,Engineer
E100262,2025-01-03 10:53:00,MX-201,Line-C,morning,Maintenance,Calibration,medium,56,35,10,Alpha,Technician
E100327,2025-01-03 11:10:00,MX-201,Line-C,morning,Warning,EnergySpike,low,10,0,0,Delta,Supervisor
E100225,2025-01-03 12:15:00,MX-102,Line-A,morning,Setup,RecipeChange,medium,25,24,8,Bravo,Technician
E100297,2025-01-03 12:22:00,MX-102,Line-A,morning,Alarm,Overheat,medium,11,6,12,Alpha,Technician
E100283,2025-01-03 12:37:00,MX-101,Line-A,morning,Maintenance,Inspection,medium,30,8,4,Alpha,AutoReset
E100227,2025-01-03 12:48:00,MX-102,Line-A,morning,Alarm,PressureDrop,high,70,51,67,Alpha,Operator
E100303,2025-01-03 12:50:00,MX-202,Line-C,morning,Warning,VibrationTrend,low,8,1,0,Delta,Supervisor
E100255,2025-01-03 12:50:00,MX-102,Line-A,morning,Quality,VisionReject,high,1,0,2,Bravo,AutoReset
E100229,2025-01-03 13:10:00,MX-103,Line-B,morning,Alarm,HighVibration,medium,50,47,55,Charlie,AutoReset
E100287,2025-01-03 13:20:00,MX-202,Line-C,morning,Setup,ToolChange,low,75,53,51,Delta,AutoReset
E100231,2025-01-03 13:21:00,MX-103,Line-B,morning,Safety,GuardOpen,high,8,4,4,Bravo,Engineer
E100324,2025-01-03 13:47:00,MX-201,Line-C,morning,Quality,SurfaceDefect,low,5,0,10,Alpha,Technician
E100281,2025-01-03 13:52:00,MX-103,Line-B,morning,Maintenance,BearingReplacement,medium,60,43,33,Alpha,Technician
E100278,2025-01-03 13:53:00,MX-102,Line-A,morning,Maintenance,Calibration,low,76,21,11,Delta,Engineer
E100279,2025-01-03 14:15:00,MX-101,Line-A,evening,Alarm,MotorOverload,high,20,17,33,Charlie,AutoReset
E100270,2025-01-03 14:43:00,MX-103,Line-B,evening,Setup,ToolChange,medium,21,17,18,Delta,Technician
E100226,2025-01-03 14:47:00,MX-101,Line-A,evening,Quality,DimensionDrift,medium,24,7,162,Bravo,Operator
E100239,2025-01-03 14:49:00,MX-102,Line-A,evening,Safety,EStop,high,21,15,4,Bravo,Operator
E100285,2025-01-03 14:57:00,MX-103,Line-B,evening,Setup,RecipeChange,low,40,37,11,Alpha,Supervisor
E100316,2025-01-03 14:59:00,MX-202,Line-C,evening,Maintenance,FilterChange,low,118,68,49,Delta,Technician
E100321,2025-01-03 15:02:00,MX-201,Line-C,evening,Warning,VibrationTrend,low,7,0,0,Delta,Operator
E100306,2025-01-03 15:20:00,MX-101,Line-A,evening,Setup,RecipeChange,medium,64,48,14,Delta,Technician
E100320,2025-01-03 15:47:00,MX-201,Line-C,evening,Setup,ToolChange,medium,44,35,19,Bravo,Supervisor
E100280,2025-01-03 16:23:00,MX-202,Line-C,evening,Maintenance,FilterChange,low,48,16,12,Charlie,Technician
E100238,2025-01-03 16:47:00,MX-101,Line-A,evening,Setup,ToolChange,low,94,90,61,Delta,Engineer
E100313,2025-01-03 16:52:00,MX-201,Line-C,evening,Quality,SurfaceDefect,high,28,7,87,Bravo,Technician
E100331,2025-01-03 16:54:00,MX-102,Line-A,evening,Setup,RecipeChange,medium,19,15,8,Bravo,Supervisor
E100264,2025-01-03 17:13:00,MX-101,Line-A,evening,Alarm,PressureDrop,high,48,21,32,Bravo,AutoReset
E100247,2025-01-03 17:19:00,MX-101,Line-A,evening,Quality,VisionReject,high,4,1,11,Charlie,Engineer
E100243,2025-01-03 17:24:00,MX-102,Line-A,evening,Alarm,HighVibration,high,43,36,31,Bravo,Supervisor
E100266,2025-01-03 17:34:00,MX-101,Line-A,evening,Alarm,HighVibration,high,36,34,55,Bravo,Supervisor
E100273,2025-01-03 17:34:00,MX-202,Line-C,evening,Alarm,PressureDrop,high,33,32,70,Charlie,Operator
E100323,2025-01-03 17:39:00,MX-202,Line-C,evening,Safety,GuardOpen,high,15,10,14,Charlie,Operator
E100332,2025-01-03 17:48:00,MX-202,Line-C,evening,Warning,PressureTrend,low,9,0,0,Bravo,Engineer
E100277,2025-01-03 17:53:00,MX-101,Line-A,evening,Alarm,MotorOverload,critical,14,12,23,Delta,Technician
E100325,2025-01-03 17:56:00,MX-102,Line-A,evening,Warning,EnergySpike,medium,2,0,0,Charlie,Technician
E100223,2025-01-03 18:09:00,MX-202,Line-C,evening,Maintenance,Lubrication,medium,114,59,50,Bravo,Technician
E100265,2025-01-03 18:20:00,MX-102,Line-A,evening,Maintenance,Calibration,low,25,17,9,Charlie,Technician
E100282,2025-01-03 18:54:00,MX-202,Line-C,evening,Alarm,Overheat,medium,36,29,40,Charlie,Technician
E100235,2025-01-03 19:22:00,MX-201,Line-C,evening,Warning,PressureTrend,low,9,1,0,Charlie,Technician
E100246,2025-01-03 19:30:00,MX-101,Line-A,evening,Warning,VibrationTrend,medium,1,0,0,Charlie,Engineer
E100242,2025-01-03 19:35:00,MX-103,Line-B,evening,Quality,MaterialMismatch,medium,7,0,22,Alpha,Technician
E100256,2025-01-03 19:37:00,MX-202,Line-C,evening,Warning,PressureTrend,medium,16,1,0,Bravo,Technician
E100319,2025-01-03 20:02:00,MX-202,Line-C,evening,Maintenance,Calibration,high,28,13,3,Delta,Engineer
E100290,2025-01-03 20:10:00,MX-103,Line-B,evening,Warning,EnergySpike,medium,2,0,0,Delta,Technician
E100245,2025-01-03 20:35:00,MX-201,Line-C,evening,Alarm,PressureDrop,medium,14,8,14,Alpha,AutoReset
E100263,2025-01-03 20:56:00,MX-101,Line-A,evening,Alarm,Overheat,high,24,16,32,Charlie,Engineer
E100289,2025-01-03 20:56:00,MX-201,Line-C,evening,Alarm,SensorFailure,high,58,56,45,Alpha,Operator
E100322,2025-01-03 21:02:00,MX-102,Line-A,evening,Warning,EnergySpike,low,13,0,0,Delta,Operator
E100299,2025-01-03 21:09:00,MX-101,Line-A,evening,Safety,EStop,high,36,19,25,Alpha,Technician
E100233,2025-01-03 21:16:00,MX-101,Line-A,evening,Warning,TempTrend,low,1,0,0,Delta,Supervisor
E100309,2025-01-03 21:21:00,MX-101,Line-A,evening,Safety,DoorInterlock,critical,39,34,36,Delta,Technician
E100302,2025-01-03 21:44:00,MX-103,Line-B,evening,Warning,PressureTrend,medium,19,0,0,Alpha,AutoReset
E100271,2025-01-03 21:52:00,MX-102,Line-A,evening,Maintenance,BearingReplacement,low,90,67,63,Bravo,Operator
E100257,2025-01-03 21:53:00,MX-101,Line-A,evening,Quality,SurfaceDefect,low,21,6,106,Alpha,Technician
E100308,2025-01-03 22:07:00,MX-202,Line-C,night,Maintenance,FilterChange,low,31,8,4,Charlie,Technician
E100252,2025-01-03 22:08:00,MX-103,Line-B,night,Setup,RecipeChange,low,12,9,6,Bravo,Supervisor
E100291,2025-01-03 22:16:00,MX-101,Line-A,night,Setup,RecipeChange,medium,26,22,13,Charlie,Technician
E100269,2025-01-03 22:17:00,MX-202,Line-C,night,Quality,MaterialMismatch,medium,33,11,83,Delta,Technician
E100253,2025-01-03 22:17:00,MX-201,Line-C,night,Alarm,PressureDrop,high,34,25,23,Charlie,Technician
E100220,2025-01-03 22:17:00,MX-102,Line-A,night,Alarm,HighVibration,medium,50,30,56,Bravo,Operator
E100228,2025-01-03 22:18:00,MX-202,Line-C,night,Warning,TempTrend,medium,5,0,0,Delta,AutoReset
E100296,2025-01-03 22:32:00,MX-202,Line-C,night,Quality,MaterialMismatch,medium,1,0,6,Charlie,AutoReset
E100301,2025-01-03 22:45:00,MX-102,Line-A,night,Quality,DimensionDrift,high,22,5,94,Charlie,Technician
E100328,2025-01-03 22:55:00,MX-201,Line-C,night,Warning,PressureTrend,medium,3,0,0,Bravo,Technician
E100222,2025-01-03 22:57:00,MX-202,Line-C,night,Setup,ToolChange,low,33,32,31,Alpha,Technician
E100272,2025-01-03 23:03:00,MX-202,Line-C,night,Quality,MaterialMismatch,medium,8,1,17,Alpha,Technician
E100240,2025-01-03 23:34:00,MX-103,Line-B,night,Warning,EnergySpike,low,8,0,0,Bravo,Supervisor
E100276,2025-01-03 23:51:00,MX-102,Line-A,night,Warning,VibrationTrend,low,5,0,0,Delta,Engineer
E100234,2025-01-03 23:53:00,MX-103,Line-B,night,Setup,FixtureAdjustment,low,15,13,11,Alpha,Technician
E100304,2025-01-03 23:55:00,MX-202,Line-C,night,Safety,AreaBreach,high,62,40,11,Delta,AutoReset
E100337,2025-01-04 00:11:00,MX-102,Line-A,night,Maintenance,Calibration,low,138,85,33,Bravo,Operator
E100375,2025-01-04 00:18:00,MX-101,Line-A,night,Alarm,SensorFailure,medium,45,42,91,Bravo,AutoReset
E100409,2025-01-04 00:33:00,MX-101,Line-A,night,Warning,EnergySpike,low,17,0,0,Alpha,Supervisor
E100389,2025-01-04 00:49:00,MX-201,Line-C,night,Quality,VisionReject,medium,25,0,109,Delta,Engineer
E100402,2025-01-04 01:14:00,MX-202,Line-C,night,Setup,ToolChange,medium,49,46,50,Alpha,Operator
E100400,2025-01-04 01:28:00,MX-101,Line-A,night,Maintenance,Lubrication,low,134,54,39,Bravo,Operator
E100381,2025-01-04 01:38:00,MX-101,Line-A,night,Maintenance,BearingReplacement,low,136,87,25,Delta,Supervisor
E100412,2025-01-04 02:13:00,MX-202,Line-C,night,Quality,VisionReject,high,15,1,74,Charlie,Technician
E100344,2025-01-04 02:27:00,MX-102,Line-A,night,Quality,VisionReject,medium,17,5,87,Bravo,Supervisor
E100357,2025-01-04 02:36:00,MX-201,Line-C,night,Warning,EnergySpike,low,2,0,0,Charlie,AutoReset
E100399,2025-01-04 02:53:00,MX-102,Line-A,night,Alarm,HighVibration,critical,47,26,52,Charlie,Technician
E100405,2025-01-04 03:06:00,MX-101,Line-A,night,Alarm,MotorOverload,medium,43,19,41,Alpha,Operator
E100393,2025-01-04 03:54:00,MX-202,Line-C,night,Warning,EnergySpike,low,3,0,0,Delta,Operator
E100394,2025-01-04 04:04:00,MX-102,Line-A,night,Alarm,PressureDrop,critical,24,22,26,Alpha,Engineer
E100364,2025-01-04 04:55:00,MX-103,Line-B,night,Quality,MaterialMismatch,low,2,0,7,Alpha,Operator
E100401,2025-01-04 05:05:00,MX-201,Line-C,night,Safety,GuardOpen,medium,69,51,47,Alpha,AutoReset
E100406,2025-01-04 05:14:00,MX-102,Line-A,night,Alarm,HighVibration,medium,31,25,39,Delta,AutoReset
E100349,2025-01-04 05:30:00,MX-201,Line-C,night,Safety,DoorInterlock,medium,6,4,5,Bravo,Technician
E100339,2025-01-04 06:49:00,MX-201,Line-C,morning,Warning,TempTrend,medium,15,1,0,Delta,Operator
E100347,2025-01-04 10:12:00,MX-201,Line-C,morning,Setup,ToolChange,low,25,23,7,Bravo,Operator
E100340,2025-01-04 10:18:00,MX-202,Line-C,morning,Maintenance,Inspection,low,80,32,22,Bravo,Technician
E100376,2025-01-04 10:52:00,MX-102,Line-A,morning,Setup,FixtureAdjustment,low,28,26,16,Delta,AutoReset
E100360,2025-01-04 10:59:00,MX-101,Line-A,morning,Warning,VibrationTrend,low,3,0,0,Alpha,Operator
E100358,2025-01-04 11:06:00,MX-202,Line-C,morning,Warning,PressureTrend,low,11,0,0,Alpha,Technician
E100378,2025-01-04 11:19:00,MX-101,Line-A,morning,Setup,FixtureAdjustment,low,55,50,39,Charlie,Supervisor
E100343,2025-01-04 11:21:00,MX-102,Line-A,morning,Maintenance,Inspection,low,95,36,32,Delta,Technician
E100387,2025-01-04 11:37:00,MX-102,Line-A,morning,Warning,PressureTrend,medium,8,0,0,Alpha,Operator
E100356,2025-01-04 11:41:00,MX-202,Line-C,morning,Maintenance,Calibration,medium,48,21,14,Charlie,Operator
E100407,2025-01-04 11:46:00,MX-102,Line-A,morning,Alarm,SensorFailure,low,27,20,29,Bravo,Operator
E100363,2025-01-04 11:48:00,MX-101,Line-A,morning,Alarm,PressureDrop,high,53,41,36,Bravo,Technician
E100351,2025-01-04 11:50:00,MX-103,Line-B,morning,Quality,SurfaceDefect,medium,4,0,15,Charlie,AutoReset
E100361,2025-01-04 12:02:00,MX-202,Line-C,morning,Maintenance,BearingReplacement,low,54,29,5,Charlie,AutoReset
E100379,2025-01-04 12:14:00,MX-202,Line-C,morning,Quality,MaterialMismatch,high,10,2,25,Alpha,AutoReset
E100373,2025-01-04 12:20:00,MX-103,Line-B,morning,Alarm,Overheat,medium,52,34,54,Delta,Operator
E100354,2025-01-04 12:21:00,MX-101,Line-A,morning,Setup,RecipeChange,low,17,15,10,Charlie,Technician
E100403,2025-01-04 12:30:00,MX-101,Line-A,morning,Alarm,SensorFailure,critical,23,14,13,Bravo,Technician
E100377,2025-01-04 12:31:00,MX-101,Line-A,morning,Warning,PressureTrend,medium,3,0,0,Alpha,Technician
E100382,2025-01-04 12:56:00,MX-102,Line-A,morning,Setup,FixtureAdjustment,low,15,14,10,Alpha,AutoReset
E100384,2025-01-04 13:15:00,MX-101,Line-A,morning,Warning,EnergySpike,high,15,0,0,Delta,Operator
E100383,2025-01-04 13:31:00,MX-102,Line-A,morning,Maintenance,BearingReplacement,low,57,25,22,Alpha,Engineer
E100341,2025-01-04 13:52:00,MX-201,Line-C,morning,Alarm,MotorOverload,high,67,52,40,Bravo,Engineer
E100362,2025-01-04 14:14:00,MX-201,Line-C,evening,Maintenance,Inspection,low,118,49,25,Charlie,Technician
E100370,2025-01-04 14:15:00,MX-202,Line-C,evening,Setup,ToolChange,medium,11,10,5,Alpha,Operator
E100408,2025-01-04 14:22:00,MX-201,Line-C,evening,Maintenance,FilterChange,low,112,69,64,Bravo,Operator
E100374,2025-01-04 14:37:00,MX-202,Line-C,evening,Quality,VisionReject,high,5,1,24,Delta,Operator
E100396,2025-01-04 14:40:00,MX-201,Line-C,evening,Quality,SurfaceDefect,medium,23,6,98,Delta,Technician
E100369,2025-01-04 14:51:00,MX-101,Line-A,evening,Warning,PressureTrend,high,4,0,0,Bravo,Engineer
E100385,2025-01-04 14:55:00,MX-103,Line-B,evening,Warning,EnergySpike,low,7,0,0,Alpha,Operator
E100380,2025-01-04 15:20:00,MX-101,Line-A,evening,Setup,ToolChange,low,56,45,30,Charlie,AutoReset
E100390,2025-01-04 16:06:00,MX-101,Line-A,evening,Warning,PressureTrend,low,10,1,0,Charlie,Operator
E100366,2025-01-04 16:26:00,MX-201,Line-C,evening,Maintenance,Lubrication,medium,67,20,5,Bravo,AutoReset
E100391,2025-01-04 16:37:00,MX-202,Line-C,evening,Safety,DoorInterlock,high,29,27,18,Charlie,Technician
E100346,2025-01-04 16:43:00,MX-103,Line-B,evening,Maintenance,BearingReplacement,low,43,29,9,Alpha,Technician
E100371,2025-01-04 16:55:00,MX-103,Line-B,evening,Alarm,SensorFailure,critical,50,37,38,Charlie,AutoReset
E100342,2025-01-04 16:57:00,MX-101,Line-A,evening,Safety,AreaBreach,medium,24,21,6,Charlie,Supervisor
E100395,2025-01-04 17:02:00,MX-103,Line-B,evening,Maintenance,Inspection,medium,91,25,9,Delta,Technician
E100336,2025-01-04 17:04:00,MX-103,Line-B,evening,Quality,DimensionDrift,low,15,5,45,Charlie,Supervisor
E100410,2025-01-04 17:16:00,MX-101,Line-A,evening,Alarm,SensorFailure,high,12,9,16,Charlie,AutoReset
E100411,2025-01-04 17:21:00,MX-101,Line-A,evening,Setup,ToolChange,medium,71,50,29,Charlie,Engineer
E100386,2025-01-04 17:32:00,MX-202,Line-C,evening,Maintenance,Inspection,medium,136,106,32,Bravo,Operator
E100338,2025-01-04 17:36:00,MX-201,Line-C,evening,Maintenance,BearingReplacement,medium,129,90,53,Delta,Supervisor
E100353,2025-01-04 17:37:00,MX-103,Line-B,evening,Safety,DoorInterlock,critical,17,15,22,Bravo,Technician
E100359,2025-01-04 17:54:00,MX-102,Line-A,evening,Setup,RecipeChange,low,61,47,41,Alpha,AutoReset
E100404,2025-01-04 18:05:00,MX-102,Line-A,evening,Quality,VisionReject,medium,9,1,24,Delta,Operator
E100368,2025-01-04 18:10:00,MX-102,Line-A,evening,Quality,DimensionDrift,medium,4,1,25,Charlie,Engineer
E100352,2025-01-04 18:29:00,MX-202,Line-C,evening,Quality,SurfaceDefect,medium,19,3,93,Alpha,AutoReset
E100348,2025-01-04 18:37:00,MX-201,Line-C,evening,Safety,AreaBreach,medium,74,56,60,Alpha,Engineer
E100365,2025-01-04 18:43:00,MX-102,Line-A,evening,Warning,TempTrend,low,16,2,0,Charlie,Technician
E100397,2025-01-04 18:55:00,MX-102,Line-A,evening,Maintenance,Calibration,medium,53,38,28,Bravo,Technician
E100398,2025-01-04 19:27:00,MX-201,Line-C,evening,Setup,RecipeChange,medium,48,39,37,Alpha,Technician
E100372,2025-01-04 19:52:00,MX-102,Line-A,evening,Safety,DoorInterlock,critical,12,8,6,Alpha,Engineer
E100334,2025-01-04 20:08:00,MX-101,Line-A,evening,Maintenance,Lubrication,low,90,46,11,Alpha,AutoReset
E100392,2025-01-04 20:54:00,MX-101,Line-A,evening,Maintenance,FilterChange,medium,56,36,22,Alpha,AutoReset
E100388,2025-01-04 21:08:00,MX-101,Line-A,evening,Alarm,MotorOverload,medium,17,8,15,Charlie,AutoReset
E100335,2025-01-04 21:42:00,MX-202,Line-C,evening,Setup,RecipeChange,medium,34,26,20,Alpha,Supervisor
E100355,2025-01-04 21:50:00,MX-101,Line-A,evening,Warning,TempTrend,low,1,0,0,Delta,Technician
E100367,2025-01-04 21:58:00,MX-202,Line-C,evening,Warning,PressureTrend,medium,9,0,0,Bravo,AutoReset
E100350,2025-01-04 22:57:00,MX-101,Line-A,night,Maintenance,FilterChange,medium,73,52,29,Charlie,Engineer
E100345,2025-01-04 23:40:00,MX-102,Line-A,night,Quality,MaterialMismatch,high,13,2,87,Alpha,Technician
E100418,2025-01-05 00:15:00,MX-202,Line-C,night,Quality,VisionReject,medium,1,0,4,Alpha,AutoReset
E100450,2025-01-05 00:20:00,MX-201,Line-C,night,Maintenance,Lubrication,medium,116,88,49,Delta,Technician
E100416,2025-01-05 01:01:00,MX-103,Line-B,night,Alarm,HighVibration,high,114,76,125,Bravo,Technician
E100449,2025-01-05 01:18:00,MX-202,Line-C,night,Warning,TempTrend,medium,3,0,0,Delta,Supervisor
E100440,2025-01-05 01:23:00,MX-103,Line-B,night,Setup,RecipeChange,low,36,25,15,Alpha,Engineer
E100438,2025-01-05 02:08:00,MX-102,Line-A,night,Alarm,Overheat,medium,36,34,52,Delta,Technician
E100423,2025-01-05 02:20:00,MX-202,Line-C,night,Warning,VibrationTrend,low,15,1,0,Charlie,Technician
E100446,2025-01-05 02:35:00,MX-101,Line-A,night,Warning,EnergySpike,low,3,0,0,Bravo,Operator
E100447,2025-01-05 03:29:00,MX-103,Line-B,night,Quality,VisionReject,high,1,0,3,Bravo,Technician
E100437,2025-01-05 03:52:00,MX-202,Line-C,night,Warning,EnergySpike,high,4,0,0,Bravo,Engineer
E100414,2025-01-05 04:12:00,MX-101,Line-A,night,Maintenance,FilterChange,medium,52,33,13,Bravo,Engineer
E100442,2025-01-05 04:55:00,MX-202,Line-C,night,Maintenance,Inspection,medium,185,90,65,Alpha,Engineer
E100433,2025-01-05 06:11:00,MX-101,Line-A,morning,Warning,PressureTrend,low,8,0,0,Charlie,Technician
E100466,2025-01-05 06:25:00,MX-103,Line-B,morning,Setup,RecipeChange,medium,120,95,87,Delta,Engineer
E100458,2025-01-05 06:29:00,MX-102,Line-A,morning,Setup,FixtureAdjustment,medium,50,49,27,Delta,Technician
E100469,2025-01-05 06:51:00,MX-201,Line-C,morning,Warning,VibrationTrend,medium,1,0,0,Bravo,AutoReset
E100432,2025-01-05 08:09:00,MX-201,Line-C,morning,Warning,VibrationTrend,low,18,2,0,Delta,AutoReset
E100461,2025-01-05 08:09:00,MX-101,Line-A,morning,Alarm,MotorOverload,medium,11,9,17,Bravo,Engineer
E100417,2025-01-05 08:10:00,MX-202,Line-C,morning,Warning,PressureTrend,medium,1,0,0,Bravo,Engineer
E100462,2025-01-05 08:24:00,MX-101,Line-A,morning,Alarm,Overheat,high,58,30,21,Bravo,Operator
E100436,2025-01-05 08:36:00,MX-202,Line-C,morning,Safety,EStop,medium,27,24,19,Delta,Operator
E100460,2025-01-05 08:52:00,MX-103,Line-B,morning,Alarm,HighVibration,high,23,18,16,Bravo,Technician
E100441,2025-01-05 09:10:00,MX-202,Line-C,morning,Safety,GuardOpen,critical,21,10,3,Delta,Engineer
E100472,2025-01-05 09:19:00,MX-201,Line-C,morning,Warning,EnergySpike,high,19,0,0,Bravo,Technician
E100413,2025-01-05 09:30:00,MX-202,Line-C,morning,Alarm,HighVibration,medium,88,69,63,Bravo,Operator
E100453,2025-01-05 09:47:00,MX-202,Line-C,morning,Maintenance,Lubrication,medium,38,20,13,Delta,AutoReset
E100444,2025-01-05 10:23:00,MX-101,Line-A,morning,Warning,EnergySpike,low,13,1,0,Delta,Technician
E100457,2025-01-05 10:55:00,MX-201,Line-C,morning,Maintenance,Calibration,medium,28,11,4,Bravo,Supervisor
E100451,2025-01-05 11:30:00,MX-202,Line-C,morning,Setup,FixtureAdjustment,low,27,21,11,Bravo,Operator
E100467,2025-01-05 12:02:00,MX-201,Line-C,morning,Maintenance,Calibration,low,69,53,11,Alpha,Technician
E100463,2025-01-05 12:10:00,MX-101,Line-A,morning,Warning,EnergySpike,low,1,0,0,Bravo,AutoReset
E100448,2025-01-05 12:55:00,MX-101,Line-A,morning,Maintenance,FilterChange,medium,175,67,55,Alpha,Engineer
E100459,2025-01-05 13:32:00,MX-201,Line-C,morning,Alarm,PressureDrop,medium,21,15,25,Delta,AutoReset
E100421,2025-01-05 14:46:00,MX-201,Line-C,evening,Safety,EStop,high,12,8,7,Charlie,Operator
E100455,2025-01-05 14:46:00,MX-102,Line-A,evening,Alarm,Overheat,high,44,38,74,Alpha,Engineer
E100419,2025-01-05 16:45:00,MX-101,Line-A,evening,Alarm,PressureDrop,high,48,32,48,Charlie,AutoReset
E100452,2025-01-05 16:57:00,MX-102,Line-A,evening,Alarm,PressureDrop,medium,81,72,114,Bravo,AutoReset
E100473,2025-01-05 17:26:00,MX-202,Line-C,evening,Alarm,SensorFailure,critical,18,17,25,Alpha,Technician
E100439,2025-01-05 18:42:00,MX-101,Line-A,evening,Maintenance,FilterChange,medium,77,59,53,Bravo,Supervisor
E100445,2025-01-05 19:07:00,MX-202,Line-C,evening,Alarm,SensorFailure,high,30,22,41,Charlie,Operator
E100431,2025-01-05 19:33:00,MX-101,Line-A,evening,Setup,FixtureAdjustment,medium,47,40,42,Charlie,Technician
E100456,2025-01-05 19:46:00,MX-102,Line-A,evening,Alarm,SensorFailure,medium,35,21,44,Bravo,Operator
E100470,2025-01-05 19:52:00,MX-201,Line-C,evening,Quality,SurfaceDefect,high,21,3,94,Charlie,Engineer
E100429,2025-01-05 20:07:00,MX-103,Line-B,evening,Quality,DimensionDrift,medium,1,0,5,Delta,Technician
E100422,2025-01-05 20:17:00,MX-101,Line-A,evening,Alarm,SensorFailure,high,51,50,71,Delta,AutoReset
E100420,2025-01-05 20:28:00,MX-201,Line-C,evening,Setup,ToolChange,low,20,17,8,Charlie,Technician
E100468,2025-01-05 20:47:00,MX-101,Line-A,evening,Warning,EnergySpike,low,4,0,0,Alpha,Technician
E100428,2025-01-05 21:11:00,MX-201,Line-C,evening,Alarm,PressureDrop,high,36,34,46,Delta,Operator
E100430,2025-01-05 21:16:00,MX-201,Line-C,evening,Warning,TempTrend,medium,12,0,0,Alpha,Technician
E100465,2025-01-05 21:37:00,MX-201,Line-C,evening,Setup,FixtureAdjustment,low,75,61,46,Alpha,Technician
E100471,2025-01-05 21:51:00,MX-101,Line-A,evening,Maintenance,BearingReplacement,low,59,38,8,Delta,Technician
E100424,2025-01-05 21:55:00,MX-101,Line-A,evening,Maintenance,FilterChange,medium,102,77,65,Charlie,Operator
E100443,2025-01-05 21:56:00,MX-101,Line-A,evening,Safety,DoorInterlock,critical,23,20,25,Charlie,Engineer
E100415,2025-01-05 22:07:00,MX-201,Line-C,night,Alarm,PressureDrop,high,2,1,2,Charlie,Engineer
E100435,2025-01-05 22:13:00,MX-201,Line-C,night,Warning,TempTrend,medium,30,2,0,Charlie,Engineer
E100427,2025-01-05 22:30:00,MX-201,Line-C,night,Alarm,PressureDrop,high,51,45,32,Alpha,Supervisor
E100426,2025-01-05 23:01:00,MX-201,Line-C,night,Setup,RecipeChange,low,53,51,20,Alpha,AutoReset
E100434,2025-01-05 23:03:00,MX-101,Line-A,night,Safety,EStop,critical,23,19,16,Alpha,Technician
E100425,2025-01-05 23:03:00,MX-103,Line-B,night,Quality,MaterialMismatch,high,57,15,116,Delta,Engineer
E100454,2025-01-05 23:27:00,MX-201,Line-C,night,Warning,EnergySpike,medium,15,1,0,Charlie,Technician
E100464,2025-01-05 23:28:00,MX-201,Line-C,night,Maintenance,Inspection,high,74,54,27,Alpha,Technician
E100474,2025-01-06 00:44:00,MX-201,Line-C,night,Alarm,MotorOverload,high,33,30,23,Alpha,Technician
E100492,2025-01-06 01:04:00,MX-201,Line-C,night,Setup,FixtureAdjustment,low,28,20,14,Alpha,Technician
E100535,2025-01-06 01:10:00,MX-201,Line-C,night,Safety,DoorInterlock,critical,32,18,18,Alpha,Operator
E100548,2025-01-06 01:23:00,MX-101,Line-A,night,Warning,EnergySpike,low,14,2,1,Charlie,Technician
E100504,2025-01-06 01:26:00,MX-201,Line-C,night,Alarm,SensorFailure,medium,39,38,68,Delta,AutoReset
E100518,2025-01-06 01:45:00,MX-102,Line-A,night,Warning,PressureTrend,low,7,0,0,Alpha,Operator
E100490,2025-01-06 02:47:00,MX-201,Line-C,night,Maintenance,Calibration,medium,82,21,9,Bravo,Operator
E100558,2025-01-06 02:50:00,MX-202,Line-C,night,Quality,SurfaceDefect,medium,14,0,86,Alpha,Engineer
E100485,2025-01-06 03:00:00,MX-102,Line-A,night,Alarm,PressureDrop,high,75,65,87,Delta,Technician
E100491,2025-01-06 03:34:00,MX-101,Line-A,night,Alarm,PressureDrop,high,39,31,63,Alpha,AutoReset
E100529,2025-01-06 03:40:00,MX-201,Line-C,night,Setup,FixtureAdjustment,low,42,30,13,Bravo,Technician
E100497,2025-01-06 03:46:00,MX-202,Line-C,night,Quality,SurfaceDefect,medium,9,1,21,Charlie,Technician
E100533,2025-01-06 03:48:00,MX-101,Line-A,night,Safety,AreaBreach,high,4,3,0,Delta,AutoReset
E100527,2025-01-06 04:19:00,MX-101,Line-A,night,Maintenance,BearingReplacement,medium,43,22,4,Delta,Operator
E100496,2025-01-06 05:11:00,MX-201,Line-C,night,Warning,VibrationTrend,low,17,0,0,Charlie,Operator
E100487,2025-01-06 05:31:00,MX-202,Line-C,night,Warning,PressureTrend,low,3,0,0,Delta,AutoReset
E100515,2025-01-06 05:35:00,MX-201,Line-C,night,Maintenance,Lubrication,low,107,65,39,Bravo,Operator
E100570,2025-01-06 05:45:00,MX-102,Line-A,night,Quality,SurfaceDefect,medium,12,3,27,Bravo,Engineer
E100513,2025-01-06 05:53:00,MX-102,Line-A,night,Warning,PressureTrend,high,14,1,0,Charlie,Technician
E100521,2025-01-06 06:06:00,MX-201,Line-C,morning,Quality,DimensionDrift,medium,4,0,16,Charlie,Operator
E100514,2025-01-06 06:16:00,MX-102,Line-A,morning,Alarm,HighVibration,medium,4,3,6,Alpha,AutoReset
E100555,2025-01-06 06:23:00,MX-102,Line-A,morning,Maintenance,Inspection,low,47,28,19,Alpha,Technician
E100566,2025-01-06 06:23:00,MX-102,Line-A,morning,Quality,MaterialMismatch,high,7,1,47,Delta,AutoReset
E100532,2025-01-06 06:29:00,MX-202,Line-C,morning,Alarm,MotorOverload,low,30,29,55,Bravo,Supervisor
E100542,2025-01-06 06:44:00,MX-101,Line-A,morning,Setup,RecipeChange,medium,54,42,31,Charlie,Engineer
E100501,2025-01-06 06:50:00,MX-101,Line-A,morning,Warning,VibrationTrend,medium,6,0,0,Bravo,AutoReset
E100563,2025-01-06 07:16:00,MX-201,Line-C,morning,Setup,ToolChange,low,59,43,44,Delta,Technician
E100526,2025-01-06 07:24:00,MX-101,Line-A,morning,Maintenance,Lubrication,medium,58,23,18,Alpha,Supervisor
E100475,2025-01-06 07:28:00,MX-101,Line-A,morning,Safety,EStop,critical,4,2,1,Bravo,Engineer
E100476,2025-01-06 08:02:00,MX-103,Line-B,morning,Setup,ToolChange,medium,51,42,30,Alpha,Engineer
E100506,2025-01-06 08:31:00,MX-102,Line-A,morning,Warning,TempTrend,medium,20,0,0,Delta,Technician
E100494,2025-01-06 08:53:00,MX-103,Line-B,morning,Maintenance,Inspection,low,100,70,15,Delta,AutoReset
E100488,2025-01-06 08:57:00,MX-101,Line-A,morning,Alarm,MotorOverload,critical,37,26,47,Alpha,Technician
E100489,2025-01-06 09:29:00,MX-103,Line-B,morning,Warning,PressureTrend,low,17,2,1,Bravo,Supervisor
E100493,2025-01-06 09:32:00,MX-101,Line-A,morning,Alarm,HighVibration,medium,36,30,61,Delta,Engineer
E100545,2025-01-06 09:44:00,MX-102,Line-A,morning,Setup,FixtureAdjustment,medium,59,46,19,Delta,Engineer
E100547,2025-01-06 09:50:00,MX-202,Line-C,morning,Alarm,HighVibration,low,28,24,23,Charlie,Engineer
E100528,2025-01-06 09:51:00,MX-102,Line-A,morning,Quality,DimensionDrift,low,11,3,62,Delta,Engineer
E100511,2025-01-06 10:03:00,MX-102,Line-A,morning,Alarm,HighVibration,critical,11,8,12,Alpha,Technician
E100543,2025-01-06 10:26:00,MX-201,Line-C,morning,Quality,DimensionDrift,high,6,1,37,Bravo,Technician
E100569,2025-01-06 11:01:00,MX-102,Line-A,morning,Alarm,SensorFailure,critical,44,19,35,Delta,Engineer
E100556,2025-01-06 11:09:00,MX-201,Line-C,morning,Maintenance,BearingReplacement,low,100,32,17,Alpha,Technician
E100539,2025-01-06 11:13:00,MX-202,Line-C,morning,Warning,TempTrend,low,9,0,0,Bravo,Supervisor
E100507,2025-01-06 11:53:00,MX-101,Line-A,morning,Setup,FixtureAdjustment,low,29,23,7,Charlie,Technician
E100499,2025-01-06 12:49:00,MX-101,Line-A,morning,Warning,EnergySpike,low,7,0,0,Alpha,Operator
E100519,2025-01-06 12:58:00,MX-201,Line-C,morning,Alarm,SensorFailure,critical,54,51,93,Charlie,Technician
E100480,2025-01-06 13:07:00,MX-101,Line-A,morning,Alarm,Overheat,medium,44,43,91,Charlie,Technician
E100484,2025-01-06 13:47:00,MX-101,Line-A,morning,Warning,VibrationTrend,low,8,1,0,Bravo,Supervisor
E100477,2025-01-06 13:53:00,MX-202,Line-C,morning,Maintenance,Lubrication,low,108,73,16,Alpha,Operator
E100481,2025-01-06 13:56:00,MX-103,Line-B,morning,Maintenance,Lubrication,high,70,41,38,Bravo,AutoReset
E100498,2025-01-06 14:10:00,MX-101,Line-A,evening,Quality,DimensionDrift,medium,14,1,73,Charlie,Engineer
E100559,2025-01-06 14:15:00,MX-101,Line-A,evening,Maintenance,Calibration,medium,126,96,64,Alpha,Engineer
E100508,2025-01-06 14:48:00,MX-102,Line-A,evening,Warning,TempTrend,low,1,0,0,Alpha,Engineer
E100509,2025-01-06 14:52:00,MX-202,Line-C,evening,Quality,DimensionDrift,medium,4,0,12,Delta,AutoReset
E100510,2025-01-06 15:12:00,MX-201,Line-C,evening,Setup,FixtureAdjustment,medium,10,9,1,Alpha,AutoReset
E100495,2025-01-06 15:25:00,MX-101,Line-A,evening,Alarm,MotorOverload,medium,21,12,17,Bravo,Operator
E100525,2025-01-06 15:27:00,MX-102,Line-A,evening,Alarm,SensorFailure,high,106,61,126,Bravo,Supervisor
E100482,2025-01-06 15:39:00,MX-101,Line-A,evening,Quality,SurfaceDefect,high,4,0,19,Charlie,Technician
E100541,2025-01-06 15:46:00,MX-103,Line-B,evening,Alarm,Overheat,medium,30,22,37,Alpha,Operator
E100522,2025-01-06 15:46:00,MX-202,Line-C,evening,Alarm,PressureDrop,critical,32,20,26,Charlie,Technician
E100540,2025-01-06 16:05:00,MX-102,Line-A,evening,Safety,EStop,critical,9,7,3,Delta,AutoReset
E100479,2025-01-06 16:10:00,MX-101,Line-A,evening,Warning,PressureTrend,high,20,0,0,Bravo,Engineer
E100520,2025-01-06 16:13:00,MX-201,Line-C,evening,Alarm,HighVibration,medium,10,4,6,Alpha,Technician
E100530,2025-01-06 16:57:00,MX-102,Line-A,evening,Warning,TempTrend,low,1,0,0,Charlie,AutoReset
E100524,2025-01-06 17:00:00,MX-201,Line-C,evening,Setup,ToolChange,low,14,10,2,Charlie,AutoReset
E100523,2025-01-06 17:17:00,MX-103,Line-B,evening,Warning,VibrationTrend,low,37,0,0,Bravo,Operator
E100553,2025-01-06 17:28:00,MX-101,Line-A,evening,Warning,TempTrend,low,16,1,0,Delta,Technician
E100537,2025-01-06 17:29:00,MX-103,Line-B,evening,Maintenance,Lubrication,medium,124,46,24,Charlie,Technician
E100565,2025-01-06 17:50:00,MX-201,Line-C,evening,Maintenance,BearingReplacement,low,37,13,4,Bravo,Technician
E100572,2025-01-06 18:12:00,MX-101,Line-A,evening,Maintenance,Calibration,high,103,61,52,Delta,AutoReset
E100502,2025-01-06 18:16:00,MX-103,Line-B,evening,Alarm,Overheat,high,35,29,41,Delta,Technician
E100552,2025-01-06 18:39:00,MX-103,Line-B,evening,Quality,SurfaceDefect,medium,1,0,4,Bravo,Technician
E100564,2025-01-06 18:51:00,MX-103,Line-B,evening,Safety,GuardOpen,high,34,21,9,Charlie,Supervisor
E100503,2025-01-06 18:56:00,MX-201,Line-C,evening,Alarm,HighVibration,medium,16,12,14,Alpha,Supervisor
E100573,2025-01-06 19:06:00,MX-103,Line-B,evening,Alarm,SensorFailure,high,48,34,50,Charlie,AutoReset
E100567,2025-01-06 19:52:00,MX-103,Line-B,evening,Alarm,HighVibration,critical,51,28,29,Charlie,Engineer
E100571,2025-01-06 19:53:00,MX-102,Line-A,evening,Warning,EnergySpike,high,3,0,0,Charlie,Engineer
E100486,2025-01-06 19:55:00,MX-201,Line-C,evening,Setup,ToolChange,medium,32,30,14,Bravo,Technician
E100557,2025-01-06 19:56:00,MX-202,Line-C,evening,Warning,VibrationTrend,medium,1,0,0,Alpha,Technician
E100562,2025-01-06 19:57:00,MX-101,Line-A,evening,Safety,DoorInterlock,medium,27,14,6,Delta,Operator
E100512,2025-01-06 20:19:00,MX-201,Line-C,evening,Maintenance,Inspection,low,62,40,34,Bravo,Operator
E100560,2025-01-06 20:31:00,MX-201,Line-C,evening,Setup,RecipeChange,low,8,6,4,Bravo,AutoReset
E100517,2025-01-06 20:32:00,MX-103,Line-B,evening,Warning,PressureTrend,low,5,0,0,Alpha,AutoReset
E100500,2025-01-06 20:39:00,MX-102,Line-A,evening,Setup,RecipeChange,low,72,69,21,Delta,Supervisor
E100568,2025-01-06 20:50:00,MX-202,Line-C,evening,Alarm,PressureDrop,high,113,85,149,Charlie,Engineer
E100536,2025-01-06 20:50:00,MX-202,Line-C,evening,Alarm,SensorFailure,medium,75,66,78,Bravo,Supervisor
E100561,2025-01-06 20:52:00,MX-101,Line-A,evening,Safety,GuardOpen,high,26,23,23,Bravo,Operator
E100516,2025-01-06 20:59:00,MX-201,Line-C,evening,Alarm,SensorFailure,high,52,28,54,Charlie,Supervisor
E100538,2025-01-06 21:27:00,MX-102,Line-A,evening,Setup,ToolChange,low,32,22,7,Delta,Technician
E100534,2025-01-06 21:28:00,MX-201,Line-C,evening,Quality,SurfaceDefect,medium,8,0,20,Charlie,Operator
E100505,2025-01-06 21:36:00,MX-101,Line-A,evening,Warning,EnergySpike,low,3,0,0,Bravo,Operator
E100549,2025-01-06 21:42:00,MX-201,Line-C,evening,Safety,DoorInterlock,medium,30,20,5,Alpha,Technician
E100550,2025-01-06 21:48:00,MX-102,Line-A,evening,Quality,MaterialMismatch,medium,7,0,27,Bravo,Technician
E100478,2025-01-06 21:59:00,MX-202,Line-C,evening,Maintenance,Inspection,high,60,37,14,Alpha,Technician
E100483,2025-01-06 22:19:00,MX-201,Line-C,night,Alarm,HighVibration,critical,62,31,52,Bravo,AutoReset
E100554,2025-01-06 22:20:00,MX-201,Line-C,night,Alarm,PressureDrop,critical,35,22,20,Bravo,Operator
E100546,2025-01-06 22:20:00,MX-101,Line-A,night,Setup,ToolChange,low,12,11,5,Delta,Supervisor
E100551,2025-01-06 22:48:00,MX-102,Line-A,night,Alarm,PressureDrop,high,87,46,39,Charlie,AutoReset
E100544,2025-01-06 22:51:00,MX-101,Line-A,night,Warning,VibrationTrend,low,36,4,0,Alpha,Operator
E100531,2025-01-06 23:48:00,MX-102,Line-A,night,Quality,MaterialMismatch,medium,8,1,17,Charlie,Technician
E100607,2025-01-07 00:13:00,MX-103,Line-B,night,Setup,ToolChange,low,33,23,20,Charlie,Technician
E100592,2025-01-07 00:23:00,MX-102,Line-A,night,Maintenance,Lubrication,low,127,95,31,Alpha,AutoReset
E100627,2025-01-07 00:25:00,MX-202,Line-C,night,Setup,ToolChange,low,28,27,24,Alpha,AutoReset
E100664,2025-01-07 00:52:00,MX-103,Line-B,night,Maintenance,BearingReplacement,medium,109,33,18,Alpha,Technician
E100597,2025-01-07 00:59:00,MX-202,Line-C,night,Safety,EStop,critical,117,79,106,Charlie,Operator
E100655,2025-01-07 01:10:00,MX-201,Line-C,night,Maintenance,Lubrication,low,73,23,7,Charlie,Engineer
E100712,2025-01-07 01:30:00,MX-102,Line-A,night,Maintenance,FilterChange,low,119,59,20,Bravo,Technician
E100651,2025-01-07 01:30:00,MX-102,Line-A,night,Setup,ToolChange,low,74,65,62,Charlie,AutoReset
E100668,2025-01-07 01:38:00,MX-202,Line-C,night,Warning,PressureTrend,medium,1,0,0,Charlie,Technician
E100662,2025-01-07 01:57:00,MX-102,Line-A,night,Maintenance,FilterChange,high,63,41,39,Bravo,Technician
E100643,2025-01-07 01:59:00,MX-202,Line-C,night,Setup,ToolChange,low,12,8,7,Delta,AutoReset
E100606,2025-01-07 02:06:00,MX-103,Line-B,night,Setup,RecipeChange,medium,29,25,16,Bravo,Operator
E100581,2025-01-07 02:58:00,MX-202,Line-C,night,Warning,TempTrend,medium,8,0,0,Delta,AutoReset
E100677,2025-01-07 03:04:00,MX-102,Line-A,night,Maintenance,Calibration,medium,129,79,39,Delta,Operator
E100577,2025-01-07 03:14:00,MX-202,Line-C,night,Warning,TempTrend,low,6,0,0,Bravo,Technician
E100703,2025-01-07 03:15:00,MX-103,Line-B,night,Safety,GuardOpen,medium,50,49,46,Charlie,AutoReset
E100617,2025-01-07 03:18:00,MX-201,Line-C,night,Setup,FixtureAdjustment,low,44,42,39,Alpha,AutoReset
E100692,2025-01-07 03:30:00,MX-103,Line-B,night,Safety,AreaBreach,medium,29,19,12,Bravo,Technician
E100578,2025-01-07 03:35:00,MX-102,Line-A,night,Quality,DimensionDrift,medium,7,1,40,Charlie,Supervisor
E100693,2025-01-07 03:43:00,MX-202,Line-C,night,Setup,ToolChange,low,20,18,17,Bravo,Engineer
E100718,2025-01-07 03:49:00,MX-103,Line-B,night,Safety,AreaBreach,critical,40,27,30,Alpha,Engineer
E100599,2025-01-07 03:49:00,MX-102,Line-A,night,Maintenance,Inspection,low,159,78,22,Charlie,Engineer
E100646,2025-01-07 04:10:00,MX-101,Line-A,night,Alarm,HighVibration,high,71,52,86,Bravo,AutoReset
E100670,2025-01-07 04:10:00,MX-103,Line-B,night,Quality,MaterialMismatch,medium,20,6,97,Alpha,Technician
E100663,2025-01-07 04:33:00,MX-101,Line-A,night,Warning,PressureTrend,medium,4,0,0,Charlie,Operator
E100687,2025-01-07 04:36:00,MX-101,Line-A,night,Warning,EnergySpike,high,16,2,0,Bravo,AutoReset
E100654,2025-01-07 04:45:00,MX-202,Line-C,night,Quality,DimensionDrift,low,43,5,257,Alpha,Engineer
E100604,2025-01-07 04:52:00,MX-103,Line-B,night,Warning,EnergySpike,low,18,2,0,Charlie,Technician
E100676,2025-01-07 04:59:00,MX-201,Line-C,night,Setup,RecipeChange,medium,19,17,14,Charlie,Engineer
E100660,2025-01-07 05:07:00,MX-202,Line-C,night,Warning,TempTrend,medium,11,1,0,Charlie,Technician
E100694,2025-01-07 05:24:00,MX-103,Line-B,night,Maintenance,BearingReplacement,medium,229,65,29,Charlie,Supervisor
E100656,2025-01-07 05:35:00,MX-101,Line-A,night,Quality,VisionReject,medium,27,3,161,Delta,Engineer
E100717,2025-01-07 05:35:00,MX-101,Line-A,night,Alarm,Overheat,medium,13,8,6,Charlie,Operator
E100699,2025-01-07 05:47:00,MX-101,Line-A,night,Alarm,HighVibration,medium,36,35,51,Bravo,Engineer
E100593,2025-01-07 06:00:00,MX-103,Line-B,morning,Setup,ToolChange,low,35,34,8,Alpha,Engineer
E100591,2025-01-07 06:21:00,MX-102,Line-A,morning,Safety,AreaBreach,high,24,13,13,Alpha,Engineer
E100675,2025-01-07 06:29:00,MX-201,Line-C,morning,Setup,FixtureAdjustment,low,88,73,40,Bravo,Technician
E100683,2025-01-07 06:31:00,MX-202,Line-C,morning,Warning,PressureTrend,medium,17,0,0,Delta,AutoReset
E100705,2025-01-07 06:33:00,MX-103,Line-B,morning,Warning,VibrationTrend,low,11,0,0,Charlie,Technician
E100645,2025-01-07 06:50:00,MX-103,Line-B,morning,Maintenance,BearingReplacement,medium,43,23,9,Delta,Operator
E100711,2025-01-07 07:12:00,MX-102,Line-A,morning,Alarm,Overheat,high,22,12,23,Alpha,Operator
E100636,2025-01-07 07:26:00,MX-201,Line-C,morning,Alarm,SensorFailure,medium,66,55,81,Delta,Technician
E100582,2025-01-07 07:28:00,MX-202,Line-C,morning,Alarm,SensorFailure,high,83,59,116,Bravo,Technician
E100641,2025-01-07 07:38:00,MX-102,Line-A,morning,Safety,EStop,high,26,17,19,Bravo,AutoReset
E100659,2025-01-07 07:38:00,MX-101,Line-A,morning,Quality,MaterialMismatch,medium,21,2,129,Bravo,AutoReset
E100621,2025-01-07 07:43:00,MX-202,Line-C,morning,Warning,PressureTrend,low,1,0,0,Delta,Operator
E100695,2025-01-07 08:11:00,MX-202,Line-C,morning,Warning,VibrationTrend,high,10,0,0,Alpha,AutoReset
E100590,2025-01-07 08:17:00,MX-103,Line-B,morning,Quality,VisionReject,low,8,2,50,Charlie,Operator
E100609,2025-01-07 08:19:00,MX-102,Line-A,morning,Warning,PressureTrend,low,4,0,0,Bravo,Technician
E100648,2025-01-07 08:35:00,MX-202,Line-C,morning,Quality,SurfaceDefect,high,4,1,18,Alpha,Operator
E100613,2025-01-07 08:36:00,MX-202,Line-C,morning,Quality,SurfaceDefect,medium,28,5,69,Charlie,Engineer
E100681,2025-01-07 08:48:00,MX-101,Line-A,morning,Warning,VibrationTrend,medium,7,0,0,Delta,AutoReset
E100579,2025-01-07 08:49:00,MX-201,Line-C,morning,Quality,SurfaceDefect,medium,20,1,74,Delta,AutoReset
E100632,2025-01-07 09:07:00,MX-101,Line-A,morning,Alarm,Overheat,medium,59,37,29,Charlie,Engineer
E100716,2025-01-07 09:23:00,MX-202,Line-C,morning,Maintenance,FilterChange,low,65,37,12,Bravo,Operator
E100714,2025-01-07 09:26:00,MX-201,Line-C,morning,Warning,TempTrend,low,7,0,0,Bravo,AutoReset
E100674,2025-01-07 09:26:00,MX-103,Line-B,morning,Setup,ToolChange,low,9,6,4,Delta,Operator
E100666,2025-01-07 09:35:00,MX-202,Line-C,morning,Maintenance,FilterChange,low,115,73,21,Alpha,Technician
E100647,2025-01-07 09:36:00,MX-101,Line-A,morning,Maintenance,Lubrication,low,88,48,36,Alpha,Operator
E100600,2025-01-07 09:47:00,MX-103,Line-B,morning,Safety,GuardOpen,medium,13,12,16,Alpha,AutoReset
E100584,2025-01-07 10:06:00,MX-103,Line-B,morning,Setup,FixtureAdjustment,low,29,24,15,Charlie,Operator
E100650,2025-01-07 10:21:00,MX-101,Line-A,morning,Maintenance,Calibration,low,78,61,25,Alpha,AutoReset
E100602,2025-01-07 10:28:00,MX-201,Line-C,morning,Alarm,PressureDrop,medium,109,75,138,Delta,Supervisor
E100684,2025-01-07 10:36:00,MX-201,Line-C,morning,Maintenance,Calibration,medium,62,21,6,Delta,Technician
E100653,2025-01-07 10:36:00,MX-202,Line-C,morning,Warning,VibrationTrend,low,2,0,0,Charlie,AutoReset
E100690,2025-01-07 10:47:00,MX-101,Line-A,morning,Warning,EnergySpike,low,19,2,0,Delta,Engineer
E100667,2025-01-07 11:10:00,MX-102,Line-A,morning,Safety,DoorInterlock,high,9,7,3,Charlie,AutoReset
E100588,2025-01-07 11:33:00,MX-202,Line-C,morning,Safety,AreaBreach,high,14,11,6,Charlie,Technician
E100688,2025-01-07 11:40:00,MX-201,Line-C,morning,Alarm,MotorOverload,medium,20,16,25,Charlie,AutoReset
E100611,2025-01-07 11:40:00,MX-103,Line-B,morning,Warning,PressureTrend,low,3,0,0,Alpha,Technician
E100708,2025-01-07 11:40:00,MX-103,Line-B,morning,Maintenance,Calibration,medium,49,14,12,Bravo,Technician
E100713,2025-01-07 11:51:00,MX-102,Line-A,morning,Alarm,PressureDrop,medium,58,55,47,Delta,Engineer
E100704,2025-01-07 12:06:00,MX-201,Line-C,morning,Alarm,Overheat,high,42,25,34,Delta,Supervisor
E100673,2025-01-07 12:16:00,MX-102,Line-A,morning,Warning,PressureTrend,low,1,0,0,Charlie,Operator
E100608,2025-01-07 12:18:00,MX-201,Line-C,morning,Setup,ToolChange,low,35,33,12,Alpha,Engineer
E100587,2025-01-07 12:32:00,MX-101,Line-A,morning,Maintenance,Inspection,medium,65,28,8,Alpha,Technician
E100623,2025-01-07 12:37:00,MX-101,Line-A,morning,Warning,PressureTrend,medium,6,0,0,Bravo,Operator
E100682,2025-01-07 13:05:00,MX-103,Line-B,morning,Alarm,HighVibration,medium,66,57,58,Delta,Engineer
E100700,2025-01-07 13:11:00,MX-201,Line-C,morning,Alarm,MotorOverload,low,34,28,49,Charlie,Supervisor
E100629,2025-01-07 13:20:00,MX-101,Line-A,morning,Warning,EnergySpike,low,21,0,0,Charlie,Supervisor
E100715,2025-01-07 13:21:00,MX-103,Line-B,morning,Setup,RecipeChange,low,10,7,2,Delta,Technician
E100628,2025-01-07 13:22:00,MX-201,Line-C,morning,Alarm,Overheat,high,51,28,47,Alpha,Technician
E100635,2025-01-07 13:24:00,MX-103,Line-B,morning,Warning,TempTrend,low,8,0,0,Bravo,Supervisor
E100640,2025-01-07 13:26:00,MX-102,Line-A,morning,Quality,MaterialMismatch,medium,2,0,6,Alpha,Engineer
E100686,2025-01-07 13:34:00,MX-102,Line-A,morning,Warning,EnergySpike,low,6,0,0,Alpha,Technician
E100619,2025-01-07 13:37:00,MX-103,Line-B,morning,Setup,FixtureAdjustment,low,69,66,21,Charlie,Supervisor
E100595,2025-01-07 13:40:00,MX-101,Line-A,morning,Safety,EStop,high,38,28,25,Alpha,AutoReset
E100669,2025-01-07 13:51:00,MX-202,Line-C,morning,Alarm,SensorFailure,low,30,18,32,Charlie,Engineer
E100622,2025-01-07 13:58:00,MX-103,Line-B,morning,Warning,EnergySpike,low,1,0,0,Alpha,Technician
E100672,2025-01-07 13:58:00,MX-102,Line-A,morning,Alarm,MotorOverload,critical,52,29,42,Alpha,Operator
E100665,2025-01-07 13:58:00,MX-201,Line-C,morning,Warning,PressureTrend,high,10,1,0,Bravo,AutoReset
E100644,2025-01-07 14:02:00,MX-102,Line-A,evening,Alarm,MotorOverload,high,93,68,131,Charlie,Operator
E100698,2025-01-07 14:08:00,MX-101,Line-A,evening,Setup,FixtureAdjustment,low,55,46,11,Alpha,Technician
E100679,2025-01-07 14:10:00,MX-102,Line-A,evening,Setup,ToolChange,low,93,86,47,Charlie,Technician
E100642,2025-01-07 14:18:00,MX-202,Line-C,evening,Alarm,MotorOverload,high,20,10,21,Bravo,Supervisor
E100585,2025-01-07 14:32:00,MX-103,Line-B,evening,Alarm,PressureDrop,medium,41,38,36,Charlie,Operator
E100580,2025-01-07 14:38:00,MX-102,Line-A,evening,Alarm,SensorFailure,low,31,24,36,Alpha,Engineer
E100586,2025-01-07 15:01:00,MX-201,Line-C,evening,Quality,VisionReject,low,27,1,54,Delta,Supervisor
E100637,2025-01-07 15:44:00,MX-103,Line-B,evening,Alarm,PressureDrop,high,84,45,60,Alpha,Technician
E100583,2025-01-07 15:58:00,MX-202,Line-C,evening,Warning,EnergySpike,low,4,0,0,Delta,Technician
E100709,2025-01-07 16:11:00,MX-102,Line-A,evening,Alarm,Overheat,low,35,30,38,Alpha,Operator
E100691,2025-01-07 16:17:00,MX-103,Line-B,evening,Warning,VibrationTrend,high,9,0,0,Alpha,Supervisor
E100702,2025-01-07 16:19:00,MX-201,Line-C,evening,Setup,ToolChange,low,72,68,33,Alpha,Technician
E100601,2025-01-07 16:19:00,MX-101,Line-A,evening,Warning,TempTrend,low,10,0,0,Charlie,Technician
E100652,2025-01-07 16:36:00,MX-102,Line-A,evening,Alarm,SensorFailure,medium,30,15,20,Alpha,Engineer
E100620,2025-01-07 16:58:00,MX-101,Line-A,evening,Quality,SurfaceDefect,medium,15,1,70,Delta,Operator
E100618,2025-01-07 17:03:00,MX-201,Line-C,evening,Warning,PressureTrend,low,3,0,0,Delta,Technician
E100614,2025-01-07 17:04:00,MX-103,Line-B,evening,Warning,VibrationTrend,high,11,0,0,Delta,AutoReset
E100658,2025-01-07 17:34:00,MX-101,Line-A,evening,Safety,DoorInterlock,high,16,8,4,Alpha,Operator
E100626,2025-01-07 17:36:00,MX-101,Line-A,evening,Warning,PressureTrend,medium,6,0,0,Bravo,Operator
E100657,2025-01-07 17:38:00,MX-101,Line-A,evening,Maintenance,Inspection,medium,34,20,19,Charlie,Operator
E100638,2025-01-07 17:49:00,MX-103,Line-B,evening,Maintenance,BearingReplacement,low,100,60,40,Delta,Technician
E100610,2025-01-07 17:56:00,MX-103,Line-B,evening,Warning,TempTrend,medium,1,0,0,Charlie,Supervisor
E100625,2025-01-07 18:02:00,MX-103,Line-B,evening,Setup,ToolChange,medium,8,7,2,Delta,AutoReset
E100710,2025-01-07 18:12:00,MX-102,Line-A,evening,Alarm,PressureDrop,medium,22,20,43,Bravo,Engineer
E100574,2025-01-07 18:14:00,MX-102,Line-A,evening,Alarm,Overheat,high,44,42,49,Bravo,Operator
E100706,2025-01-07 18:15:00,MX-102,Line-A,evening,Warning,TempTrend,low,3,0,0,Charlie,Operator
E100631,2025-01-07 18:15:00,MX-103,Line-B,evening,Warning,EnergySpike,low,6,0,0,Alpha,Engineer
E100624,2025-01-07 18:23:00,MX-101,Line-A,evening,Warning,EnergySpike,medium,7,0,0,Alpha,AutoReset
E100697,2025-01-07 18:25:00,MX-101,Line-A,evening,Safety,AreaBreach,critical,23,15,8,Alpha,AutoReset
E100612,2025-01-07 18:33:00,MX-101,Line-A,evening,Setup,ToolChange,low,30,26,16,Charlie,Technician
E100615,2025-01-07 18:38:00,MX-101,Line-A,evening,Setup,RecipeChange,low,8,7,3,Alpha,Technician
E100616,2025-01-07 19:18:00,MX-102,Line-A,evening,Warning,VibrationTrend,high,11,1,0,Delta,Engineer
E100630,2025-01-07 19:21:00,MX-101,Line-A,evening,Setup,RecipeChange,low,50,36,11,Delta,Operator
E100633,2025-01-07 19:31:00,MX-102,Line-A,evening,Setup,ToolChange,medium,42,34,26,Alpha,Operator
E100701,2025-01-07 19:41:00,MX-103,Line-B,evening,Alarm,PressureDrop,high,49,32,26,Alpha,Technician
E100707,2025-01-07 20:01:00,MX-102,Line-A,evening,Maintenance,Calibration,low,109,28,16,Charlie,Technician
E100678,2025-01-07 20:05:00,MX-202,Line-C,evening,Maintenance,FilterChange,low,114,34,26,Charlie,Supervisor
E100596,2025-01-07 20:12:00,MX-202,Line-C,evening,Quality,DimensionDrift,high,26,4,140,Bravo,Technician
E100598,2025-01-07 20:27:00,MX-102,Line-A,evening,Alarm,MotorOverload,high,65,63,119,Alpha,Supervisor
E100605,2025-01-07 20:32:00,MX-102,Line-A,evening,Quality,VisionReject,medium,21,2,136,Alpha,AutoReset
E100661,2025-01-07 20:56:00,MX-101,Line-A,evening,Setup,FixtureAdjustment,low,65,60,15,Alpha,Supervisor
E100685,2025-01-07 20:59:00,MX-102,Line-A,evening,Maintenance,Inspection,low,35,25,10,Charlie,AutoReset
E100576,2025-01-07 21:30:00,MX-102,Line-A,evening,Alarm,MotorOverload,high,34,23,49,Charlie,Engineer
E100680,2025-01-07 22:03:00,MX-101,Line-A,night,Alarm,HighVibration,medium,14,13,13,Delta,Technician
E100649,2025-01-07 22:20:00,MX-201,Line-C,night,Quality,SurfaceDefect,low,12,0,32,Delta,Technician
E100603,2025-01-07 22:28:00,MX-103,Line-B,night,Maintenance,BearingReplacement,medium,97,25,5,Bravo,AutoReset
E100589,2025-01-07 22:39:00,MX-101,Line-A,night,Quality,VisionReject,medium,14,3,67,Delta,Technician
E100689,2025-01-07 23:06:00,MX-202,Line-C,night,Setup,RecipeChange,medium,37,35,20,Alpha,Engineer
E100639,2025-01-07 23:09:00,MX-202,Line-C,night,Warning,VibrationTrend,low,10,0,0,Bravo,AutoReset
E100696,2025-01-07 23:13:00,MX-201,Line-C,night,Setup,FixtureAdjustment,low,9,6,5,Alpha,Operator
E100594,2025-01-07 23:23:00,MX-201,Line-C,night,Safety,DoorInterlock,high,10,9,1,Charlie,Engineer
E100671,2025-01-07 23:27:00,MX-201,Line-C,night,Warning,EnergySpike,low,5,0,0,Charlie,Technician
E100575,2025-01-07 23:38:00,MX-103,Line-B,night,Warning,VibrationTrend,low,8,0,0,Alpha,Operator
E100634,2025-01-07 23:45:00,MX-103,Line-B,night,Maintenance,FilterChange,medium,131,102,25,Alpha,Operator
E100740,2025-01-08 00:13:00,MX-102,Line-A,night,Safety,GuardOpen,medium,6,4,4,Delta,Operator
E100801,2025-01-08 00:18:00,MX-103,Line-B,night,Setup,FixtureAdjustment,low,24,19,17,Bravo,Supervisor
E100806,2025-01-08 00:29:00,MX-202,Line-C,night,Warning,VibrationTrend,low,9,0,0,Charlie,AutoReset
E100768,2025-01-08 00:31:00,MX-101,Line-A,night,Warning,EnergySpike,low,17,0,0,Charlie,Engineer
E100766,2025-01-08 00:42:00,MX-103,Line-B,night,Warning,PressureTrend,low,9,0,0,Delta,Supervisor
E100721,2025-01-08 00:44:00,MX-101,Line-A,night,Setup,RecipeChange,low,56,48,33,Delta,Technician
E100770,2025-01-08 00:45:00,MX-101,Line-A,night,Setup,RecipeChange,medium,19,17,12,Alpha,Operator
E100786,2025-01-08 01:00:00,MX-103,Line-B,night,Maintenance,BearingReplacement,low,241,125,75,Bravo,Technician
E100748,2025-01-08 01:10:00,MX-101,Line-A,night,Warning,TempTrend,low,4,0,0,Bravo,Technician
E100752,2025-01-08 02:33:00,MX-103,Line-B,night,Maintenance,Lubrication,medium,57,19,13,Delta,AutoReset
E100817,2025-01-08 02:34:00,MX-103,Line-B,night,Warning,TempTrend,medium,3,0,0,Alpha,AutoReset
E100798,2025-01-08 02:38:00,MX-103,Line-B,night,Setup,FixtureAdjustment,low,47,33,9,Bravo,Operator
E100756,2025-01-08 02:53:00,MX-201,Line-C,night,Warning,VibrationTrend,low,21,2,0,Bravo,Technician
E100781,2025-01-08 02:55:00,MX-101,Line-A,night,Safety,AreaBreach,high,10,9,7,Delta,Operator
E100736,2025-01-08 03:39:00,MX-103,Line-B,night,Alarm,HighVibration,low,68,42,90,Charlie,Engineer
E100816,2025-01-08 03:40:00,MX-102,Line-A,night,Maintenance,Inspection,low,81,23,17,Charlie,Operator
E100734,2025-01-08 04:13:00,MX-101,Line-A,night,Maintenance,BearingReplacement,low,89,48,11,Delta,Operator
E100774,2025-01-08 04:44:00,MX-101,Line-A,night,Maintenance,FilterChange,low,28,17,12,Charlie,Technician
E100738,2025-01-08 04:55:00,MX-103,Line-B,night,Alarm,MotorOverload,critical,43,21,32,Delta,AutoReset
E100769,2025-01-08 05:36:00,MX-101,Line-A,night,Setup,ToolChange,low,63,52,55,Charlie,Technician
E100808,2025-01-08 05:39:00,MX-102,Line-A,night,Warning,EnergySpike,medium,13,1,0,Delta,Operator
E100746,2025-01-08 06:20:00,MX-102,Line-A,morning,Alarm,Overheat,high,41,24,32,Alpha,AutoReset
E100735,2025-01-08 06:25:00,MX-101,Line-A,morning,Safety,EStop,medium,11,10,14,Alpha,Operator
E100788,2025-01-08 06:29:00,MX-101,Line-A,morning,Maintenance,Inspection,medium,64,24,23,Alpha,Technician
E100723,2025-01-08 06:41:00,MX-102,Line-A,morning,Safety,GuardOpen,medium,13,9,10,Bravo,Supervisor
E100743,2025-01-08 06:47:00,MX-201,Line-C,morning,Maintenance,Calibration,medium,76,48,24,Delta,Engineer
E100785,2025-01-08 07:07:00,MX-101,Line-A,morning,Setup,FixtureAdjustment,low,51,48,34,Charlie,Operator
E100754,2025-01-08 07:20:00,MX-202,Line-C,morning,Alarm,Overheat,medium,77,70,132,Delta,Operator
E100771,2025-01-08 07:25:00,MX-101,Line-A,morning,Alarm,SensorFailure,high,35,34,70,Bravo,Engineer
E100763,2025-01-08 07:26:00,MX-202,Line-C,morning,Warning,TempTrend,low,1,0,0,Bravo,Engineer
E100741,2025-01-08 07:58:00,MX-103,Line-B,morning,Warning,PressureTrend,low,7,0,0,Delta,Engineer
E100782,2025-01-08 08:17:00,MX-103,Line-B,morning,Quality,DimensionDrift,high,11,3,54,Charlie,Technician
E100790,2025-01-08 08:27:00,MX-202,Line-C,morning,Setup,RecipeChange,medium,76,63,59,Bravo,Technician
E100811,2025-01-08 08:43:00,MX-202,Line-C,morning,Alarm,PressureDrop,critical,19,15,22,Delta,Engineer
E100805,2025-01-08 08:48:00,MX-102,Line-A,morning,Alarm,MotorOverload,high,32,25,47,Charlie,Technician
E100722,2025-01-08 09:06:00,MX-102,Line-A,morning,Safety,GuardOpen,high,14,9,5,Alpha,Technician
E100794,2025-01-08 09:29:00,MX-202,Line-C,morning,Alarm,Overheat,high,89,74,131,Delta,Technician
E100772,2025-01-08 09:47:00,MX-202,Line-C,morning,Maintenance,Lubrication,low,75,24,19,Alpha,Operator
E100750,2025-01-08 10:10:00,MX-101,Line-A,morning,Warning,EnergySpike,medium,3,0,0,Charlie,Supervisor
E100819,2025-01-08 10:11:00,MX-201,Line-C,morning,Maintenance,FilterChange,low,122,48,17,Bravo,Operator
E100807,2025-01-08 10:25:00,MX-201,Line-C,morning,Warning,PressureTrend,high,3,0,0,Bravo,Engineer
E100779,2025-01-08 10:50:00,MX-102,Line-A,morning,Alarm,SensorFailure,high,45,40,76,Charlie,Operator
E100729,2025-01-08 10:55:00,MX-201,Line-C,morning,Maintenance,Inspection,medium,90,53,13,Alpha,Engineer
E100753,2025-01-08 11:26:00,MX-201,Line-C,morning,Quality,SurfaceDefect,high,7,0,26,Charlie,AutoReset
E100765,2025-01-08 11:43:00,MX-102,Line-A,morning,Alarm,MotorOverload,low,43,26,51,Charlie,Technician
E100761,2025-01-08 12:24:00,MX-201,Line-C,morning,Alarm,MotorOverload,medium,58,30,29,Bravo,Supervisor
E100745,2025-01-08 12:43:00,MX-201,Line-C,morning,Quality,SurfaceDefect,medium,12,1,24,Delta,Operator
E100780,2025-01-08 13:00:00,MX-102,Line-A,morning,Quality,DimensionDrift,medium,9,2,55,Alpha,AutoReset
E100797,2025-01-08 13:14:00,MX-102,Line-A,morning,Warning,PressureTrend,low,3,0,0,Charlie,Operator
E100733,2025-01-08 13:43:00,MX-202,Line-C,morning,Quality,SurfaceDefect,medium,14,0,58,Delta,Engineer
E100731,2025-01-08 14:12:00,MX-202,Line-C,evening,Alarm,Overheat,high,63,47,69,Charlie,AutoReset
E100730,2025-01-08 14:21:00,MX-201,Line-C,evening,Quality,DimensionDrift,medium,5,0,19,Delta,AutoReset
E100725,2025-01-08 14:23:00,MX-103,Line-B,evening,Maintenance,FilterChange,low,75,46,39,Bravo,Technician
E100814,2025-01-08 14:35:00,MX-103,Line-B,evening,Safety,AreaBreach,high,40,22,29,Bravo,AutoReset
E100775,2025-01-08 14:42:00,MX-101,Line-A,evening,Setup,FixtureAdjustment,low,49,35,22,Alpha,Engineer
E100783,2025-01-08 14:49:00,MX-103,Line-B,evening,Warning,VibrationTrend,low,25,1,0,Charlie,Operator
E100720,2025-01-08 14:59:00,MX-102,Line-A,evening,Alarm,MotorOverload,critical,43,35,61,Bravo,Operator
E100778,2025-01-08 15:04:00,MX-202,Line-C,evening,Maintenance,BearingReplacement,low,89,35,28,Delta,AutoReset
E100791,2025-01-08 15:15:00,MX-101,Line-A,evening,Alarm,MotorOverload,high,77,62,135,Charlie,Operator
E100813,2025-01-08 15:23:00,MX-202,Line-C,evening,Alarm,SensorFailure,medium,70,60,130,Delta,Supervisor
E100767,2025-01-08 15:29:00,MX-103,Line-B,evening,Warning,EnergySpike,low,4,0,0,Delta,Supervisor
E100762,2025-01-08 15:40:00,MX-103,Line-B,evening,Alarm,Overheat,medium,52,35,31,Bravo,AutoReset
E100776,2025-01-08 15:43:00,MX-101,Line-A,evening,Setup,RecipeChange,medium,21,18,19,Bravo,Technician
E100749,2025-01-08 16:12:00,MX-201,Line-C,evening,Maintenance,BearingReplacement,medium,58,16,11,Alpha,Supervisor
E100793,2025-01-08 16:41:00,MX-101,Line-A,evening,Setup,RecipeChange,low,22,18,8,Delta,Engineer
E100787,2025-01-08 17:20:00,MX-103,Line-B,evening,Alarm,SensorFailure,critical,6,3,2,Delta,Engineer
E100732,2025-01-08 17:35:00,MX-101,Line-A,evening,Alarm,PressureDrop,high,47,35,75,Alpha,Supervisor
E100724,2025-01-08 17:41:00,MX-202,Line-C,evening,Alarm,PressureDrop,medium,68,37,34,Bravo,Engineer
E100815,2025-01-08 17:48:00,MX-101,Line-A,evening,Maintenance,Calibration,low,36,9,5,Bravo,Engineer
E100719,2025-01-08 17:57:00,MX-201,Line-C,evening,Setup,RecipeChange,medium,18,14,14,Alpha,Operator
E100818,2025-01-08 18:21:00,MX-201,Line-C,evening,Warning,PressureTrend,low,13,0,0,Bravo,Engineer
E100739,2025-01-08 18:54:00,MX-102,Line-A,evening,Warning,VibrationTrend,medium,2,0,0,Charlie,Engineer
E100726,2025-01-08 19:18:00,MX-102,Line-A,evening,Safety,DoorInterlock,high,14,11,5,Charlie,Operator
E100747,2025-01-08 19:35:00,MX-103,Line-B,evening,Setup,RecipeChange,medium,13,11,6,Bravo,Technician
E100757,2025-01-08 20:11:00,MX-202,Line-C,evening,Warning,TempTrend,low,12,0,0,Delta,Technician
E100810,2025-01-08 20:13:00,MX-201,Line-C,evening,Alarm,SensorFailure,medium,46,31,46,Alpha,Operator
E100744,2025-01-08 20:23:00,MX-103,Line-B,evening,Maintenance,Lubrication,low,59,33,15,Charlie,Technician
E100760,2025-01-08 20:33:00,MX-201,Line-C,evening,Maintenance,Calibration,low,27,10,2,Bravo,Engineer
E100800,2025-01-08 20:33:00,MX-201,Line-C,evening,Maintenance,BearingReplacement,low,79,27,20,Charlie,Technician
E100728,2025-01-08 20:35:00,MX-102,Line-A,evening,Alarm,MotorOverload,critical,10,8,8,Alpha,Technician
E100784,2025-01-08 20:41:00,MX-202,Line-C,evening,Setup,RecipeChange,medium,52,47,48,Alpha,Technician
E100804,2025-01-08 20:43:00,MX-202,Line-C,evening,Warning,TempTrend,medium,2,0,0,Alpha,Operator
E100755,2025-01-08 20:43:00,MX-101,Line-A,evening,Warning,PressureTrend,low,8,0,0,Charlie,Supervisor
E100799,2025-01-08 20:49:00,MX-102,Line-A,evening,Warning,TempTrend,low,7,0,0,Alpha,Technician
E100795,2025-01-08 21:16:00,MX-102,Line-A,evening,Alarm,PressureDrop,medium,51,26,37,Bravo,AutoReset
E100802,2025-01-08 21:23:00,MX-103,Line-B,evening,Warning,VibrationTrend,low,12,1,0,Charlie,Engineer
E100758,2025-01-08 21:36:00,MX-201,Line-C,evening,Maintenance,Calibration,high,47,15,7,Delta,Operator
E100792,2025-01-08 21:51:00,MX-102,Line-A,evening,Alarm,HighVibration,high,25,16,13,Charlie,Technician
E100789,2025-01-08 21:52:00,MX-201,Line-C,evening,Alarm,HighVibration,critical,41,40,86,Alpha,AutoReset
E100777,2025-01-08 22:06:00,MX-201,Line-C,night,Quality,SurfaceDefect,high,28,6,127,Charlie,Technician
E100742,2025-01-08 22:48:00,MX-202,Line-C,night,Quality,MaterialMismatch,medium,14,3,34,Delta,Engineer
E100809,2025-01-08 23:11:00,MX-101,Line-A,night,Alarm,PressureDrop,critical,19,13,10,Bravo,AutoReset
E100812,2025-01-08 23:23:00,MX-101,Line-A,night,Maintenance,Inspection,low,103,58,51,Bravo,AutoReset
E100751,2025-01-08 23:24:00,MX-202,Line-C,night,Maintenance,Inspection,low,68,46,30,Charlie,Technician
E100737,2025-01-08 23:28:00,MX-101,Line-A,night,Setup,ToolChange,low,30,29,30,Bravo,Operator
E100727,2025-01-08 23:46:00,MX-101,Line-A,night,Alarm,MotorOverload,medium,52,31,23,Delta,Supervisor
E100764,2025-01-08 23:46:00,MX-102,Line-A,night,Maintenance,Calibration,low,97,26,9,Charlie,Operator
E100803,2025-01-08 23:47:00,MX-103,Line-B,night,Warning,TempTrend,medium,5,0,0,Alpha,Operator
E100773,2025-01-08 23:52:00,MX-201,Line-C,night,Setup,ToolChange,medium,76,57,59,Alpha,Operator
E100796,2025-01-08 23:55:00,MX-101,Line-A,night,Setup,FixtureAdjustment,low,27,22,23,Alpha,AutoReset
E100759,2025-01-08 23:56:00,MX-201,Line-C,night,Alarm,SensorFailure,medium,33,26,23,Alpha,Engineer
E100828,2025-01-09 00:26:00,MX-103,Line-B,night,Setup,FixtureAdjustment,low,57,43,15,Bravo,Operator
E100823,2025-01-09 00:28:00,MX-101,Line-A,night,Setup,ToolChange,medium,21,16,10,Charlie,Operator
E100872,2025-01-09 00:30:00,MX-101,Line-A,night,Warning,TempTrend,low,4,0,0,Alpha,Technician
E100932,2025-01-09 00:35:00,MX-102,Line-A,night,Warning,EnergySpike,low,10,0,0,Bravo,Operator
E100854,2025-01-09 01:06:00,MX-101,Line-A,night,Warning,VibrationTrend,low,10,0,0,Delta,Engineer
E100829,2025-01-09 01:18:00,MX-101,Line-A,night,Maintenance,FilterChange,low,16,5,4,Charlie,Technician
E100842,2025-01-09 01:21:00,MX-102,Line-A,night,Maintenance,FilterChange,medium,105,82,41,Alpha,Supervisor
E100887,2025-01-09 01:26:00,MX-101,Line-A,night,Maintenance,Inspection,medium,116,70,65,Bravo,Technician
E100883,2025-01-09 02:03:00,MX-201,Line-C,night,Quality,SurfaceDefect,medium,14,3,78,Delta,AutoReset
E100876,2025-01-09 02:26:00,MX-103,Line-B,night,Setup,RecipeChange,low,43,40,28,Delta,AutoReset
E100886,2025-01-09 02:27:00,MX-103,Line-B,night,Setup,ToolChange,low,50,36,33,Delta,Operator
E100936,2025-01-09 02:35:00,MX-201,Line-C,night,Alarm,MotorOverload,high,45,24,41,Alpha,Technician
E100878,2025-01-09 02:36:00,MX-101,Line-A,night,Alarm,HighVibration,critical,33,20,30,Charlie,Operator
E100844,2025-01-09 02:44:00,MX-201,Line-C,night,Maintenance,BearingReplacement,low,41,27,6,Alpha,Technician
E100890,2025-01-09 03:03:00,MX-103,Line-B,night,Alarm,SensorFailure,high,31,29,24,Delta,Engineer
E100892,2025-01-09 03:10:00,MX-202,Line-C,night,Setup,FixtureAdjustment,low,69,63,22,Delta,Technician
E100821,2025-01-09 03:24:00,MX-101,Line-A,night,Alarm,PressureDrop,low,38,34,63,Charlie,Engineer
E100925,2025-01-09 03:35:00,MX-201,Line-C,night,Safety,DoorInterlock,high,70,60,40,Charlie,Engineer
E100931,2025-01-09 03:37:00,MX-101,Line-A,night,Quality,SurfaceDefect,medium,17,2,115,Bravo,Technician
E100845,2025-01-09 03:37:00,MX-102,Line-A,night,Setup,RecipeChange,medium,23,17,17,Charlie,Technician
E100848,2025-01-09 03:42:00,MX-202,Line-C,night,Warning,TempTrend,low,12,1,0,Delta,Operator
E100851,2025-01-09 04:12:00,MX-101,Line-A,night,Warning,EnergySpike,medium,2,0,0,Charlie,Technician
E100924,2025-01-09 04:25:00,MX-101,Line-A,night,Warning,VibrationTrend,low,11,0,0,Charlie,Technician
E100894,2025-01-09 04:37:00,MX-102,Line-A,night,Maintenance,Inspection,low,46,31,23,Alpha,Supervisor
E100904,2025-01-09 04:42:00,MX-102,Line-A,night,Maintenance,Calibration,low,62,43,11,Charlie,Operator
E100884,2025-01-09 05:01:00,MX-202,Line-C,night,Maintenance,BearingReplacement,high,44,13,5,Charlie,Engineer
E100880,2025-01-09 05:02:00,MX-102,Line-A,night,Quality,SurfaceDefect,high,1,0,5,Alpha,Operator
E100922,2025-01-09 05:11:00,MX-101,Line-A,night,Quality,MaterialMismatch,medium,13,2,54,Delta,Operator
E100843,2025-01-09 05:45:00,MX-102,Line-A,night,Warning,PressureTrend,medium,4,0,0,Bravo,AutoReset
E100873,2025-01-09 05:52:00,MX-101,Line-A,night,Warning,VibrationTrend,low,14,0,0,Delta,Operator
E100929,2025-01-09 05:53:00,MX-202,Line-C,night,Maintenance,FilterChange,low,27,7,5,Charlie,Operator
E100834,2025-01-09 06:27:00,MX-102,Line-A,morning,Maintenance,Calibration,medium,74,59,51,Alpha,Engineer
E100870,2025-01-09 06:35:00,MX-102,Line-A,morning,Safety,AreaBreach,high,16,13,10,Charlie,Engineer
E100889,2025-01-09 06:54:00,MX-102,Line-A,morning,Quality,DimensionDrift,medium,12,1,65,Delta,Engineer
E100865,2025-01-09 06:56:00,MX-101,Line-A,morning,Quality,DimensionDrift,high,30,7,168,Charlie,Technician
E100868,2025-01-09 07:18:00,MX-101,Line-A,morning,Setup,RecipeChange,medium,53,50,27,Alpha,Technician
E100935,2025-01-09 07:36:00,MX-202,Line-C,morning,Setup,ToolChange,low,10,9,3,Bravo,AutoReset
E100866,2025-01-09 07:38:00,MX-102,Line-A,morning,Warning,VibrationTrend,low,8,0,0,Alpha,AutoReset
E100877,2025-01-09 07:49:00,MX-101,Line-A,morning,Alarm,HighVibration,high,13,6,9,Charlie,Technician
E100907,2025-01-09 08:04:00,MX-101,Line-A,morning,Warning,TempTrend,medium,6,0,0,Bravo,Engineer
E100933,2025-01-09 08:24:00,MX-201,Line-C,morning,Warning,TempTrend,low,8,0,0,Alpha,Engineer
E100879,2025-01-09 08:31:00,MX-102,Line-A,morning,Alarm,HighVibration,high,16,10,7,Alpha,Operator
E100881,2025-01-09 08:34:00,MX-202,Line-C,morning,Quality,VisionReject,high,27,1,73,Alpha,Operator
E100830,2025-01-09 08:43:00,MX-101,Line-A,morning,Warning,VibrationTrend,low,3,0,0,Alpha,Operator
E100847,2025-01-09 08:44:00,MX-102,Line-A,morning,Maintenance,Calibration,low,85,65,41,Charlie,Operator
E100913,2025-01-09 08:54:00,MX-201,Line-C,morning,Quality,MaterialMismatch,low,9,2,51,Bravo,Operator
E100903,2025-01-09 08:55:00,MX-102,Line-A,morning,Warning,TempTrend,low,1,0,0,Charlie,AutoReset
E100938,2025-01-09 09:08:00,MX-202,Line-C,morning,Alarm,SensorFailure,high,51,29,54,Charlie,Operator
E100898,2025-01-09 09:16:00,MX-102,Line-A,morning,Setup,FixtureAdjustment,low,53,39,28,Alpha,Operator
E100915,2025-01-09 09:18:00,MX-102,Line-A,morning,Setup,FixtureAdjustment,medium,20,16,5,Delta,Engineer
E100937,2025-01-09 09:25:00,MX-102,Line-A,morning,Safety,EStop,critical,26,22,26,Charlie,Operator
E100940,2025-01-09 09:33:00,MX-101,Line-A,morning,Maintenance,Inspection,low,45,27,26,Alpha,Technician
E100899,2025-01-09 09:56:00,MX-201,Line-C,morning,Maintenance,BearingReplacement,low,86,37,8,Bravo,AutoReset
E100837,2025-01-09 10:04:00,MX-202,Line-C,morning,Quality,SurfaceDefect,low,7,2,37,Bravo,Technician
E100926,2025-01-09 10:12:00,MX-202,Line-C,morning,Maintenance,Calibration,low,28,15,12,Charlie,AutoReset
E100893,2025-01-09 10:14:00,MX-101,Line-A,morning,Alarm,PressureDrop,high,58,48,38,Delta,Technician
E100863,2025-01-09 10:53:00,MX-201,Line-C,morning,Alarm,Overheat,low,86,57,55,Charlie,Supervisor
E100885,2025-01-09 10:54:00,MX-201,Line-C,morning,Warning,TempTrend,low,2,0,0,Bravo,Technician
E100875,2025-01-09 11:04:00,MX-202,Line-C,morning,Warning,PressureTrend,low,15,1,0,Bravo,AutoReset
E100849,2025-01-09 11:10:00,MX-103,Line-B,morning,Quality,MaterialMismatch,high,15,2,47,Charlie,Technician
E100902,2025-01-09 11:14:00,MX-101,Line-A,morning,Alarm,PressureDrop,high,46,44,51,Delta,Engineer
E100918,2025-01-09 11:24:00,MX-103,Line-B,morning,Setup,RecipeChange,medium,63,49,34,Delta,Operator
E100871,2025-01-09 11:34:00,MX-103,Line-B,morning,Safety,AreaBreach,critical,22,13,15,Alpha,Engineer
E100927,2025-01-09 11:38:00,MX-101,Line-A,morning,Setup,ToolChange,low,24,20,7,Bravo,Engineer
E100920,2025-01-09 11:41:00,MX-101,Line-A,morning,Setup,ToolChange,low,33,29,29,Charlie,Engineer
E100826,2025-01-09 11:42:00,MX-101,Line-A,morning,Setup,FixtureAdjustment,medium,74,55,44,Delta,Supervisor
E100896,2025-01-09 11:48:00,MX-102,Line-A,morning,Maintenance,FilterChange,medium,36,13,4,Bravo,Operator
E100900,2025-01-09 12:01:00,MX-201,Line-C,morning,Warning,VibrationTrend,low,6,0,0,Delta,AutoReset
E100905,2025-01-09 12:24:00,MX-102,Line-A,morning,Alarm,SensorFailure,high,67,41,45,Charlie,AutoReset
E100934,2025-01-09 12:30:00,MX-102,Line-A,morning,Alarm,PressureDrop,medium,30,19,30,Bravo,AutoReset
E100857,2025-01-09 12:33:00,MX-102,Line-A,morning,Alarm,HighVibration,high,78,48,58,Charlie,AutoReset
E100921,2025-01-09 12:37:00,MX-103,Line-B,morning,Alarm,SensorFailure,high,10,9,19,Delta,AutoReset
E100910,2025-01-09 13:12:00,MX-201,Line-C,morning,Quality,MaterialMismatch,low,3,0,15,Charlie,AutoReset
E100908,2025-01-09 13:33:00,MX-201,Line-C,morning,Alarm,SensorFailure,critical,33,15,21,Delta,Operator
E100930,2025-01-09 13:36:00,MX-101,Line-A,morning,Warning,PressureTrend,low,17,1,0,Charlie,Engineer
E100897,2025-01-09 13:39:00,MX-102,Line-A,morning,Quality,VisionReject,medium,17,5,118,Bravo,Engineer
E100916,2025-01-09 14:03:00,MX-202,Line-C,evening,Warning,TempTrend,low,7,0,0,Bravo,AutoReset
E100856,2025-01-09 14:36:00,MX-101,Line-A,evening,Alarm,PressureDrop,medium,51,41,43,Charlie,AutoReset
E100928,2025-01-09 14:42:00,MX-102,Line-A,evening,Warning,VibrationTrend,medium,20,1,0,Charlie,AutoReset
E100852,2025-01-09 14:43:00,MX-202,Line-C,evening,Maintenance,Calibration,high,97,49,18,Alpha,Operator
E100912,2025-01-09 14:47:00,MX-103,Line-B,evening,Quality,VisionReject,medium,11,2,49,Bravo,Technician
E100861,2025-01-09 14:55:00,MX-202,Line-C,evening,Maintenance,Calibration,low,119,40,21,Alpha,Operator
E100891,2025-01-09 14:59:00,MX-202,Line-C,evening,Warning,EnergySpike,medium,4,0,0,Delta,Technician
E100901,2025-01-09 15:11:00,MX-102,Line-A,evening,Quality,VisionReject,medium,21,1,83,Delta,Operator
E100827,2025-01-09 15:19:00,MX-103,Line-B,evening,Setup,ToolChange,medium,29,27,14,Charlie,Operator
E100846,2025-01-09 15:19:00,MX-202,Line-C,evening,Maintenance,BearingReplacement,low,102,59,23,Alpha,Technician
E100858,2025-01-09 15:31:00,MX-103,Line-B,evening,Quality,SurfaceDefect,low,12,0,42,Delta,AutoReset
E100909,2025-01-09 16:03:00,MX-102,Line-A,evening,Maintenance,Inspection,medium,103,61,60,Alpha,Engineer
E100882,2025-01-09 16:06:00,MX-101,Line-A,evening,Alarm,Overheat,high,92,64,81,Bravo,AutoReset
E100867,2025-01-09 16:14:00,MX-201,Line-C,evening,Quality,DimensionDrift,medium,19,5,122,Alpha,Operator
E100911,2025-01-09 16:16:00,MX-201,Line-C,evening,Safety,DoorInterlock,high,9,6,6,Alpha,Technician
E100874,2025-01-09 16:42:00,MX-201,Line-C,evening,Setup,FixtureAdjustment,medium,28,20,17,Alpha,Engineer
E100860,2025-01-09 16:51:00,MX-102,Line-A,evening,Alarm,PressureDrop,high,36,24,32,Bravo,Operator
E100855,2025-01-09 17:06:00,MX-102,Line-A,evening,Alarm,Overheat,medium,5,4,3,Charlie,Operator
E100832,2025-01-09 17:21:00,MX-103,Line-B,evening,Setup,RecipeChange,low,70,65,15,Alpha,Technician
E100914,2025-01-09 17:25:00,MX-102,Line-A,evening,Warning,EnergySpike,high,4,0,0,Delta,Operator
E100840,2025-01-09 17:56:00,MX-202,Line-C,evening,Maintenance,Lubrication,low,95,34,29,Delta,AutoReset
E100825,2025-01-09 18:42:00,MX-201,Line-C,evening,Alarm,Overheat,low,12,9,13,Bravo,Engineer
E100841,2025-01-09 18:48:00,MX-202,Line-C,evening,Alarm,PressureDrop,medium,31,22,28,Alpha,AutoReset
E100824,2025-01-09 19:10:00,MX-102,Line-A,evening,Alarm,SensorFailure,high,12,8,17,Alpha,Technician
E100869,2025-01-09 19:46:00,MX-103,Line-B,evening,Maintenance,Lubrication,medium,66,36,23,Bravo,Engineer
E100859,2025-01-09 19:48:00,MX-102,Line-A,evening,Warning,EnergySpike,medium,18,1,0,Delta,Technician
E100919,2025-01-09 20:08:00,MX-101,Line-A,evening,Warning,EnergySpike,medium,5,0,0,Charlie,Technician
E100850,2025-01-09 20:20:00,MX-202,Line-C,evening,Warning,EnergySpike,medium,12,0,0,Alpha,Technician
E100862,2025-01-09 20:40:00,MX-103,Line-B,evening,Setup,FixtureAdjustment,low,32,28,17,Bravo,Operator
E100939,2025-01-09 20:42:00,MX-103,Line-B,evening,Setup,ToolChange,low,20,18,6,Alpha,Engineer
E100853,2025-01-09 20:50:00,MX-201,Line-C,evening,Quality,DimensionDrift,medium,8,2,46,Charlie,Engineer
E100906,2025-01-09 21:37:00,MX-101,Line-A,evening,Warning,VibrationTrend,low,6,0,0,Charlie,Operator
E100833,2025-01-09 21:50:00,MX-202,Line-C,evening,Alarm,SensorFailure,high,58,57,42,Alpha,Operator
E100917,2025-01-09 21:59:00,MX-201,Line-C,evening,Alarm,PressureDrop,medium,29,28,47,Charlie,Technician
E100831,2025-01-09 22:09:00,MX-101,Line-A,night,Maintenance,BearingReplacement,low,35,9,7,Bravo,Operator
E100839,2025-01-09 22:10:00,MX-202,Line-C,night,Warning,VibrationTrend,medium,4,0,0,Bravo,Technician
E100864,2025-01-09 22:26:00,MX-102,Line-A,night,Alarm,SensorFailure,critical,32,26,45,Alpha,Operator
E100820,2025-01-09 22:36:00,MX-103,Line-B,night,Alarm,SensorFailure,high,104,103,180,Charlie,AutoReset
E100895,2025-01-09 22:47:00,MX-102,Line-A,night,Setup,RecipeChange,low,35,30,10,Bravo,AutoReset
E100822,2025-01-09 22:58:00,MX-102,Line-A,night,Safety,GuardOpen,critical,29,24,20,Delta,Operator
E100888,2025-01-09 23:05:00,MX-101,Line-A,night,Alarm,PressureDrop,high,64,47,89,Delta,Operator
E100836,2025-01-09 23:06:00,MX-202,Line-C,night,Setup,FixtureAdjustment,medium,45,37,16,Delta,Supervisor
E100838,2025-01-09 23:18:00,MX-202,Line-C,night,Quality,MaterialMismatch,low,37,12,122,Delta,Engineer
E100835,2025-01-09 23:18:00,MX-102,Line-A,night,Alarm,MotorOverload,high,31,28,55,Delta,Engineer
E100923,2025-01-09 23:52:00,MX-201,Line-C,night,Quality,DimensionDrift,medium,16,2,39,Delta,Technician
E101087,2025-01-10 00:07:00,MX-202,Line-C,night,Setup,RecipeChange,medium,40,29,7,Delta,Engineer
E101081,2025-01-10 00:13:00,MX-202,Line-C,night,Setup,ToolChange,medium,16,13,9,Delta,Engineer
E101009,2025-01-10 00:19:00,MX-101,Line-A,night,Quality,MaterialMismatch,medium,23,7,72,Bravo,Technician
E101008,2025-01-10 00:37:00,MX-202,Line-C,night,Warning,PressureTrend,low,1,0,0,Bravo,AutoReset
E101010,2025-01-10 00:54:00,MX-101,Line-A,night,Safety,EStop,high,63,57,69,Charlie,Technician
E100988,2025-01-10 00:56:00,MX-103,Line-B,night,Warning,TempTrend,medium,27,1,0,Bravo,AutoReset
E101025,2025-01-10 00:59:00,MX-103,Line-B,night,Setup,FixtureAdjustment,low,34,32,12,Bravo,Technician
E101014,2025-01-10 01:02:00,MX-201,Line-C,night,Warning,TempTrend,low,1,0,0,Delta,Operator
E101023,2025-01-10 01:05:00,MX-101,Line-A,night,Alarm,PressureDrop,critical,36,17,15,Bravo,Technician
E100971,2025-01-10 01:19:00,MX-201,Line-C,night,Safety,EStop,high,11,6,2,Bravo,Technician
E100976,2025-01-10 01:23:00,MX-101,Line-A,night,Quality,DimensionDrift,high,5,1,14,Delta,Technician
E100981,2025-01-10 01:25:00,MX-202,Line-C,night,Maintenance,Inspection,low,107,69,29,Bravo,AutoReset
E101054,2025-01-10 01:27:00,MX-202,Line-C,night,Warning,EnergySpike,low,8,0,0,Bravo,Engineer
E101091,2025-01-10 01:49:00,MX-103,Line-B,night,Alarm,MotorOverload,critical,68,53,108,Bravo,Technician
E101071,2025-01-10 01:55:00,MX-101,Line-A,night,Setup,FixtureAdjustment,low,42,39,34,Alpha,Engineer
E101076,2025-01-10 02:26:00,MX-201,Line-C,night,Safety,AreaBreach,high,2,1,1,Charlie,Operator
E101007,2025-01-10 02:29:00,MX-201,Line-C,night,Alarm,PressureDrop,medium,53,49,39,Bravo,AutoReset
E101017,2025-01-10 02:52:00,MX-101,Line-A,night,Quality,VisionReject,low,54,12,314,Bravo,Technician
E100980,2025-01-10 02:56:00,MX-201,Line-C,night,Warning,EnergySpike,high,1,0,0,Charlie,AutoReset
E101000,2025-01-10 02:59:00,MX-103,Line-B,night,Maintenance,Inspection,medium,21,7,2,Charlie,AutoReset
E101089,2025-01-10 03:21:00,MX-101,Line-A,night,Alarm,MotorOverload,medium,150,91,84,Delta,Supervisor
E101075,2025-01-10 03:21:00,MX-103,Line-B,night,Warning,VibrationTrend,medium,6,0,0,Bravo,Operator
E101092,2025-01-10 03:24:00,MX-202,Line-C,night,Warning,TempTrend,low,13,1,0,Delta,Engineer
E101080,2025-01-10 03:33:00,MX-101,Line-A,night,Maintenance,Inspection,low,75,36,14,Bravo,Operator
E100985,2025-01-10 03:41:00,MX-201,Line-C,night,Alarm,HighVibration,medium,9,5,10,Alpha,Technician
E100955,2025-01-10 03:56:00,MX-102,Line-A,night,Alarm,Overheat,medium,128,100,81,Bravo,Supervisor
E101084,2025-01-10 04:28:00,MX-102,Line-A,night,Setup,RecipeChange,medium,23,19,15,Bravo,Technician
E101015,2025-01-10 04:30:00,MX-101,Line-A,night,Alarm,MotorOverload,critical,21,15,12,Alpha,Engineer
E101086,2025-01-10 04:40:00,MX-202,Line-C,night,Safety,AreaBreach,high,14,10,12,Bravo,AutoReset
E101037,2025-01-10 05:00:00,MX-202,Line-C,night,Quality,VisionReject,medium,25,8,61,Delta,Operator
E100957,2025-01-10 05:03:00,MX-103,Line-B,night,Warning,EnergySpike,medium,9,0,0,Bravo,AutoReset
E100946,2025-01-10 05:30:00,MX-103,Line-B,night,Safety,DoorInterlock,critical,11,6,2,Charlie,Supervisor
E100961,2025-01-10 05:43:00,MX-102,Line-A,night,Warning,TempTrend,medium,9,1,0,Bravo,Operator
E100965,2025-01-10 05:46:00,MX-103,Line-B,night,Setup,FixtureAdjustment,low,52,42,31,Delta,Operator
E101056,2025-01-10 05:56:00,MX-201,Line-C,night,Maintenance,BearingReplacement,low,75,22,7,Charlie,Technician
E101062,2025-01-10 05:57:00,MX-102,Line-A,night,Warning,EnergySpike,low,12,0,0,Bravo,Operator
E101031,2025-01-10 05:58:00,MX-101,Line-A,night,Maintenance,Inspection,low,80,47,30,Charlie,Engineer
E101059,2025-01-10 06:22:00,MX-202,Line-C,morning,Safety,DoorInterlock,high,51,45,10,Alpha,Supervisor
E100989,2025-01-10 06:25:00,MX-103,Line-B,morning,Alarm,SensorFailure,high,23,16,18,Alpha,Technician
E101028,2025-01-10 06:29:00,MX-101,Line-A,morning,Warning,TempTrend,low,23,2,1,Charlie,Operator
E100970,2025-01-10 06:44:00,MX-101,Line-A,morning,Warning,PressureTrend,low,9,0,0,Charlie,Technician
E101011,2025-01-10 06:46:00,MX-202,Line-C,morning,Maintenance,BearingReplacement,low,35,24,8,Alpha,AutoReset
E100953,2025-01-10 06:47:00,MX-202,Line-C,morning,Warning,TempTrend,high,4,0,0,Delta,Operator
E100987,2025-01-10 06:57:00,MX-202,Line-C,morning,Quality,MaterialMismatch,medium,35,3,180,Delta,Technician
E101067,2025-01-10 07:06:00,MX-102,Line-A,morning,Alarm,Overheat,low,59,37,58,Bravo,Technician
E101038,2025-01-10 07:06:00,MX-202,Line-C,morning,Warning,EnergySpike,low,5,0,0,Alpha,Operator
E100944,2025-01-10 07:12:00,MX-201,Line-C,morning,Warning,EnergySpike,low,26,0,0,Alpha,Technician
E100969,2025-01-10 07:18:00,MX-202,Line-C,morning,Quality,SurfaceDefect,medium,8,2,29,Alpha,Technician
E101045,2025-01-10 07:23:00,MX-103,Line-B,morning,Warning,PressureTrend,low,11,1,0,Alpha,Operator
E101053,2025-01-10 07:27:00,MX-201,Line-C,morning,Maintenance,BearingReplacement,low,28,9,5,Bravo,Technician
E100949,2025-01-10 07:35:00,MX-103,Line-B,morning,Safety,AreaBreach,medium,11,6,4,Alpha,Operator
E101001,2025-01-10 07:36:00,MX-103,Line-B,morning,Safety,GuardOpen,high,28,25,16,Bravo,Supervisor
E101049,2025-01-10 07:46:00,MX-202,Line-C,morning,Alarm,HighVibration,high,15,13,18,Bravo,Technician
E101016,2025-01-10 07:53:00,MX-102,Line-A,morning,Setup,FixtureAdjustment,low,72,61,63,Alpha,Operator
E100998,2025-01-10 07:54:00,MX-201,Line-C,morning,Setup,FixtureAdjustment,low,38,32,21,Alpha,Engineer
E101034,2025-01-10 07:57:00,MX-102,Line-A,morning,Safety,EStop,critical,26,20,12,Alpha,Engineer
E101042,2025-01-10 08:04:00,MX-101,Line-A,morning,Maintenance,BearingReplacement,low,64,50,13,Delta,Technician
E100997,2025-01-10 08:04:00,MX-201,Line-C,morning,Quality,SurfaceDefect,high,6,1,37,Charlie,Engineer
E101043,2025-01-10 08:05:00,MX-101,Line-A,morning,Warning,TempTrend,low,6,0,0,Charlie,Engineer
E101036,2025-01-10 08:15:00,MX-201,Line-C,morning,Setup,ToolChange,medium,36,35,24,Bravo,AutoReset
E101002,2025-01-10 08:22:00,MX-101,Line-A,morning,Warning,EnergySpike,low,5,0,0,Delta,Engineer
E100975,2025-01-10 08:25:00,MX-101,Line-A,morning,Maintenance,Lubrication,low,96,70,46,Bravo,Technician
E100941,2025-01-10 08:30:00,MX-103,Line-B,morning,Alarm,SensorFailure,high,81,66,104,Bravo,Technician
E101079,2025-01-10 08:51:00,MX-103,Line-B,morning,Setup,RecipeChange,low,40,37,23,Alpha,Operator
E100993,2025-01-10 09:10:00,MX-101,Line-A,morning,Quality,DimensionDrift,medium,35,0,231,Charlie,Technician
E100996,2025-01-10 09:13:00,MX-103,Line-B,morning,Quality,VisionReject,low,26,6,96,Alpha,Operator
E101032,2025-01-10 09:19:00,MX-101,Line-A,morning,Quality,VisionReject,medium,4,1,21,Bravo,Engineer
E101035,2025-01-10 09:20:00,MX-202,Line-C,morning,Maintenance,Lubrication,low,67,36,8,Bravo,Operator
E101066,2025-01-10 09:22:00,MX-103,Line-B,morning,Alarm,HighVibration,low,18,9,17,Delta,AutoReset
E101093,2025-01-10 09:24:00,MX-202,Line-C,morning,Warning,VibrationTrend,low,3,0,0,Alpha,Technician
E100958,2025-01-10 09:25:00,MX-101,Line-A,morning,Alarm,HighVibration,critical,42,24,36,Charlie,Technician
E101030,2025-01-10 09:38:00,MX-202,Line-C,morning,Setup,FixtureAdjustment,low,43,34,34,Charlie,Operator
E101013,2025-01-10 09:42:00,MX-201,Line-C,morning,Quality,MaterialMismatch,high,25,0,150,Delta,Engineer
E101050,2025-01-10 09:58:00,MX-202,Line-C,morning,Quality,VisionReject,medium,16,0,63,Delta,AutoReset
E101074,2025-01-10 10:09:00,MX-103,Line-B,morning,Alarm,MotorOverload,high,56,28,45,Alpha,AutoReset
E101033,2025-01-10 10:12:00,MX-101,Line-A,morning,Setup,FixtureAdjustment,low,37,26,21,Alpha,Operator
E100992,2025-01-10 10:26:00,MX-101,Line-A,morning,Alarm,HighVibration,medium,32,23,47,Alpha,Operator
E100972,2025-01-10 10:49:00,MX-102,Line-A,morning,Safety,DoorInterlock,medium,24,23,15,Charlie,Operator
E100994,2025-01-10 10:51:00,MX-102,Line-A,morning,Warning,EnergySpike,low,11,1,0,Alpha,Engineer
E101046,2025-01-10 10:56:00,MX-202,Line-C,morning,Setup,FixtureAdjustment,low,29,25,27,Bravo,Engineer
E101044,2025-01-10 10:57:00,MX-103,Line-B,morning,Alarm,Overheat,critical,36,21,18,Delta,Supervisor
E100968,2025-01-10 11:15:00,MX-201,Line-C,morning,Quality,DimensionDrift,high,45,3,127,Alpha,Supervisor
E101055,2025-01-10 11:32:00,MX-102,Line-A,morning,Quality,MaterialMismatch,low,11,1,62,Charlie,AutoReset
E101085,2025-01-10 11:40:00,MX-101,Line-A,morning,Setup,FixtureAdjustment,low,11,10,6,Bravo,Technician
E100983,2025-01-10 11:46:00,MX-102,Line-A,morning,Maintenance,BearingReplacement,low,44,27,14,Alpha,Operator
E101018,2025-01-10 12:25:00,MX-202,Line-C,morning,Maintenance,FilterChange,medium,43,14,3,Bravo,Supervisor
E101041,2025-01-10 12:28:00,MX-103,Line-B,morning,Warning,EnergySpike,medium,7,0,0,Alpha,Technician
E100982,2025-01-10 12:33:00,MX-102,Line-A,morning,Warning,TempTrend,high,5,0,0,Delta,Technician
E101064,2025-01-10 12:38:00,MX-103,Line-B,morning,Warning,VibrationTrend,medium,21,0,0,Bravo,Supervisor
E100943,2025-01-10 12:51:00,MX-102,Line-A,morning,Alarm,Overheat,medium,32,31,23,Delta,Operator
E100978,2025-01-10 12:54:00,MX-101,Line-A,morning,Quality,VisionReject,high,29,5,180,Bravo,Operator
E100945,2025-01-10 13:07:00,MX-102,Line-A,morning,Setup,RecipeChange,low,42,34,28,Delta,Supervisor
E100950,2025-01-10 13:08:00,MX-103,Line-B,morning,Alarm,HighVibration,medium,63,29,56,Charlie,Technician
E100990,2025-01-10 13:09:00,MX-103,Line-B,morning,Setup,FixtureAdjustment,low,31,23,17,Bravo,AutoReset
E100942,2025-01-10 13:13:00,MX-201,Line-C,morning,Alarm,SensorFailure,high,23,14,19,Charlie,Operator
E101077,2025-01-10 13:25:00,MX-201,Line-C,morning,Alarm,Overheat,medium,121,80,74,Delta,Operator
E100986,2025-01-10 13:32:00,MX-102,Line-A,morning,Quality,SurfaceDefect,medium,8,0,45,Alpha,Engineer
E101052,2025-01-10 13:49:00,MX-201,Line-C,morning,Warning,EnergySpike,medium,5,0,0,Bravo,Technician
E101048,2025-01-10 13:51:00,MX-101,Line-A,morning,Warning,TempTrend,low,1,0,0,Delta,Technician
E101024,2025-01-10 14:15:00,MX-103,Line-B,evening,Warning,VibrationTrend,low,7,0,0,Charlie,Technician
E100948,2025-01-10 14:19:00,MX-102,Line-A,evening,Warning,PressureTrend,low,5,0,0,Alpha,AutoReset
E100977,2025-01-10 14:26:00,MX-201,Line-C,evening,Maintenance,BearingReplacement,medium,55,39,37,Charlie,Technician
E101072,2025-01-10 14:53:00,MX-202,Line-C,evening,Setup,FixtureAdjustment,low,38,32,19,Delta,Operator
E101082,2025-01-10 15:04:00,MX-103,Line-B,evening,Warning,TempTrend,low,1,0,0,Alpha,Engineer
E101078,2025-01-10 15:09:00,MX-101,Line-A,evening,Warning,PressureTrend,high,13,0,0,Bravo,Engineer
E100967,2025-01-10 15:18:00,MX-103,Line-B,evening,Safety,AreaBreach,high,15,13,11,Delta,Operator
E101020,2025-01-10 15:28:00,MX-101,Line-A,evening,Setup,ToolChange,low,66,61,43,Charlie,Technician
E101003,2025-01-10 15:29:00,MX-102,Line-A,evening,Setup,FixtureAdjustment,low,22,18,16,Delta,Technician
E101058,2025-01-10 15:30:00,MX-101,Line-A,evening,Warning,PressureTrend,low,7,0,0,Bravo,Supervisor
E100951,2025-01-10 15:34:00,MX-103,Line-B,evening,Alarm,SensorFailure,medium,35,29,41,Delta,Supervisor
E101088,2025-01-10 16:10:00,MX-102,Line-A,evening,Maintenance,Calibration,low,134,56,21,Bravo,Technician
E101029,2025-01-10 16:29:00,MX-202,Line-C,evening,Setup,ToolChange,low,23,19,15,Bravo,Technician
E100999,2025-01-10 16:50:00,MX-102,Line-A,evening,Safety,DoorInterlock,critical,27,25,34,Bravo,Technician
E101040,2025-01-10 16:55:00,MX-103,Line-B,evening,Warning,EnergySpike,low,11,0,0,Delta,Technician
E101039,2025-01-10 17:00:00,MX-102,Line-A,evening,Maintenance,Lubrication,medium,38,27,25,Delta,Supervisor
E101047,2025-01-10 17:18:00,MX-102,Line-A,evening,Setup,RecipeChange,low,64,48,46,Charlie,Technician
E100974,2025-01-10 17:24:00,MX-103,Line-B,evening,Quality,MaterialMismatch,low,16,2,102,Bravo,Technician
E100973,2025-01-10 17:32:00,MX-102,Line-A,evening,Warning,TempTrend,medium,3,0,0,Delta,Supervisor
E100984,2025-01-10 17:43:00,MX-201,Line-C,evening,Alarm,Overheat,low,68,55,53,Charlie,Operator
E100979,2025-01-10 17:52:00,MX-103,Line-B,evening,Maintenance,Lubrication,medium,85,42,15,Charlie,Operator
E101061,2025-01-10 18:00:00,MX-103,Line-B,evening,Warning,VibrationTrend,low,3,0,0,Charlie,Operator
E100963,2025-01-10 18:05:00,MX-101,Line-A,evening,Alarm,PressureDrop,medium,16,13,17,Alpha,Technician
E101063,2025-01-10 18:12:00,MX-102,Line-A,evening,Alarm,HighVibration,high,78,41,47,Charlie,Technician
E101070,2025-01-10 18:17:00,MX-102,Line-A,evening,Quality,SurfaceDefect,medium,17,1,76,Bravo,Technician
E100991,2025-01-10 18:47:00,MX-102,Line-A,evening,Warning,PressureTrend,low,11,0,0,Delta,Technician
E101057,2025-01-10 18:50:00,MX-102,Line-A,evening,Setup,RecipeChange,low,32,27,17,Delta,Technician
E100952,2025-01-10 18:51:00,MX-202,Line-C,evening,Warning,TempTrend,low,7,0,0,Alpha,Operator
E101027,2025-01-10 18:56:00,MX-103,Line-B,evening,Maintenance,Lubrication,medium,48,29,12,Delta,Technician
E100947,2025-01-10 19:24:00,MX-101,Line-A,evening,Maintenance,FilterChange,low,100,65,24,Bravo,Operator
E101019,2025-01-10 19:40:00,MX-102,Line-A,evening,Maintenance,Inspection,medium,20,8,2,Bravo,AutoReset
E100954,2025-01-10 19:53:00,MX-201,Line-C,evening,Warning,EnergySpike,low,2,0,0,Charlie,Technician
E101012,2025-01-10 20:05:00,MX-103,Line-B,evening,Warning,VibrationTrend,medium,18,1,0,Delta,Technician
E101068,2025-01-10 20:35:00,MX-103,Line-B,evening,Alarm,MotorOverload,high,21,16,16,Alpha,Engineer
E101083,2025-01-10 20:36:00,MX-103,Line-B,evening,Warning,PressureTrend,low,6,0,0,Delta,Supervisor
E100966,2025-01-10 20:45:00,MX-202,Line-C,evening,Quality,VisionReject,low,16,4,105,Delta,Operator
E101004,2025-01-10 20:49:00,MX-202,Line-C,evening,Setup,FixtureAdjustment,medium,55,48,52,Charlie,Supervisor
E100964,2025-01-10 21:09:00,MX-103,Line-B,evening,Alarm,SensorFailure,high,19,10,16,Alpha,Engineer
E101005,2025-01-10 21:48:00,MX-202,Line-C,evening,Maintenance,BearingReplacement,low,34,23,10,Alpha,Technician
E101022,2025-01-10 21:58:00,MX-201,Line-C,evening,Alarm,Overheat,high,24,14,29,Alpha,AutoReset
E100960,2025-01-10 22:30:00,MX-102,Line-A,night,Maintenance,FilterChange,medium,148,71,58,Delta,Operator
E100995,2025-01-10 22:32:00,MX-102,Line-A,night,Setup,FixtureAdjustment,medium,37,36,14,Bravo,Operator
E101060,2025-01-10 22:33:00,MX-201,Line-C,night,Safety,DoorInterlock,medium,17,14,7,Charlie,Operator
E101006,2025-01-10 22:36:00,MX-101,Line-A,night,Warning,VibrationTrend,low,10,1,0,Alpha,Technician
E101026,2025-01-10 22:38:00,MX-101,Line-A,night,Alarm,MotorOverload,low,43,37,26,Charlie,AutoReset
E101090,2025-01-10 22:48:00,MX-102,Line-A,night,Warning,TempTrend,low,4,0,0,Charlie,Technician
E101073,2025-01-10 23:16:00,MX-103,Line-B,night,Maintenance,Inspection,medium,103,58,49,Alpha,Engineer
E101069,2025-01-10 23:18:00,MX-101,Line-A,night,Warning,TempTrend,low,4,0,0,Bravo,AutoReset
E100959,2025-01-10 23:20:00,MX-201,Line-C,night,Alarm,MotorOverload,critical,36,24,49,Delta,AutoReset
E101051,2025-01-10 23:34:00,MX-101,Line-A,night,Alarm,MotorOverload,medium,19,14,30,Charlie,AutoReset
E100956,2025-01-10 23:35:00,MX-103,Line-B,night,Setup,FixtureAdjustment,low,28,22,8,Charlie,Engineer
E101021,2025-01-10 23:45:00,MX-102,Line-A,night,Warning,PressureTrend,low,3,0,0,Delta,Operator
E100962,2025-01-10 23:47:00,MX-102,Line-A,night,Warning,EnergySpike,medium,10,0,0,Charlie,AutoReset
E101065,2025-01-10 23:49:00,MX-201,Line-C,night,Quality,DimensionDrift,medium,8,0,18,Delta,Supervisor
E101157,2025-01-11 00:31:00,MX-202,Line-C,night,Alarm,SensorFailure,critical,104,83,78,Alpha,AutoReset
E101190,2025-01-11 00:52:00,MX-101,Line-A,night,Maintenance,Lubrication,low,51,27,20,Alpha,Technician
E101188,2025-01-11 00:58:00,MX-101,Line-A,night,Quality,MaterialMismatch,high,2,0,11,Charlie,Operator
E101094,2025-01-11 01:04:00,MX-103,Line-B,night,Maintenance,Inspection,medium,37,29,19,Bravo,Technician
E101186,2025-01-11 01:08:00,MX-101,Line-A,night,Warning,VibrationTrend,low,18,1,0,Alpha,AutoReset
E101127,2025-01-11 01:16:00,MX-101,Line-A,night,Maintenance,Lubrication,medium,27,11,9,Bravo,Operator
E101164,2025-01-11 01:21:00,MX-201,Line-C,night,Maintenance,Lubrication,medium,29,22,15,Alpha,Engineer
E101131,2025-01-11 01:53:00,MX-102,Line-A,night,Setup,RecipeChange,medium,38,29,13,Delta,AutoReset
E101167,2025-01-11 02:19:00,MX-103,Line-B,night,Quality,DimensionDrift,low,16,4,61,Alpha,Technician
E101151,2025-01-11 02:22:00,MX-201,Line-C,night,Maintenance,Inspection,low,78,43,29,Alpha,Technician
E101130,2025-01-11 02:27:00,MX-102,Line-A,night,Quality,SurfaceDefect,high,58,6,272,Charlie,Technician
E101203,2025-01-11 02:30:00,MX-103,Line-B,night,Quality,SurfaceDefect,medium,3,0,7,Bravo,Engineer
E101097,2025-01-11 02:34:00,MX-202,Line-C,night,Setup,RecipeChange,low,25,20,16,Bravo,Engineer
E101120,2025-01-11 02:44:00,MX-103,Line-B,night,Maintenance,Calibration,low,33,23,12,Charlie,Operator
E101112,2025-01-11 02:46:00,MX-102,Line-A,night,Setup,FixtureAdjustment,low,98,97,84,Charlie,AutoReset
E101182,2025-01-11 03:16:00,MX-103,Line-B,night,Quality,VisionReject,medium,6,1,20,Alpha,Technician
E101104,2025-01-11 03:30:00,MX-101,Line-A,night,Maintenance,Lubrication,medium,52,14,3,Alpha,Operator
E101172,2025-01-11 03:33:00,MX-202,Line-C,night,Warning,VibrationTrend,low,1,0,0,Delta,AutoReset
E101147,2025-01-11 03:38:00,MX-101,Line-A,night,Warning,TempTrend,low,10,0,0,Bravo,AutoReset
E101181,2025-01-11 03:59:00,MX-101,Line-A,night,Setup,ToolChange,medium,71,57,36,Bravo,Technician
E101198,2025-01-11 04:03:00,MX-102,Line-A,night,Setup,ToolChange,medium,27,25,14,Alpha,Technician
E101129,2025-01-11 04:07:00,MX-202,Line-C,night,Quality,MaterialMismatch,low,3,0,9,Alpha,Technician
E101145,2025-01-11 04:20:00,MX-101,Line-A,night,Alarm,MotorOverload,medium,33,17,14,Alpha,Supervisor
E101184,2025-01-11 04:22:00,MX-103,Line-B,night,Alarm,PressureDrop,medium,45,34,72,Alpha,Engineer
E101106,2025-01-11 04:31:00,MX-102,Line-A,night,Alarm,SensorFailure,medium,39,19,18,Alpha,Technician
E101191,2025-01-11 04:39:00,MX-101,Line-A,night,Quality,VisionReject,medium,19,2,115,Alpha,Technician
E101098,2025-01-11 04:55:00,MX-201,Line-C,night,Alarm,HighVibration,high,49,41,32,Charlie,Operator
E101185,2025-01-11 05:24:00,MX-201,Line-C,night,Maintenance,Inspection,low,59,32,9,Alpha,Technician
E101134,2025-01-11 05:34:00,MX-102,Line-A,night,Safety,DoorInterlock,medium,39,29,28,Alpha,AutoReset
E101102,2025-01-11 05:43:00,MX-201,Line-C,night,Alarm,MotorOverload,critical,24,11,23,Delta,Technician
E101101,2025-01-11 05:58:00,MX-102,Line-A,night,Maintenance,FilterChange,low,120,35,9,Charlie,Technician
E101110,2025-01-11 06:18:00,MX-202,Line-C,morning,Warning,TempTrend,low,3,0,0,Delta,AutoReset
E101149,2025-01-11 06:26:00,MX-202,Line-C,morning,Warning,VibrationTrend,medium,2,0,0,Charlie,Technician
E101123,2025-01-11 06:27:00,MX-201,Line-C,morning,Maintenance,BearingReplacement,high,52,34,16,Delta,Engineer
E101113,2025-01-11 06:30:00,MX-101,Line-A,morning,Quality,DimensionDrift,medium,1,0,4,Charlie,Technician
E101189,2025-01-11 06:59:00,MX-103,Line-B,morning,Alarm,Overheat,medium,11,8,15,Delta,Technician
E101152,2025-01-11 07:24:00,MX-202,Line-C,morning,Maintenance,FilterChange,medium,42,22,10,Delta,Technician
E101114,2025-01-11 07:36:00,MX-202,Line-C,morning,Setup,FixtureAdjustment,medium,70,55,16,Bravo,Technician
E101201,2025-01-11 07:36:00,MX-201,Line-C,morning,Safety,DoorInterlock,critical,34,25,11,Bravo,AutoReset
E101200,2025-01-11 07:47:00,MX-201,Line-C,morning,Maintenance,BearingReplacement,medium,16,10,2,Bravo,Technician
E101153,2025-01-11 08:10:00,MX-101,Line-A,morning,Alarm,MotorOverload,high,22,13,25,Delta,AutoReset
E101160,2025-01-11 08:16:00,MX-201,Line-C,morning,Quality,SurfaceDefect,medium,24,7,130,Delta,Engineer
E101197,2025-01-11 08:50:00,MX-202,Line-C,morning,Warning,VibrationTrend,low,1,0,0,Bravo,Technician
E101176,2025-01-11 09:12:00,MX-202,Line-C,morning,Maintenance,Calibration,low,36,10,6,Bravo,Engineer
E101194,2025-01-11 09:15:00,MX-103,Line-B,morning,Setup,FixtureAdjustment,medium,70,55,54,Charlie,Technician
E101105,2025-01-11 09:41:00,MX-101,Line-A,morning,Warning,EnergySpike,medium,1,0,0,Bravo,Technician
E101163,2025-01-11 09:45:00,MX-101,Line-A,morning,Quality,DimensionDrift,medium,8,0,40,Alpha,Technician
E101162,2025-01-11 09:53:00,MX-201,Line-C,morning,Warning,PressureTrend,low,19,2,0,Bravo,AutoReset
E101196,2025-01-11 10:10:00,MX-201,Line-C,morning,Alarm,MotorOverload,critical,47,34,54,Bravo,Operator
E101195,2025-01-11 10:12:00,MX-201,Line-C,morning,Warning,EnergySpike,low,20,2,1,Bravo,Technician
E101192,2025-01-11 10:13:00,MX-101,Line-A,morning,Quality,SurfaceDefect,medium,9,1,47,Alpha,AutoReset
E101116,2025-01-11 10:27:00,MX-101,Line-A,morning,Setup,ToolChange,low,56,43,38,Alpha,Technician
E101107,2025-01-11 10:43:00,MX-202,Line-C,morning,Maintenance,BearingReplacement,low,56,24,11,Charlie,Operator
E101133,2025-01-11 10:57:00,MX-201,Line-C,morning,Warning,VibrationTrend,low,6,0,0,Delta,Technician
E101109,2025-01-11 11:14:00,MX-201,Line-C,morning,Warning,PressureTrend,medium,4,0,0,Delta,AutoReset
E101179,2025-01-11 11:33:00,MX-201,Line-C,morning,Alarm,MotorOverload,medium,62,33,54,Charlie,Operator
E101144,2025-01-11 11:34:00,MX-103,Line-B,morning,Maintenance,Lubrication,high,40,17,14,Bravo,Engineer
E101142,2025-01-11 11:54:00,MX-102,Line-A,morning,Alarm,MotorOverload,high,13,8,14,Delta,Engineer
E101166,2025-01-11 12:06:00,MX-101,Line-A,morning,Alarm,SensorFailure,high,17,13,26,Delta,AutoReset
E101158,2025-01-11 12:18:00,MX-202,Line-C,morning,Alarm,SensorFailure,medium,17,12,23,Delta,Engineer
E101155,2025-01-11 12:22:00,MX-102,Line-A,morning,Warning,PressureTrend,low,2,0,0,Bravo,AutoReset
E101143,2025-01-11 12:28:00,MX-101,Line-A,morning,Setup,ToolChange,low,38,28,21,Bravo,Technician
E101154,2025-01-11 12:43:00,MX-202,Line-C,morning,Warning,PressureTrend,high,13,1,0,Delta,AutoReset
E101193,2025-01-11 12:47:00,MX-103,Line-B,morning,Alarm,Overheat,high,12,6,6,Delta,Technician
E101168,2025-01-11 12:51:00,MX-202,Line-C,morning,Alarm,SensorFailure,critical,37,17,19,Charlie,Technician
E101125,2025-01-11 12:58:00,MX-101,Line-A,morning,Setup,RecipeChange,medium,30,21,22,Bravo,Operator
E101117,2025-01-11 13:28:00,MX-102,Line-A,morning,Alarm,MotorOverload,high,19,9,19,Delta,Supervisor
E101187,2025-01-11 13:33:00,MX-102,Line-A,morning,Alarm,HighVibration,high,41,24,30,Delta,AutoReset
E101111,2025-01-11 13:43:00,MX-103,Line-B,morning,Alarm,SensorFailure,medium,9,7,7,Bravo,Supervisor
E101136,2025-01-11 14:03:00,MX-103,Line-B,evening,Alarm,HighVibration,high,10,5,6,Alpha,Engineer
E101121,2025-01-11 14:28:00,MX-102,Line-A,evening,Alarm,SensorFailure,high,61,32,36,Charlie,Operator
E101202,2025-01-11 14:29:00,MX-202,Line-C,evening,Alarm,HighVibration,medium,17,8,11,Bravo,AutoReset
E101124,2025-01-11 14:46:00,MX-201,Line-C,evening,Setup,ToolChange,medium,31,26,23,Bravo,Supervisor
E101171,2025-01-11 14:56:00,MX-103,Line-B,evening,Maintenance,Lubrication,medium,138,93,66,Bravo,Supervisor
E101096,2025-01-11 14:57:00,MX-101,Line-A,evening,Alarm,SensorFailure,medium,35,20,30,Delta,Supervisor
E101175,2025-01-11 14:57:00,MX-102,Line-A,evening,Alarm,HighVibration,high,85,49,83,Bravo,Supervisor
E101141,2025-01-11 15:17:00,MX-201,Line-C,evening,Maintenance,Lubrication,low,78,44,38,Delta,Technician
E101139,2025-01-11 15:39:00,MX-202,Line-C,evening,Maintenance,Calibration,low,20,9,7,Charlie,Supervisor
E101115,2025-01-11 16:07:00,MX-102,Line-A,evening,Maintenance,FilterChange,low,92,49,32,Alpha,Technician
E101138,2025-01-11 16:12:00,MX-101,Line-A,evening,Alarm,HighVibration,critical,44,31,38,Delta,Operator
E101169,2025-01-11 16:12:00,MX-201,Line-C,evening,Warning,VibrationTrend,low,1,0,0,Charlie,Operator
E101150,2025-01-11 16:14:00,MX-202,Line-C,evening,Quality,DimensionDrift,medium,1,0,2,Bravo,Technician
E101156,2025-01-11 16:37:00,MX-201,Line-C,evening,Warning,TempTrend,low,3,0,0,Bravo,AutoReset
E101173,2025-01-11 16:41:00,MX-101,Line-A,evening,Warning,EnergySpike,medium,10,0,0,Delta,Technician
E101174,2025-01-11 16:55:00,MX-102,Line-A,evening,Alarm,MotorOverload,high,21,14,22,Bravo,Operator
E101095,2025-01-11 17:34:00,MX-103,Line-B,evening,Warning,EnergySpike,low,26,2,0,Charlie,Engineer
E101118,2025-01-11 17:50:00,MX-202,Line-C,evening,Maintenance,FilterChange,low,82,37,21,Bravo,Supervisor
E101159,2025-01-11 17:53:00,MX-103,Line-B,evening,Alarm,HighVibration,high,48,38,43,Charlie,Operator
E101140,2025-01-11 18:36:00,MX-101,Line-A,evening,Safety,GuardOpen,critical,71,57,51,Charlie,Technician
E101135,2025-01-11 18:47:00,MX-202,Line-C,evening,Setup,FixtureAdjustment,low,41,31,31,Delta,AutoReset
E101132,2025-01-11 18:53:00,MX-201,Line-C,evening,Alarm,PressureDrop,high,32,18,17,Charlie,Operator
E101180,2025-01-11 20:08:00,MX-101,Line-A,evening,Warning,EnergySpike,high,11,0,0,Charlie,AutoReset
E101137,2025-01-11 20:11:00,MX-202,Line-C,evening,Maintenance,BearingReplacement,medium,66,25,11,Delta,Supervisor
E101099,2025-01-11 20:22:00,MX-102,Line-A,evening,Quality,SurfaceDefect,medium,2,0,9,Bravo,Technician
E101170,2025-01-11 21:19:00,MX-103,Line-B,evening,Safety,EStop,high,6,3,1,Charlie,Operator
E101100,2025-01-11 21:25:00,MX-102,Line-A,evening,Quality,DimensionDrift,low,16,1,111,Charlie,AutoReset
E101161,2025-01-11 21:37:00,MX-101,Line-A,evening,Quality,DimensionDrift,high,14,0,57,Charlie,AutoReset
E101108,2025-01-11 21:42:00,MX-202,Line-C,evening,Quality,DimensionDrift,medium,5,0,31,Delta,Operator
E101178,2025-01-11 21:47:00,MX-201,Line-C,evening,Quality,SurfaceDefect,medium,3,0,16,Bravo,Operator
E101103,2025-01-11 22:07:00,MX-201,Line-C,night,Warning,VibrationTrend,medium,10,0,0,Charlie,Technician
E101126,2025-01-11 22:11:00,MX-103,Line-B,night,Warning,EnergySpike,medium,7,0,0,Delta,Operator
E101119,2025-01-11 22:11:00,MX-102,Line-A,night,Setup,RecipeChange,medium,47,33,20,Alpha,Supervisor
E101183,2025-01-11 22:14:00,MX-202,Line-C,night,Maintenance,Lubrication,high,102,71,62,Alpha,Operator
E101165,2025-01-11 22:20:00,MX-102,Line-A,night,Warning,VibrationTrend,low,4,0,0,Bravo,AutoReset
E101148,2025-01-11 22:53:00,MX-101,Line-A,night,Warning,TempTrend,low,3,0,0,Bravo,Technician
E101128,2025-01-11 23:19:00,MX-201,Line-C,night,Maintenance,Lubrication,medium,83,46,33,Charlie,Supervisor
E101199,2025-01-11 23:21:00,MX-103,Line-B,night,Maintenance,Lubrication,low,89,69,39,Bravo,Technician
E101177,2025-01-11 23:25:00,MX-103,Line-B,night,Maintenance,FilterChange,low,88,68,48,Bravo,Technician
E101146,2025-01-11 23:30:00,MX-101,Line-A,night,Quality,SurfaceDefect,medium,34,6,200,Bravo,Supervisor
E101122,2025-01-11 23:51:00,MX-102,Line-A,night,Setup,FixtureAdjustment,medium,25,17,10,Alpha,Engineer
E101269,2025-01-12 00:01:00,MX-102,Line-A,night,Safety,EStop,medium,14,9,11,Charlie,Technician
E101210,2025-01-12 00:09:00,MX-101,Line-A,night,Setup,ToolChange,low,52,38,14,Alpha,AutoReset
E101260,2025-01-12 00:18:00,MX-103,Line-B,night,Alarm,HighVibration,high,51,39,71,Bravo,Engineer
E101223,2025-01-12 00:44:00,MX-101,Line-A,night,Maintenance,Lubrication,low,67,45,29,Bravo,Operator
E101240,2025-01-12 01:14:00,MX-202,Line-C,night,Quality,SurfaceDefect,medium,6,0,17,Charlie,Supervisor
E101232,2025-01-12 01:26:00,MX-103,Line-B,night,Alarm,HighVibration,low,28,24,34,Charlie,Supervisor
E101235,2025-01-12 02:00:00,MX-101,Line-A,night,Maintenance,Calibration,low,139,108,88,Bravo,AutoReset
E101213,2025-01-12 02:05:00,MX-103,Line-B,night,Warning,EnergySpike,low,9,1,0,Delta,Operator
E101243,2025-01-12 02:11:00,MX-102,Line-A,night,Safety,EStop,medium,37,31,7,Bravo,Operator
E101259,2025-01-12 02:23:00,MX-102,Line-A,night,Alarm,Overheat,high,31,24,19,Charlie,AutoReset
E101270,2025-01-12 02:25:00,MX-201,Line-C,night,Maintenance,Calibration,medium,23,8,3,Delta,Operator
E101216,2025-01-12 02:28:00,MX-202,Line-C,night,Warning,VibrationTrend,low,2,0,0,Alpha,Operator
E101239,2025-01-12 02:38:00,MX-103,Line-B,night,Maintenance,Lubrication,medium,173,125,115,Delta,Technician
E101257,2025-01-12 03:40:00,MX-201,Line-C,night,Maintenance,Calibration,low,103,81,41,Alpha,Supervisor
E101217,2025-01-12 04:34:00,MX-103,Line-B,night,Maintenance,Inspection,low,58,16,4,Charlie,Technician
E101263,2025-01-12 05:01:00,MX-102,Line-A,night,Alarm,MotorOverload,high,33,20,41,Alpha,Operator
E101253,2025-01-12 05:11:00,MX-101,Line-A,night,Setup,FixtureAdjustment,low,57,41,44,Bravo,Technician
E101231,2025-01-12 05:13:00,MX-101,Line-A,night,Quality,DimensionDrift,medium,7,2,42,Alpha,Operator
E101206,2025-01-12 05:39:00,MX-101,Line-A,night,Warning,EnergySpike,low,11,0,0,Delta,Technician
E101208,2025-01-12 06:37:00,MX-202,Line-C,morning,Alarm,SensorFailure,medium,18,14,20,Alpha,Operator
E101275,2025-01-12 06:40:00,MX-202,Line-C,morning,Maintenance,Calibration,low,110,62,44,Bravo,Operator
E101227,2025-01-12 07:56:00,MX-102,Line-A,morning,Alarm,Overheat,critical,10,9,11,Charlie,AutoReset
E101250,2025-01-12 08:13:00,MX-101,Line-A,morning,Safety,EStop,critical,19,16,16,Charlie,AutoReset
E101212,2025-01-12 08:26:00,MX-201,Line-C,morning,Alarm,PressureDrop,high,27,15,10,Bravo,Technician
E101236,2025-01-12 08:40:00,MX-101,Line-A,morning,Warning,EnergySpike,low,11,1,0,Charlie,Engineer
E101226,2025-01-12 08:42:00,MX-102,Line-A,morning,Alarm,PressureDrop,critical,66,38,60,Alpha,Technician
E101221,2025-01-12 08:56:00,MX-202,Line-C,morning,Quality,MaterialMismatch,low,31,4,84,Bravo,Operator
E101237,2025-01-12 08:57:00,MX-101,Line-A,morning,Warning,PressureTrend,low,8,0,0,Bravo,Technician
E101219,2025-01-12 10:21:00,MX-201,Line-C,morning,Setup,RecipeChange,low,25,20,4,Alpha,AutoReset
E101247,2025-01-12 10:24:00,MX-201,Line-C,morning,Quality,VisionReject,low,16,1,100,Delta,AutoReset
E101230,2025-01-12 10:26:00,MX-202,Line-C,morning,Maintenance,Inspection,medium,70,53,29,Bravo,Technician
E101267,2025-01-12 10:27:00,MX-102,Line-A,morning,Alarm,Overheat,high,38,19,29,Delta,Operator
E101272,2025-01-12 10:51:00,MX-103,Line-B,morning,Alarm,PressureDrop,medium,32,25,51,Bravo,AutoReset
E101273,2025-01-12 10:57:00,MX-202,Line-C,morning,Alarm,PressureDrop,high,11,9,19,Alpha,Engineer
E101255,2025-01-12 11:07:00,MX-102,Line-A,morning,Quality,SurfaceDefect,low,31,4,101,Bravo,Technician
E101207,2025-01-12 11:59:00,MX-201,Line-C,morning,Warning,TempTrend,medium,7,0,0,Alpha,Technician
E101228,2025-01-12 12:11:00,MX-103,Line-B,morning,Alarm,SensorFailure,critical,50,40,80,Bravo,Technician
E101229,2025-01-12 12:28:00,MX-102,Line-A,morning,Quality,DimensionDrift,medium,12,1,80,Charlie,Engineer
E101224,2025-01-12 12:30:00,MX-201,Line-C,morning,Safety,DoorInterlock,medium,16,14,3,Delta,AutoReset
E101271,2025-01-12 12:38:00,MX-102,Line-A,morning,Setup,FixtureAdjustment,low,24,17,15,Bravo,Operator
E101277,2025-01-12 13:06:00,MX-103,Line-B,morning,Warning,EnergySpike,low,13,0,0,Alpha,Technician
E101225,2025-01-12 13:13:00,MX-201,Line-C,morning,Maintenance,Inspection,medium,38,28,20,Charlie,Engineer
E101252,2025-01-12 13:13:00,MX-201,Line-C,morning,Warning,TempTrend,low,16,1,0,Bravo,Engineer
E101254,2025-01-12 13:35:00,MX-102,Line-A,morning,Alarm,Overheat,medium,61,28,20,Delta,Technician
E101262,2025-01-12 14:39:00,MX-202,Line-C,evening,Quality,MaterialMismatch,high,59,0,310,Alpha,Technician
E101222,2025-01-12 14:41:00,MX-201,Line-C,evening,Warning,TempTrend,low,7,0,0,Alpha,Engineer
E101245,2025-01-12 15:34:00,MX-103,Line-B,evening,Alarm,MotorOverload,critical,195,180,287,Charlie,AutoReset
E101268,2025-01-12 15:50:00,MX-202,Line-C,evening,Alarm,Overheat,critical,13,9,12,Bravo,Operator
E101218,2025-01-12 15:57:00,MX-101,Line-A,evening,Alarm,PressureDrop,high,20,16,20,Charlie,Technician
E101249,2025-01-12 16:25:00,MX-103,Line-B,evening,Warning,EnergySpike,low,9,1,0,Delta,Engineer
E101214,2025-01-12 16:40:00,MX-102,Line-A,evening,Alarm,PressureDrop,medium,22,18,19,Bravo,Operator
E101256,2025-01-12 16:48:00,MX-201,Line-C,evening,Warning,PressureTrend,low,4,0,0,Alpha,Technician
E101266,2025-01-12 16:50:00,MX-202,Line-C,evening,Quality,VisionReject,high,6,2,34,Alpha,Engineer
E101276,2025-01-12 16:57:00,MX-102,Line-A,evening,Alarm,Overheat,medium,28,25,38,Bravo,AutoReset
E101251,2025-01-12 17:19:00,MX-103,Line-B,evening,Warning,VibrationTrend,medium,38,0,0,Alpha,Operator
E101233,2025-01-12 17:39:00,MX-201,Line-C,evening,Setup,RecipeChange,medium,8,7,5,Delta,Operator
E101209,2025-01-12 17:58:00,MX-102,Line-A,evening,Warning,TempTrend,medium,2,0,0,Bravo,Technician
E101242,2025-01-12 18:29:00,MX-102,Line-A,evening,Alarm,SensorFailure,high,121,93,196,Charlie,Technician
E101215,2025-01-12 18:38:00,MX-101,Line-A,evening,Warning,TempTrend,low,26,0,0,Alpha,Engineer
E101248,2025-01-12 18:43:00,MX-101,Line-A,evening,Alarm,PressureDrop,high,28,20,30,Alpha,Operator
E101244,2025-01-12 18:51:00,MX-202,Line-C,evening,Maintenance,Lubrication,low,25,16,4,Charlie,Technician
E101258,2025-01-12 19:03:00,MX-101,Line-A,evening,Alarm,Overheat,high,45,38,28,Delta,Operator
E101274,2025-01-12 19:17:00,MX-103,Line-B,evening,Warning,VibrationTrend,low,7,0,0,Delta,AutoReset
E101264,2025-01-12 20:13:00,MX-201,Line-C,evening,Warning,VibrationTrend,medium,1,0,0,Alpha,Supervisor
E101241,2025-01-12 20:14:00,MX-202,Line-C,evening,Alarm,PressureDrop,high,44,30,40,Alpha,AutoReset
E101238,2025-01-12 20:27:00,MX-201,Line-C,evening,Setup,RecipeChange,low,60,54,40,Alpha,Technician
E101204,2025-01-12 20:46:00,MX-102,Line-A,evening,Setup,RecipeChange,low,36,35,23,Charlie,Technician
E101261,2025-01-12 21:41:00,MX-102,Line-A,evening,Maintenance,BearingReplacement,low,98,24,12,Delta,AutoReset
E101246,2025-01-12 21:53:00,MX-201,Line-C,evening,Warning,EnergySpike,medium,38,5,0,Delta,Technician
E101234,2025-01-12 21:54:00,MX-202,Line-C,evening,Quality,DimensionDrift,high,7,2,25,Alpha,Operator
E101220,2025-01-12 22:23:00,MX-202,Line-C,night,Alarm,PressureDrop,high,34,23,38,Bravo,Technician
E101211,2025-01-12 22:28:00,MX-103,Line-B,night,Alarm,SensorFailure,high,29,23,30,Bravo,AutoReset
E101205,2025-01-12 22:32:00,MX-202,Line-C,night,Maintenance,Calibration,low,34,23,13,Charlie,Operator
E101265,2025-01-12 22:57:00,MX-101,Line-A,night,Safety,AreaBreach,critical,28,17,25,Bravo,AutoReset
E101290,2025-01-13 00:34:00,MX-102,Line-A,night,Quality,MaterialMismatch,medium,13,4,48,Alpha,AutoReset
E101324,2025-01-13 01:02:00,MX-102,Line-A,night,Warning,VibrationTrend,low,9,1,0,Charlie,Operator
E101300,2025-01-13 01:17:00,MX-101,Line-A,night,Warning,PressureTrend,low,1,0,0,Charlie,Engineer
E101305,2025-01-13 01:58:00,MX-201,Line-C,night,Warning,VibrationTrend,low,5,0,0,Bravo,Technician
E101361,2025-01-13 02:57:00,MX-102,Line-A,night,Alarm,MotorOverload,critical,75,60,85,Bravo,Technician
E101321,2025-01-13 03:01:00,MX-101,Line-A,night,Alarm,MotorOverload,medium,105,104,135,Charlie,Technician
E101302,2025-01-13 03:04:00,MX-103,Line-B,night,Maintenance,FilterChange,low,73,44,18,Bravo,AutoReset
E101366,2025-01-13 03:08:00,MX-102,Line-A,night,Warning,PressureTrend,low,12,0,0,Alpha,Operator
E101367,2025-01-13 03:08:00,MX-102,Line-A,night,Alarm,Overheat,high,31,24,40,Delta,Technician
E101354,2025-01-13 03:12:00,MX-103,Line-B,night,Maintenance,FilterChange,medium,65,23,10,Alpha,Operator
E101340,2025-01-13 03:37:00,MX-101,Line-A,night,Alarm,Overheat,medium,52,32,24,Alpha,Operator
E101289,2025-01-13 03:39:00,MX-101,Line-A,night,Quality,VisionReject,medium,30,0,138,Alpha,Technician
E101345,2025-01-13 04:36:00,MX-201,Line-C,night,Quality,SurfaceDefect,medium,8,0,35,Alpha,Operator
E101344,2025-01-13 04:43:00,MX-102,Line-A,night,Alarm,Overheat,high,47,39,27,Bravo,Operator
E101358,2025-01-13 04:50:00,MX-102,Line-A,night,Alarm,Overheat,high,10,7,9,Delta,Engineer
E101335,2025-01-13 04:54:00,MX-201,Line-C,night,Alarm,Overheat,medium,29,21,28,Delta,Technician
E101325,2025-01-13 04:57:00,MX-102,Line-A,night,Warning,TempTrend,medium,6,0,0,Alpha,Operator
E101292,2025-01-13 05:11:00,MX-101,Line-A,night,Maintenance,Calibration,medium,71,43,18,Charlie,Engineer
E101375,2025-01-13 05:12:00,MX-202,Line-C,night,Alarm,PressureDrop,critical,20,9,12,Delta,Technician
E101334,2025-01-13 05:33:00,MX-201,Line-C,night,Alarm,SensorFailure,high,41,37,79,Bravo,AutoReset
E101286,2025-01-13 05:43:00,MX-202,Line-C,night,Quality,MaterialMismatch,medium,15,1,32,Alpha,Operator
E101369,2025-01-13 06:06:00,MX-102,Line-A,morning,Alarm,HighVibration,critical,29,24,43,Delta,Supervisor
E101293,2025-01-13 06:48:00,MX-201,Line-C,morning,Maintenance,BearingReplacement,low,49,37,30,Charlie,Technician
E101355,2025-01-13 06:48:00,MX-201,Line-C,morning,Setup,FixtureAdjustment,low,12,9,6,Bravo,AutoReset
E101310,2025-01-13 07:11:00,MX-103,Line-B,morning,Warning,PressureTrend,medium,2,0,0,Delta,Operator
E101346,2025-01-13 07:22:00,MX-202,Line-C,morning,Maintenance,BearingReplacement,low,35,9,7,Alpha,AutoReset
E101351,2025-01-13 07:36:00,MX-201,Line-C,morning,Setup,RecipeChange,low,28,25,11,Alpha,Technician
E101322,2025-01-13 08:46:00,MX-102,Line-A,morning,Alarm,PressureDrop,medium,39,24,26,Alpha,Engineer
E101317,2025-01-13 08:52:00,MX-103,Line-B,morning,Warning,VibrationTrend,low,2,0,0,Charlie,Supervisor
E101378,2025-01-13 08:53:00,MX-201,Line-C,morning,Setup,ToolChange,low,41,36,12,Charlie,AutoReset
E101379,2025-01-13 08:53:00,MX-201,Line-C,morning,Safety,GuardOpen,medium,45,43,15,Bravo,Engineer
E101372,2025-01-13 08:53:00,MX-202,Line-C,morning,Warning,EnergySpike,low,1,0,0,Alpha,Operator
E101339,2025-01-13 09:09:00,MX-101,Line-A,morning,Warning,PressureTrend,high,5,0,0,Bravo,Engineer
E101312,2025-01-13 09:55:00,MX-103,Line-B,morning,Setup,RecipeChange,low,30,29,18,Alpha,Operator
E101297,2025-01-13 09:58:00,MX-202,Line-C,morning,Safety,GuardOpen,high,14,11,8,Alpha,Supervisor
E101376,2025-01-13 10:21:00,MX-102,Line-A,morning,Warning,VibrationTrend,low,27,0,0,Charlie,Technician
E101364,2025-01-13 10:28:00,MX-103,Line-B,morning,Setup,ToolChange,low,31,25,18,Charlie,AutoReset
E101360,2025-01-13 10:47:00,MX-102,Line-A,morning,Warning,VibrationTrend,low,9,0,0,Delta,AutoReset
E101315,2025-01-13 11:06:00,MX-201,Line-C,morning,Alarm,HighVibration,low,71,63,124,Delta,Engineer
E101353,2025-01-13 11:17:00,MX-202,Line-C,morning,Warning,TempTrend,low,3,0,0,Bravo,Technician
E101314,2025-01-13 11:42:00,MX-201,Line-C,morning,Alarm,HighVibration,high,34,23,26,Alpha,Engineer
E101374,2025-01-13 11:43:00,MX-101,Line-A,morning,Alarm,SensorFailure,medium,21,16,29,Charlie,Engineer
E101377,2025-01-13 11:47:00,MX-103,Line-B,morning,Quality,MaterialMismatch,medium,5,0,27,Alpha,Supervisor
E101278,2025-01-13 11:53:00,MX-103,Line-B,morning,Quality,VisionReject,medium,14,1,61,Alpha,Technician
E101347,2025-01-13 11:54:00,MX-201,Line-C,morning,Setup,FixtureAdjustment,low,37,27,10,Alpha,Technician
E101349,2025-01-13 11:58:00,MX-201,Line-C,morning,Alarm,HighVibration,medium,19,11,15,Delta,Engineer
E101298,2025-01-13 12:01:00,MX-101,Line-A,morning,Quality,SurfaceDefect,low,4,1,27,Bravo,Technician
E101341,2025-01-13 12:09:00,MX-201,Line-C,morning,Setup,ToolChange,low,28,26,9,Charlie,Technician
E101281,2025-01-13 12:11:00,MX-101,Line-A,morning,Warning,PressureTrend,low,1,0,0,Bravo,Technician
E101280,2025-01-13 12:11:00,MX-102,Line-A,morning,Warning,TempTrend,low,13,0,0,Delta,Engineer
E101356,2025-01-13 12:14:00,MX-101,Line-A,morning,Setup,RecipeChange,medium,32,28,29,Charlie,Technician
E101343,2025-01-13 12:19:00,MX-102,Line-A,morning,Quality,VisionReject,low,12,3,50,Alpha,Technician
E101327,2025-01-13 12:40:00,MX-202,Line-C,morning,Safety,GuardOpen,critical,10,5,1,Bravo,Technician
E101282,2025-01-13 12:49:00,MX-201,Line-C,morning,Setup,ToolChange,low,24,23,19,Alpha,Technician
E101342,2025-01-13 13:10:00,MX-102,Line-A,morning,Quality,SurfaceDefect,low,11,3,63,Delta,Operator
E101309,2025-01-13 13:51:00,MX-201,Line-C,morning,Alarm,Overheat,critical,27,12,19,Alpha,Operator
E101336,2025-01-13 13:59:00,MX-102,Line-A,morning,Quality,MaterialMismatch,high,7,2,26,Bravo,Technician
E101295,2025-01-13 14:01:00,MX-102,Line-A,evening,Maintenance,Calibration,medium,70,52,35,Delta,Engineer
E101303,2025-01-13 14:09:00,MX-102,Line-A,evening,Safety,GuardOpen,critical,18,16,20,Delta,Technician
E101352,2025-01-13 14:49:00,MX-202,Line-C,evening,Quality,SurfaceDefect,medium,12,2,63,Charlie,Engineer
E101371,2025-01-13 15:30:00,MX-103,Line-B,evening,Alarm,HighVibration,high,16,10,11,Charlie,Engineer
E101331,2025-01-13 15:36:00,MX-201,Line-C,evening,Maintenance,BearingReplacement,high,47,23,22,Charlie,Supervisor
E101287,2025-01-13 15:45:00,MX-101,Line-A,evening,Maintenance,BearingReplacement,low,86,43,17,Alpha,Technician
E101332,2025-01-13 15:51:00,MX-201,Line-C,evening,Alarm,SensorFailure,critical,80,68,55,Charlie,Technician
E101306,2025-01-13 16:04:00,MX-103,Line-B,evening,Maintenance,Calibration,medium,17,4,1,Charlie,Supervisor
E101330,2025-01-13 16:21:00,MX-102,Line-A,evening,Alarm,HighVibration,medium,24,19,23,Alpha,Technician
E101318,2025-01-13 16:34:00,MX-202,Line-C,evening,Warning,VibrationTrend,low,11,1,0,Charlie,Technician
E101363,2025-01-13 16:39:00,MX-101,Line-A,evening,Quality,SurfaceDefect,medium,33,9,150,Delta,Engineer
E101279,2025-01-13 16:48:00,MX-102,Line-A,evening,Maintenance,Lubrication,low,24,15,13,Delta,Operator
E101323,2025-01-13 17:03:00,MX-201,Line-C,evening,Alarm,MotorOverload,high,47,43,63,Bravo,AutoReset
E101319,2025-01-13 17:04:00,MX-202,Line-C,evening,Warning,VibrationTrend,low,14,1,0,Bravo,Technician
E101288,2025-01-13 17:12:00,MX-103,Line-B,evening,Warning,VibrationTrend,medium,21,2,1,Alpha,Engineer
E101296,2025-01-13 17:24:00,MX-103,Line-B,evening,Quality,SurfaceDefect,low,44,10,281,Bravo,Engineer
E101316,2025-01-13 17:25:00,MX-202,Line-C,evening,Setup,FixtureAdjustment,low,59,47,33,Charlie,Engineer
E101291,2025-01-13 17:26:00,MX-103,Line-B,evening,Setup,ToolChange,medium,68,64,48,Delta,Technician
E101307,2025-01-13 17:31:00,MX-101,Line-A,evening,Maintenance,Calibration,medium,48,34,20,Alpha,Engineer
E101284,2025-01-13 18:00:00,MX-101,Line-A,evening,Setup,ToolChange,low,24,18,16,Delta,Technician
E101359,2025-01-13 18:09:00,MX-102,Line-A,evening,Alarm,Overheat,critical,82,81,111,Delta,Engineer
E101350,2025-01-13 18:33:00,MX-201,Line-C,evening,Quality,SurfaceDefect,high,42,4,240,Delta,Technician
E101370,2025-01-13 18:40:00,MX-103,Line-B,evening,Warning,PressureTrend,low,18,2,1,Alpha,Engineer
E101362,2025-01-13 18:54:00,MX-102,Line-A,evening,Maintenance,Calibration,low,81,48,28,Bravo,Technician
E101283,2025-01-13 19:54:00,MX-101,Line-A,evening,Warning,TempTrend,low,4,0,0,Alpha,AutoReset
E101320,2025-01-13 19:58:00,MX-101,Line-A,evening,Warning,VibrationTrend,low,1,0,0,Bravo,Operator
E101311,2025-01-13 20:01:00,MX-102,Line-A,evening,Setup,ToolChange,low,69,58,17,Bravo,Supervisor
E101357,2025-01-13 20:07:00,MX-102,Line-A,evening,Warning,TempTrend,low,4,0,0,Delta,Technician
E101365,2025-01-13 20:57:00,MX-202,Line-C,evening,Setup,ToolChange,low,85,75,38,Delta,Operator
E101308,2025-01-13 20:57:00,MX-103,Line-B,evening,Alarm,PressureDrop,high,17,9,11,Delta,Supervisor
E101338,2025-01-13 21:13:00,MX-103,Line-B,evening,Alarm,Overheat,medium,50,40,69,Delta,AutoReset
E101333,2025-01-13 21:30:00,MX-103,Line-B,evening,Quality,VisionReject,high,19,3,102,Alpha,Engineer
E101294,2025-01-13 21:31:00,MX-101,Line-A,evening,Maintenance,BearingReplacement,medium,26,20,6,Alpha,Engineer
E101348,2025-01-13 21:32:00,MX-101,Line-A,evening,Alarm,PressureDrop,high,47,23,49,Bravo,Technician
E101313,2025-01-13 21:35:00,MX-201,Line-C,evening,Setup,FixtureAdjustment,low,46,37,21,Bravo,AutoReset
E101328,2025-01-13 22:03:00,MX-201,Line-C,night,Warning,TempTrend,medium,1,0,0,Bravo,Supervisor
E101299,2025-01-13 22:28:00,MX-201,Line-C,night,Setup,FixtureAdjustment,low,27,23,7,Alpha,Engineer
E101329,2025-01-13 22:37:00,MX-202,Line-C,night,Maintenance,Lubrication,medium,49,18,15,Bravo,AutoReset
E101285,2025-01-13 22:46:00,MX-101,Line-A,night,Quality,MaterialMismatch,medium,23,3,105,Bravo,Technician
E101304,2025-01-13 22:51:00,MX-103,Line-B,night,Maintenance,BearingReplacement,low,26,12,10,Delta,Supervisor
E101326,2025-01-13 23:04:00,MX-103,Line-B,night,Setup,FixtureAdjustment,medium,34,28,6,Alpha,AutoReset
E101368,2025-01-13 23:17:00,MX-102,Line-A,night,Setup,FixtureAdjustment,low,25,22,23,Delta,Operator
E101337,2025-01-13 23:28:00,MX-102,Line-A,night,Setup,FixtureAdjustment,medium,55,39,28,Alpha,Operator
E101373,2025-01-13 23:41:00,MX-201,Line-C,night,Warning,EnergySpike,low,1,0,0,Bravo,Operator
E101301,2025-01-13 23:46:00,MX-101,Line-A,night,Alarm,MotorOverload,medium,39,38,26,Charlie,Engineer
E101489,2025-01-14 00:02:00,MX-101,Line-A,night,Safety,EStop,medium,32,28,33,Charlie,Operator
E101415,2025-01-14 00:50:00,MX-201,Line-C,night,Maintenance,Calibration,low,56,16,4,Delta,Engineer
E101418,2025-01-14 01:27:00,MX-202,Line-C,night,Quality,SurfaceDefect,low,5,0,10,Alpha,Engineer
E101439,2025-01-14 01:34:00,MX-103,Line-B,night,Warning,EnergySpike,medium,7,0,0,Charlie,Operator
E101486,2025-01-14 01:34:00,MX-102,Line-A,night,Alarm,MotorOverload,high,24,20,41,Bravo,Engineer
E101491,2025-01-14 02:00:00,MX-201,Line-C,night,Warning,EnergySpike,low,11,1,0,Delta,Technician
E101472,2025-01-14 02:07:00,MX-103,Line-B,night,Warning,TempTrend,low,40,2,0,Alpha,Operator
E101400,2025-01-14 02:12:00,MX-202,Line-C,night,Alarm,HighVibration,low,99,83,122,Delta,Operator
E101385,2025-01-14 02:38:00,MX-101,Line-A,night,Setup,RecipeChange,low,38,30,22,Charlie,Engineer
E101398,2025-01-14 02:48:00,MX-102,Line-A,night,Quality,DimensionDrift,high,7,1,31,Alpha,Technician
E101390,2025-01-14 02:52:00,MX-103,Line-B,night,Maintenance,Lubrication,low,30,13,11,Delta,Engineer
E101451,2025-01-14 02:57:00,MX-103,Line-B,night,Quality,MaterialMismatch,medium,5,1,18,Alpha,Technician
E101438,2025-01-14 03:29:00,MX-101,Line-A,night,Setup,RecipeChange,medium,91,78,30,Alpha,Supervisor
E101406,2025-01-14 03:30:00,MX-101,Line-A,night,Setup,FixtureAdjustment,low,32,25,27,Charlie,AutoReset
E101448,2025-01-14 03:48:00,MX-101,Line-A,night,Alarm,SensorFailure,low,39,29,29,Charlie,Supervisor
E101399,2025-01-14 03:58:00,MX-201,Line-C,night,Alarm,HighVibration,low,65,61,84,Bravo,Technician
E101465,2025-01-14 03:59:00,MX-202,Line-C,night,Warning,PressureTrend,high,8,0,0,Alpha,Operator
E101487,2025-01-14 04:00:00,MX-201,Line-C,night,Setup,FixtureAdjustment,low,40,38,32,Bravo,Supervisor
E101462,2025-01-14 04:06:00,MX-201,Line-C,night,Safety,AreaBreach,medium,20,12,14,Charlie,Engineer
E101421,2025-01-14 04:07:00,MX-103,Line-B,night,Quality,MaterialMismatch,medium,18,1,104,Bravo,Engineer
E101443,2025-01-14 04:18:00,MX-101,Line-A,night,Maintenance,Calibration,medium,115,58,49,Alpha,Technician
E101485,2025-01-14 04:25:00,MX-101,Line-A,night,Setup,FixtureAdjustment,low,56,48,11,Charlie,Technician
E101447,2025-01-14 04:30:00,MX-101,Line-A,night,Alarm,MotorOverload,high,12,9,7,Alpha,Technician
E101431,2025-01-14 04:35:00,MX-102,Line-A,night,Alarm,PressureDrop,high,118,95,145,Charlie,Operator
E101474,2025-01-14 04:46:00,MX-101,Line-A,night,Warning,TempTrend,low,12,0,0,Charlie,Supervisor
E101484,2025-01-14 05:04:00,MX-101,Line-A,night,Setup,ToolChange,medium,33,26,12,Charlie,Supervisor
E101469,2025-01-14 05:21:00,MX-201,Line-C,night,Safety,GuardOpen,medium,26,15,17,Delta,AutoReset
E101394,2025-01-14 05:21:00,MX-101,Line-A,night,Alarm,PressureDrop,low,5,4,4,Delta,AutoReset
E101437,2025-01-14 05:25:00,MX-201,Line-C,night,Maintenance,BearingReplacement,low,86,30,21,Alpha,Operator
E101476,2025-01-14 05:46:00,MX-102,Line-A,night,Maintenance,Inspection,high,120,54,46,Delta,Operator
E101423,2025-01-14 06:00:00,MX-102,Line-A,morning,Setup,FixtureAdjustment,medium,15,14,8,Charlie,Operator
E101405,2025-01-14 06:05:00,MX-103,Line-B,morning,Warning,VibrationTrend,medium,15,1,0,Charlie,Technician
E101412,2025-01-14 06:07:00,MX-202,Line-C,morning,Quality,MaterialMismatch,medium,21,1,73,Charlie,Supervisor
E101433,2025-01-14 06:16:00,MX-102,Line-A,morning,Warning,EnergySpike,low,8,0,0,Bravo,Supervisor
E101410,2025-01-14 06:22:00,MX-103,Line-B,morning,Warning,TempTrend,low,4,0,0,Bravo,Engineer
E101446,2025-01-14 06:30:00,MX-202,Line-C,morning,Warning,EnergySpike,high,2,0,0,Charlie,Technician
E101454,2025-01-14 06:35:00,MX-201,Line-C,morning,Warning,PressureTrend,medium,18,2,1,Charlie,Supervisor
E101468,2025-01-14 06:56:00,MX-101,Line-A,morning,Warning,VibrationTrend,low,1,0,0,Charlie,Engineer
E101381,2025-01-14 07:09:00,MX-202,Line-C,morning,Maintenance,Calibration,low,57,25,19,Alpha,Engineer
E101442,2025-01-14 07:10:00,MX-103,Line-B,morning,Maintenance,BearingReplacement,low,67,33,19,Delta,AutoReset
E101483,2025-01-14 07:33:00,MX-202,Line-C,morning,Safety,GuardOpen,high,53,32,46,Bravo,AutoReset
E101467,2025-01-14 07:58:00,MX-101,Line-A,morning,Alarm,PressureDrop,high,46,28,41,Alpha,AutoReset
E101416,2025-01-14 08:09:00,MX-102,Line-A,morning,Maintenance,Inspection,low,79,29,19,Delta,Supervisor
E101391,2025-01-14 08:20:00,MX-102,Line-A,morning,Alarm,MotorOverload,medium,41,21,30,Bravo,Technician
E101414,2025-01-14 08:24:00,MX-103,Line-B,morning,Maintenance,Inspection,medium,31,19,3,Delta,AutoReset
E101492,2025-01-14 08:29:00,MX-101,Line-A,morning,Quality,DimensionDrift,medium,13,1,59,Bravo,Technician
E101426,2025-01-14 09:00:00,MX-202,Line-C,morning,Quality,MaterialMismatch,low,30,0,186,Delta,Operator
E101452,2025-01-14 09:03:00,MX-102,Line-A,morning,Warning,TempTrend,low,1,0,0,Charlie,Engineer
E101466,2025-01-14 09:26:00,MX-202,Line-C,morning,Setup,ToolChange,low,32,29,27,Alpha,AutoReset
E101429,2025-01-14 09:31:00,MX-102,Line-A,morning,Setup,RecipeChange,low,24,19,17,Alpha,Operator
E101419,2025-01-14 09:44:00,MX-102,Line-A,morning,Alarm,MotorOverload,medium,29,15,18,Bravo,Technician
E101427,2025-01-14 09:44:00,MX-201,Line-C,morning,Alarm,MotorOverload,critical,50,27,48,Delta,Engineer
E101456,2025-01-14 10:07:00,MX-202,Line-C,morning,Alarm,PressureDrop,medium,28,27,28,Charlie,Technician
E101397,2025-01-14 10:31:00,MX-201,Line-C,morning,Maintenance,Lubrication,low,41,20,15,Delta,AutoReset
E101441,2025-01-14 11:00:00,MX-202,Line-C,morning,Alarm,MotorOverload,high,36,29,55,Alpha,Operator
E101396,2025-01-14 11:06:00,MX-101,Line-A,morning,Warning,EnergySpike,low,1,0,0,Bravo,Supervisor
E101464,2025-01-14 11:06:00,MX-202,Line-C,morning,Safety,EStop,high,10,9,6,Charlie,Operator
E101404,2025-01-14 11:14:00,MX-102,Line-A,morning,Alarm,PressureDrop,low,15,8,6,Charlie,Supervisor
E101393,2025-01-14 11:38:00,MX-101,Line-A,morning,Alarm,PressureDrop,high,35,34,56,Bravo,Operator
E101490,2025-01-14 11:55:00,MX-103,Line-B,morning,Warning,VibrationTrend,high,11,1,0,Alpha,AutoReset
E101435,2025-01-14 12:04:00,MX-201,Line-C,morning,Setup,RecipeChange,low,40,33,14,Charlie,Technician
E101402,2025-01-14 12:13:00,MX-201,Line-C,morning,Alarm,Overheat,high,10,8,13,Delta,AutoReset
E101395,2025-01-14 12:33:00,MX-201,Line-C,morning,Maintenance,FilterChange,low,71,32,7,Bravo,Supervisor
E101460,2025-01-14 13:10:00,MX-102,Line-A,morning,Maintenance,Calibration,medium,42,15,6,Bravo,Technician
E101430,2025-01-14 13:19:00,MX-201,Line-C,morning,Warning,EnergySpike,low,5,0,0,Delta,Operator
E101411,2025-01-14 13:20:00,MX-102,Line-A,morning,Quality,MaterialMismatch,high,12,2,52,Bravo,Technician
E101420,2025-01-14 13:22:00,MX-201,Line-C,morning,Alarm,Overheat,critical,60,46,33,Alpha,Operator
E101436,2025-01-14 13:23:00,MX-101,Line-A,morning,Maintenance,Lubrication,medium,83,29,7,Charlie,Operator
E101440,2025-01-14 13:50:00,MX-201,Line-C,morning,Maintenance,Calibration,low,19,8,2,Alpha,Engineer
E101389,2025-01-14 13:57:00,MX-101,Line-A,morning,Safety,EStop,high,25,16,14,Charlie,Supervisor
E101383,2025-01-14 14:01:00,MX-102,Line-A,evening,Alarm,SensorFailure,high,35,18,38,Bravo,AutoReset
E101445,2025-01-14 14:25:00,MX-201,Line-C,evening,Setup,FixtureAdjustment,low,17,12,7,Delta,Operator
E101424,2025-01-14 14:26:00,MX-101,Line-A,evening,Maintenance,FilterChange,high,118,49,28,Bravo,Operator
E101479,2025-01-14 14:47:00,MX-101,Line-A,evening,Warning,VibrationTrend,low,15,1,0,Bravo,Technician
E101463,2025-01-14 15:04:00,MX-101,Line-A,evening,Setup,ToolChange,medium,25,23,20,Delta,AutoReset
E101384,2025-01-14 15:23:00,MX-103,Line-B,evening,Safety,GuardOpen,high,44,27,27,Charlie,Engineer
E101455,2025-01-14 15:51:00,MX-102,Line-A,evening,Alarm,SensorFailure,high,8,4,7,Delta,Technician
E101457,2025-01-14 15:52:00,MX-202,Line-C,evening,Warning,VibrationTrend,medium,9,0,0,Alpha,Technician
E101478,2025-01-14 15:53:00,MX-201,Line-C,evening,Alarm,Overheat,high,21,17,29,Alpha,Technician
E101425,2025-01-14 16:45:00,MX-101,Line-A,evening,Alarm,HighVibration,low,154,97,145,Charlie,AutoReset
E101444,2025-01-14 16:49:00,MX-202,Line-C,evening,Warning,TempTrend,low,12,1,0,Alpha,Technician
E101458,2025-01-14 16:52:00,MX-102,Line-A,evening,Maintenance,Lubrication,medium,100,71,65,Charlie,Operator
E101480,2025-01-14 17:05:00,MX-103,Line-B,evening,Setup,RecipeChange,medium,83,82,63,Alpha,AutoReset
E101432,2025-01-14 17:10:00,MX-103,Line-B,evening,Warning,VibrationTrend,low,6,0,0,Delta,Operator
E101488,2025-01-14 17:27:00,MX-101,Line-A,evening,Setup,RecipeChange,low,48,43,19,Delta,Engineer
E101388,2025-01-14 17:39:00,MX-103,Line-B,evening,Alarm,SensorFailure,high,79,51,56,Bravo,Engineer
E101493,2025-01-14 17:46:00,MX-201,Line-C,evening,Alarm,PressureDrop,high,26,18,19,Charlie,AutoReset
E101450,2025-01-14 17:58:00,MX-101,Line-A,evening,Quality,SurfaceDefect,high,43,3,294,Charlie,Technician
E101408,2025-01-14 17:58:00,MX-201,Line-C,evening,Warning,TempTrend,low,6,0,0,Bravo,Technician
E101449,2025-01-14 17:58:00,MX-103,Line-B,evening,Warning,VibrationTrend,medium,1,0,0,Delta,Supervisor
E101477,2025-01-14 18:23:00,MX-201,Line-C,evening,Alarm,PressureDrop,high,13,12,19,Alpha,Technician
E101422,2025-01-14 18:31:00,MX-102,Line-A,evening,Maintenance,Calibration,medium,32,20,7,Charlie,Engineer
E101482,2025-01-14 18:42:00,MX-101,Line-A,evening,Maintenance,Lubrication,medium,28,18,17,Alpha,AutoReset
E101470,2025-01-14 18:52:00,MX-103,Line-B,evening,Maintenance,Inspection,medium,79,19,12,Charlie,Operator
E101494,2025-01-14 19:07:00,MX-102,Line-A,evening,Setup,RecipeChange,medium,27,22,20,Alpha,AutoReset
E101475,2025-01-14 19:10:00,MX-101,Line-A,evening,Warning,TempTrend,medium,30,2,0,Alpha,Engineer
E101382,2025-01-14 19:22:00,MX-102,Line-A,evening,Quality,MaterialMismatch,medium,21,5,124,Alpha,Engineer
E101386,2025-01-14 19:33:00,MX-202,Line-C,evening,Setup,RecipeChange,low,10,8,2,Bravo,Engineer
E101392,2025-01-14 19:42:00,MX-201,Line-C,evening,Quality,VisionReject,low,18,4,83,Delta,AutoReset
E101428,2025-01-14 19:48:00,MX-102,Line-A,evening,Setup,RecipeChange,low,66,54,27,Alpha,Supervisor
E101417,2025-01-14 19:53:00,MX-202,Line-C,evening,Warning,PressureTrend,low,1,0,0,Alpha,Engineer
E101459,2025-01-14 19:56:00,MX-101,Line-A,evening,Alarm,MotorOverload,high,13,5,4,Delta,Supervisor
E101471,2025-01-14 20:55:00,MX-102,Line-A,evening,Maintenance,Lubrication,medium,81,23,18,Charlie,Operator
E101434,2025-01-14 20:57:00,MX-202,Line-C,evening,Quality,VisionReject,high,41,6,240,Delta,AutoReset
E101380,2025-01-14 21:08:00,MX-102,Line-A,evening,Quality,VisionReject,medium,12,1,52,Alpha,Supervisor
E101461,2025-01-14 21:25:00,MX-103,Line-B,evening,Maintenance,Lubrication,medium,42,30,25,Alpha,AutoReset
E101473,2025-01-14 21:32:00,MX-202,Line-C,evening,Alarm,MotorOverload,medium,26,22,24,Alpha,Engineer
E101401,2025-01-14 21:40:00,MX-102,Line-A,evening,Quality,MaterialMismatch,medium,46,3,187,Bravo,Supervisor
E101481,2025-01-14 22:52:00,MX-101,Line-A,night,Maintenance,Lubrication,high,37,29,9,Charlie,Technician
E101387,2025-01-14 22:54:00,MX-101,Line-A,night,Warning,EnergySpike,low,27,2,1,Charlie,Engineer
E101413,2025-01-14 22:58:00,MX-201,Line-C,night,Maintenance,Lubrication,medium,103,59,19,Delta,Operator
E101409,2025-01-14 23:04:00,MX-201,Line-C,night,Maintenance,FilterChange,medium,60,28,5,Delta,Technician
E101407,2025-01-14 23:40:00,MX-202,Line-C,night,Warning,EnergySpike,low,3,0,0,Delta,Technician
E101453,2025-01-14 23:50:00,MX-102,Line-A,night,Maintenance,Lubrication,medium,135,68,36,Charlie,Engineer
E101403,2025-01-14 23:59:00,MX-103,Line-B,night,Alarm,SensorFailure,medium,54,52,91,Bravo,Supervisor
E101567,2025-01-15 00:12:00,MX-102,Line-A,night,Quality,MaterialMismatch,medium,7,1,44,Bravo,Supervisor
E101615,2025-01-15 00:17:00,MX-201,Line-C,night,Alarm,HighVibration,critical,64,34,31,Alpha,AutoReset
E101526,2025-01-15 00:20:00,MX-102,Line-A,night,Warning,PressureTrend,low,4,0,0,Charlie,Operator
E101580,2025-01-15 00:51:00,MX-103,Line-B,night,Maintenance,Inspection,medium,73,41,8,Alpha,Technician
E101555,2025-01-15 01:16:00,MX-102,Line-A,night,Setup,RecipeChange,medium,49,44,20,Charlie,Engineer
E101620,2025-01-15 01:20:00,MX-103,Line-B,night,Setup,RecipeChange,low,9,8,6,Alpha,Operator
E101569,2025-01-15 01:24:00,MX-103,Line-B,night,Warning,TempTrend,low,2,0,0,Delta,Technician
E101537,2025-01-15 01:35:00,MX-101,Line-A,night,Maintenance,BearingReplacement,low,120,93,46,Alpha,Supervisor
E101528,2025-01-15 01:41:00,MX-101,Line-A,night,Quality,DimensionDrift,high,8,2,36,Bravo,Technician
E101571,2025-01-15 01:51:00,MX-101,Line-A,night,Safety,AreaBreach,medium,14,10,6,Charlie,Supervisor
E101558,2025-01-15 01:52:00,MX-102,Line-A,night,Warning,EnergySpike,low,24,3,1,Alpha,Operator
E101520,2025-01-15 02:08:00,MX-101,Line-A,night,Alarm,Overheat,medium,46,41,37,Bravo,Technician
E101601,2025-01-15 02:11:00,MX-202,Line-C,night,Alarm,Overheat,high,79,44,63,Alpha,Operator
E101585,2025-01-15 02:15:00,MX-101,Line-A,night,Setup,FixtureAdjustment,low,28,27,8,Delta,Technician
E101616,2025-01-15 02:33:00,MX-202,Line-C,night,Alarm,HighVibration,critical,12,7,8,Delta,AutoReset
E101548,2025-01-15 02:35:00,MX-101,Line-A,night,Setup,ToolChange,medium,42,41,19,Alpha,Technician
E101598,2025-01-15 02:57:00,MX-101,Line-A,night,Warning,TempTrend,low,11,0,0,Delta,Operator
E101583,2025-01-15 03:01:00,MX-201,Line-C,night,Quality,MaterialMismatch,low,10,1,60,Charlie,Engineer
E101499,2025-01-15 03:06:00,MX-202,Line-C,night,Warning,PressureTrend,medium,6,0,0,Bravo,AutoReset
E101530,2025-01-15 03:12:00,MX-102,Line-A,night,Maintenance,FilterChange,medium,14,3,2,Alpha,AutoReset
E101600,2025-01-15 03:13:00,MX-202,Line-C,night,Warning,EnergySpike,low,7,1,0,Delta,Technician
E101513,2025-01-15 03:13:00,MX-103,Line-B,night,Alarm,Overheat,high,19,15,20,Delta,AutoReset
E101612,2025-01-15 03:25:00,MX-102,Line-A,night,Setup,ToolChange,low,33,32,32,Delta,Engineer
E101625,2025-01-15 03:48:00,MX-202,Line-C,night,Warning,PressureTrend,low,1,0,0,Charlie,Technician
E101565,2025-01-15 04:02:00,MX-101,Line-A,night,Warning,EnergySpike,medium,1,0,0,Delta,Operator
E101508,2025-01-15 04:09:00,MX-103,Line-B,night,Maintenance,Calibration,high,71,24,6,Delta,Supervisor
E101578,2025-01-15 04:29:00,MX-202,Line-C,night,Warning,TempTrend,medium,30,2,0,Delta,Supervisor
E101594,2025-01-15 04:43:00,MX-202,Line-C,night,Quality,VisionReject,high,20,4,86,Charlie,Supervisor
E101586,2025-01-15 05:12:00,MX-101,Line-A,night,Alarm,HighVibration,high,73,44,87,Bravo,Technician
E101540,2025-01-15 05:24:00,MX-202,Line-C,night,Maintenance,BearingReplacement,medium,53,19,17,Delta,AutoReset
E101619,2025-01-15 05:29:00,MX-201,Line-C,night,Safety,DoorInterlock,medium,17,10,12,Alpha,AutoReset
E101517,2025-01-15 05:36:00,MX-101,Line-A,night,Warning,VibrationTrend,low,5,0,0,Alpha,Technician
E101495,2025-01-15 05:38:00,MX-102,Line-A,night,Warning,EnergySpike,low,8,1,0,Bravo,Operator
E101605,2025-01-15 05:51:00,MX-102,Line-A,night,Alarm,MotorOverload,critical,35,28,60,Alpha,Supervisor
E101632,2025-01-15 06:07:00,MX-102,Line-A,morning,Setup,FixtureAdjustment,low,12,9,7,Delta,AutoReset
E101588,2025-01-15 06:25:00,MX-103,Line-B,morning,Maintenance,FilterChange,low,54,36,24,Alpha,Operator
E101629,2025-01-15 06:25:00,MX-101,Line-A,morning,Maintenance,Calibration,low,106,30,15,Bravo,Operator
E101531,2025-01-15 06:33:00,MX-201,Line-C,morning,Maintenance,Inspection,medium,80,46,33,Bravo,Engineer
E101556,2025-01-15 06:49:00,MX-201,Line-C,morning,Warning,VibrationTrend,low,3,0,0,Bravo,Technician
E101582,2025-01-15 07:00:00,MX-101,Line-A,morning,Quality,DimensionDrift,medium,29,1,185,Bravo,Operator
E101504,2025-01-15 07:07:00,MX-101,Line-A,morning,Alarm,Overheat,medium,13,12,18,Delta,AutoReset
E101587,2025-01-15 07:23:00,MX-103,Line-B,morning,Warning,TempTrend,medium,17,2,0,Bravo,Technician
E101496,2025-01-15 07:27:00,MX-101,Line-A,morning,Warning,TempTrend,medium,5,0,0,Delta,AutoReset
E101584,2025-01-15 07:51:00,MX-102,Line-A,morning,Quality,DimensionDrift,high,7,1,30,Charlie,Technician
E101510,2025-01-15 08:10:00,MX-103,Line-B,morning,Warning,VibrationTrend,medium,16,2,0,Bravo,Engineer
E101590,2025-01-15 08:35:00,MX-103,Line-B,morning,Warning,PressureTrend,low,46,0,0,Bravo,Engineer
E101606,2025-01-15 08:58:00,MX-201,Line-C,morning,Maintenance,Lubrication,medium,40,27,20,Bravo,Technician
E101562,2025-01-15 09:08:00,MX-201,Line-C,morning,Maintenance,Lubrication,high,82,26,21,Alpha,Engineer
E101546,2025-01-15 09:17:00,MX-202,Line-C,morning,Alarm,SensorFailure,medium,33,15,10,Alpha,Technician
E101573,2025-01-15 09:36:00,MX-202,Line-C,morning,Quality,SurfaceDefect,medium,29,1,186,Alpha,Supervisor
E101591,2025-01-15 09:41:00,MX-201,Line-C,morning,Setup,ToolChange,low,100,90,53,Bravo,AutoReset
E101627,2025-01-15 09:52:00,MX-101,Line-A,morning,Quality,SurfaceDefect,low,25,4,145,Alpha,Operator
E101515,2025-01-15 10:09:00,MX-202,Line-C,morning,Setup,RecipeChange,medium,35,32,14,Delta,Operator
E101544,2025-01-15 10:37:00,MX-202,Line-C,morning,Maintenance,Calibration,medium,87,60,51,Delta,AutoReset
E101630,2025-01-15 10:38:00,MX-102,Line-A,morning,Warning,TempTrend,low,11,0,0,Charlie,Engineer
E101597,2025-01-15 10:45:00,MX-103,Line-B,morning,Quality,VisionReject,medium,9,1,58,Charlie,Technician
E101589,2025-01-15 10:45:00,MX-201,Line-C,morning,Setup,FixtureAdjustment,low,28,21,19,Delta,Operator
E101609,2025-01-15 10:47:00,MX-103,Line-B,morning,Warning,PressureTrend,medium,12,0,0,Bravo,Supervisor
E101503,2025-01-15 10:53:00,MX-101,Line-A,morning,Alarm,Overheat,low,38,19,21,Delta,Operator
E101551,2025-01-15 11:01:00,MX-102,Line-A,morning,Maintenance,Calibration,medium,32,24,9,Delta,Technician
E101539,2025-01-15 11:04:00,MX-103,Line-B,morning,Alarm,SensorFailure,high,40,26,48,Alpha,Operator
E101610,2025-01-15 11:21:00,MX-201,Line-C,morning,Setup,RecipeChange,low,8,6,4,Charlie,Operator
E101572,2025-01-15 11:22:00,MX-201,Line-C,morning,Alarm,HighVibration,high,31,21,42,Charlie,Engineer
E101602,2025-01-15 11:24:00,MX-102,Line-A,morning,Setup,ToolChange,low,23,18,8,Delta,AutoReset
E101563,2025-01-15 11:33:00,MX-102,Line-A,morning,Alarm,MotorOverload,medium,32,23,44,Alpha,Technician
E101505,2025-01-15 11:39:00,MX-103,Line-B,morning,Maintenance,Inspection,low,32,19,16,Alpha,AutoReset
E101622,2025-01-15 12:05:00,MX-101,Line-A,morning,Maintenance,Inspection,low,42,32,22,Bravo,Technician
E101524,2025-01-15 12:24:00,MX-201,Line-C,morning,Alarm,PressureDrop,critical,30,26,19,Delta,Technician
E101618,2025-01-15 12:48:00,MX-201,Line-C,morning,Warning,TempTrend,low,22,2,0,Bravo,Operator
E101574,2025-01-15 12:53:00,MX-202,Line-C,morning,Warning,VibrationTrend,low,2,0,0,Delta,Supervisor
E101549,2025-01-15 13:08:00,MX-201,Line-C,morning,Warning,TempTrend,low,4,0,0,Delta,AutoReset
E101577,2025-01-15 13:21:00,MX-101,Line-A,morning,Quality,MaterialMismatch,medium,4,0,17,Bravo,Supervisor
E101522,2025-01-15 13:34:00,MX-202,Line-C,morning,Alarm,PressureDrop,high,26,18,20,Delta,Engineer
E101518,2025-01-15 13:56:00,MX-102,Line-A,morning,Warning,PressureTrend,low,10,0,0,Delta,Operator
E101623,2025-01-15 14:01:00,MX-102,Line-A,evening,Alarm,SensorFailure,medium,37,30,54,Delta,Technician
E101607,2025-01-15 14:50:00,MX-201,Line-C,evening,Quality,SurfaceDefect,high,25,3,164,Charlie,Supervisor
E101575,2025-01-15 14:50:00,MX-103,Line-B,evening,Quality,DimensionDrift,medium,1,0,3,Bravo,Technician
E101547,2025-01-15 14:56:00,MX-201,Line-C,evening,Quality,VisionReject,medium,21,1,94,Delta,Engineer
E101521,2025-01-15 15:03:00,MX-103,Line-B,evening,Warning,EnergySpike,low,9,0,0,Delta,Technician
E101497,2025-01-15 15:10:00,MX-201,Line-C,evening,Warning,PressureTrend,low,8,1,0,Bravo,Technician
E101579,2025-01-15 15:17:00,MX-201,Line-C,evening,Setup,FixtureAdjustment,low,29,25,9,Delta,Technician
E101516,2025-01-15 15:20:00,MX-101,Line-A,evening,Warning,VibrationTrend,low,2,0,0,Bravo,Technician
E101523,2025-01-15 15:43:00,MX-201,Line-C,evening,Maintenance,BearingReplacement,low,62,38,11,Delta,Technician
E101576,2025-01-15 15:47:00,MX-103,Line-B,evening,Quality,DimensionDrift,low,8,1,40,Alpha,Operator
E101608,2025-01-15 15:57:00,MX-101,Line-A,evening,Quality,SurfaceDefect,medium,30,0,131,Delta,Engineer
E101509,2025-01-15 16:03:00,MX-201,Line-C,evening,Quality,SurfaceDefect,medium,6,1,28,Delta,AutoReset
E101525,2025-01-15 16:05:00,MX-201,Line-C,evening,Warning,PressureTrend,low,4,0,0,Bravo,Engineer
E101533,2025-01-15 16:10:00,MX-102,Line-A,evening,Setup,ToolChange,low,24,21,17,Alpha,Technician
E101543,2025-01-15 16:10:00,MX-202,Line-C,evening,Safety,GuardOpen,high,49,47,21,Bravo,Engineer
E101554,2025-01-15 16:19:00,MX-102,Line-A,evening,Warning,EnergySpike,low,7,0,0,Alpha,Engineer
E101560,2025-01-15 16:20:00,MX-201,Line-C,evening,Setup,RecipeChange,low,67,49,35,Bravo,Technician
E101541,2025-01-15 16:23:00,MX-103,Line-B,evening,Alarm,SensorFailure,critical,9,5,6,Alpha,Technician
E101502,2025-01-15 16:26:00,MX-202,Line-C,evening,Warning,VibrationTrend,low,5,0,0,Alpha,Technician
E101550,2025-01-15 16:26:00,MX-102,Line-A,evening,Setup,ToolChange,low,34,25,8,Charlie,Technician
E101561,2025-01-15 16:41:00,MX-102,Line-A,evening,Setup,RecipeChange,medium,73,57,59,Bravo,AutoReset
E101529,2025-01-15 16:47:00,MX-202,Line-C,evening,Alarm,HighVibration,high,24,16,15,Bravo,AutoReset
E101559,2025-01-15 16:48:00,MX-202,Line-C,evening,Alarm,MotorOverload,high,17,16,12,Charlie,Technician
E101613,2025-01-15 16:49:00,MX-202,Line-C,evening,Quality,DimensionDrift,low,6,1,19,Delta,Technician
E101532,2025-01-15 16:57:00,MX-202,Line-C,evening,Setup,FixtureAdjustment,low,17,15,14,Delta,Technician
E101617,2025-01-15 17:19:00,MX-101,Line-A,evening,Setup,RecipeChange,medium,26,19,18,Delta,Engineer
E101512,2025-01-15 17:24:00,MX-202,Line-C,evening,Quality,MaterialMismatch,medium,25,3,61,Charlie,AutoReset
E101553,2025-01-15 17:24:00,MX-201,Line-C,evening,Setup,FixtureAdjustment,low,36,26,14,Delta,AutoReset
E101511,2025-01-15 17:25:00,MX-103,Line-B,evening,Alarm,MotorOverload,low,11,7,13,Bravo,Engineer
E101519,2025-01-15 17:35:00,MX-201,Line-C,evening,Warning,VibrationTrend,low,14,1,0,Bravo,Technician
E101545,2025-01-15 17:39:00,MX-102,Line-A,evening,Alarm,MotorOverload,high,46,23,35,Delta,Engineer
E101536,2025-01-15 18:11:00,MX-103,Line-B,evening,Alarm,SensorFailure,critical,30,27,52,Delta,Technician
E101624,2025-01-15 18:12:00,MX-201,Line-C,evening,Quality,SurfaceDefect,medium,8,0,55,Charlie,Technician
E101568,2025-01-15 18:13:00,MX-202,Line-C,evening,Warning,VibrationTrend,medium,13,1,0,Alpha,Engineer
E101557,2025-01-15 18:24:00,MX-102,Line-A,evening,Alarm,PressureDrop,medium,39,34,32,Charlie,Technician
E101542,2025-01-15 18:29:00,MX-103,Line-B,evening,Maintenance,BearingReplacement,low,47,18,11,Alpha,Operator
E101593,2025-01-15 18:51:00,MX-201,Line-C,evening,Setup,ToolChange,low,27,22,10,Delta,Operator
E101628,2025-01-15 18:54:00,MX-101,Line-A,evening,Setup,ToolChange,low,59,56,40,Bravo,Engineer
E101501,2025-01-15 19:00:00,MX-202,Line-C,evening,Alarm,MotorOverload,critical,40,18,15,Charlie,Technician
E101611,2025-01-15 19:11:00,MX-103,Line-B,evening,Warning,TempTrend,low,9,0,0,Alpha,Operator
E101500,2025-01-15 19:35:00,MX-202,Line-C,evening,Quality,VisionReject,medium,21,6,82,Alpha,Technician
E101507,2025-01-15 19:45:00,MX-102,Line-A,evening,Alarm,HighVibration,low,79,49,73,Delta,Engineer
E101564,2025-01-15 20:07:00,MX-101,Line-A,evening,Alarm,PressureDrop,high,10,8,8,Charlie,AutoReset
E101535,2025-01-15 20:21:00,MX-102,Line-A,evening,Quality,VisionReject,high,14,1,54,Bravo,Operator
E101595,2025-01-15 20:41:00,MX-101,Line-A,evening,Setup,RecipeChange,medium,103,99,38,Charlie,Engineer
E101514,2025-01-15 20:44:00,MX-202,Line-C,evening,Maintenance,Inspection,medium,127,84,65,Alpha,Supervisor
E101603,2025-01-15 21:09:00,MX-103,Line-B,evening,Maintenance,BearingReplacement,low,69,29,5,Bravo,AutoReset
E101604,2025-01-15 21:16:00,MX-101,Line-A,evening,Quality,MaterialMismatch,high,11,3,44,Alpha,Technician
E101581,2025-01-15 21:16:00,MX-201,Line-C,evening,Maintenance,Calibration,low,15,11,10,Charlie,Engineer
E101626,2025-01-15 21:24:00,MX-201,Line-C,evening,Warning,EnergySpike,low,3,0,0,Delta,Engineer
E101570,2025-01-15 21:33:00,MX-101,Line-A,evening,Warning,EnergySpike,low,13,1,0,Alpha,Supervisor
E101506,2025-01-15 21:42:00,MX-202,Line-C,evening,Maintenance,Lubrication,high,20,12,10,Alpha,Technician
E101534,2025-01-15 21:53:00,MX-202,Line-C,evening,Quality,SurfaceDefect,medium,13,3,57,Delta,Technician
E101631,2025-01-15 21:54:00,MX-201,Line-C,evening,Maintenance,BearingReplacement,low,59,42,26,Bravo,Operator
E101538,2025-01-15 22:32:00,MX-103,Line-B,night,Alarm,MotorOverload,low,49,39,57,Alpha,Operator
E101498,2025-01-15 23:01:00,MX-202,Line-C,night,Safety,EStop,high,11,6,5,Alpha,Operator
E101527,2025-01-15 23:06:00,MX-202,Line-C,night,Maintenance,Lubrication,low,47,32,23,Delta,AutoReset
E101552,2025-01-15 23:08:00,MX-102,Line-A,night,Maintenance,Lubrication,low,208,71,37,Alpha,AutoReset
E101599,2025-01-15 23:18:00,MX-103,Line-B,night,Setup,FixtureAdjustment,low,23,21,7,Bravo,Operator
E101566,2025-01-15 23:28:00,MX-201,Line-C,night,Setup,RecipeChange,low,74,65,39,Charlie,Operator
E101614,2025-01-15 23:29:00,MX-202,Line-C,night,Warning,VibrationTrend,medium,2,0,0,Charlie,Technician
E101621,2025-01-15 23:32:00,MX-102,Line-A,night,Maintenance,Inspection,high,54,39,24,Charlie,Operator
E101596,2025-01-15 23:39:00,MX-202,Line-C,night,Quality,SurfaceDefect,low,20,6,54,Delta,Technician
E101592,2025-01-15 23:54:00,MX-101,Line-A,night,Warning,PressureTrend,low,9,1,0,Delta,Engineer
E101694,2025-01-16 00:17:00,MX-201,Line-C,night,Quality,DimensionDrift,medium,24,3,135,Alpha,AutoReset
E101684,2025-01-16 00:27:00,MX-101,Line-A,night,Alarm,HighVibration,high,77,43,38,Alpha,Engineer
E101705,2025-01-16 01:26:00,MX-101,Line-A,night,Quality,VisionReject,medium,36,1,247,Bravo,Operator
E101673,2025-01-16 01:44:00,MX-201,Line-C,night,Quality,SurfaceDefect,medium,4,1,23,Alpha,Technician
E101691,2025-01-16 01:47:00,MX-101,Line-A,night,Warning,TempTrend,low,10,0,0,Delta,Operator
E101746,2025-01-16 01:57:00,MX-102,Line-A,night,Quality,SurfaceDefect,low,14,2,90,Bravo,Engineer
E101717,2025-01-16 02:00:00,MX-202,Line-C,night,Alarm,SensorFailure,high,28,24,45,Bravo,Technician
E101665,2025-01-16 02:07:00,MX-101,Line-A,night,Warning,VibrationTrend,medium,13,1,0,Bravo,AutoReset
E101742,2025-01-16 02:18:00,MX-201,Line-C,night,Warning,VibrationTrend,high,19,2,0,Bravo,Supervisor
E101710,2025-01-16 02:26:00,MX-102,Line-A,night,Warning,TempTrend,low,6,0,0,Bravo,AutoReset
E101752,2025-01-16 02:28:00,MX-201,Line-C,night,Maintenance,FilterChange,low,60,27,17,Bravo,Engineer
E101754,2025-01-16 02:28:00,MX-103,Line-B,night,Quality,VisionReject,medium,26,7,93,Delta,Engineer
E101656,2025-01-16 02:36:00,MX-201,Line-C,night,Maintenance,Inspection,medium,62,48,28,Charlie,Operator
E101669,2025-01-16 02:42:00,MX-201,Line-C,night,Quality,DimensionDrift,low,12,1,81,Charlie,Supervisor
E101703,2025-01-16 03:01:00,MX-101,Line-A,night,Maintenance,Calibration,low,126,40,36,Charlie,Supervisor
E101725,2025-01-16 03:03:00,MX-102,Line-A,night,Maintenance,Lubrication,high,50,35,10,Alpha,Technician
E101733,2025-01-16 03:09:00,MX-103,Line-B,night,Quality,DimensionDrift,medium,18,5,118,Charlie,Technician
E101701,2025-01-16 03:18:00,MX-102,Line-A,night,Alarm,PressureDrop,medium,80,41,81,Delta,Technician
E101678,2025-01-16 03:27:00,MX-201,Line-C,night,Quality,VisionReject,high,11,3,25,Charlie,Technician
E101734,2025-01-16 03:37:00,MX-202,Line-C,night,Maintenance,Calibration,low,25,8,4,Charlie,AutoReset
E101715,2025-01-16 03:41:00,MX-201,Line-C,night,Setup,ToolChange,low,24,18,3,Delta,Technician
E101680,2025-01-16 03:42:00,MX-102,Line-A,night,Warning,VibrationTrend,low,10,0,0,Delta,Technician
E101651,2025-01-16 03:43:00,MX-102,Line-A,night,Warning,PressureTrend,low,5,0,0,Charlie,AutoReset
E101723,2025-01-16 04:03:00,MX-103,Line-B,night,Alarm,MotorOverload,high,80,45,39,Delta,Supervisor
E101704,2025-01-16 04:13:00,MX-101,Line-A,night,Alarm,SensorFailure,high,69,65,98,Bravo,Technician
E101637,2025-01-16 04:32:00,MX-101,Line-A,night,Quality,MaterialMismatch,low,9,2,46,Delta,Technician
E101690,2025-01-16 04:45:00,MX-201,Line-C,night,Warning,TempTrend,high,9,0,0,Delta,Technician
E101643,2025-01-16 04:48:00,MX-101,Line-A,night,Quality,MaterialMismatch,low,16,1,90,Alpha,Technician
E101706,2025-01-16 04:59:00,MX-201,Line-C,night,Quality,SurfaceDefect,medium,12,2,49,Delta,Engineer
E101687,2025-01-16 04:59:00,MX-102,Line-A,night,Alarm,HighVibration,medium,37,34,46,Alpha,Technician
E101652,2025-01-16 05:19:00,MX-101,Line-A,night,Warning,EnergySpike,medium,17,0,0,Delta,Technician
E101639,2025-01-16 05:21:00,MX-201,Line-C,night,Alarm,HighVibration,high,8,5,7,Alpha,Technician
E101738,2025-01-16 05:43:00,MX-101,Line-A,night,Quality,MaterialMismatch,medium,39,10,232,Alpha,Engineer
E101636,2025-01-16 06:03:00,MX-101,Line-A,morning,Maintenance,FilterChange,low,132,50,35,Alpha,Engineer
E101753,2025-01-16 06:07:00,MX-201,Line-C,morning,Warning,TempTrend,low,7,0,0,Bravo,AutoReset
E101757,2025-01-16 06:08:00,MX-102,Line-A,morning,Maintenance,Lubrication,medium,77,48,39,Bravo,AutoReset
E101660,2025-01-16 06:14:00,MX-202,Line-C,morning,Setup,ToolChange,low,35,29,10,Charlie,Supervisor
E101728,2025-01-16 06:20:00,MX-101,Line-A,morning,Quality,DimensionDrift,medium,10,0,59,Bravo,Technician
E101647,2025-01-16 06:21:00,MX-201,Line-C,morning,Warning,EnergySpike,low,13,0,0,Bravo,AutoReset
E101686,2025-01-16 06:39:00,MX-103,Line-B,morning,Quality,MaterialMismatch,medium,15,0,91,Bravo,AutoReset
E101731,2025-01-16 06:44:00,MX-102,Line-A,morning,Maintenance,Lubrication,low,40,13,8,Delta,Operator
E101720,2025-01-16 06:52:00,MX-103,Line-B,morning,Alarm,SensorFailure,medium,31,17,24,Bravo,AutoReset
E101662,2025-01-16 07:43:00,MX-103,Line-B,morning,Warning,PressureTrend,medium,21,2,1,Charlie,Technician
E101751,2025-01-16 07:45:00,MX-103,Line-B,morning,Alarm,PressureDrop,medium,69,54,98,Bravo,Operator
E101645,2025-01-16 07:58:00,MX-101,Line-A,morning,Maintenance,BearingReplacement,low,42,23,13,Delta,AutoReset
E101716,2025-01-16 09:01:00,MX-103,Line-B,morning,Quality,MaterialMismatch,high,19,1,132,Bravo,Operator
E101692,2025-01-16 09:09:00,MX-202,Line-C,morning,Warning,VibrationTrend,low,21,0,0,Alpha,Technician
E101699,2025-01-16 09:16:00,MX-201,Line-C,morning,Maintenance,Calibration,medium,76,21,16,Alpha,Operator
E101744,2025-01-16 09:28:00,MX-202,Line-C,morning,Warning,PressureTrend,low,10,1,0,Delta,AutoReset
E101713,2025-01-16 09:31:00,MX-201,Line-C,morning,Quality,SurfaceDefect,high,10,1,29,Bravo,AutoReset
E101700,2025-01-16 09:36:00,MX-101,Line-A,morning,Maintenance,FilterChange,low,95,51,30,Alpha,AutoReset
E101697,2025-01-16 09:39:00,MX-102,Line-A,morning,Warning,VibrationTrend,low,5,0,0,Charlie,Technician
E101732,2025-01-16 09:59:00,MX-102,Line-A,morning,Warning,TempTrend,medium,7,0,0,Delta,Engineer
E101681,2025-01-16 10:11:00,MX-103,Line-B,morning,Setup,ToolChange,low,37,32,11,Bravo,Technician
E101633,2025-01-16 10:12:00,MX-202,Line-C,morning,Safety,DoorInterlock,critical,100,99,144,Bravo,AutoReset
E101707,2025-01-16 10:12:00,MX-102,Line-A,morning,Alarm,SensorFailure,high,94,59,95,Charlie,Technician
E101666,2025-01-16 10:13:00,MX-101,Line-A,morning,Quality,MaterialMismatch,medium,11,0,44,Bravo,Supervisor
E101724,2025-01-16 10:34:00,MX-103,Line-B,morning,Warning,EnergySpike,low,12,0,0,Bravo,AutoReset
E101650,2025-01-16 10:58:00,MX-103,Line-B,morning,Setup,ToolChange,medium,64,58,31,Bravo,Operator
E101659,2025-01-16 11:05:00,MX-202,Line-C,morning,Maintenance,Inspection,high,119,75,28,Bravo,Engineer
E101719,2025-01-16 11:24:00,MX-101,Line-A,morning,Alarm,Overheat,medium,47,30,41,Delta,Technician
E101672,2025-01-16 11:32:00,MX-102,Line-A,morning,Warning,EnergySpike,medium,1,0,0,Bravo,Engineer
E101727,2025-01-16 11:44:00,MX-202,Line-C,morning,Maintenance,Lubrication,low,7,5,4,Delta,Engineer
E101657,2025-01-16 12:07:00,MX-103,Line-B,morning,Setup,RecipeChange,medium,53,52,20,Charlie,Operator
E101741,2025-01-16 12:26:00,MX-101,Line-A,morning,Warning,VibrationTrend,low,4,0,0,Charlie,Supervisor
E101688,2025-01-16 13:05:00,MX-101,Line-A,morning,Warning,VibrationTrend,medium,3,0,0,Delta,Engineer
E101761,2025-01-16 13:12:00,MX-102,Line-A,morning,Maintenance,FilterChange,medium,38,11,5,Delta,Supervisor
E101740,2025-01-16 13:18:00,MX-201,Line-C,morning,Setup,RecipeChange,low,54,40,12,Bravo,Operator
E101729,2025-01-16 13:39:00,MX-201,Line-C,morning,Alarm,PressureDrop,high,26,18,14,Alpha,Technician
E101762,2025-01-16 13:45:00,MX-102,Line-A,morning,Quality,DimensionDrift,high,9,2,22,Charlie,Technician
E101745,2025-01-16 14:02:00,MX-102,Line-A,evening,Warning,VibrationTrend,low,18,0,0,Alpha,Engineer
E101653,2025-01-16 14:08:00,MX-101,Line-A,evening,Warning,TempTrend,medium,1,0,0,Bravo,Technician
E101635,2025-01-16 14:14:00,MX-101,Line-A,evening,Quality,SurfaceDefect,high,18,1,97,Delta,Technician
E101698,2025-01-16 14:16:00,MX-202,Line-C,evening,Warning,TempTrend,low,1,0,0,Delta,Operator
E101721,2025-01-16 14:24:00,MX-101,Line-A,evening,Setup,FixtureAdjustment,low,10,8,6,Bravo,Operator
E101760,2025-01-16 14:48:00,MX-103,Line-B,evening,Warning,TempTrend,medium,8,0,0,Charlie,AutoReset
E101718,2025-01-16 14:51:00,MX-102,Line-A,evening,Quality,VisionReject,medium,6,1,25,Delta,Engineer
E101646,2025-01-16 14:56:00,MX-101,Line-A,evening,Maintenance,BearingReplacement,medium,175,86,37,Bravo,Engineer
E101708,2025-01-16 15:01:00,MX-201,Line-C,evening,Maintenance,BearingReplacement,low,60,46,42,Alpha,Technician
E101671,2025-01-16 15:07:00,MX-102,Line-A,evening,Alarm,Overheat,high,29,27,43,Alpha,Operator
E101696,2025-01-16 15:17:00,MX-101,Line-A,evening,Quality,MaterialMismatch,medium,7,2,43,Delta,AutoReset
E101670,2025-01-16 15:24:00,MX-103,Line-B,evening,Warning,PressureTrend,low,10,0,0,Delta,Operator
E101638,2025-01-16 15:41:00,MX-101,Line-A,evening,Maintenance,FilterChange,high,106,78,64,Bravo,AutoReset
E101685,2025-01-16 16:07:00,MX-101,Line-A,evening,Maintenance,Inspection,medium,50,31,20,Charlie,Technician
E101712,2025-01-16 16:11:00,MX-103,Line-B,evening,Quality,SurfaceDefect,low,6,0,35,Charlie,AutoReset
E101668,2025-01-16 16:12:00,MX-102,Line-A,evening,Warning,PressureTrend,medium,23,1,0,Alpha,AutoReset
E101735,2025-01-16 16:19:00,MX-102,Line-A,evening,Quality,SurfaceDefect,high,13,2,87,Alpha,AutoReset
E101758,2025-01-16 16:21:00,MX-101,Line-A,evening,Warning,EnergySpike,low,6,0,0,Bravo,AutoReset
E101709,2025-01-16 16:47:00,MX-202,Line-C,evening,Warning,EnergySpike,medium,9,0,0,Charlie,Operator
E101759,2025-01-16 16:58:00,MX-202,Line-C,evening,Quality,SurfaceDefect,medium,13,3,48,Delta,Operator
E101654,2025-01-16 17:10:00,MX-103,Line-B,evening,Quality,MaterialMismatch,medium,8,2,51,Bravo,AutoReset
E101747,2025-01-16 17:18:00,MX-202,Line-C,evening,Quality,SurfaceDefect,high,2,0,6,Charlie,Supervisor
E101750,2025-01-16 17:21:00,MX-102,Line-A,evening,Alarm,PressureDrop,high,58,27,26,Delta,Technician
E101661,2025-01-16 17:27:00,MX-202,Line-C,evening,Alarm,HighVibration,low,9,4,5,Charlie,Supervisor
E101726,2025-01-16 17:40:00,MX-201,Line-C,evening,Alarm,PressureDrop,medium,19,16,20,Bravo,Supervisor
E101634,2025-01-16 17:46:00,MX-101,Line-A,evening,Quality,VisionReject,high,2,0,8,Bravo,Operator
E101739,2025-01-16 18:08:00,MX-101,Line-A,evening,Quality,DimensionDrift,medium,1,0,6,Delta,Engineer
E101667,2025-01-16 18:23:00,MX-102,Line-A,evening,Quality,SurfaceDefect,low,32,4,165,Bravo,Supervisor
E101736,2025-01-16 18:34:00,MX-101,Line-A,evening,Alarm,PressureDrop,high,21,13,10,Delta,Technician
E101693,2025-01-16 18:52:00,MX-102,Line-A,evening,Setup,RecipeChange,low,34,29,14,Bravo,Technician
E101755,2025-01-16 19:12:00,MX-101,Line-A,evening,Setup,ToolChange,medium,109,78,18,Bravo,Technician
E101658,2025-01-16 19:26:00,MX-102,Line-A,evening,Quality,SurfaceDefect,medium,9,0,22,Bravo,Technician
E101743,2025-01-16 19:32:00,MX-201,Line-C,evening,Alarm,HighVibration,high,89,77,80,Delta,AutoReset
E101641,2025-01-16 19:35:00,MX-202,Line-C,evening,Alarm,PressureDrop,high,40,24,48,Delta,Technician
E101640,2025-01-16 19:43:00,MX-201,Line-C,evening,Warning,TempTrend,low,10,0,0,Alpha,Operator
E101730,2025-01-16 19:45:00,MX-102,Line-A,evening,Alarm,MotorOverload,medium,10,8,17,Alpha,AutoReset
E101711,2025-01-16 19:50:00,MX-101,Line-A,evening,Safety,GuardOpen,critical,15,9,13,Delta,Operator
E101649,2025-01-16 19:51:00,MX-101,Line-A,evening,Warning,EnergySpike,low,1,0,0,Charlie,Technician
E101756,2025-01-16 19:53:00,MX-202,Line-C,evening,Warning,PressureTrend,low,4,0,0,Bravo,Technician
E101689,2025-01-16 19:59:00,MX-103,Line-B,evening,Quality,SurfaceDefect,medium,6,1,30,Bravo,AutoReset
E101655,2025-01-16 20:06:00,MX-102,Line-A,evening,Warning,VibrationTrend,low,17,0,0,Alpha,AutoReset
E101683,2025-01-16 20:50:00,MX-103,Line-B,evening,Warning,TempTrend,medium,3,0,0,Delta,Technician
E101663,2025-01-16 20:51:00,MX-101,Line-A,evening,Quality,SurfaceDefect,medium,17,0,83,Bravo,AutoReset
E101644,2025-01-16 21:02:00,MX-202,Line-C,evening,Setup,RecipeChange,medium,25,19,6,Delta,AutoReset
E101737,2025-01-16 21:22:00,MX-201,Line-C,evening,Alarm,MotorOverload,medium,75,58,100,Alpha,AutoReset
E101664,2025-01-16 21:31:00,MX-103,Line-B,evening,Alarm,MotorOverload,critical,42,41,48,Charlie,AutoReset
E101682,2025-01-16 21:39:00,MX-202,Line-C,evening,Quality,VisionReject,low,4,1,8,Delta,Operator
E101714,2025-01-16 21:42:00,MX-201,Line-C,evening,Setup,ToolChange,low,18,12,7,Bravo,AutoReset
E101702,2025-01-16 21:42:00,MX-103,Line-B,evening,Quality,MaterialMismatch,medium,41,2,190,Charlie,Engineer
E101749,2025-01-16 22:08:00,MX-201,Line-C,night,Alarm,SensorFailure,high,58,57,104,Bravo,AutoReset
E101677,2025-01-16 22:08:00,MX-102,Line-A,night,Warning,TempTrend,medium,1,0,0,Alpha,Technician
E101675,2025-01-16 22:22:00,MX-103,Line-B,night,Maintenance,Lubrication,low,85,43,36,Bravo,Technician
E101676,2025-01-16 22:24:00,MX-101,Line-A,night,Maintenance,FilterChange,medium,113,41,30,Charlie,Supervisor
E101674,2025-01-16 22:31:00,MX-103,Line-B,night,Safety,GuardOpen,critical,9,4,1,Delta,Operator
E101679,2025-01-16 23:04:00,MX-201,Line-C,night,Alarm,SensorFailure,high,24,23,36,Charlie,Technician
E101642,2025-01-16 23:21:00,MX-102,Line-A,night,Safety,DoorInterlock,critical,44,38,43,Delta,Operator
E101722,2025-01-16 23:23:00,MX-101,Line-A,night,Maintenance,Inspection,low,47,37,11,Alpha,Engineer
E101748,2025-01-16 23:27:00,MX-101,Line-A,night,Warning,PressureTrend,medium,25,1,0,Charlie,AutoReset
E101695,2025-01-16 23:28:00,MX-101,Line-A,night,Quality,VisionReject,medium,28,1,105,Alpha,AutoReset
E101648,2025-01-16 23:30:00,MX-101,Line-A,night,Setup,ToolChange,low,41,29,12,Alpha,Supervisor
E101860,2025-01-17 00:04:00,MX-103,Line-B,night,Warning,PressureTrend,medium,19,2,0,Delta,Operator
E101823,2025-01-17 00:22:00,MX-101,Line-A,night,Alarm,PressureDrop,high,33,30,40,Alpha,Technician
E101824,2025-01-17 00:28:00,MX-103,Line-B,night,Maintenance,Calibration,low,67,43,29,Bravo,AutoReset
E101849,2025-01-17 00:31:00,MX-101,Line-A,night,Warning,PressureTrend,medium,2,0,0,Alpha,Operator
E101887,2025-01-17 00:43:00,MX-103,Line-B,night,Setup,ToolChange,medium,51,38,26,Delta,Engineer
E101833,2025-01-17 01:06:00,MX-201,Line-C,night,Quality,MaterialMismatch,medium,10,0,60,Bravo,Operator
E101814,2025-01-17 01:14:00,MX-201,Line-C,night,Maintenance,FilterChange,low,212,68,33,Charlie,Operator
E101826,2025-01-17 01:25:00,MX-201,Line-C,night,Maintenance,FilterChange,low,86,65,16,Charlie,Technician
E101816,2025-01-17 01:47:00,MX-101,Line-A,night,Alarm,PressureDrop,high,75,47,33,Charlie,AutoReset
E101810,2025-01-17 01:54:00,MX-202,Line-C,night,Maintenance,FilterChange,low,86,27,22,Alpha,Engineer
E101885,2025-01-17 01:57:00,MX-103,Line-B,night,Setup,ToolChange,medium,46,32,19,Alpha,Technician
E101883,2025-01-17 02:04:00,MX-103,Line-B,night,Warning,PressureTrend,low,5,0,0,Bravo,Technician
E101793,2025-01-17 02:17:00,MX-202,Line-C,night,Warning,TempTrend,low,6,0,0,Charlie,AutoReset
E101867,2025-01-17 02:29:00,MX-102,Line-A,night,Setup,RecipeChange,low,50,40,10,Charlie,AutoReset
E101819,2025-01-17 03:14:00,MX-101,Line-A,night,Maintenance,BearingReplacement,medium,38,16,15,Bravo,Operator
E101763,2025-01-17 03:36:00,MX-101,Line-A,night,Alarm,PressureDrop,critical,19,9,17,Delta,AutoReset
E101813,2025-01-17 03:36:00,MX-101,Line-A,night,Alarm,HighVibration,high,57,38,36,Charlie,Operator
E101847,2025-01-17 03:43:00,MX-102,Line-A,night,Maintenance,Lubrication,high,46,21,20,Delta,Operator
E101875,2025-01-17 04:05:00,MX-101,Line-A,night,Warning,VibrationTrend,medium,1,0,0,Alpha,Technician
E101786,2025-01-17 04:06:00,MX-103,Line-B,night,Safety,DoorInterlock,medium,21,19,16,Alpha,AutoReset
E101789,2025-01-17 04:27:00,MX-103,Line-B,night,Alarm,MotorOverload,medium,104,91,186,Bravo,AutoReset
E101783,2025-01-17 04:39:00,MX-101,Line-A,night,Warning,PressureTrend,low,8,1,0,Charlie,AutoReset
E101820,2025-01-17 04:45:00,MX-201,Line-C,night,Quality,SurfaceDefect,low,26,6,98,Bravo,Engineer
E101859,2025-01-17 05:08:00,MX-101,Line-A,night,Quality,VisionReject,high,19,5,131,Charlie,AutoReset
E101884,2025-01-17 05:19:00,MX-102,Line-A,night,Alarm,MotorOverload,critical,72,40,53,Delta,Engineer
E101889,2025-01-17 05:38:00,MX-101,Line-A,night,Warning,PressureTrend,low,8,1,0,Charlie,Technician
E101801,2025-01-17 05:59:00,MX-103,Line-B,night,Warning,VibrationTrend,high,1,0,0,Bravo,Technician
E101825,2025-01-17 06:04:00,MX-103,Line-B,morning,Alarm,HighVibration,medium,56,48,85,Alpha,AutoReset
E101799,2025-01-17 06:07:00,MX-101,Line-A,morning,Warning,VibrationTrend,low,8,0,0,Charlie,Technician
E101876,2025-01-17 06:09:00,MX-101,Line-A,morning,Safety,GuardOpen,high,19,13,11,Alpha,Technician
E101765,2025-01-17 06:29:00,MX-202,Line-C,morning,Alarm,MotorOverload,medium,33,28,45,Alpha,Engineer
E101802,2025-01-17 06:31:00,MX-101,Line-A,morning,Alarm,HighVibration,low,36,26,24,Alpha,Operator
E101764,2025-01-17 06:43:00,MX-102,Line-A,morning,Quality,SurfaceDefect,low,8,1,45,Delta,Technician
E101868,2025-01-17 07:00:00,MX-201,Line-C,morning,Alarm,PressureDrop,low,21,9,12,Charlie,Engineer
E101856,2025-01-17 07:20:00,MX-103,Line-B,morning,Alarm,HighVibration,critical,72,58,66,Delta,Technician
E101796,2025-01-17 07:24:00,MX-202,Line-C,morning,Quality,SurfaceDefect,low,15,4,94,Delta,Supervisor
E101771,2025-01-17 07:27:00,MX-101,Line-A,morning,Setup,RecipeChange,low,41,37,23,Charlie,Technician
E101840,2025-01-17 07:30:00,MX-202,Line-C,morning,Maintenance,Calibration,high,89,41,21,Bravo,Operator
E101836,2025-01-17 07:46:00,MX-101,Line-A,morning,Maintenance,BearingReplacement,low,39,13,3,Charlie,Operator
E101811,2025-01-17 07:51:00,MX-101,Line-A,morning,Safety,EStop,high,12,11,15,Charlie,AutoReset
E101766,2025-01-17 08:03:00,MX-101,Line-A,morning,Setup,RecipeChange,low,27,19,13,Alpha,Technician
E101888,2025-01-17 08:25:00,MX-102,Line-A,morning,Alarm,HighVibration,high,27,26,32,Charlie,AutoReset
E101837,2025-01-17 08:40:00,MX-103,Line-B,morning,Alarm,PressureDrop,medium,36,18,32,Delta,Technician
E101843,2025-01-17 08:51:00,MX-201,Line-C,morning,Alarm,Overheat,medium,36,35,71,Alpha,Engineer
E101851,2025-01-17 09:10:00,MX-102,Line-A,morning,Setup,FixtureAdjustment,medium,29,26,27,Delta,Engineer
E101806,2025-01-17 09:12:00,MX-102,Line-A,morning,Maintenance,Inspection,low,86,49,44,Delta,Operator
E101881,2025-01-17 09:19:00,MX-201,Line-C,morning,Maintenance,Inspection,medium,73,48,19,Bravo,AutoReset
E101784,2025-01-17 09:29:00,MX-103,Line-B,morning,Maintenance,Calibration,low,58,19,13,Alpha,Engineer
E101882,2025-01-17 09:33:00,MX-102,Line-A,morning,Maintenance,FilterChange,medium,32,12,6,Bravo,Operator
E101869,2025-01-17 09:52:00,MX-202,Line-C,morning,Maintenance,Calibration,medium,53,28,20,Delta,AutoReset
E101842,2025-01-17 09:55:00,MX-102,Line-A,morning,Alarm,SensorFailure,medium,25,23,17,Alpha,Operator
E101779,2025-01-17 09:57:00,MX-102,Line-A,morning,Warning,TempTrend,medium,10,0,0,Alpha,Technician
E101848,2025-01-17 10:02:00,MX-202,Line-C,morning,Quality,VisionReject,high,6,0,27,Bravo,Operator
E101787,2025-01-17 10:08:00,MX-101,Line-A,morning,Safety,EStop,critical,25,17,9,Delta,Engineer
E101805,2025-01-17 10:14:00,MX-202,Line-C,morning,Maintenance,Inspection,low,136,98,78,Bravo,Engineer
E101800,2025-01-17 10:56:00,MX-101,Line-A,morning,Quality,MaterialMismatch,medium,30,6,152,Charlie,Technician
E101782,2025-01-17 11:01:00,MX-103,Line-B,morning,Warning,VibrationTrend,high,11,1,0,Delta,Engineer
E101850,2025-01-17 11:10:00,MX-202,Line-C,morning,Quality,SurfaceDefect,low,17,4,87,Alpha,Operator
E101821,2025-01-17 11:27:00,MX-102,Line-A,morning,Alarm,HighVibration,medium,28,18,18,Bravo,Technician
E101772,2025-01-17 11:29:00,MX-201,Line-C,morning,Warning,VibrationTrend,high,4,0,0,Charlie,Operator
E101854,2025-01-17 11:31:00,MX-102,Line-A,morning,Maintenance,FilterChange,medium,71,21,6,Delta,Technician
E101807,2025-01-17 11:38:00,MX-101,Line-A,morning,Setup,FixtureAdjustment,low,30,21,10,Delta,Engineer
E101773,2025-01-17 11:42:00,MX-101,Line-A,morning,Setup,RecipeChange,low,61,47,17,Charlie,AutoReset
E101844,2025-01-17 11:44:00,MX-201,Line-C,morning,Warning,EnergySpike,low,14,1,0,Alpha,Technician
E101792,2025-01-17 11:54:00,MX-102,Line-A,morning,Setup,FixtureAdjustment,medium,26,25,11,Alpha,Operator
E101831,2025-01-17 11:57:00,MX-103,Line-B,morning,Alarm,Overheat,critical,17,10,20,Delta,Operator
E101862,2025-01-17 12:06:00,MX-102,Line-A,morning,Alarm,HighVibration,high,59,34,42,Alpha,Technician
E101872,2025-01-17 12:21:00,MX-201,Line-C,morning,Quality,MaterialMismatch,high,21,0,127,Alpha,AutoReset
E101830,2025-01-17 13:06:00,MX-102,Line-A,morning,Quality,SurfaceDefect,high,16,2,67,Bravo,Technician
E101841,2025-01-17 13:08:00,MX-101,Line-A,morning,Alarm,Overheat,medium,28,13,25,Bravo,Operator
E101870,2025-01-17 13:11:00,MX-102,Line-A,morning,Alarm,PressureDrop,critical,75,36,61,Charlie,Supervisor
E101838,2025-01-17 13:39:00,MX-101,Line-A,morning,Setup,ToolChange,low,25,18,5,Bravo,Supervisor
E101817,2025-01-17 13:43:00,MX-201,Line-C,morning,Quality,DimensionDrift,high,40,13,246,Delta,Operator
E101780,2025-01-17 13:46:00,MX-101,Line-A,morning,Setup,ToolChange,medium,36,29,20,Alpha,Supervisor
E101834,2025-01-17 14:12:00,MX-201,Line-C,evening,Alarm,HighVibration,high,38,34,49,Alpha,AutoReset
E101797,2025-01-17 14:15:00,MX-101,Line-A,evening,Warning,TempTrend,medium,18,0,0,Delta,Operator
E101845,2025-01-17 14:16:00,MX-201,Line-C,evening,Warning,VibrationTrend,high,4,0,0,Delta,AutoReset
E101822,2025-01-17 14:17:00,MX-101,Line-A,evening,Maintenance,BearingReplacement,medium,150,50,36,Charlie,Supervisor
E101861,2025-01-17 14:20:00,MX-102,Line-A,evening,Safety,EStop,medium,17,15,20,Delta,Technician
E101812,2025-01-17 14:36:00,MX-103,Line-B,evening,Warning,PressureTrend,low,3,0,0,Alpha,Operator
E101877,2025-01-17 14:51:00,MX-201,Line-C,evening,Safety,AreaBreach,medium,7,5,6,Bravo,Engineer
E101788,2025-01-17 14:52:00,MX-103,Line-B,evening,Warning,EnergySpike,high,8,0,0,Delta,Technician
E101858,2025-01-17 15:04:00,MX-102,Line-A,evening,Maintenance,Calibration,low,149,56,32,Alpha,Operator
E101767,2025-01-17 15:06:00,MX-103,Line-B,evening,Maintenance,BearingReplacement,high,96,55,11,Delta,AutoReset
E101829,2025-01-17 15:10:00,MX-101,Line-A,evening,Safety,AreaBreach,high,22,19,5,Bravo,AutoReset
E101857,2025-01-17 15:18:00,MX-102,Line-A,evening,Quality,SurfaceDefect,medium,12,2,53,Bravo,Technician
E101776,2025-01-17 15:22:00,MX-201,Line-C,evening,Alarm,MotorOverload,high,75,46,65,Bravo,Technician
E101863,2025-01-17 15:39:00,MX-102,Line-A,evening,Alarm,PressureDrop,medium,25,20,34,Charlie,Supervisor
E101794,2025-01-17 16:12:00,MX-202,Line-C,evening,Warning,TempTrend,medium,2,0,0,Bravo,Technician
E101785,2025-01-17 16:12:00,MX-101,Line-A,evening,Maintenance,Lubrication,high,48,29,24,Charlie,Engineer
E101846,2025-01-17 16:20:00,MX-103,Line-B,evening,Maintenance,Inspection,low,87,59,27,Alpha,Engineer
E101809,2025-01-17 16:33:00,MX-103,Line-B,evening,Warning,TempTrend,low,4,0,0,Bravo,Technician
E101878,2025-01-17 16:41:00,MX-202,Line-C,evening,Setup,FixtureAdjustment,low,22,16,16,Charlie,Technician
E101855,2025-01-17 17:17:00,MX-102,Line-A,evening,Quality,MaterialMismatch,medium,11,1,63,Bravo,Supervisor
E101770,2025-01-17 17:20:00,MX-202,Line-C,evening,Alarm,HighVibration,high,61,30,43,Bravo,Operator
E101804,2025-01-17 17:22:00,MX-101,Line-A,evening,Warning,EnergySpike,low,8,0,0,Charlie,AutoReset
E101871,2025-01-17 17:36:00,MX-201,Line-C,evening,Setup,RecipeChange,low,8,6,1,Alpha,Operator
E101803,2025-01-17 17:39:00,MX-101,Line-A,evening,Setup,ToolChange,low,55,41,41,Charlie,Engineer
E101835,2025-01-17 17:54:00,MX-102,Line-A,evening,Setup,FixtureAdjustment,low,59,43,37,Charlie,Operator
E101886,2025-01-17 18:06:00,MX-101,Line-A,evening,Setup,ToolChange,low,20,17,7,Alpha,Operator
E101828,2025-01-17 18:45:00,MX-103,Line-B,evening,Warning,TempTrend,medium,7,0,0,Bravo,AutoReset
E101818,2025-01-17 18:54:00,MX-201,Line-C,evening,Quality,VisionReject,high,7,1,17,Delta,Technician
E101768,2025-01-17 19:01:00,MX-103,Line-B,evening,Alarm,MotorOverload,critical,45,36,35,Alpha,AutoReset
E101795,2025-01-17 19:04:00,MX-102,Line-A,evening,Warning,VibrationTrend,medium,1,0,0,Delta,Technician
E101879,2025-01-17 19:05:00,MX-102,Line-A,evening,Maintenance,Inspection,low,87,42,16,Alpha,AutoReset
E101778,2025-01-17 19:17:00,MX-103,Line-B,evening,Quality,VisionReject,high,11,1,49,Delta,Operator
E101832,2025-01-17 19:23:00,MX-103,Line-B,evening,Alarm,MotorOverload,low,35,33,62,Alpha,Technician
E101865,2025-01-17 19:24:00,MX-103,Line-B,evening,Maintenance,Inspection,low,49,27,8,Delta,Technician
E101777,2025-01-17 19:50:00,MX-102,Line-A,evening,Setup,RecipeChange,medium,82,80,24,Alpha,Operator
E101798,2025-01-17 19:53:00,MX-201,Line-C,evening,Alarm,HighVibration,critical,24,18,35,Delta,Technician
E101880,2025-01-17 20:30:00,MX-103,Line-B,evening,Alarm,Overheat,high,12,11,7,Alpha,AutoReset
E101781,2025-01-17 20:42:00,MX-202,Line-C,evening,Alarm,PressureDrop,high,31,29,48,Bravo,Technician
E101873,2025-01-17 21:12:00,MX-102,Line-A,evening,Alarm,SensorFailure,medium,81,47,87,Charlie,Engineer
E101808,2025-01-17 21:42:00,MX-201,Line-C,evening,Alarm,HighVibration,high,10,7,11,Alpha,Operator
E101864,2025-01-17 21:58:00,MX-201,Line-C,evening,Alarm,PressureDrop,critical,34,28,37,Alpha,Operator
E101827,2025-01-17 22:03:00,MX-201,Line-C,night,Safety,GuardOpen,medium,2,1,0,Bravo,Engineer
E101774,2025-01-17 22:19:00,MX-202,Line-C,night,Maintenance,Calibration,low,57,18,7,Bravo,Engineer
E101866,2025-01-17 22:44:00,MX-102,Line-A,night,Maintenance,Calibration,low,75,52,34,Delta,AutoReset
E101852,2025-01-17 22:47:00,MX-201,Line-C,night,Quality,VisionReject,medium,10,2,47,Alpha,Engineer
E101791,2025-01-17 23:07:00,MX-102,Line-A,night,Warning,PressureTrend,low,11,0,0,Bravo,AutoReset
E101775,2025-01-17 23:10:00,MX-201,Line-C,night,Quality,MaterialMismatch,high,3,0,15,Charlie,Technician
E101839,2025-01-17 23:18:00,MX-102,Line-A,night,Warning,PressureTrend,medium,7,0,0,Bravo,Technician
E101853,2025-01-17 23:19:00,MX-103,Line-B,night,Quality,SurfaceDefect,low,62,11,385,Alpha,Technician
E101874,2025-01-17 23:33:00,MX-201,Line-C,night,Alarm,HighVibration,high,30,28,27,Alpha,Technician
E101769,2025-01-17 23:33:00,MX-202,Line-C,night,Maintenance,Inspection,medium,137,63,13,Charlie,Supervisor
E101815,2025-01-17 23:41:00,MX-103,Line-B,night,Quality,MaterialMismatch,medium,1,0,6,Bravo,AutoReset
E101790,2025-01-17 23:56:00,MX-103,Line-B,night,Maintenance,Lubrication,medium,42,32,17,Charlie,Operator
E101967,2025-01-18 01:02:00,MX-103,Line-B,night,Quality,VisionReject,high,4,0,20,Bravo,Technician
E101952,2025-01-18 01:27:00,MX-102,Line-A,night,Maintenance,Lubrication,low,86,51,23,Bravo,AutoReset
E101957,2025-01-18 01:29:00,MX-202,Line-C,night,Warning,VibrationTrend,low,3,0,0,Charlie,Technician
E101961,2025-01-18 01:41:00,MX-201,Line-C,night,Maintenance,Calibration,low,91,31,29,Bravo,Technician
E101955,2025-01-18 01:45:00,MX-201,Line-C,night,Quality,SurfaceDefect,low,9,2,33,Delta,Operator
E101939,2025-01-18 02:02:00,MX-102,Line-A,night,Warning,PressureTrend,low,10,0,0,Bravo,Technician
E101894,2025-01-18 02:06:00,MX-103,Line-B,night,Quality,VisionReject,medium,20,1,96,Alpha,Operator
E101943,2025-01-18 02:14:00,MX-201,Line-C,night,Alarm,HighVibration,medium,54,39,76,Alpha,Engineer
E101971,2025-01-18 02:44:00,MX-102,Line-A,night,Safety,AreaBreach,critical,17,8,2,Charlie,Technician
E101965,2025-01-18 02:56:00,MX-101,Line-A,night,Warning,VibrationTrend,medium,1,0,0,Alpha,Technician
E101907,2025-01-18 03:00:00,MX-103,Line-B,night,Alarm,SensorFailure,high,41,30,51,Charlie,Technician
E101890,2025-01-18 03:10:00,MX-102,Line-A,night,Quality,SurfaceDefect,medium,2,0,5,Charlie,Technician
E101949,2025-01-18 04:14:00,MX-201,Line-C,night,Maintenance,BearingReplacement,low,102,61,21,Alpha,AutoReset
E101900,2025-01-18 04:35:00,MX-202,Line-C,night,Alarm,SensorFailure,medium,17,9,7,Charlie,Engineer
E101946,2025-01-18 05:23:00,MX-201,Line-C,night,Setup,FixtureAdjustment,medium,24,17,9,Bravo,Operator
E101968,2025-01-18 06:23:00,MX-102,Line-A,morning,Warning,TempTrend,low,4,0,0,Delta,Operator
E101895,2025-01-18 06:27:00,MX-103,Line-B,morning,Warning,VibrationTrend,low,11,0,0,Bravo,AutoReset
E101926,2025-01-18 06:46:00,MX-101,Line-A,morning,Alarm,Overheat,high,19,16,28,Delta,Technician
E101903,2025-01-18 06:57:00,MX-202,Line-C,morning,Warning,EnergySpike,medium,9,1,0,Bravo,Engineer
E101950,2025-01-18 06:59:00,MX-103,Line-B,morning,Maintenance,Calibration,medium,83,64,62,Charlie,Engineer
E101973,2025-01-18 07:39:00,MX-201,Line-C,morning,Warning,TempTrend,low,19,1,0,Delta,AutoReset
E101904,2025-01-18 07:44:00,MX-201,Line-C,morning,Quality,DimensionDrift,medium,4,0,27,Alpha,Engineer
E101974,2025-01-18 07:56:00,MX-201,Line-C,morning,Setup,RecipeChange,low,9,8,6,Bravo,Technician
E101940,2025-01-18 08:15:00,MX-102,Line-A,morning,Warning,TempTrend,low,2,0,0,Delta,Supervisor
E101918,2025-01-18 09:02:00,MX-101,Line-A,morning,Maintenance,Calibration,low,134,96,21,Bravo,Engineer
E101922,2025-01-18 09:03:00,MX-202,Line-C,morning,Maintenance,Lubrication,low,120,87,23,Charlie,Technician
E101969,2025-01-18 09:14:00,MX-101,Line-A,morning,Setup,ToolChange,low,38,33,19,Charlie,Operator
E101930,2025-01-18 09:21:00,MX-103,Line-B,morning,Quality,MaterialMismatch,medium,30,8,165,Alpha,Technician
E101902,2025-01-18 09:45:00,MX-101,Line-A,morning,Alarm,SensorFailure,medium,31,21,31,Bravo,Engineer
E101917,2025-01-18 10:13:00,MX-102,Line-A,morning,Setup,ToolChange,low,29,26,16,Alpha,AutoReset
E101963,2025-01-18 10:13:00,MX-101,Line-A,morning,Warning,TempTrend,low,11,1,0,Charlie,Engineer
E101953,2025-01-18 10:46:00,MX-101,Line-A,morning,Quality,MaterialMismatch,high,7,2,22,Charlie,Technician
E101896,2025-01-18 10:55:00,MX-101,Line-A,morning,Alarm,Overheat,medium,64,46,59,Alpha,Engineer
E101933,2025-01-18 11:08:00,MX-101,Line-A,morning,Quality,SurfaceDefect,high,1,0,4,Delta,Technician
E101937,2025-01-18 11:20:00,MX-102,Line-A,morning,Quality,DimensionDrift,medium,2,0,7,Charlie,Operator
E101893,2025-01-18 11:33:00,MX-202,Line-C,morning,Maintenance,Calibration,low,93,73,23,Alpha,Operator
E101948,2025-01-18 11:37:00,MX-101,Line-A,morning,Maintenance,FilterChange,medium,19,10,7,Bravo,Operator
E101921,2025-01-18 11:43:00,MX-102,Line-A,morning,Quality,SurfaceDefect,medium,25,7,54,Alpha,Technician
E101909,2025-01-18 11:48:00,MX-103,Line-B,morning,Warning,TempTrend,low,3,0,0,Charlie,Supervisor
E101920,2025-01-18 12:06:00,MX-201,Line-C,morning,Warning,EnergySpike,high,7,0,0,Delta,Operator
E101959,2025-01-18 12:15:00,MX-102,Line-A,morning,Quality,SurfaceDefect,low,22,6,104,Bravo,Operator
E101932,2025-01-18 12:23:00,MX-101,Line-A,morning,Alarm,HighVibration,high,80,36,66,Charlie,AutoReset
E101970,2025-01-18 12:47:00,MX-102,Line-A,morning,Warning,EnergySpike,low,8,0,0,Bravo,Engineer
E101934,2025-01-18 13:03:00,MX-103,Line-B,morning,Maintenance,Lubrication,medium,97,28,11,Charlie,Operator
E101944,2025-01-18 13:07:00,MX-102,Line-A,morning,Warning,TempTrend,low,3,0,0,Alpha,Supervisor
E101905,2025-01-18 13:57:00,MX-101,Line-A,morning,Alarm,PressureDrop,medium,12,10,10,Delta,Operator
E101916,2025-01-18 14:19:00,MX-102,Line-A,evening,Alarm,MotorOverload,high,44,43,45,Bravo,Technician
E101964,2025-01-18 14:25:00,MX-103,Line-B,evening,Quality,VisionReject,high,44,7,259,Alpha,AutoReset
E101947,2025-01-18 14:43:00,MX-101,Line-A,evening,Alarm,PressureDrop,high,81,39,59,Alpha,AutoReset
E101958,2025-01-18 14:54:00,MX-201,Line-C,evening,Maintenance,Calibration,medium,77,28,26,Delta,Supervisor
E101966,2025-01-18 15:23:00,MX-101,Line-A,evening,Safety,EStop,medium,13,11,12,Alpha,Technician
E101935,2025-01-18 15:29:00,MX-101,Line-A,evening,Quality,DimensionDrift,low,22,0,46,Charlie,Engineer
E101931,2025-01-18 15:34:00,MX-102,Line-A,evening,Maintenance,BearingReplacement,low,22,6,3,Bravo,Technician
E101936,2025-01-18 15:40:00,MX-102,Line-A,evening,Maintenance,BearingReplacement,low,131,97,91,Delta,AutoReset
E101925,2025-01-18 15:53:00,MX-102,Line-A,evening,Alarm,MotorOverload,medium,5,2,3,Charlie,AutoReset
E101892,2025-01-18 16:02:00,MX-202,Line-C,evening,Maintenance,Lubrication,low,55,19,14,Alpha,Engineer
E101901,2025-01-18 16:11:00,MX-102,Line-A,evening,Warning,VibrationTrend,medium,4,0,0,Alpha,Operator
E101923,2025-01-18 16:27:00,MX-202,Line-C,evening,Warning,VibrationTrend,low,15,0,0,Alpha,Operator
E101927,2025-01-18 16:43:00,MX-202,Line-C,evening,Maintenance,Calibration,low,27,20,6,Alpha,Technician
E101929,2025-01-18 17:04:00,MX-201,Line-C,evening,Maintenance,FilterChange,medium,50,22,17,Charlie,AutoReset
E101956,2025-01-18 17:14:00,MX-102,Line-A,evening,Warning,VibrationTrend,low,23,0,0,Delta,Operator
E101951,2025-01-18 17:17:00,MX-101,Line-A,evening,Alarm,SensorFailure,high,40,30,48,Delta,Operator
E101897,2025-01-18 17:23:00,MX-103,Line-B,evening,Warning,PressureTrend,low,15,0,0,Bravo,Supervisor
E101891,2025-01-18 17:33:00,MX-102,Line-A,evening,Warning,EnergySpike,low,6,0,0,Bravo,Engineer
E101898,2025-01-18 17:55:00,MX-102,Line-A,evening,Warning,VibrationTrend,low,8,0,0,Bravo,Engineer
E101906,2025-01-18 19:01:00,MX-201,Line-C,evening,Quality,VisionReject,medium,17,4,84,Alpha,Technician
E101924,2025-01-18 19:05:00,MX-103,Line-B,evening,Quality,DimensionDrift,high,4,0,24,Bravo,AutoReset
E101972,2025-01-18 19:27:00,MX-101,Line-A,evening,Quality,VisionReject,medium,10,1,50,Charlie,Technician
E101942,2025-01-18 19:48:00,MX-202,Line-C,evening,Warning,VibrationTrend,medium,8,1,0,Bravo,AutoReset
E101912,2025-01-18 19:52:00,MX-202,Line-C,evening,Setup,ToolChange,low,11,8,5,Alpha,Engineer
E101954,2025-01-18 19:53:00,MX-101,Line-A,evening,Warning,VibrationTrend,low,14,1,0,Charlie,Supervisor
E101908,2025-01-18 19:55:00,MX-101,Line-A,evening,Setup,ToolChange,low,77,71,56,Delta,Engineer
E101919,2025-01-18 20:00:00,MX-103,Line-B,evening,Alarm,HighVibration,medium,47,29,58,Alpha,AutoReset
E101911,2025-01-18 20:02:00,MX-102,Line-A,evening,Maintenance,BearingReplacement,medium,113,36,34,Bravo,Engineer
E101914,2025-01-18 20:03:00,MX-202,Line-C,evening,Maintenance,Lubrication,medium,213,89,21,Charlie,Engineer
E101938,2025-01-18 20:22:00,MX-202,Line-C,evening,Alarm,SensorFailure,high,84,70,147,Delta,AutoReset
E101928,2025-01-18 20:32:00,MX-101,Line-A,evening,Maintenance,Inspection,medium,116,66,63,Alpha,Operator
E101910,2025-01-18 21:01:00,MX-101,Line-A,evening,Warning,EnergySpike,low,9,0,0,Bravo,Engineer
E101960,2025-01-18 21:04:00,MX-202,Line-C,evening,Setup,RecipeChange,low,8,7,1,Alpha,Operator
E101962,2025-01-18 21:36:00,MX-202,Line-C,evening,Maintenance,FilterChange,medium,82,26,18,Delta,Supervisor
E101913,2025-01-18 21:54:00,MX-201,Line-C,evening,Warning,PressureTrend,low,7,0,0,Delta,AutoReset
E101915,2025-01-18 22:31:00,MX-201,Line-C,night,Alarm,PressureDrop,low,70,33,60,Charlie,Operator
E101941,2025-01-18 23:17:00,MX-103,Line-B,night,Warning,EnergySpike,low,18,1,0,Delta,Engineer
E101899,2025-01-18 23:21:00,MX-103,Line-B,night,Warning,EnergySpike,medium,20,0,0,Alpha,Technician
E101945,2025-01-18 23:53:00,MX-201,Line-C,night,Maintenance,Inspection,medium,104,43,24,Charlie,Engineer
E101993,2025-01-19 00:06:00,MX-202,Line-C,night,Warning,PressureTrend,low,5,0,0,Delta,Technician
E102051,2025-01-19 00:10:00,MX-101,Line-A,night,Alarm,MotorOverload,medium,86,73,75,Alpha,AutoReset
E102029,2025-01-19 00:29:00,MX-103,Line-B,night,Alarm,Overheat,high,72,32,32,Charlie,Engineer
E102016,2025-01-19 00:48:00,MX-202,Line-C,night,Quality,SurfaceDefect,high,6,1,41,Charlie,Supervisor
E102028,2025-01-19 00:50:00,MX-201,Line-C,night,Maintenance,Calibration,low,107,55,52,Charlie,AutoReset
E102032,2025-01-19 00:53:00,MX-101,Line-A,night,Warning,EnergySpike,low,4,0,0,Alpha,Operator
E101983,2025-01-19 01:10:00,MX-102,Line-A,night,Alarm,MotorOverload,critical,39,32,68,Alpha,AutoReset
E102055,2025-01-19 01:33:00,MX-103,Line-B,night,Setup,RecipeChange,low,24,17,12,Charlie,Technician
E102057,2025-01-19 01:33:00,MX-201,Line-C,night,Maintenance,Calibration,low,41,28,7,Bravo,Engineer
E102042,2025-01-19 01:41:00,MX-202,Line-C,night,Maintenance,Calibration,medium,46,32,10,Delta,Engineer
E102054,2025-01-19 01:44:00,MX-202,Line-C,night,Maintenance,FilterChange,medium,92,25,13,Delta,Supervisor
E101986,2025-01-19 02:11:00,MX-101,Line-A,night,Warning,TempTrend,low,7,0,0,Bravo,Engineer
E101984,2025-01-19 02:26:00,MX-202,Line-C,night,Warning,VibrationTrend,medium,3,0,0,Alpha,Technician
E101996,2025-01-19 02:28:00,MX-102,Line-A,night,Setup,FixtureAdjustment,low,25,21,6,Bravo,Engineer
E102009,2025-01-19 02:30:00,MX-103,Line-B,night,Warning,VibrationTrend,low,6,0,0,Bravo,AutoReset
E102059,2025-01-19 02:51:00,MX-102,Line-A,night,Alarm,SensorFailure,high,51,25,34,Alpha,Engineer
E102010,2025-01-19 02:51:00,MX-103,Line-B,night,Warning,EnergySpike,low,7,0,0,Alpha,Technician
E101991,2025-01-19 02:54:00,MX-103,Line-B,night,Alarm,PressureDrop,high,53,51,43,Charlie,Technician
E102037,2025-01-19 02:55:00,MX-101,Line-A,night,Setup,FixtureAdjustment,low,13,9,5,Charlie,Engineer
E102058,2025-01-19 02:59:00,MX-202,Line-C,night,Setup,ToolChange,low,113,98,59,Charlie,AutoReset
E102031,2025-01-19 03:09:00,MX-103,Line-B,night,Alarm,PressureDrop,critical,73,36,67,Charlie,Operator
E102006,2025-01-19 03:24:00,MX-102,Line-A,night,Quality,DimensionDrift,low,9,2,45,Bravo,Technician
E102005,2025-01-19 03:55:00,MX-103,Line-B,night,Maintenance,FilterChange,high,114,83,38,Bravo,Technician
E102025,2025-01-19 04:13:00,MX-101,Line-A,night,Warning,PressureTrend,medium,1,0,0,Charlie,Technician
E102046,2025-01-19 04:45:00,MX-201,Line-C,night,Maintenance,BearingReplacement,low,46,35,19,Delta,Technician
E101978,2025-01-19 05:02:00,MX-101,Line-A,night,Alarm,PressureDrop,medium,48,28,53,Alpha,Operator
E101987,2025-01-19 05:37:00,MX-103,Line-B,night,Setup,FixtureAdjustment,medium,31,27,11,Bravo,Technician
E102052,2025-01-19 06:08:00,MX-201,Line-C,morning,Maintenance,BearingReplacement,medium,145,112,45,Delta,Operator
E101992,2025-01-19 06:14:00,MX-101,Line-A,morning,Quality,DimensionDrift,medium,9,1,18,Delta,Operator
E102018,2025-01-19 07:04:00,MX-201,Line-C,morning,Alarm,PressureDrop,medium,88,85,156,Charlie,Technician
E102045,2025-01-19 07:12:00,MX-103,Line-B,morning,Alarm,PressureDrop,high,65,44,51,Bravo,Technician
E102023,2025-01-19 07:18:00,MX-201,Line-C,morning,Maintenance,Inspection,low,155,40,25,Alpha,Technician
E102022,2025-01-19 07:24:00,MX-101,Line-A,morning,Safety,EStop,critical,20,16,12,Charlie,Technician
E102008,2025-01-19 07:25:00,MX-103,Line-B,morning,Setup,RecipeChange,low,30,25,7,Alpha,AutoReset
E102044,2025-01-19 07:33:00,MX-103,Line-B,morning,Quality,MaterialMismatch,low,17,2,56,Delta,Operator
E102024,2025-01-19 07:43:00,MX-102,Line-A,morning,Quality,VisionReject,high,10,2,64,Delta,Operator
E102048,2025-01-19 07:49:00,MX-201,Line-C,morning,Maintenance,Lubrication,low,92,38,17,Delta,Engineer
E102047,2025-01-19 08:15:00,MX-102,Line-A,morning,Safety,DoorInterlock,medium,44,39,11,Charlie,Technician
E102043,2025-01-19 08:28:00,MX-202,Line-C,morning,Quality,MaterialMismatch,medium,6,1,25,Alpha,Operator
E102040,2025-01-19 08:43:00,MX-102,Line-A,morning,Maintenance,FilterChange,low,36,23,18,Alpha,Operator
E102027,2025-01-19 08:52:00,MX-101,Line-A,morning,Alarm,Overheat,medium,31,25,18,Charlie,Technician
E102007,2025-01-19 08:56:00,MX-103,Line-B,morning,Quality,VisionReject,low,47,16,234,Bravo,Technician
E102039,2025-01-19 09:07:00,MX-102,Line-A,morning,Maintenance,BearingReplacement,low,46,20,7,Charlie,AutoReset
E102053,2025-01-19 09:31:00,MX-102,Line-A,morning,Setup,ToolChange,medium,8,7,1,Alpha,Technician
E102015,2025-01-19 09:33:00,MX-102,Line-A,morning,Quality,MaterialMismatch,medium,7,1,38,Charlie,Engineer
E101999,2025-01-19 09:47:00,MX-102,Line-A,morning,Setup,FixtureAdjustment,low,32,28,10,Bravo,AutoReset
E102041,2025-01-19 09:49:00,MX-202,Line-C,morning,Quality,DimensionDrift,high,8,2,49,Bravo,Supervisor
E102011,2025-01-19 10:04:00,MX-101,Line-A,morning,Warning,VibrationTrend,high,7,0,0,Charlie,AutoReset
E102035,2025-01-19 10:43:00,MX-102,Line-A,morning,Setup,RecipeChange,low,32,28,19,Delta,Operator
E101998,2025-01-19 11:30:00,MX-202,Line-C,morning,Alarm,HighVibration,high,16,10,20,Alpha,Engineer
E102020,2025-01-19 11:35:00,MX-102,Line-A,morning,Setup,FixtureAdjustment,low,43,41,28,Charlie,Operator
E101994,2025-01-19 11:50:00,MX-202,Line-C,morning,Alarm,Overheat,high,88,85,59,Bravo,Technician
E102034,2025-01-19 12:18:00,MX-103,Line-B,morning,Alarm,HighVibration,critical,41,29,54,Charlie,Technician
E101995,2025-01-19 13:00:00,MX-202,Line-C,morning,Alarm,Overheat,critical,48,37,54,Delta,Supervisor
E102003,2025-01-19 13:00:00,MX-101,Line-A,morning,Setup,RecipeChange,low,38,26,26,Delta,AutoReset
E102002,2025-01-19 13:16:00,MX-201,Line-C,morning,Alarm,PressureDrop,high,21,14,21,Alpha,Operator
E101979,2025-01-19 13:18:00,MX-102,Line-A,morning,Maintenance,FilterChange,medium,54,15,10,Bravo,Engineer
E102001,2025-01-19 13:41:00,MX-201,Line-C,morning,Alarm,HighVibration,critical,84,45,86,Charlie,Engineer
E102026,2025-01-19 13:46:00,MX-103,Line-B,morning,Warning,EnergySpike,medium,1,0,0,Charlie,Engineer
E101988,2025-01-19 14:03:00,MX-201,Line-C,evening,Quality,DimensionDrift,high,26,2,163,Delta,Operator
E102000,2025-01-19 14:09:00,MX-102,Line-A,evening,Warning,VibrationTrend,low,23,1,0,Bravo,Operator
E101980,2025-01-19 14:23:00,MX-101,Line-A,evening,Setup,RecipeChange,low,49,36,18,Charlie,Operator
E102049,2025-01-19 14:26:00,MX-202,Line-C,evening,Setup,ToolChange,low,50,44,29,Alpha,Engineer
E102056,2025-01-19 15:46:00,MX-102,Line-A,evening,Warning,TempTrend,high,12,0,0,Delta,Engineer
E102014,2025-01-19 15:49:00,MX-202,Line-C,evening,Warning,EnergySpike,medium,5,0,0,Charlie,Operator
E102013,2025-01-19 16:34:00,MX-102,Line-A,evening,Alarm,Overheat,high,18,17,32,Alpha,Operator
E102033,2025-01-19 16:36:00,MX-103,Line-B,evening,Quality,DimensionDrift,medium,20,5,106,Bravo,Technician
E101981,2025-01-19 17:42:00,MX-102,Line-A,evening,Warning,PressureTrend,medium,40,4,3,Delta,Engineer
E102030,2025-01-19 17:43:00,MX-202,Line-C,evening,Alarm,PressureDrop,critical,46,28,35,Bravo,Technician
E102036,2025-01-19 17:44:00,MX-202,Line-C,evening,Maintenance,Lubrication,medium,162,105,98,Charlie,Technician
E101990,2025-01-19 17:54:00,MX-201,Line-C,evening,Alarm,Overheat,critical,52,27,30,Bravo,Operator
E101982,2025-01-19 17:57:00,MX-103,Line-B,evening,Alarm,PressureDrop,high,24,20,24,Alpha,AutoReset
E101975,2025-01-19 17:58:00,MX-101,Line-A,evening,Maintenance,Calibration,medium,77,23,13,Delta,Technician
E101977,2025-01-19 18:25:00,MX-202,Line-C,evening,Warning,EnergySpike,low,1,0,0,Alpha,Technician
E101985,2025-01-19 18:27:00,MX-101,Line-A,evening,Warning,TempTrend,medium,10,1,0,Alpha,Operator
E102021,2025-01-19 18:29:00,MX-101,Line-A,evening,Setup,FixtureAdjustment,low,44,43,15,Charlie,Technician
E102038,2025-01-19 19:33:00,MX-103,Line-B,evening,Maintenance,Lubrication,low,35,22,5,Bravo,Technician
E102019,2025-01-19 19:49:00,MX-103,Line-B,evening,Quality,VisionReject,high,14,1,41,Charlie,Supervisor
E101989,2025-01-19 20:09:00,MX-102,Line-A,evening,Quality,MaterialMismatch,medium,10,0,31,Delta,Supervisor
E101976,2025-01-19 20:17:00,MX-202,Line-C,evening,Warning,PressureTrend,low,34,3,0,Alpha,Technician
E102012,2025-01-19 21:04:00,MX-201,Line-C,evening,Alarm,MotorOverload,high,89,65,102,Charlie,Operator
E102004,2025-01-19 21:18:00,MX-103,Line-B,evening,Warning,PressureTrend,medium,6,0,0,Charlie,Supervisor
E102017,2025-01-19 21:49:00,MX-101,Line-A,evening,Maintenance,FilterChange,low,67,25,11,Delta,Technician
E101997,2025-01-19 22:09:00,MX-103,Line-B,night,Quality,DimensionDrift,medium,11,0,32,Delta,Supervisor
E102050,2025-01-19 23:56:00,MX-101,Line-A,night,Maintenance,Lubrication,low,109,52,13,Charlie,Engineer
E102167,2025-01-20 00:12:00,MX-103,Line-B,night,Maintenance,Lubrication,low,45,18,7,Alpha,AutoReset
E102062,2025-01-20 00:27:00,MX-102,Line-A,night,Quality,DimensionDrift,medium,13,4,62,Bravo,Engineer
E102148,2025-01-20 00:47:00,MX-201,Line-C,night,Alarm,Overheat,critical,75,45,71,Charlie,Engineer
E102065,2025-01-20 00:56:00,MX-101,Line-A,night,Alarm,HighVibration,high,65,59,127,Alpha,AutoReset
E102156,2025-01-20 01:03:00,MX-102,Line-A,night,Warning,EnergySpike,low,11,0,0,Alpha,Technician
E102067,2025-01-20 01:46:00,MX-202,Line-C,night,Alarm,MotorOverload,critical,21,12,20,Alpha,AutoReset
E102109,2025-01-20 01:57:00,MX-202,Line-C,night,Maintenance,BearingReplacement,low,28,8,5,Bravo,Technician
E102098,2025-01-20 01:57:00,MX-102,Line-A,night,Quality,VisionReject,medium,4,0,22,Charlie,Engineer
E102172,2025-01-20 02:02:00,MX-102,Line-A,night,Alarm,Overheat,high,33,26,36,Bravo,Operator
E102095,2025-01-20 02:05:00,MX-201,Line-C,night,Quality,SurfaceDefect,low,15,2,39,Alpha,Engineer
E102089,2025-01-20 02:21:00,MX-201,Line-C,night,Quality,VisionReject,high,18,0,47,Alpha,AutoReset
E102090,2025-01-20 02:46:00,MX-102,Line-A,night,Maintenance,FilterChange,low,74,20,7,Bravo,Supervisor
E102093,2025-01-20 02:50:00,MX-101,Line-A,night,Warning,EnergySpike,low,4,0,0,Alpha,Engineer
E102132,2025-01-20 02:57:00,MX-201,Line-C,night,Quality,SurfaceDefect,high,13,3,28,Delta,AutoReset
E102135,2025-01-20 02:58:00,MX-103,Line-B,night,Warning,EnergySpike,low,3,0,0,Delta,Technician
E102104,2025-01-20 03:07:00,MX-103,Line-B,night,Warning,VibrationTrend,low,1,0,0,Bravo,Operator
E102074,2025-01-20 03:32:00,MX-201,Line-C,night,Warning,EnergySpike,low,8,0,0,Bravo,Supervisor
E102123,2025-01-20 03:34:00,MX-201,Line-C,night,Quality,SurfaceDefect,low,9,1,37,Bravo,AutoReset
E102112,2025-01-20 03:42:00,MX-103,Line-B,night,Alarm,MotorOverload,low,9,7,6,Charlie,Supervisor
E102154,2025-01-20 04:09:00,MX-102,Line-A,night,Safety,GuardOpen,high,3,2,0,Charlie,Technician
E102163,2025-01-20 04:13:00,MX-102,Line-A,night,Alarm,MotorOverload,high,40,39,67,Alpha,Engineer
E102122,2025-01-20 04:36:00,MX-102,Line-A,night,Warning,VibrationTrend,low,2,0,0,Delta,Technician
E102130,2025-01-20 04:38:00,MX-202,Line-C,night,Warning,EnergySpike,low,11,1,0,Charlie,Technician
E102121,2025-01-20 05:13:00,MX-201,Line-C,night,Safety,GuardOpen,high,30,26,31,Delta,Operator
E102166,2025-01-20 05:56:00,MX-102,Line-A,night,Maintenance,FilterChange,medium,60,19,4,Alpha,Operator
E102161,2025-01-20 06:19:00,MX-103,Line-B,morning,Warning,EnergySpike,low,4,0,0,Bravo,Technician
E102141,2025-01-20 06:20:00,MX-103,Line-B,morning,Quality,VisionReject,medium,10,1,66,Bravo,AutoReset
E102140,2025-01-20 06:43:00,MX-102,Line-A,morning,Setup,FixtureAdjustment,low,46,33,28,Alpha,Technician
E102086,2025-01-20 06:54:00,MX-201,Line-C,morning,Setup,ToolChange,low,33,26,14,Alpha,Operator
E102147,2025-01-20 07:27:00,MX-101,Line-A,morning,Quality,VisionReject,low,7,1,32,Alpha,Operator
E102106,2025-01-20 07:27:00,MX-103,Line-B,morning,Warning,EnergySpike,low,15,0,0,Delta,Technician
E102168,2025-01-20 07:51:00,MX-101,Line-A,morning,Maintenance,Calibration,medium,99,36,35,Alpha,Operator
E102099,2025-01-20 08:10:00,MX-102,Line-A,morning,Safety,EStop,high,9,7,3,Delta,Engineer
E102151,2025-01-20 08:14:00,MX-103,Line-B,morning,Maintenance,BearingReplacement,low,128,77,26,Charlie,Operator
E102139,2025-01-20 08:15:00,MX-202,Line-C,morning,Setup,RecipeChange,low,45,35,26,Delta,Operator
E102119,2025-01-20 08:48:00,MX-201,Line-C,morning,Alarm,PressureDrop,high,87,45,50,Bravo,Operator
E102116,2025-01-20 09:04:00,MX-101,Line-A,morning,Warning,PressureTrend,low,7,0,0,Charlie,Technician
E102114,2025-01-20 09:23:00,MX-101,Line-A,morning,Maintenance,BearingReplacement,low,25,14,4,Alpha,AutoReset
E102080,2025-01-20 09:27:00,MX-202,Line-C,morning,Quality,MaterialMismatch,medium,18,0,79,Alpha,Operator
E102060,2025-01-20 09:27:00,MX-202,Line-C,morning,Warning,PressureTrend,medium,4,0,0,Alpha,Supervisor
E102145,2025-01-20 09:31:00,MX-103,Line-B,morning,Alarm,PressureDrop,high,27,17,14,Charlie,Operator
E102061,2025-01-20 09:33:00,MX-101,Line-A,morning,Maintenance,Calibration,low,125,90,74,Bravo,Technician
E102068,2025-01-20 09:41:00,MX-103,Line-B,morning,Alarm,MotorOverload,medium,23,19,32,Bravo,Supervisor
E102158,2025-01-20 09:51:00,MX-201,Line-C,morning,Warning,TempTrend,low,8,0,0,Delta,Operator
E102076,2025-01-20 09:58:00,MX-103,Line-B,morning,Alarm,SensorFailure,high,6,5,7,Alpha,Supervisor
E102159,2025-01-20 09:58:00,MX-103,Line-B,morning,Maintenance,FilterChange,low,27,18,9,Delta,Technician
E102088,2025-01-20 10:11:00,MX-103,Line-B,morning,Quality,MaterialMismatch,medium,9,2,26,Delta,Operator
E102127,2025-01-20 10:12:00,MX-103,Line-B,morning,Quality,SurfaceDefect,high,26,0,142,Alpha,Operator
E102073,2025-01-20 10:14:00,MX-101,Line-A,morning,Alarm,HighVibration,high,127,112,119,Charlie,Technician
E102117,2025-01-20 10:23:00,MX-102,Line-A,morning,Alarm,Overheat,low,25,24,42,Alpha,Engineer
E102137,2025-01-20 10:31:00,MX-202,Line-C,morning,Quality,VisionReject,low,51,10,156,Bravo,AutoReset
E102133,2025-01-20 10:41:00,MX-102,Line-A,morning,Warning,TempTrend,low,19,2,0,Bravo,Operator
E102157,2025-01-20 10:54:00,MX-201,Line-C,morning,Maintenance,Lubrication,high,65,28,16,Bravo,Technician
E102083,2025-01-20 11:20:00,MX-201,Line-C,morning,Warning,VibrationTrend,low,4,0,0,Delta,Technician
E102144,2025-01-20 12:12:00,MX-102,Line-A,morning,Alarm,MotorOverload,low,35,22,27,Alpha,Operator
E102124,2025-01-20 12:23:00,MX-201,Line-C,morning,Quality,MaterialMismatch,high,12,2,56,Alpha,Technician
E102079,2025-01-20 12:29:00,MX-102,Line-A,morning,Warning,VibrationTrend,low,10,1,0,Alpha,Engineer
E102066,2025-01-20 12:36:00,MX-103,Line-B,morning,Alarm,PressureDrop,high,46,35,45,Alpha,Supervisor
E102118,2025-01-20 12:51:00,MX-102,Line-A,morning,Quality,VisionReject,medium,18,2,45,Alpha,Supervisor
E102120,2025-01-20 13:24:00,MX-101,Line-A,morning,Warning,EnergySpike,medium,23,2,1,Charlie,Technician
E102126,2025-01-20 14:14:00,MX-101,Line-A,evening,Warning,TempTrend,high,10,0,0,Charlie,AutoReset
E102103,2025-01-20 14:26:00,MX-102,Line-A,evening,Alarm,HighVibration,medium,108,50,37,Bravo,Operator
E102165,2025-01-20 14:35:00,MX-201,Line-C,evening,Quality,SurfaceDefect,medium,11,3,25,Alpha,Operator
E102097,2025-01-20 14:47:00,MX-201,Line-C,evening,Quality,MaterialMismatch,low,2,0,10,Charlie,Technician
E102084,2025-01-20 15:22:00,MX-101,Line-A,evening,Warning,EnergySpike,low,6,0,0,Charlie,Technician
E102102,2025-01-20 15:43:00,MX-202,Line-C,evening,Warning,TempTrend,medium,25,0,0,Alpha,AutoReset
E102110,2025-01-20 15:50:00,MX-103,Line-B,evening,Maintenance,BearingReplacement,medium,200,57,35,Charlie,AutoReset
E102094,2025-01-20 15:59:00,MX-101,Line-A,evening,Alarm,MotorOverload,critical,87,44,76,Delta,Operator
E102169,2025-01-20 16:54:00,MX-201,Line-C,evening,Warning,EnergySpike,low,5,0,0,Charlie,Supervisor
E102071,2025-01-20 16:59:00,MX-202,Line-C,evening,Maintenance,BearingReplacement,low,165,77,44,Alpha,Operator
E102129,2025-01-20 17:14:00,MX-201,Line-C,evening,Alarm,HighVibration,critical,36,35,53,Alpha,Technician
E102092,2025-01-20 17:29:00,MX-103,Line-B,evening,Setup,RecipeChange,medium,40,33,27,Alpha,Operator
E102170,2025-01-20 17:41:00,MX-102,Line-A,evening,Warning,PressureTrend,low,1,0,0,Charlie,Technician
E102125,2025-01-20 18:22:00,MX-101,Line-A,evening,Quality,VisionReject,medium,6,1,41,Alpha,Operator
E102096,2025-01-20 18:30:00,MX-201,Line-C,evening,Warning,VibrationTrend,medium,2,0,0,Alpha,AutoReset
E102155,2025-01-20 18:32:00,MX-102,Line-A,evening,Alarm,Overheat,high,85,63,92,Charlie,AutoReset
E102134,2025-01-20 18:39:00,MX-101,Line-A,evening,Alarm,HighVibration,high,94,60,125,Delta,Technician
E102150,2025-01-20 18:42:00,MX-103,Line-B,evening,Warning,EnergySpike,low,3,0,0,Bravo,AutoReset
E102107,2025-01-20 18:45:00,MX-102,Line-A,evening,Quality,SurfaceDefect,medium,20,0,81,Alpha,Supervisor
E102072,2025-01-20 18:50:00,MX-103,Line-B,evening,Setup,RecipeChange,low,13,10,3,Charlie,AutoReset
E102164,2025-01-20 18:51:00,MX-201,Line-C,evening,Maintenance,Calibration,medium,126,70,44,Bravo,Operator
E102069,2025-01-20 19:04:00,MX-201,Line-C,evening,Setup,ToolChange,medium,57,53,27,Alpha,AutoReset
E102115,2025-01-20 19:07:00,MX-201,Line-C,evening,Maintenance,Lubrication,medium,68,28,23,Bravo,Technician
E102171,2025-01-20 19:07:00,MX-201,Line-C,evening,Warning,VibrationTrend,low,15,1,0,Bravo,Supervisor
E102101,2025-01-20 19:16:00,MX-102,Line-A,evening,Alarm,PressureDrop,medium,45,38,45,Charlie,Technician
E102064,2025-01-20 19:26:00,MX-101,Line-A,evening,Warning,PressureTrend,low,20,0,0,Charlie,Engineer
E102085,2025-01-20 19:44:00,MX-202,Line-C,evening,Alarm,HighVibration,high,33,20,42,Alpha,Operator
E102152,2025-01-20 20:07:00,MX-201,Line-C,evening,Maintenance,FilterChange,high,95,42,28,Delta,Operator
E102143,2025-01-20 20:10:00,MX-103,Line-B,evening,Alarm,Overheat,medium,61,58,97,Alpha,Technician
E102113,2025-01-20 20:14:00,MX-103,Line-B,evening,Alarm,PressureDrop,medium,26,22,27,Bravo,Operator
E102091,2025-01-20 20:23:00,MX-202,Line-C,evening,Safety,DoorInterlock,high,23,22,25,Bravo,Operator
E102138,2025-01-20 20:27:00,MX-201,Line-C,evening,Maintenance,BearingReplacement,high,58,30,12,Bravo,Technician
E102160,2025-01-20 20:30:00,MX-201,Line-C,evening,Alarm,SensorFailure,critical,13,7,9,Alpha,AutoReset
E102100,2025-01-20 20:40:00,MX-103,Line-B,evening,Maintenance,Calibration,low,116,36,17,Charlie,Technician
E102149,2025-01-20 20:43:00,MX-102,Line-A,evening,Maintenance,Inspection,low,48,35,28,Bravo,Operator
E102108,2025-01-20 20:53:00,MX-101,Line-A,evening,Maintenance,Inspection,low,126,45,37,Alpha,Engineer
E102081,2025-01-20 21:13:00,MX-201,Line-C,evening,Setup,RecipeChange,low,83,76,76,Charlie,Technician
E102131,2025-01-20 21:26:00,MX-102,Line-A,evening,Setup,RecipeChange,low,38,37,19,Delta,Technician
E102082,2025-01-20 21:31:00,MX-201,Line-C,evening,Setup,RecipeChange,low,28,22,12,Alpha,Engineer
E102128,2025-01-20 21:38:00,MX-103,Line-B,evening,Safety,GuardOpen,high,26,16,3,Delta,AutoReset
E102142,2025-01-20 21:55:00,MX-101,Line-A,evening,Maintenance,Inspection,medium,82,59,38,Delta,Engineer
E102136,2025-01-20 21:55:00,MX-201,Line-C,evening,Alarm,Overheat,medium,73,39,55,Alpha,Engineer
E102077,2025-01-20 22:06:00,MX-101,Line-A,night,Maintenance,Calibration,low,9,4,2,Delta,Supervisor
E102111,2025-01-20 22:17:00,MX-102,Line-A,night,Warning,VibrationTrend,low,5,0,0,Bravo,Technician
E102153,2025-01-20 22:26:00,MX-103,Line-B,night,Maintenance,FilterChange,low,104,65,16,Bravo,Operator
E102078,2025-01-20 22:27:00,MX-102,Line-A,night,Setup,FixtureAdjustment,medium,29,25,17,Alpha,Operator
E102162,2025-01-20 22:45:00,MX-102,Line-A,night,Safety,DoorInterlock,medium,21,10,8,Delta,Engineer
E102075,2025-01-20 23:01:00,MX-101,Line-A,night,Alarm,Overheat,high,24,17,25,Bravo,AutoReset
E102105,2025-01-20 23:15:00,MX-202,Line-C,night,Maintenance,FilterChange,medium,81,41,16,Alpha,Technician
E102070,2025-01-20 23:26:00,MX-103,Line-B,night,Alarm,MotorOverload,high,50,49,80,Bravo,Engineer
E102063,2025-01-20 23:36:00,MX-202,Line-C,night,Quality,MaterialMismatch,medium,3,0,6,Delta,Engineer
E102146,2025-01-20 23:48:00,MX-101,Line-A,night,Setup,ToolChange,low,24,18,18,Delta,Technician
E102087,2025-01-20 23:59:00,MX-202,Line-C,night,Alarm,Overheat,low,56,25,34,Alpha,Technician
E102277,2025-01-21 00:37:00,MX-101,Line-A,night,Warning,TempTrend,low,3,0,0,Charlie,Technician
E102231,2025-01-21 00:47:00,MX-101,Line-A,night,Setup,RecipeChange,medium,37,31,18,Alpha,Operator
E102292,2025-01-21 00:48:00,MX-202,Line-C,night,Maintenance,Inspection,low,68,23,22,Alpha,Technician
E102261,2025-01-21 01:02:00,MX-201,Line-C,night,Safety,AreaBreach,critical,71,54,64,Bravo,Technician
E102209,2025-01-21 01:10:00,MX-103,Line-B,night,Warning,PressureTrend,medium,1,0,0,Delta,Technician
E102268,2025-01-21 01:14:00,MX-102,Line-A,night,Maintenance,Inspection,high,99,65,55,Delta,Operator
E102218,2025-01-21 01:28:00,MX-102,Line-A,night,Quality,MaterialMismatch,low,4,0,26,Charlie,Engineer
E102195,2025-01-21 01:37:00,MX-103,Line-B,night,Safety,GuardOpen,high,63,50,14,Charlie,Operator
E102285,2025-01-21 01:41:00,MX-102,Line-A,night,Setup,RecipeChange,low,23,17,18,Alpha,Technician
E102262,2025-01-21 01:41:00,MX-201,Line-C,night,Quality,SurfaceDefect,medium,1,0,5,Delta,Technician
E102223,2025-01-21 02:10:00,MX-103,Line-B,night,Quality,VisionReject,medium,13,1,32,Charlie,Operator
E102213,2025-01-21 02:25:00,MX-103,Line-B,night,Quality,SurfaceDefect,low,5,1,33,Charlie,Technician
E102293,2025-01-21 02:31:00,MX-103,Line-B,night,Safety,GuardOpen,medium,13,10,13,Alpha,Technician
E102288,2025-01-21 02:47:00,MX-202,Line-C,night,Safety,GuardOpen,medium,25,17,7,Charlie,Engineer
E102270,2025-01-21 02:51:00,MX-101,Line-A,night,Warning,PressureTrend,high,6,0,0,Alpha,Engineer
E102264,2025-01-21 03:06:00,MX-201,Line-C,night,Maintenance,BearingReplacement,medium,47,30,16,Delta,Technician
E102266,2025-01-21 03:13:00,MX-102,Line-A,night,Maintenance,FilterChange,low,8,4,0,Delta,AutoReset
E102260,2025-01-21 03:50:00,MX-102,Line-A,night,Alarm,MotorOverload,critical,13,11,14,Delta,Engineer
E102229,2025-01-21 04:08:00,MX-102,Line-A,night,Alarm,Overheat,high,56,28,29,Alpha,Engineer
E102191,2025-01-21 04:11:00,MX-102,Line-A,night,Warning,PressureTrend,low,3,0,0,Bravo,Operator
E102281,2025-01-21 04:17:00,MX-202,Line-C,night,Alarm,SensorFailure,high,70,63,110,Delta,Technician
E102274,2025-01-21 04:30:00,MX-101,Line-A,night,Maintenance,Calibration,low,57,39,37,Alpha,Engineer
E102257,2025-01-21 04:34:00,MX-101,Line-A,night,Setup,FixtureAdjustment,medium,12,8,7,Alpha,AutoReset
E102215,2025-01-21 04:49:00,MX-202,Line-C,night,Quality,DimensionDrift,high,5,1,12,Charlie,Operator
E102200,2025-01-21 04:55:00,MX-102,Line-A,night,Alarm,SensorFailure,high,50,41,87,Delta,AutoReset
E102242,2025-01-21 04:57:00,MX-201,Line-C,night,Quality,DimensionDrift,medium,17,3,79,Delta,Supervisor
E102246,2025-01-21 05:07:00,MX-101,Line-A,night,Maintenance,FilterChange,low,118,36,27,Charlie,Engineer
E102177,2025-01-21 05:30:00,MX-202,Line-C,night,Warning,TempTrend,low,6,0,0,Delta,AutoReset
E102222,2025-01-21 05:43:00,MX-103,Line-B,night,Warning,PressureTrend,low,25,3,1,Alpha,AutoReset
E102207,2025-01-21 05:46:00,MX-103,Line-B,night,Maintenance,BearingReplacement,low,36,14,10,Alpha,Engineer
E102220,2025-01-21 05:46:00,MX-103,Line-B,night,Quality,DimensionDrift,high,29,9,77,Alpha,AutoReset
E102243,2025-01-21 05:55:00,MX-202,Line-C,night,Alarm,PressureDrop,medium,63,43,60,Charlie,Technician
E102187,2025-01-21 06:05:00,MX-103,Line-B,morning,Quality,DimensionDrift,medium,20,1,98,Charlie,AutoReset
E102247,2025-01-21 06:11:00,MX-101,Line-A,morning,Alarm,PressureDrop,low,56,53,47,Delta,Technician
E102255,2025-01-21 06:15:00,MX-201,Line-C,morning,Warning,PressureTrend,medium,1,0,0,Alpha,AutoReset
E102224,2025-01-21 06:35:00,MX-102,Line-A,morning,Alarm,HighVibration,high,28,17,32,Alpha,Technician
E102282,2025-01-21 06:39:00,MX-103,Line-B,morning,Quality,VisionReject,high,5,0,11,Delta,Technician
E102178,2025-01-21 06:50:00,MX-202,Line-C,morning,Safety,GuardOpen,critical,13,10,2,Alpha,Engineer
E102206,2025-01-21 06:50:00,MX-202,Line-C,morning,Warning,VibrationTrend,medium,8,0,0,Bravo,Operator
E102181,2025-01-21 06:55:00,MX-202,Line-C,morning,Safety,EStop,critical,24,23,4,Alpha,Technician
E102196,2025-01-21 07:32:00,MX-103,Line-B,morning,Setup,FixtureAdjustment,medium,31,27,29,Delta,Technician
E102284,2025-01-21 07:33:00,MX-103,Line-B,morning,Warning,TempTrend,low,18,1,0,Bravo,Operator
E102202,2025-01-21 08:00:00,MX-101,Line-A,morning,Maintenance,FilterChange,high,66,21,18,Bravo,AutoReset
E102235,2025-01-21 08:07:00,MX-202,Line-C,morning,Maintenance,Calibration,high,55,36,9,Charlie,Operator
E102237,2025-01-21 08:12:00,MX-102,Line-A,morning,Alarm,PressureDrop,high,49,25,37,Charlie,AutoReset
E102286,2025-01-21 08:15:00,MX-202,Line-C,morning,Maintenance,BearingReplacement,low,82,39,35,Alpha,Operator
E102197,2025-01-21 08:25:00,MX-201,Line-C,morning,Maintenance,Inspection,low,103,43,10,Bravo,Operator
E102174,2025-01-21 08:39:00,MX-101,Line-A,morning,Warning,VibrationTrend,low,5,0,0,Delta,Technician
E102241,2025-01-21 08:42:00,MX-202,Line-C,morning,Setup,ToolChange,low,39,38,9,Bravo,Operator
E102273,2025-01-21 09:02:00,MX-103,Line-B,morning,Alarm,MotorOverload,medium,120,90,151,Bravo,Engineer
E102239,2025-01-21 09:09:00,MX-201,Line-C,morning,Setup,ToolChange,low,30,24,7,Bravo,Technician
E102186,2025-01-21 09:16:00,MX-101,Line-A,morning,Quality,VisionReject,high,22,5,103,Bravo,Operator
E102269,2025-01-21 09:25:00,MX-201,Line-C,morning,Maintenance,Calibration,high,53,37,30,Charlie,Technician
E102214,2025-01-21 09:28:00,MX-201,Line-C,morning,Quality,SurfaceDefect,medium,21,6,105,Delta,Operator
E102290,2025-01-21 09:36:00,MX-103,Line-B,morning,Warning,VibrationTrend,medium,17,2,0,Charlie,AutoReset
E102211,2025-01-21 09:49:00,MX-102,Line-A,morning,Maintenance,BearingReplacement,low,28,7,1,Alpha,Technician
E102249,2025-01-21 09:59:00,MX-202,Line-C,morning,Warning,VibrationTrend,low,4,0,0,Charlie,Operator
E102189,2025-01-21 10:24:00,MX-102,Line-A,morning,Warning,PressureTrend,low,9,1,0,Charlie,Operator
E102227,2025-01-21 10:25:00,MX-202,Line-C,morning,Maintenance,Lubrication,low,105,27,6,Charlie,Technician
E102296,2025-01-21 10:43:00,MX-102,Line-A,morning,Warning,EnergySpike,low,2,0,0,Alpha,Supervisor
E102210,2025-01-21 10:47:00,MX-201,Line-C,morning,Maintenance,Lubrication,medium,201,109,80,Bravo,Technician
E102185,2025-01-21 10:50:00,MX-201,Line-C,morning,Maintenance,BearingReplacement,low,86,35,30,Alpha,AutoReset
E102226,2025-01-21 10:54:00,MX-102,Line-A,morning,Quality,VisionReject,high,18,1,73,Charlie,Technician
E102248,2025-01-21 11:13:00,MX-102,Line-A,morning,Setup,ToolChange,low,48,43,27,Charlie,Operator
E102244,2025-01-21 11:33:00,MX-102,Line-A,morning,Maintenance,Calibration,low,27,18,10,Alpha,Supervisor
E102219,2025-01-21 12:06:00,MX-201,Line-C,morning,Warning,PressureTrend,medium,7,0,0,Alpha,AutoReset
E102259,2025-01-21 12:23:00,MX-202,Line-C,morning,Warning,TempTrend,medium,4,0,0,Delta,Engineer
E102212,2025-01-21 12:24:00,MX-201,Line-C,morning,Warning,EnergySpike,low,4,0,0,Alpha,Technician
E102230,2025-01-21 12:37:00,MX-101,Line-A,morning,Alarm,HighVibration,high,28,23,44,Delta,Engineer
E102228,2025-01-21 12:46:00,MX-101,Line-A,morning,Setup,RecipeChange,low,21,15,11,Alpha,Engineer
E102245,2025-01-21 12:49:00,MX-103,Line-B,morning,Quality,VisionReject,medium,23,2,95,Bravo,Operator
E102217,2025-01-21 12:50:00,MX-202,Line-C,morning,Warning,TempTrend,low,13,1,0,Bravo,Engineer
E102199,2025-01-21 12:55:00,MX-101,Line-A,morning,Maintenance,FilterChange,low,85,45,32,Bravo,Operator
E102233,2025-01-21 12:55:00,MX-102,Line-A,morning,Setup,FixtureAdjustment,low,38,36,28,Charlie,Technician
E102221,2025-01-21 12:58:00,MX-103,Line-B,morning,Quality,DimensionDrift,medium,2,0,4,Alpha,Engineer
E102194,2025-01-21 12:59:00,MX-102,Line-A,morning,Warning,EnergySpike,medium,1,0,0,Charlie,Technician
E102272,2025-01-21 13:03:00,MX-102,Line-A,morning,Alarm,SensorFailure,medium,42,22,42,Charlie,AutoReset
E102267,2025-01-21 13:20:00,MX-202,Line-C,morning,Maintenance,Lubrication,high,48,32,10,Alpha,Technician
E102208,2025-01-21 13:21:00,MX-201,Line-C,morning,Setup,ToolChange,low,88,67,39,Bravo,AutoReset
E102205,2025-01-21 13:31:00,MX-201,Line-C,morning,Alarm,SensorFailure,high,22,11,20,Bravo,Operator
E102294,2025-01-21 13:44:00,MX-201,Line-C,morning,Setup,FixtureAdjustment,medium,37,35,22,Charlie,Technician
E102283,2025-01-21 14:13:00,MX-102,Line-A,evening,Quality,MaterialMismatch,medium,27,2,63,Delta,AutoReset
E102198,2025-01-21 14:31:00,MX-101,Line-A,evening,Warning,VibrationTrend,low,9,1,0,Delta,Engineer
E102173,2025-01-21 14:39:00,MX-101,Line-A,evening,Quality,SurfaceDefect,low,8,2,30,Charlie,Technician
E102263,2025-01-21 14:42:00,MX-103,Line-B,evening,Alarm,Overheat,critical,72,66,132,Delta,Operator
E102271,2025-01-21 14:42:00,MX-103,Line-B,evening,Warning,VibrationTrend,low,2,0,0,Charlie,Operator
E102287,2025-01-21 14:49:00,MX-103,Line-B,evening,Alarm,PressureDrop,medium,6,4,5,Delta,AutoReset
E102204,2025-01-21 14:51:00,MX-101,Line-A,evening,Maintenance,Inspection,medium,51,14,7,Delta,Engineer
E102216,2025-01-21 15:12:00,MX-202,Line-C,evening,Warning,VibrationTrend,medium,7,0,0,Charlie,Operator
E102276,2025-01-21 15:42:00,MX-101,Line-A,evening,Quality,SurfaceDefect,high,11,3,33,Bravo,Engineer
E102280,2025-01-21 15:56:00,MX-102,Line-A,evening,Warning,TempTrend,low,3,0,0,Delta,Operator
E102201,2025-01-21 15:56:00,MX-201,Line-C,evening,Quality,MaterialMismatch,low,27,3,170,Alpha,Technician
E102236,2025-01-21 16:03:00,MX-101,Line-A,evening,Setup,RecipeChange,low,33,30,14,Alpha,Supervisor
E102252,2025-01-21 16:18:00,MX-103,Line-B,evening,Maintenance,BearingReplacement,low,60,29,13,Alpha,Operator
E102232,2025-01-21 16:21:00,MX-103,Line-B,evening,Quality,VisionReject,medium,14,0,40,Bravo,Engineer
E102250,2025-01-21 16:46:00,MX-201,Line-C,evening,Alarm,SensorFailure,high,4,2,1,Bravo,Engineer
E102179,2025-01-21 16:52:00,MX-102,Line-A,evening,Quality,DimensionDrift,medium,1,0,6,Alpha,Technician
E102203,2025-01-21 16:56:00,MX-202,Line-C,evening,Warning,VibrationTrend,high,11,0,0,Delta,Engineer
E102225,2025-01-21 17:53:00,MX-202,Line-C,evening,Warning,TempTrend,medium,3,0,0,Bravo,Technician
E102190,2025-01-21 17:53:00,MX-101,Line-A,evening,Alarm,PressureDrop,medium,53,42,77,Alpha,Technician
E102265,2025-01-21 17:57:00,MX-201,Line-C,evening,Quality,SurfaceDefect,high,51,1,315,Charlie,AutoReset
E102192,2025-01-21 18:13:00,MX-202,Line-C,evening,Warning,VibrationTrend,low,7,0,0,Alpha,Operator
E102289,2025-01-21 18:15:00,MX-103,Line-B,evening,Warning,TempTrend,low,17,0,0,Alpha,Supervisor
E102275,2025-01-21 18:36:00,MX-202,Line-C,evening,Quality,SurfaceDefect,medium,8,1,33,Delta,Technician
E102193,2025-01-21 18:43:00,MX-201,Line-C,evening,Quality,VisionReject,high,19,6,40,Charlie,Operator
E102176,2025-01-21 19:00:00,MX-202,Line-C,evening,Quality,SurfaceDefect,medium,29,5,142,Bravo,Engineer
E102251,2025-01-21 19:02:00,MX-103,Line-B,evening,Alarm,MotorOverload,high,54,37,72,Charlie,Technician
E102238,2025-01-21 19:56:00,MX-101,Line-A,evening,Alarm,HighVibration,high,54,24,36,Alpha,Operator
E102253,2025-01-21 20:00:00,MX-202,Line-C,evening,Maintenance,BearingReplacement,high,43,15,9,Charlie,Engineer
E102184,2025-01-21 21:01:00,MX-102,Line-A,evening,Warning,VibrationTrend,low,8,0,0,Alpha,Supervisor
E102234,2025-01-21 21:50:00,MX-102,Line-A,evening,Quality,VisionReject,medium,13,1,47,Bravo,Operator
E102297,2025-01-21 21:55:00,MX-202,Line-C,evening,Alarm,HighVibration,high,79,38,71,Delta,Operator
E102256,2025-01-21 22:10:00,MX-103,Line-B,night,Safety,EStop,high,2,1,1,Charlie,Technician
E102240,2025-01-21 22:17:00,MX-201,Line-C,night,Alarm,MotorOverload,high,35,25,44,Bravo,Engineer
E102183,2025-01-21 22:20:00,MX-102,Line-A,night,Warning,VibrationTrend,medium,13,1,0,Charlie,Operator
E102180,2025-01-21 22:25:00,MX-101,Line-A,night,Alarm,MotorOverload,high,119,101,152,Charlie,AutoReset
E102182,2025-01-21 22:31:00,MX-201,Line-C,night,Warning,PressureTrend,high,4,0,0,Bravo,Technician
E102295,2025-01-21 22:45:00,MX-101,Line-A,night,Warning,PressureTrend,low,13,1,0,Alpha,Engineer
E102258,2025-01-21 22:51:00,MX-202,Line-C,night,Warning,EnergySpike,medium,8,0,0,Bravo,Technician
E102291,2025-01-21 22:53:00,MX-102,Line-A,night,Alarm,SensorFailure,low,68,35,36,Bravo,Operator
E102175,2025-01-21 23:05:00,MX-103,Line-B,night,Warning,PressureTrend,low,4,0,0,Charlie,Engineer
E102279,2025-01-21 23:12:00,MX-101,Line-A,night,Alarm,PressureDrop,medium,63,40,53,Bravo,Engineer
E102278,2025-01-21 23:27:00,MX-201,Line-C,night,Maintenance,Calibration,low,46,36,29,Charlie,Technician
E102188,2025-01-21 23:29:00,MX-101,Line-A,night,Warning,PressureTrend,low,13,1,0,Bravo,Operator
E102254,2025-01-21 23:33:00,MX-101,Line-A,night,Setup,RecipeChange,low,14,11,4,Charlie,Operator
E102318,2025-01-22 00:06:00,MX-101,Line-A,night,Warning,PressureTrend,high,8,0,0,Delta,Operator
E102332,2025-01-22 00:21:00,MX-202,Line-C,night,Warning,VibrationTrend,low,8,0,0,Alpha,Operator
E102336,2025-01-22 00:23:00,MX-103,Line-B,night,Quality,SurfaceDefect,medium,9,2,59,Charlie,Operator
E102352,2025-01-22 00:39:00,MX-202,Line-C,night,Alarm,HighVibration,medium,33,22,40,Bravo,Operator
E102298,2025-01-22 00:57:00,MX-201,Line-C,night,Warning,EnergySpike,low,4,0,0,Charlie,Supervisor
E102306,2025-01-22 01:01:00,MX-202,Line-C,night,Safety,EStop,high,3,2,0,Charlie,AutoReset
E102331,2025-01-22 01:13:00,MX-103,Line-B,night,Maintenance,Inspection,medium,77,35,22,Bravo,AutoReset
E102371,2025-01-22 01:19:00,MX-102,Line-A,night,Setup,ToolChange,low,44,35,21,Delta,Technician
E102308,2025-01-22 01:36:00,MX-202,Line-C,night,Maintenance,Lubrication,medium,102,48,28,Charlie,Technician
E102367,2025-01-22 01:49:00,MX-103,Line-B,night,Quality,DimensionDrift,medium,30,0,79,Delta,Operator
E102341,2025-01-22 01:51:00,MX-202,Line-C,night,Quality,MaterialMismatch,high,24,8,127,Bravo,Engineer
E102359,2025-01-22 01:57:00,MX-101,Line-A,night,Alarm,HighVibration,high,83,60,129,Delta,Engineer
E102378,2025-01-22 02:06:00,MX-201,Line-C,night,Warning,PressureTrend,high,10,0,0,Charlie,AutoReset
E102321,2025-01-22 02:12:00,MX-103,Line-B,night,Quality,SurfaceDefect,medium,15,2,34,Alpha,Technician
E102330,2025-01-22 02:40:00,MX-103,Line-B,night,Maintenance,Inspection,medium,139,97,92,Alpha,AutoReset
E102344,2025-01-22 02:45:00,MX-102,Line-A,night,Alarm,MotorOverload,medium,14,10,17,Delta,Technician
E102312,2025-01-22 02:45:00,MX-103,Line-B,night,Maintenance,Lubrication,low,101,35,8,Delta,Technician
E102349,2025-01-22 02:54:00,MX-201,Line-C,night,Quality,VisionReject,medium,14,2,50,Charlie,Technician
E102325,2025-01-22 03:42:00,MX-101,Line-A,night,Setup,ToolChange,medium,28,22,15,Charlie,Engineer
E102372,2025-01-22 04:11:00,MX-101,Line-A,night,Maintenance,FilterChange,low,59,38,11,Alpha,Technician
E102310,2025-01-22 04:23:00,MX-102,Line-A,night,Maintenance,Inspection,low,35,19,5,Alpha,Operator
E102384,2025-01-22 04:58:00,MX-201,Line-C,night,Quality,DimensionDrift,medium,5,0,24,Charlie,Operator
E102311,2025-01-22 05:01:00,MX-102,Line-A,night,Maintenance,FilterChange,medium,131,70,49,Alpha,Engineer
E102377,2025-01-22 05:05:00,MX-101,Line-A,night,Setup,FixtureAdjustment,low,59,58,47,Bravo,AutoReset
E102319,2025-01-22 05:09:00,MX-202,Line-C,night,Maintenance,BearingReplacement,low,23,10,8,Delta,Engineer
E102365,2025-01-22 05:14:00,MX-102,Line-A,night,Setup,ToolChange,low,84,71,42,Alpha,Technician
E102326,2025-01-22 05:27:00,MX-102,Line-A,night,Quality,DimensionDrift,high,1,0,2,Bravo,Engineer
E102347,2025-01-22 05:49:00,MX-103,Line-B,night,Alarm,Overheat,medium,38,27,50,Delta,Technician
E102323,2025-01-22 05:53:00,MX-103,Line-B,night,Quality,VisionReject,medium,35,11,142,Alpha,Engineer
E102337,2025-01-22 07:11:00,MX-201,Line-C,morning,Warning,PressureTrend,low,4,0,0,Alpha,Technician
E102386,2025-01-22 07:40:00,MX-102,Line-A,morning,Safety,GuardOpen,high,22,21,27,Bravo,Engineer
E102324,2025-01-22 07:49:00,MX-202,Line-C,morning,Quality,DimensionDrift,medium,7,1,23,Alpha,Engineer
E102385,2025-01-22 07:50:00,MX-101,Line-A,morning,Setup,RecipeChange,low,24,17,13,Bravo,Technician
E102304,2025-01-22 08:27:00,MX-102,Line-A,morning,Warning,EnergySpike,low,2,0,0,Bravo,Engineer
E102357,2025-01-22 08:37:00,MX-103,Line-B,morning,Maintenance,Calibration,low,50,13,4,Delta,AutoReset
E102369,2025-01-22 09:16:00,MX-101,Line-A,morning,Maintenance,FilterChange,medium,87,41,35,Alpha,Engineer
E102328,2025-01-22 09:20:00,MX-103,Line-B,morning,Alarm,PressureDrop,medium,15,12,17,Delta,Supervisor
E102307,2025-01-22 09:47:00,MX-101,Line-A,morning,Maintenance,BearingReplacement,low,63,34,30,Alpha,Engineer
E102360,2025-01-22 10:38:00,MX-101,Line-A,morning,Alarm,Overheat,critical,28,19,29,Delta,Technician
E102354,2025-01-22 10:42:00,MX-202,Line-C,morning,Warning,PressureTrend,low,7,0,0,Alpha,Supervisor
E102364,2025-01-22 10:51:00,MX-103,Line-B,morning,Quality,SurfaceDefect,high,13,0,34,Alpha,Technician
E102301,2025-01-22 11:15:00,MX-102,Line-A,morning,Maintenance,Lubrication,low,16,11,7,Alpha,Technician
E102302,2025-01-22 11:37:00,MX-101,Line-A,morning,Warning,TempTrend,medium,5,0,0,Charlie,Operator
E102381,2025-01-22 11:42:00,MX-101,Line-A,morning,Warning,TempTrend,low,10,0,0,Delta,Technician
E102299,2025-01-22 11:43:00,MX-103,Line-B,morning,Setup,RecipeChange,low,20,15,16,Charlie,Technician
E102300,2025-01-22 11:44:00,MX-201,Line-C,morning,Setup,ToolChange,low,51,39,36,Charlie,AutoReset
E102375,2025-01-22 12:35:00,MX-101,Line-A,morning,Alarm,HighVibration,high,14,8,14,Alpha,Engineer
E102351,2025-01-22 12:36:00,MX-102,Line-A,morning,Alarm,Overheat,critical,30,29,33,Alpha,Technician
E102350,2025-01-22 12:42:00,MX-101,Line-A,morning,Warning,VibrationTrend,low,7,0,0,Alpha,Technician
E102313,2025-01-22 13:17:00,MX-103,Line-B,morning,Alarm,Overheat,high,88,60,64,Alpha,Technician
E102346,2025-01-22 13:26:00,MX-103,Line-B,morning,Alarm,SensorFailure,high,72,48,88,Charlie,Engineer
E102342,2025-01-22 13:32:00,MX-201,Line-C,morning,Alarm,MotorOverload,high,116,95,109,Bravo,Operator
E102374,2025-01-22 14:13:00,MX-202,Line-C,evening,Alarm,Overheat,critical,24,13,21,Bravo,Operator
E102333,2025-01-22 14:29:00,MX-202,Line-C,evening,Warning,TempTrend,medium,11,1,0,Charlie,Operator
E102339,2025-01-22 15:10:00,MX-102,Line-A,evening,Maintenance,FilterChange,medium,144,97,56,Delta,Technician
E102327,2025-01-22 15:16:00,MX-102,Line-A,evening,Alarm,HighVibration,medium,106,92,171,Delta,Operator
E102329,2025-01-22 15:48:00,MX-101,Line-A,evening,Maintenance,FilterChange,medium,118,70,58,Delta,Engineer
E102335,2025-01-22 15:54:00,MX-102,Line-A,evening,Safety,EStop,high,52,47,58,Alpha,Technician
E102338,2025-01-22 17:05:00,MX-201,Line-C,evening,Setup,ToolChange,medium,37,34,23,Charlie,Operator
E102316,2025-01-22 17:06:00,MX-202,Line-C,evening,Setup,FixtureAdjustment,low,10,7,4,Bravo,Engineer
E102366,2025-01-22 17:26:00,MX-102,Line-A,evening,Quality,DimensionDrift,high,29,2,80,Charlie,AutoReset
E102379,2025-01-22 17:38:00,MX-202,Line-C,evening,Warning,EnergySpike,low,10,0,0,Bravo,Technician
E102361,2025-01-22 17:43:00,MX-201,Line-C,evening,Alarm,SensorFailure,critical,54,40,47,Delta,Technician
E102376,2025-01-22 18:29:00,MX-202,Line-C,evening,Maintenance,Lubrication,high,163,44,19,Alpha,Operator
E102314,2025-01-22 18:47:00,MX-202,Line-C,evening,Maintenance,Calibration,medium,30,22,18,Charlie,Supervisor
E102382,2025-01-22 18:54:00,MX-201,Line-C,evening,Alarm,Overheat,high,54,29,57,Alpha,Engineer
E102309,2025-01-22 19:13:00,MX-102,Line-A,evening,Setup,RecipeChange,low,36,26,23,Alpha,Technician
E102334,2025-01-22 19:30:00,MX-101,Line-A,evening,Maintenance,FilterChange,low,53,16,12,Delta,Technician
E102380,2025-01-22 19:52:00,MX-202,Line-C,evening,Warning,TempTrend,low,14,2,0,Bravo,Operator
E102353,2025-01-22 20:01:00,MX-201,Line-C,evening,Quality,SurfaceDefect,medium,5,0,31,Bravo,Operator
E102340,2025-01-22 20:23:00,MX-103,Line-B,evening,Quality,VisionReject,low,15,4,92,Charlie,Technician
E102305,2025-01-22 21:11:00,MX-201,Line-C,evening,Quality,DimensionDrift,high,10,3,40,Alpha,Operator
E102356,2025-01-22 21:14:00,MX-201,Line-C,evening,Alarm,MotorOverload,high,32,28,33,Alpha,Technician
E102317,2025-01-22 21:19:00,MX-103,Line-B,evening,Quality,MaterialMismatch,high,43,2,154,Delta,AutoReset
E102370,2025-01-22 21:26:00,MX-103,Line-B,evening,Maintenance,BearingReplacement,low,106,49,20,Charlie,Technician
E102363,2025-01-22 21:42:00,MX-201,Line-C,evening,Quality,SurfaceDefect,low,1,0,6,Delta,Supervisor
E102345,2025-01-22 21:53:00,MX-102,Line-A,evening,Warning,PressureTrend,medium,27,1,0,Delta,AutoReset
E102355,2025-01-22 22:01:00,MX-101,Line-A,night,Maintenance,Calibration,low,88,55,28,Charlie,Supervisor
E102368,2025-01-22 22:03:00,MX-103,Line-B,night,Alarm,Overheat,low,116,69,148,Charlie,Technician
E102348,2025-01-22 22:04:00,MX-103,Line-B,night,Setup,ToolChange,low,10,8,1,Alpha,AutoReset
E102315,2025-01-22 22:04:00,MX-101,Line-A,night,Alarm,HighVibration,medium,16,10,12,Delta,AutoReset
E102383,2025-01-22 22:14:00,MX-101,Line-A,night,Warning,TempTrend,low,8,0,0,Delta,AutoReset
E102343,2025-01-22 22:19:00,MX-102,Line-A,night,Warning,EnergySpike,low,21,2,0,Charlie,Supervisor
E102320,2025-01-22 22:20:00,MX-102,Line-A,night,Maintenance,FilterChange,medium,51,14,12,Charlie,AutoReset
E102362,2025-01-22 22:30:00,MX-202,Line-C,night,Setup,ToolChange,low,50,43,9,Charlie,Engineer
E102322,2025-01-22 22:46:00,MX-102,Line-A,night,Quality,VisionReject,medium,14,0,59,Alpha,Technician
E102358,2025-01-22 23:14:00,MX-202,Line-C,night,Maintenance,Inspection,low,24,6,2,Bravo,Engineer
E102303,2025-01-22 23:22:00,MX-101,Line-A,night,Alarm,PressureDrop,medium,46,21,19,Charlie,Technician
E102373,2025-01-22 23:28:00,MX-202,Line-C,night,Safety,EStop,high,13,8,2,Charlie,AutoReset
E102486,2025-01-23 00:08:00,MX-201,Line-C,night,Quality,DimensionDrift,high,20,1,119,Alpha,Engineer
E102453,2025-01-23 00:12:00,MX-101,Line-A,night,Alarm,Overheat,medium,8,4,5,Delta,Operator
E102459,2025-01-23 00:16:00,MX-202,Line-C,night,Maintenance,FilterChange,low,45,14,7,Bravo,Technician
E102446,2025-01-23 00:34:00,MX-103,Line-B,night,Alarm,HighVibration,high,11,10,7,Alpha,AutoReset
E102466,2025-01-23 01:45:00,MX-201,Line-C,night,Warning,TempTrend,low,5,0,0,Charlie,AutoReset
E102397,2025-01-23 02:00:00,MX-201,Line-C,night,Warning,EnergySpike,medium,8,0,0,Bravo,AutoReset
E102480,2025-01-23 02:01:00,MX-101,Line-A,night,Warning,PressureTrend,low,4,0,0,Alpha,Engineer
E102422,2025-01-23 02:01:00,MX-101,Line-A,night,Quality,MaterialMismatch,high,16,3,72,Bravo,AutoReset
E102487,2025-01-23 02:28:00,MX-101,Line-A,night,Quality,VisionReject,high,26,6,160,Delta,Technician
E102427,2025-01-23 02:31:00,MX-201,Line-C,night,Alarm,PressureDrop,high,49,27,49,Delta,Technician
E102420,2025-01-23 02:40:00,MX-202,Line-C,night,Quality,VisionReject,low,26,4,133,Bravo,Technician
E102410,2025-01-23 02:47:00,MX-101,Line-A,night,Warning,EnergySpike,medium,14,1,0,Delta,AutoReset
E102434,2025-01-23 03:01:00,MX-103,Line-B,night,Warning,VibrationTrend,medium,10,0,0,Delta,Operator
E102447,2025-01-23 03:05:00,MX-201,Line-C,night,Alarm,Overheat,high,29,19,27,Delta,AutoReset
E102457,2025-01-23 03:25:00,MX-101,Line-A,night,Setup,FixtureAdjustment,low,77,69,45,Delta,AutoReset
E102451,2025-01-23 03:30:00,MX-201,Line-C,night,Warning,TempTrend,low,4,0,0,Charlie,AutoReset
E102388,2025-01-23 03:32:00,MX-202,Line-C,night,Quality,DimensionDrift,medium,2,0,9,Charlie,Technician
E102465,2025-01-23 03:38:00,MX-103,Line-B,night,Maintenance,FilterChange,low,18,8,2,Bravo,Operator
E102474,2025-01-23 03:47:00,MX-202,Line-C,night,Quality,DimensionDrift,medium,19,2,131,Delta,Engineer
E102483,2025-01-23 03:48:00,MX-201,Line-C,night,Warning,EnergySpike,medium,40,3,1,Charlie,Technician
E102426,2025-01-23 04:00:00,MX-103,Line-B,night,Quality,MaterialMismatch,medium,7,0,27,Alpha,Supervisor
E102416,2025-01-23 05:06:00,MX-102,Line-A,night,Alarm,PressureDrop,medium,26,13,15,Alpha,Technician
E102437,2025-01-23 05:12:00,MX-102,Line-A,night,Setup,ToolChange,low,97,92,91,Alpha,Supervisor
E102491,2025-01-23 05:18:00,MX-102,Line-A,night,Alarm,HighVibration,high,38,31,25,Alpha,Supervisor
E102449,2025-01-23 05:27:00,MX-102,Line-A,night,Quality,MaterialMismatch,high,2,0,11,Alpha,Supervisor
E102415,2025-01-23 05:38:00,MX-101,Line-A,night,Alarm,Overheat,critical,5,2,3,Bravo,Technician
E102431,2025-01-23 05:38:00,MX-202,Line-C,night,Quality,VisionReject,medium,27,0,115,Charlie,Engineer
E102467,2025-01-23 05:39:00,MX-202,Line-C,night,Quality,DimensionDrift,low,26,8,74,Alpha,Engineer
E102444,2025-01-23 05:40:00,MX-103,Line-B,night,Setup,RecipeChange,medium,38,37,30,Bravo,Technician
E102472,2025-01-23 05:40:00,MX-103,Line-B,night,Alarm,SensorFailure,medium,5,4,5,Delta,Technician
E102408,2025-01-23 05:44:00,MX-202,Line-C,night,Setup,RecipeChange,low,67,66,18,Charlie,Engineer
E102494,2025-01-23 05:44:00,MX-201,Line-C,night,Setup,RecipeChange,low,26,25,10,Charlie,Operator
E102412,2025-01-23 05:51:00,MX-103,Line-B,night,Setup,RecipeChange,medium,22,19,12,Alpha,Technician
E102396,2025-01-23 05:58:00,MX-202,Line-C,night,Setup,ToolChange,low,52,45,25,Delta,AutoReset
E102471,2025-01-23 06:06:00,MX-101,Line-A,morning,Alarm,MotorOverload,high,8,7,12,Alpha,Engineer
E102414,2025-01-23 06:13:00,MX-202,Line-C,morning,Maintenance,Inspection,high,94,36,19,Charlie,Technician
E102395,2025-01-23 06:15:00,MX-202,Line-C,morning,Alarm,Overheat,critical,62,58,111,Delta,Operator
E102436,2025-01-23 06:20:00,MX-202,Line-C,morning,Quality,VisionReject,low,5,0,15,Delta,Supervisor
E102469,2025-01-23 07:02:00,MX-201,Line-C,morning,Warning,EnergySpike,medium,3,0,0,Bravo,Technician
E102387,2025-01-23 07:09:00,MX-102,Line-A,morning,Setup,FixtureAdjustment,medium,25,21,14,Charlie,Operator
E102482,2025-01-23 07:16:00,MX-101,Line-A,morning,Safety,AreaBreach,medium,13,8,10,Delta,AutoReset
E102492,2025-01-23 07:16:00,MX-101,Line-A,morning,Quality,SurfaceDefect,high,9,1,44,Delta,Operator
E102455,2025-01-23 07:17:00,MX-101,Line-A,morning,Maintenance,Inspection,low,26,14,7,Bravo,Technician
E102430,2025-01-23 07:33:00,MX-101,Line-A,morning,Quality,SurfaceDefect,medium,10,2,62,Charlie,Supervisor
E102475,2025-01-23 07:35:00,MX-201,Line-C,morning,Quality,SurfaceDefect,medium,35,7,136,Bravo,Operator
E102479,2025-01-23 07:51:00,MX-103,Line-B,morning,Setup,FixtureAdjustment,low,22,17,13,Charlie,Engineer
E102428,2025-01-23 08:02:00,MX-102,Line-A,morning,Warning,TempTrend,low,9,1,0,Bravo,Technician
E102484,2025-01-23 08:23:00,MX-202,Line-C,morning,Quality,MaterialMismatch,low,19,5,108,Bravo,Operator
E102403,2025-01-23 08:25:00,MX-103,Line-B,morning,Maintenance,BearingReplacement,low,60,28,12,Alpha,Operator
E102496,2025-01-23 09:00:00,MX-102,Line-A,morning,Warning,PressureTrend,medium,3,0,0,Bravo,Engineer
E102435,2025-01-23 10:04:00,MX-102,Line-A,morning,Safety,AreaBreach,high,12,9,3,Charlie,AutoReset
E102425,2025-01-23 10:08:00,MX-101,Line-A,morning,Alarm,MotorOverload,critical,65,58,83,Alpha,Technician
E102409,2025-01-23 10:23:00,MX-202,Line-C,morning,Setup,RecipeChange,low,37,29,9,Alpha,Supervisor
E102390,2025-01-23 10:26:00,MX-103,Line-B,morning,Maintenance,FilterChange,low,62,25,10,Alpha,Operator
E102438,2025-01-23 10:44:00,MX-101,Line-A,morning,Setup,ToolChange,medium,21,19,5,Alpha,Supervisor
E102398,2025-01-23 11:00:00,MX-101,Line-A,morning,Safety,GuardOpen,medium,7,3,1,Delta,Operator
E102392,2025-01-23 11:46:00,MX-201,Line-C,morning,Quality,MaterialMismatch,medium,18,0,94,Alpha,Operator
E102413,2025-01-23 11:52:00,MX-103,Line-B,morning,Warning,TempTrend,low,6,0,0,Bravo,Supervisor
E102411,2025-01-23 12:04:00,MX-102,Line-A,morning,Warning,VibrationTrend,low,20,2,0,Alpha,AutoReset
E102477,2025-01-23 12:15:00,MX-101,Line-A,morning,Maintenance,Lubrication,medium,65,32,26,Bravo,Engineer
E102463,2025-01-23 12:22:00,MX-202,Line-C,morning,Quality,SurfaceDefect,medium,50,1,184,Bravo,Operator
E102473,2025-01-23 12:45:00,MX-102,Line-A,morning,Warning,VibrationTrend,high,11,1,0,Delta,Supervisor
E102461,2025-01-23 12:55:00,MX-103,Line-B,morning,Alarm,MotorOverload,critical,30,20,37,Delta,Technician
E102454,2025-01-23 12:57:00,MX-103,Line-B,morning,Quality,MaterialMismatch,high,11,3,74,Charlie,Technician
E102440,2025-01-23 13:02:00,MX-101,Line-A,morning,Quality,SurfaceDefect,low,49,12,273,Delta,Operator
E102490,2025-01-23 13:14:00,MX-202,Line-C,morning,Maintenance,BearingReplacement,medium,42,31,16,Bravo,AutoReset
E102417,2025-01-23 13:19:00,MX-103,Line-B,morning,Setup,ToolChange,medium,45,38,38,Bravo,Operator
E102495,2025-01-23 13:19:00,MX-102,Line-A,morning,Setup,RecipeChange,low,42,35,15,Delta,Operator
E102423,2025-01-23 13:32:00,MX-102,Line-A,morning,Alarm,HighVibration,critical,55,29,40,Charlie,AutoReset
E102402,2025-01-23 13:34:00,MX-103,Line-B,morning,Quality,MaterialMismatch,high,8,0,25,Charlie,AutoReset
E102400,2025-01-23 13:42:00,MX-103,Line-B,morning,Warning,EnergySpike,low,32,2,1,Bravo,Engineer
E102419,2025-01-23 13:45:00,MX-102,Line-A,morning,Warning,TempTrend,medium,12,1,0,Delta,Technician
E102393,2025-01-23 13:46:00,MX-202,Line-C,morning,Setup,FixtureAdjustment,medium,55,40,22,Charlie,Technician
E102468,2025-01-23 14:23:00,MX-103,Line-B,evening,Safety,GuardOpen,critical,10,6,6,Bravo,Engineer
E102481,2025-01-23 14:37:00,MX-102,Line-A,evening,Setup,FixtureAdjustment,medium,66,55,20,Charlie,Engineer
E102441,2025-01-23 14:48:00,MX-201,Line-C,evening,Setup,RecipeChange,medium,35,29,8,Bravo,Engineer
E102489,2025-01-23 14:54:00,MX-102,Line-A,evening,Alarm,Overheat,high,39,18,35,Alpha,Operator
E102493,2025-01-23 14:56:00,MX-101,Line-A,evening,Warning,PressureTrend,low,24,0,0,Alpha,Supervisor
E102488,2025-01-23 15:26:00,MX-201,Line-C,evening,Setup,ToolChange,medium,36,26,6,Delta,Operator
E102391,2025-01-23 15:47:00,MX-102,Line-A,evening,Alarm,HighVibration,low,34,32,28,Bravo,Engineer
E102421,2025-01-23 15:49:00,MX-102,Line-A,evening,Warning,VibrationTrend,low,6,0,0,Charlie,AutoReset
E102476,2025-01-23 16:06:00,MX-101,Line-A,evening,Quality,MaterialMismatch,medium,3,0,6,Bravo,Engineer
E102432,2025-01-23 16:26:00,MX-101,Line-A,evening,Warning,PressureTrend,low,3,0,0,Charlie,Technician
E102445,2025-01-23 16:36:00,MX-202,Line-C,evening,Maintenance,BearingReplacement,high,40,19,18,Bravo,Technician
E102442,2025-01-23 17:03:00,MX-101,Line-A,evening,Warning,PressureTrend,high,1,0,0,Delta,Engineer
E102456,2025-01-23 17:09:00,MX-202,Line-C,evening,Safety,DoorInterlock,high,40,25,7,Alpha,Technician
E102401,2025-01-23 17:36:00,MX-101,Line-A,evening,Safety,DoorInterlock,medium,30,29,24,Charlie,Technician
E102405,2025-01-23 17:57:00,MX-103,Line-B,evening,Alarm,HighVibration,medium,16,13,22,Charlie,AutoReset
E102478,2025-01-23 18:22:00,MX-102,Line-A,evening,Warning,VibrationTrend,low,5,0,0,Charlie,Technician
E102462,2025-01-23 18:34:00,MX-201,Line-C,evening,Warning,PressureTrend,low,1,0,0,Delta,Engineer
E102407,2025-01-23 19:46:00,MX-201,Line-C,evening,Alarm,PressureDrop,critical,35,30,58,Bravo,Technician
E102443,2025-01-23 20:16:00,MX-102,Line-A,evening,Alarm,Overheat,high,15,9,18,Bravo,AutoReset
E102394,2025-01-23 20:28:00,MX-103,Line-B,evening,Alarm,Overheat,high,9,6,12,Charlie,Supervisor
E102433,2025-01-23 20:52:00,MX-103,Line-B,evening,Quality,MaterialMismatch,low,4,1,25,Bravo,Operator
E102452,2025-01-23 21:02:00,MX-202,Line-C,evening,Quality,MaterialMismatch,high,11,3,72,Bravo,Operator
E102439,2025-01-23 21:42:00,MX-101,Line-A,evening,Quality,VisionReject,medium,8,2,22,Alpha,Supervisor
E102404,2025-01-23 22:00:00,MX-103,Line-B,night,Setup,ToolChange,medium,68,51,48,Charlie,AutoReset
E102429,2025-01-23 22:08:00,MX-102,Line-A,night,Warning,VibrationTrend,medium,4,0,0,Alpha,Technician
E102406,2025-01-23 22:10:00,MX-202,Line-C,night,Setup,ToolChange,medium,119,91,57,Delta,AutoReset
E102485,2025-01-23 22:14:00,MX-102,Line-A,night,Quality,DimensionDrift,high,20,2,51,Bravo,Technician
E102399,2025-01-23 22:14:00,MX-102,Line-A,night,Alarm,MotorOverload,low,10,9,8,Bravo,Engineer
E102458,2025-01-23 22:31:00,MX-201,Line-C,night,Alarm,Overheat,high,59,55,91,Alpha,Engineer
E102389,2025-01-23 22:41:00,MX-102,Line-A,night,Alarm,SensorFailure,medium,62,29,21,Charlie,Technician
E102460,2025-01-23 23:00:00,MX-201,Line-C,night,Maintenance,FilterChange,medium,64,37,7,Bravo,Operator
E102448,2025-01-23 23:03:00,MX-201,Line-C,night,Alarm,SensorFailure,high,47,29,23,Alpha,Supervisor
E102464,2025-01-23 23:10:00,MX-202,Line-C,night,Setup,ToolChange,low,11,10,2,Alpha,Technician
E102418,2025-01-23 23:13:00,MX-103,Line-B,night,Safety,AreaBreach,critical,7,3,1,Delta,Supervisor
E102424,2025-01-23 23:50:00,MX-101,Line-A,night,Maintenance,Inspection,medium,124,92,74,Bravo,Engineer
E102450,2025-01-23 23:52:00,MX-102,Line-A,night,Alarm,SensorFailure,high,45,21,18,Bravo,Technician
E102470,2025-01-23 23:58:00,MX-103,Line-B,night,Warning,EnergySpike,low,3,0,0,Bravo,Operator
E102513,2025-01-24 00:17:00,MX-101,Line-A,night,Setup,ToolChange,low,30,25,10,Delta,AutoReset
E102603,2025-01-24 00:48:00,MX-202,Line-C,night,Warning,VibrationTrend,low,16,1,0,Alpha,Operator
E102580,2025-01-24 01:36:00,MX-202,Line-C,night,Quality,VisionReject,low,20,4,91,Charlie,Operator
E102605,2025-01-24 01:49:00,MX-102,Line-A,night,Maintenance,Lubrication,medium,22,9,2,Charlie,Operator
E102579,2025-01-24 02:06:00,MX-201,Line-C,night,Warning,VibrationTrend,low,10,1,0,Alpha,Technician
E102597,2025-01-24 02:30:00,MX-101,Line-A,night,Setup,FixtureAdjustment,low,30,24,5,Delta,Technician
E102538,2025-01-24 02:59:00,MX-201,Line-C,night,Safety,EStop,high,18,14,6,Bravo,Supervisor
E102553,2025-01-24 03:03:00,MX-202,Line-C,night,Alarm,Overheat,medium,48,22,46,Delta,Operator
E102535,2025-01-24 03:18:00,MX-103,Line-B,night,Setup,ToolChange,medium,39,27,5,Delta,Operator
E102549,2025-01-24 03:27:00,MX-101,Line-A,night,Warning,EnergySpike,low,2,0,0,Bravo,Engineer
E102539,2025-01-24 03:49:00,MX-102,Line-A,night,Warning,TempTrend,low,8,0,0,Charlie,Technician
E102577,2025-01-24 03:54:00,MX-202,Line-C,night,Quality,MaterialMismatch,medium,5,1,23,Delta,Supervisor
E102528,2025-01-24 04:11:00,MX-101,Line-A,night,Warning,PressureTrend,low,5,0,0,Alpha,Operator
E102533,2025-01-24 04:14:00,MX-201,Line-C,night,Quality,DimensionDrift,medium,29,2,92,Delta,AutoReset
E102547,2025-01-24 04:54:00,MX-101,Line-A,night,Maintenance,BearingReplacement,low,53,26,14,Bravo,Engineer
E102559,2025-01-24 04:56:00,MX-101,Line-A,night,Warning,PressureTrend,medium,8,0,0,Charlie,AutoReset
E102551,2025-01-24 05:23:00,MX-102,Line-A,night,Setup,ToolChange,low,37,34,35,Delta,Supervisor
E102504,2025-01-24 05:43:00,MX-101,Line-A,night,Quality,VisionReject,high,18,0,93,Alpha,Technician
E102526,2025-01-24 06:16:00,MX-201,Line-C,morning,Alarm,Overheat,high,6,5,9,Charlie,Supervisor
E102530,2025-01-24 06:22:00,MX-102,Line-A,morning,Warning,VibrationTrend,low,19,1,0,Delta,AutoReset
E102593,2025-01-24 06:36:00,MX-201,Line-C,morning,Setup,FixtureAdjustment,low,27,26,12,Alpha,Technician
E102592,2025-01-24 06:45:00,MX-102,Line-A,morning,Warning,PressureTrend,low,10,0,0,Bravo,Technician
E102558,2025-01-24 07:10:00,MX-202,Line-C,morning,Maintenance,Inspection,low,29,17,10,Charlie,Engineer
E102507,2025-01-24 07:16:00,MX-202,Line-C,morning,Setup,FixtureAdjustment,low,18,14,11,Delta,Operator
E102529,2025-01-24 07:18:00,MX-202,Line-C,morning,Setup,FixtureAdjustment,low,78,67,52,Bravo,AutoReset
E102548,2025-01-24 07:25:00,MX-101,Line-A,morning,Maintenance,BearingReplacement,medium,93,61,50,Delta,AutoReset
E102502,2025-01-24 07:34:00,MX-101,Line-A,morning,Alarm,MotorOverload,critical,19,16,28,Bravo,Supervisor
E102511,2025-01-24 07:35:00,MX-103,Line-B,morning,Warning,VibrationTrend,low,10,0,0,Delta,Technician
E102556,2025-01-24 07:36:00,MX-102,Line-A,morning,Alarm,HighVibration,medium,48,37,40,Charlie,Operator
E102585,2025-01-24 07:48:00,MX-202,Line-C,morning,Quality,VisionReject,low,35,3,223,Delta,Operator
E102523,2025-01-24 08:00:00,MX-202,Line-C,morning,Alarm,PressureDrop,high,22,14,23,Delta,Supervisor
E102589,2025-01-24 08:09:00,MX-202,Line-C,morning,Maintenance,FilterChange,low,37,12,4,Bravo,Engineer
E102581,2025-01-24 08:17:00,MX-101,Line-A,morning,Setup,FixtureAdjustment,medium,14,9,1,Delta,AutoReset
E102600,2025-01-24 08:22:00,MX-201,Line-C,morning,Setup,FixtureAdjustment,low,24,17,15,Delta,Engineer
E102573,2025-01-24 08:24:00,MX-102,Line-A,morning,Alarm,Overheat,medium,54,35,26,Bravo,Supervisor
E102560,2025-01-24 08:31:00,MX-101,Line-A,morning,Alarm,HighVibration,medium,91,80,173,Charlie,AutoReset
E102531,2025-01-24 08:34:00,MX-102,Line-A,morning,Warning,EnergySpike,low,35,0,0,Charlie,Operator
E102512,2025-01-24 08:34:00,MX-101,Line-A,morning,Quality,DimensionDrift,high,1,0,5,Delta,Technician
E102555,2025-01-24 09:08:00,MX-102,Line-A,morning,Maintenance,Calibration,high,45,31,17,Delta,Supervisor
E102546,2025-01-24 09:13:00,MX-103,Line-B,morning,Quality,DimensionDrift,medium,46,12,157,Alpha,Technician
E102590,2025-01-24 09:16:00,MX-202,Line-C,morning,Setup,ToolChange,medium,66,61,59,Charlie,Operator
E102570,2025-01-24 10:18:00,MX-103,Line-B,morning,Quality,DimensionDrift,medium,18,2,50,Delta,AutoReset
E102500,2025-01-24 10:21:00,MX-103,Line-B,morning,Maintenance,Lubrication,high,27,19,17,Delta,Engineer
E102497,2025-01-24 10:23:00,MX-103,Line-B,morning,Setup,FixtureAdjustment,low,42,38,41,Charlie,Operator
E102534,2025-01-24 10:32:00,MX-101,Line-A,morning,Alarm,Overheat,medium,46,23,18,Bravo,AutoReset
E102541,2025-01-24 10:38:00,MX-102,Line-A,morning,Warning,TempTrend,medium,6,0,0,Charlie,Operator
E102516,2025-01-24 10:45:00,MX-101,Line-A,morning,Warning,VibrationTrend,low,6,0,0,Charlie,Operator
E102524,2025-01-24 11:03:00,MX-102,Line-A,morning,Maintenance,BearingReplacement,low,59,45,24,Delta,Technician
E102515,2025-01-24 11:03:00,MX-103,Line-B,morning,Warning,EnergySpike,medium,14,1,0,Alpha,Engineer
E102574,2025-01-24 11:21:00,MX-101,Line-A,morning,Maintenance,Lubrication,high,143,66,32,Charlie,Technician
E102596,2025-01-24 11:27:00,MX-101,Line-A,morning,Maintenance,Inspection,high,71,49,48,Alpha,Technician
E102595,2025-01-24 11:39:00,MX-102,Line-A,morning,Setup,FixtureAdjustment,low,64,56,49,Alpha,Operator
E102599,2025-01-24 11:39:00,MX-102,Line-A,morning,Warning,PressureTrend,medium,3,0,0,Bravo,AutoReset
E102543,2025-01-24 11:46:00,MX-103,Line-B,morning,Alarm,MotorOverload,high,44,35,35,Bravo,Technician
E102601,2025-01-24 11:48:00,MX-201,Line-C,morning,Quality,SurfaceDefect,medium,17,3,117,Delta,Engineer
E102536,2025-01-24 11:54:00,MX-201,Line-C,morning,Maintenance,Calibration,low,64,25,15,Alpha,AutoReset
E102594,2025-01-24 12:38:00,MX-201,Line-C,morning,Maintenance,Calibration,medium,150,100,75,Alpha,Technician
E102576,2025-01-24 12:48:00,MX-201,Line-C,morning,Quality,VisionReject,low,14,3,46,Alpha,Supervisor
E102509,2025-01-24 12:58:00,MX-202,Line-C,morning,Alarm,MotorOverload,low,51,48,73,Bravo,Engineer
E102554,2025-01-24 13:12:00,MX-101,Line-A,morning,Safety,AreaBreach,high,1,0,0,Alpha,Technician
E102521,2025-01-24 13:59:00,MX-103,Line-B,morning,Setup,ToolChange,low,10,7,1,Bravo,Engineer
E102564,2025-01-24 14:14:00,MX-102,Line-A,evening,Warning,EnergySpike,low,4,0,0,Delta,Engineer
E102602,2025-01-24 14:15:00,MX-102,Line-A,evening,Quality,MaterialMismatch,medium,14,1,67,Charlie,Operator
E102569,2025-01-24 14:38:00,MX-201,Line-C,evening,Quality,VisionReject,low,41,9,285,Charlie,Operator
E102578,2025-01-24 14:41:00,MX-103,Line-B,evening,Warning,EnergySpike,medium,1,0,0,Bravo,Supervisor
E102540,2025-01-24 15:03:00,MX-102,Line-A,evening,Alarm,MotorOverload,medium,31,18,36,Bravo,Technician
E102498,2025-01-24 15:15:00,MX-201,Line-C,evening,Setup,FixtureAdjustment,low,59,49,42,Bravo,Engineer
E102572,2025-01-24 15:20:00,MX-103,Line-B,evening,Safety,AreaBreach,high,2,1,0,Alpha,Technician
E102501,2025-01-24 15:29:00,MX-103,Line-B,evening,Alarm,HighVibration,high,23,12,24,Charlie,AutoReset
E102544,2025-01-24 15:45:00,MX-101,Line-A,evening,Safety,EStop,medium,24,17,5,Alpha,Supervisor
E102514,2025-01-24 15:51:00,MX-201,Line-C,evening,Alarm,SensorFailure,high,4,3,6,Bravo,AutoReset
E102525,2025-01-24 15:56:00,MX-102,Line-A,evening,Alarm,MotorOverload,medium,33,28,52,Delta,Operator
E102542,2025-01-24 16:24:00,MX-202,Line-C,evening,Maintenance,FilterChange,low,77,52,33,Delta,Engineer
E102499,2025-01-24 16:26:00,MX-201,Line-C,evening,Alarm,PressureDrop,low,27,18,28,Alpha,Technician
E102508,2025-01-24 16:28:00,MX-202,Line-C,evening,Warning,VibrationTrend,medium,19,2,0,Bravo,Technician
E102566,2025-01-24 16:37:00,MX-103,Line-B,evening,Quality,VisionReject,high,1,0,5,Bravo,Operator
E102520,2025-01-24 16:40:00,MX-101,Line-A,evening,Maintenance,Inspection,low,59,17,10,Alpha,Technician
E102604,2025-01-24 16:46:00,MX-201,Line-C,evening,Maintenance,Calibration,low,66,26,14,Alpha,AutoReset
E102587,2025-01-24 16:48:00,MX-202,Line-C,evening,Setup,ToolChange,medium,24,23,16,Alpha,Engineer
E102591,2025-01-24 16:48:00,MX-103,Line-B,evening,Quality,SurfaceDefect,medium,8,2,18,Bravo,Operator
E102503,2025-01-24 17:04:00,MX-102,Line-A,evening,Warning,VibrationTrend,low,6,0,0,Alpha,Supervisor
E102537,2025-01-24 17:28:00,MX-202,Line-C,evening,Setup,ToolChange,medium,57,45,30,Delta,Operator
E102550,2025-01-24 17:55:00,MX-101,Line-A,evening,Warning,PressureTrend,low,1,0,0,Bravo,AutoReset
E102505,2025-01-24 17:59:00,MX-103,Line-B,evening,Warning,VibrationTrend,medium,18,1,0,Delta,Technician
E102588,2025-01-24 18:21:00,MX-102,Line-A,evening,Maintenance,BearingReplacement,medium,39,13,2,Bravo,Engineer
E102575,2025-01-24 18:24:00,MX-201,Line-C,evening,Setup,ToolChange,medium,54,43,12,Delta,Operator
E102584,2025-01-24 18:29:00,MX-101,Line-A,evening,Maintenance,BearingReplacement,medium,102,69,53,Bravo,Engineer
E102571,2025-01-24 18:38:00,MX-103,Line-B,evening,Setup,FixtureAdjustment,medium,15,11,10,Bravo,AutoReset
E102506,2025-01-24 19:50:00,MX-202,Line-C,evening,Warning,EnergySpike,low,5,0,0,Bravo,AutoReset
E102518,2025-01-24 19:50:00,MX-102,Line-A,evening,Setup,FixtureAdjustment,medium,77,63,28,Bravo,Engineer
E102598,2025-01-24 20:21:00,MX-101,Line-A,evening,Maintenance,Lubrication,medium,41,22,6,Bravo,Supervisor
E102568,2025-01-24 20:50:00,MX-101,Line-A,evening,Maintenance,Inspection,low,38,28,9,Delta,Engineer
E102567,2025-01-24 20:51:00,MX-101,Line-A,evening,Warning,EnergySpike,low,17,1,0,Bravo,Engineer
E102510,2025-01-24 20:53:00,MX-101,Line-A,evening,Maintenance,Lubrication,medium,100,77,43,Delta,Operator
E102517,2025-01-24 21:14:00,MX-102,Line-A,evening,Maintenance,FilterChange,low,76,52,49,Bravo,Operator
E102563,2025-01-24 21:26:00,MX-202,Line-C,evening,Maintenance,Calibration,low,31,24,23,Alpha,Operator
E102586,2025-01-24 21:37:00,MX-101,Line-A,evening,Warning,PressureTrend,low,6,0,0,Bravo,Technician
E102522,2025-01-24 21:52:00,MX-102,Line-A,evening,Warning,TempTrend,medium,6,0,0,Charlie,Operator
E102562,2025-01-24 21:56:00,MX-101,Line-A,evening,Quality,DimensionDrift,medium,2,0,10,Delta,Engineer
E102532,2025-01-24 21:58:00,MX-102,Line-A,evening,Alarm,Overheat,medium,49,46,57,Charlie,Technician
E102545,2025-01-24 21:59:00,MX-102,Line-A,evening,Maintenance,BearingReplacement,high,29,13,4,Alpha,Technician
E102519,2025-01-24 22:01:00,MX-101,Line-A,night,Quality,DimensionDrift,medium,11,2,30,Alpha,Technician
E102552,2025-01-24 23:03:00,MX-202,Line-C,night,Maintenance,Lubrication,medium,65,19,14,Delta,Technician
E102557,2025-01-24 23:13:00,MX-102,Line-A,night,Setup,RecipeChange,low,39,28,16,Alpha,Technician
E102565,2025-01-24 23:31:00,MX-101,Line-A,night,Alarm,MotorOverload,medium,84,63,58,Delta,Technician
E102527,2025-01-24 23:39:00,MX-103,Line-B,night,Setup,FixtureAdjustment,low,31,27,18,Bravo,AutoReset
E102582,2025-01-24 23:42:00,MX-102,Line-A,night,Warning,EnergySpike,low,8,0,0,Alpha,Operator
E102561,2025-01-24 23:53:00,MX-101,Line-A,night,Alarm,MotorOverload,medium,114,100,218,Alpha,Technician
E102583,2025-01-24 23:58:00,MX-101,Line-A,night,Setup,RecipeChange,low,40,39,11,Alpha,Technician
E102639,2025-01-25 00:07:00,MX-202,Line-C,night,Setup,RecipeChange,low,44,40,25,Charlie,Technician
E102625,2025-01-25 00:15:00,MX-202,Line-C,night,Setup,FixtureAdjustment,medium,50,47,40,Bravo,Engineer
E102648,2025-01-25 00:34:00,MX-101,Line-A,night,Warning,TempTrend,low,11,0,0,Charlie,Technician
E102622,2025-01-25 03:30:00,MX-202,Line-C,night,Warning,TempTrend,low,22,1,0,Alpha,Technician
E102620,2025-01-25 03:53:00,MX-202,Line-C,night,Setup,FixtureAdjustment,low,15,13,3,Charlie,AutoReset
E102656,2025-01-25 04:20:00,MX-102,Line-A,night,Warning,TempTrend,low,26,1,0,Bravo,Engineer
E102633,2025-01-25 04:55:00,MX-102,Line-A,night,Alarm,MotorOverload,high,41,26,34,Bravo,Operator
E102635,2025-01-25 04:56:00,MX-101,Line-A,night,Warning,TempTrend,low,7,0,0,Alpha,Operator
E102631,2025-01-25 05:14:00,MX-103,Line-B,night,Setup,ToolChange,low,65,52,40,Alpha,AutoReset
E102644,2025-01-25 06:39:00,MX-102,Line-A,morning,Maintenance,BearingReplacement,low,85,42,28,Delta,Technician
E102653,2025-01-25 06:46:00,MX-101,Line-A,morning,Safety,EStop,high,30,16,10,Delta,AutoReset
E102624,2025-01-25 06:55:00,MX-103,Line-B,morning,Maintenance,Lubrication,high,86,60,34,Bravo,AutoReset
E102615,2025-01-25 07:02:00,MX-201,Line-C,morning,Setup,ToolChange,low,124,113,104,Bravo,Operator
E102610,2025-01-25 07:40:00,MX-101,Line-A,morning,Setup,RecipeChange,medium,69,54,40,Bravo,Engineer
E102655,2025-01-25 07:47:00,MX-202,Line-C,morning,Alarm,HighVibration,high,53,41,38,Delta,AutoReset
E102626,2025-01-25 08:02:00,MX-103,Line-B,morning,Maintenance,FilterChange,medium,49,36,34,Bravo,Supervisor
E102614,2025-01-25 08:08:00,MX-103,Line-B,morning,Maintenance,Calibration,medium,110,63,56,Bravo,AutoReset
E102623,2025-01-25 08:12:00,MX-201,Line-C,morning,Alarm,Overheat,critical,30,27,37,Bravo,Supervisor
E102646,2025-01-25 09:04:00,MX-102,Line-A,morning,Setup,RecipeChange,low,40,28,28,Delta,Engineer
E102630,2025-01-25 09:23:00,MX-202,Line-C,morning,Maintenance,BearingReplacement,low,96,73,49,Bravo,Technician
E102629,2025-01-25 09:53:00,MX-101,Line-A,morning,Safety,EStop,high,76,64,75,Alpha,AutoReset
E102611,2025-01-25 10:01:00,MX-103,Line-B,morning,Quality,VisionReject,high,4,0,12,Bravo,AutoReset
E102619,2025-01-25 10:27:00,MX-103,Line-B,morning,Maintenance,FilterChange,low,53,42,29,Alpha,AutoReset
E102621,2025-01-25 11:16:00,MX-102,Line-A,morning,Warning,PressureTrend,low,4,0,0,Bravo,AutoReset
E102618,2025-01-25 11:21:00,MX-101,Line-A,morning,Alarm,SensorFailure,high,89,63,130,Delta,Operator
E102606,2025-01-25 11:39:00,MX-201,Line-C,morning,Setup,FixtureAdjustment,low,55,43,15,Charlie,Technician
E102607,2025-01-25 11:51:00,MX-102,Line-A,morning,Quality,SurfaceDefect,high,19,1,84,Alpha,Operator
E102641,2025-01-25 11:58:00,MX-201,Line-C,morning,Alarm,MotorOverload,high,20,11,21,Bravo,Operator
E102613,2025-01-25 12:05:00,MX-102,Line-A,morning,Maintenance,BearingReplacement,low,62,37,27,Alpha,Technician
E102609,2025-01-25 12:30:00,MX-101,Line-A,morning,Setup,FixtureAdjustment,low,8,6,1,Bravo,Technician
E102634,2025-01-25 12:59:00,MX-101,Line-A,morning,Quality,DimensionDrift,medium,16,4,40,Alpha,Operator
E102657,2025-01-25 13:12:00,MX-102,Line-A,morning,Maintenance,Lubrication,low,62,49,12,Alpha,Technician
E102647,2025-01-25 13:35:00,MX-101,Line-A,morning,Maintenance,Lubrication,low,49,37,17,Charlie,Engineer
E102640,2025-01-25 13:36:00,MX-202,Line-C,morning,Setup,FixtureAdjustment,low,43,37,29,Charlie,Technician
E102642,2025-01-25 14:53:00,MX-202,Line-C,evening,Setup,RecipeChange,low,34,25,6,Charlie,Technician
E102617,2025-01-25 14:54:00,MX-103,Line-B,evening,Alarm,HighVibration,critical,136,85,151,Delta,Operator
E102651,2025-01-25 15:27:00,MX-101,Line-A,evening,Setup,RecipeChange,low,17,15,10,Bravo,Technician
E102637,2025-01-25 15:40:00,MX-201,Line-C,evening,Quality,SurfaceDefect,medium,5,0,21,Charlie,Technician
E102608,2025-01-25 15:43:00,MX-101,Line-A,evening,Safety,DoorInterlock,medium,24,23,7,Charlie,Technician
E102645,2025-01-25 16:02:00,MX-201,Line-C,evening,Warning,EnergySpike,medium,8,0,0,Delta,Engineer
E102643,2025-01-25 16:27:00,MX-202,Line-C,evening,Alarm,Overheat,medium,67,43,83,Delta,Operator
E102649,2025-01-25 16:31:00,MX-103,Line-B,evening,Alarm,SensorFailure,critical,24,23,50,Charlie,Technician
E102636,2025-01-25 17:35:00,MX-103,Line-B,evening,Alarm,HighVibration,high,44,27,22,Charlie,Supervisor
E102616,2025-01-25 18:07:00,MX-202,Line-C,evening,Warning,TempTrend,low,21,2,1,Alpha,Operator
E102650,2025-01-25 18:15:00,MX-202,Line-C,evening,Alarm,PressureDrop,critical,6,5,10,Charlie,AutoReset
E102612,2025-01-25 18:44:00,MX-101,Line-A,evening,Maintenance,Inspection,high,69,48,28,Charlie,Supervisor
E102628,2025-01-25 19:03:00,MX-201,Line-C,evening,Warning,PressureTrend,low,9,0,0,Delta,Engineer
E102632,2025-01-25 19:42:00,MX-201,Line-C,evening,Setup,ToolChange,medium,25,22,15,Delta,AutoReset
E102638,2025-01-25 20:18:00,MX-103,Line-B,evening,Alarm,SensorFailure,medium,23,17,24,Bravo,Technician
E102654,2025-01-25 21:52:00,MX-201,Line-C,evening,Maintenance,Calibration,high,56,16,5,Charlie,AutoReset
E102652,2025-01-25 22:16:00,MX-201,Line-C,night,Maintenance,Lubrication,medium,135,46,11,Delta,Technician
E102627,2025-01-25 22:29:00,MX-101,Line-A,night,Warning,TempTrend,low,7,0,0,Bravo,Technician
E102682,2025-01-26 00:14:00,MX-102,Line-A,night,Safety,AreaBreach,medium,31,18,19,Delta,Technician
E102663,2025-01-26 00:47:00,MX-103,Line-B,night,Alarm,HighVibration,medium,34,22,40,Charlie,AutoReset
E102713,2025-01-26 00:51:00,MX-201,Line-C,night,Setup,ToolChange,low,13,11,2,Bravo,Technician
E102678,2025-01-26 01:03:00,MX-202,Line-C,night,Maintenance,Lubrication,medium,254,108,58,Bravo,Technician
E102707,2025-01-26 01:29:00,MX-202,Line-C,night,Setup,ToolChange,medium,50,46,34,Alpha,Technician
E102727,2025-01-26 01:48:00,MX-101,Line-A,night,Warning,VibrationTrend,medium,19,2,0,Delta,Operator
E102670,2025-01-26 01:49:00,MX-102,Line-A,night,Alarm,SensorFailure,medium,31,30,35,Alpha,Technician
E102669,2025-01-26 02:01:00,MX-102,Line-A,night,Setup,ToolChange,low,73,64,32,Charlie,Technician
E102730,2025-01-26 02:02:00,MX-202,Line-C,night,Warning,TempTrend,low,5,0,0,Charlie,Technician
E102710,2025-01-26 02:25:00,MX-201,Line-C,night,Quality,MaterialMismatch,medium,4,0,17,Bravo,Operator
E102690,2025-01-26 02:31:00,MX-101,Line-A,night,Safety,EStop,high,25,23,34,Alpha,AutoReset
E102676,2025-01-26 02:33:00,MX-101,Line-A,night,Quality,DimensionDrift,low,47,13,294,Bravo,AutoReset
E102724,2025-01-26 04:00:00,MX-201,Line-C,night,Alarm,PressureDrop,medium,36,17,25,Charlie,Technician
E102658,2025-01-26 04:54:00,MX-102,Line-A,night,Safety,EStop,critical,49,45,19,Delta,Operator
E102718,2025-01-26 05:02:00,MX-101,Line-A,night,Setup,FixtureAdjustment,low,20,18,3,Bravo,AutoReset
E102698,2025-01-26 05:35:00,MX-201,Line-C,night,Setup,FixtureAdjustment,low,33,32,28,Alpha,AutoReset
E102700,2025-01-26 06:24:00,MX-101,Line-A,morning,Maintenance,Inspection,low,129,71,53,Charlie,Engineer
E102708,2025-01-26 07:01:00,MX-103,Line-B,morning,Quality,DimensionDrift,medium,10,3,31,Delta,Operator
E102686,2025-01-26 07:03:00,MX-103,Line-B,morning,Warning,EnergySpike,medium,4,0,0,Bravo,Supervisor
E102734,2025-01-26 07:11:00,MX-202,Line-C,morning,Maintenance,BearingReplacement,low,78,56,21,Alpha,Technician
E102701,2025-01-26 07:20:00,MX-101,Line-A,morning,Warning,TempTrend,medium,22,2,1,Alpha,Supervisor
E102681,2025-01-26 08:10:00,MX-101,Line-A,morning,Warning,EnergySpike,low,7,0,0,Bravo,Supervisor
E102705,2025-01-26 08:34:00,MX-103,Line-B,morning,Quality,SurfaceDefect,medium,92,18,464,Delta,Technician
E102738,2025-01-26 08:35:00,MX-201,Line-C,morning,Alarm,HighVibration,low,44,21,34,Charlie,Engineer
E102732,2025-01-26 08:47:00,MX-202,Line-C,morning,Alarm,PressureDrop,critical,91,78,132,Alpha,Operator
E102674,2025-01-26 09:11:00,MX-201,Line-C,morning,Warning,VibrationTrend,high,3,0,0,Charlie,AutoReset
E102737,2025-01-26 09:14:00,MX-103,Line-B,morning,Alarm,MotorOverload,medium,54,32,58,Delta,Operator
E102692,2025-01-26 09:19:00,MX-101,Line-A,morning,Maintenance,Calibration,low,88,32,31,Charlie,AutoReset
E102704,2025-01-26 10:23:00,MX-201,Line-C,morning,Maintenance,FilterChange,medium,81,41,16,Bravo,Supervisor
E102720,2025-01-26 10:33:00,MX-101,Line-A,morning,Warning,VibrationTrend,low,2,0,0,Bravo,Engineer
E102709,2025-01-26 10:51:00,MX-103,Line-B,morning,Warning,TempTrend,low,11,1,0,Alpha,Engineer
E102726,2025-01-26 10:56:00,MX-202,Line-C,morning,Warning,TempTrend,low,3,0,0,Bravo,Technician
E102717,2025-01-26 10:59:00,MX-201,Line-C,morning,Alarm,MotorOverload,critical,58,31,66,Delta,Technician
E102733,2025-01-26 11:00:00,MX-201,Line-C,morning,Quality,SurfaceDefect,high,32,6,106,Alpha,AutoReset
E102666,2025-01-26 11:06:00,MX-103,Line-B,morning,Warning,PressureTrend,medium,12,0,0,Charlie,AutoReset
E102706,2025-01-26 11:19:00,MX-201,Line-C,morning,Warning,EnergySpike,low,2,0,0,Delta,Technician
E102679,2025-01-26 11:20:00,MX-101,Line-A,morning,Maintenance,Inspection,low,74,26,21,Delta,Technician
E102703,2025-01-26 11:21:00,MX-102,Line-A,morning,Setup,RecipeChange,low,17,16,17,Charlie,AutoReset
E102661,2025-01-26 11:34:00,MX-103,Line-B,morning,Setup,RecipeChange,low,25,20,19,Delta,Technician
E102711,2025-01-26 12:09:00,MX-201,Line-C,morning,Setup,RecipeChange,medium,8,7,3,Bravo,Technician
E102691,2025-01-26 13:17:00,MX-103,Line-B,morning,Quality,MaterialMismatch,high,40,1,119,Alpha,Engineer
E102662,2025-01-26 13:22:00,MX-102,Line-A,morning,Warning,PressureTrend,low,1,0,0,Delta,Operator
E102688,2025-01-26 14:12:00,MX-102,Line-A,evening,Safety,GuardOpen,medium,2,1,1,Charlie,Engineer
E102702,2025-01-26 14:25:00,MX-201,Line-C,evening,Warning,VibrationTrend,low,12,0,0,Delta,Technician
E102693,2025-01-26 14:28:00,MX-202,Line-C,evening,Safety,DoorInterlock,high,22,17,10,Delta,Operator
E102671,2025-01-26 15:15:00,MX-101,Line-A,evening,Quality,MaterialMismatch,low,18,0,65,Bravo,Supervisor
E102683,2025-01-26 15:18:00,MX-101,Line-A,evening,Safety,DoorInterlock,critical,5,2,2,Bravo,AutoReset
E102695,2025-01-26 16:23:00,MX-102,Line-A,evening,Quality,SurfaceDefect,medium,12,1,76,Delta,AutoReset
E102677,2025-01-26 16:33:00,MX-101,Line-A,evening,Alarm,SensorFailure,low,51,30,60,Delta,Engineer
E102722,2025-01-26 16:40:00,MX-202,Line-C,evening,Quality,SurfaceDefect,medium,8,0,35,Delta,Technician
E102728,2025-01-26 16:50:00,MX-201,Line-C,evening,Maintenance,Lubrication,medium,53,23,7,Charlie,Operator
E102699,2025-01-26 17:48:00,MX-101,Line-A,evening,Warning,EnergySpike,low,12,1,0,Delta,Technician
E102735,2025-01-26 17:57:00,MX-101,Line-A,evening,Maintenance,Lubrication,medium,55,18,4,Alpha,Technician
E102672,2025-01-26 18:18:00,MX-101,Line-A,evening,Alarm,HighVibration,high,22,20,18,Bravo,Operator
E102668,2025-01-26 18:19:00,MX-102,Line-A,evening,Warning,EnergySpike,low,7,0,0,Charlie,Operator
E102736,2025-01-26 18:49:00,MX-201,Line-C,evening,Quality,VisionReject,medium,28,0,146,Bravo,Engineer
E102664,2025-01-26 19:17:00,MX-101,Line-A,evening,Maintenance,Inspection,low,61,30,12,Bravo,Technician
E102687,2025-01-26 19:23:00,MX-202,Line-C,evening,Setup,RecipeChange,low,104,102,29,Delta,Engineer
E102723,2025-01-26 19:24:00,MX-101,Line-A,evening,Quality,MaterialMismatch,medium,3,0,16,Charlie,Engineer
E102680,2025-01-26 19:34:00,MX-201,Line-C,evening,Maintenance,Inspection,low,119,47,17,Charlie,AutoReset
E102675,2025-01-26 19:38:00,MX-101,Line-A,evening,Quality,SurfaceDefect,low,7,2,34,Bravo,Technician
E102715,2025-01-26 19:48:00,MX-101,Line-A,evening,Warning,TempTrend,low,8,0,0,Delta,Operator
E102659,2025-01-26 20:41:00,MX-103,Line-B,evening,Warning,VibrationTrend,low,8,0,0,Bravo,Technician
E102731,2025-01-26 20:53:00,MX-103,Line-B,evening,Setup,FixtureAdjustment,medium,22,15,5,Charlie,Operator
E102729,2025-01-26 20:56:00,MX-201,Line-C,evening,Maintenance,BearingReplacement,high,64,35,20,Delta,Technician
E102660,2025-01-26 21:01:00,MX-101,Line-A,evening,Maintenance,Inspection,medium,30,17,14,Alpha,Technician
E102689,2025-01-26 21:02:00,MX-201,Line-C,evening,Alarm,PressureDrop,medium,25,13,10,Charlie,AutoReset
E102673,2025-01-26 21:09:00,MX-102,Line-A,evening,Setup,ToolChange,medium,20,15,3,Delta,Engineer
E102694,2025-01-26 21:15:00,MX-103,Line-B,evening,Quality,VisionReject,medium,29,9,181,Delta,Technician
E102685,2025-01-26 21:31:00,MX-101,Line-A,evening,Setup,ToolChange,medium,42,30,24,Delta,AutoReset
E102684,2025-01-26 21:31:00,MX-101,Line-A,evening,Quality,SurfaceDefect,medium,3,0,6,Bravo,AutoReset
E102696,2025-01-26 21:32:00,MX-103,Line-B,evening,Maintenance,Calibration,low,90,29,11,Charlie,Technician
E102667,2025-01-26 21:35:00,MX-101,Line-A,evening,Safety,DoorInterlock,medium,58,34,31,Charlie,AutoReset
E102714,2025-01-26 21:53:00,MX-102,Line-A,evening,Warning,EnergySpike,low,12,1,0,Charlie,Operator
E102721,2025-01-26 21:59:00,MX-201,Line-C,evening,Warning,TempTrend,high,6,0,0,Alpha,Operator
E102665,2025-01-26 22:00:00,MX-201,Line-C,night,Maintenance,Inspection,medium,57,42,32,Delta,AutoReset
E102725,2025-01-26 22:21:00,MX-103,Line-B,night,Quality,SurfaceDefect,low,13,2,81,Alpha,Technician
E102697,2025-01-26 22:39:00,MX-101,Line-A,night,Warning,PressureTrend,low,9,0,0,Charlie,Operator
E102712,2025-01-26 22:39:00,MX-101,Line-A,night,Quality,DimensionDrift,high,8,2,42,Delta,Operator
E102719,2025-01-26 23:23:00,MX-102,Line-A,night,Warning,VibrationTrend,medium,4,0,0,Charlie,Engineer
E102716,2025-01-26 23:41:00,MX-201,Line-C,night,Safety,EStop,high,12,10,12,Charlie,Operator
E102765,2025-01-27 00:08:00,MX-201,Line-C,night,Warning,VibrationTrend,low,10,0,0,Charlie,Technician
E102775,2025-01-27 01:07:00,MX-102,Line-A,night,Quality,VisionReject,medium,16,4,88,Charlie,Technician
E102786,2025-01-27 01:17:00,MX-103,Line-B,night,Maintenance,BearingReplacement,low,48,17,12,Charlie,Engineer
E102789,2025-01-27 01:30:00,MX-101,Line-A,night,Alarm,HighVibration,high,33,28,20,Alpha,Technician
E102827,2025-01-27 01:49:00,MX-103,Line-B,night,Warning,PressureTrend,low,2,0,0,Alpha,Operator
E102783,2025-01-27 01:55:00,MX-103,Line-B,night,Quality,VisionReject,low,14,1,95,Delta,Operator
E102776,2025-01-27 02:04:00,MX-202,Line-C,night,Alarm,Overheat,high,98,83,120,Charlie,Operator
E102752,2025-01-27 02:09:00,MX-202,Line-C,night,Maintenance,Calibration,low,69,31,11,Charlie,Engineer
E102774,2025-01-27 02:20:00,MX-101,Line-A,night,Quality,DimensionDrift,high,26,2,53,Delta,AutoReset
E102819,2025-01-27 02:34:00,MX-101,Line-A,night,Alarm,Overheat,high,45,42,57,Bravo,Technician
E102759,2025-01-27 02:34:00,MX-103,Line-B,night,Setup,ToolChange,low,56,48,43,Charlie,Technician
E102781,2025-01-27 02:37:00,MX-202,Line-C,night,Maintenance,BearingReplacement,medium,74,43,18,Charlie,AutoReset
E102837,2025-01-27 02:42:00,MX-101,Line-A,night,Alarm,PressureDrop,high,68,46,32,Charlie,AutoReset
E102832,2025-01-27 02:48:00,MX-202,Line-C,night,Alarm,Overheat,critical,123,79,101,Alpha,Technician
E102836,2025-01-27 03:18:00,MX-202,Line-C,night,Alarm,PressureDrop,critical,26,25,32,Alpha,AutoReset
E102748,2025-01-27 04:00:00,MX-103,Line-B,night,Warning,TempTrend,low,11,1,0,Charlie,AutoReset
E102810,2025-01-27 04:11:00,MX-102,Line-A,night,Warning,TempTrend,low,9,0,0,Bravo,Technician
E102758,2025-01-27 04:22:00,MX-102,Line-A,night,Alarm,HighVibration,low,17,16,35,Delta,Technician
E102817,2025-01-27 04:29:00,MX-102,Line-A,night,Quality,MaterialMismatch,medium,42,6,97,Bravo,AutoReset
E102846,2025-01-27 04:30:00,MX-102,Line-A,night,Warning,TempTrend,medium,6,0,0,Bravo,AutoReset
E102824,2025-01-27 04:31:00,MX-201,Line-C,night,Maintenance,FilterChange,low,53,25,10,Bravo,Supervisor
E102806,2025-01-27 04:43:00,MX-102,Line-A,night,Alarm,MotorOverload,high,122,114,90,Charlie,Engineer
E102750,2025-01-27 04:58:00,MX-102,Line-A,night,Maintenance,Calibration,low,35,15,14,Bravo,Technician
E102797,2025-01-27 05:19:00,MX-102,Line-A,night,Maintenance,Calibration,medium,90,27,14,Charlie,Operator
E102852,2025-01-27 05:47:00,MX-101,Line-A,night,Setup,RecipeChange,low,40,33,36,Bravo,Operator
E102770,2025-01-27 05:56:00,MX-103,Line-B,night,Warning,PressureTrend,medium,5,0,0,Charlie,AutoReset
E102743,2025-01-27 06:20:00,MX-101,Line-A,morning,Maintenance,FilterChange,low,24,10,3,Delta,Operator
E102749,2025-01-27 06:31:00,MX-103,Line-B,morning,Safety,GuardOpen,medium,35,20,23,Delta,Operator
E102751,2025-01-27 06:54:00,MX-103,Line-B,morning,Warning,PressureTrend,medium,5,0,0,Bravo,Operator
E102796,2025-01-27 06:56:00,MX-202,Line-C,morning,Setup,RecipeChange,medium,35,26,16,Delta,Operator
E102791,2025-01-27 07:13:00,MX-103,Line-B,morning,Safety,GuardOpen,high,37,32,8,Alpha,AutoReset
E102761,2025-01-27 07:27:00,MX-201,Line-C,morning,Maintenance,FilterChange,low,84,45,31,Alpha,AutoReset
E102739,2025-01-27 07:28:00,MX-202,Line-C,morning,Quality,SurfaceDefect,high,21,4,67,Alpha,Operator
E102792,2025-01-27 07:33:00,MX-202,Line-C,morning,Setup,FixtureAdjustment,medium,22,17,9,Delta,Technician
E102790,2025-01-27 07:40:00,MX-102,Line-A,morning,Maintenance,Inspection,medium,15,8,6,Alpha,AutoReset
E102741,2025-01-27 07:44:00,MX-102,Line-A,morning,Quality,DimensionDrift,medium,29,8,181,Alpha,AutoReset
E102833,2025-01-27 07:45:00,MX-202,Line-C,morning,Quality,SurfaceDefect,low,43,13,117,Alpha,Operator
E102778,2025-01-27 07:53:00,MX-201,Line-C,morning,Safety,DoorInterlock,high,15,7,9,Delta,Technician
E102838,2025-01-27 07:58:00,MX-103,Line-B,morning,Safety,AreaBreach,critical,77,52,58,Delta,Operator
E102788,2025-01-27 08:02:00,MX-101,Line-A,morning,Alarm,SensorFailure,high,25,15,10,Delta,Supervisor
E102805,2025-01-27 08:03:00,MX-103,Line-B,morning,Maintenance,Inspection,low,84,66,19,Charlie,Technician
E102829,2025-01-27 08:05:00,MX-102,Line-A,morning,Quality,DimensionDrift,medium,1,0,5,Delta,Technician
E102793,2025-01-27 08:39:00,MX-103,Line-B,morning,Maintenance,Inspection,low,39,22,6,Bravo,Technician
E102849,2025-01-27 08:47:00,MX-101,Line-A,morning,Warning,VibrationTrend,medium,4,0,0,Delta,Engineer
E102820,2025-01-27 09:05:00,MX-101,Line-A,morning,Alarm,HighVibration,medium,103,50,97,Charlie,AutoReset
E102767,2025-01-27 09:24:00,MX-102,Line-A,morning,Setup,FixtureAdjustment,low,26,24,9,Alpha,Technician
E102814,2025-01-27 09:37:00,MX-201,Line-C,morning,Alarm,HighVibration,high,17,14,18,Bravo,Technician
E102854,2025-01-27 10:05:00,MX-102,Line-A,morning,Alarm,SensorFailure,high,81,80,171,Alpha,AutoReset
E102815,2025-01-27 10:10:00,MX-103,Line-B,morning,Quality,MaterialMismatch,high,1,0,2,Delta,AutoReset
E102799,2025-01-27 10:11:00,MX-101,Line-A,morning,Setup,FixtureAdjustment,low,34,29,26,Charlie,Technician
E102821,2025-01-27 10:37:00,MX-202,Line-C,morning,Warning,VibrationTrend,medium,5,0,0,Delta,Technician
E102753,2025-01-27 11:10:00,MX-202,Line-C,morning,Warning,TempTrend,medium,10,0,0,Delta,AutoReset
E102856,2025-01-27 11:16:00,MX-102,Line-A,morning,Maintenance,FilterChange,low,99,56,38,Alpha,Operator
E102747,2025-01-27 11:17:00,MX-101,Line-A,morning,Warning,VibrationTrend,low,18,0,0,Alpha,AutoReset
E102746,2025-01-27 11:21:00,MX-102,Line-A,morning,Alarm,SensorFailure,medium,4,3,5,Bravo,AutoReset
E102780,2025-01-27 11:22:00,MX-103,Line-B,morning,Warning,VibrationTrend,medium,9,0,0,Delta,AutoReset
E102762,2025-01-27 11:30:00,MX-102,Line-A,morning,Quality,DimensionDrift,medium,15,4,97,Delta,Operator
E102764,2025-01-27 11:36:00,MX-202,Line-C,morning,Quality,SurfaceDefect,medium,5,1,20,Delta,Supervisor
E102754,2025-01-27 11:36:00,MX-201,Line-C,morning,Alarm,Overheat,high,4,2,1,Alpha,Engineer
E102828,2025-01-27 11:38:00,MX-202,Line-C,morning,Warning,EnergySpike,low,3,0,0,Delta,Technician
E102812,2025-01-27 11:38:00,MX-101,Line-A,morning,Maintenance,FilterChange,low,92,35,26,Alpha,Technician
E102802,2025-01-27 11:43:00,MX-101,Line-A,morning,Maintenance,Calibration,high,91,44,33,Alpha,Technician
E102834,2025-01-27 11:51:00,MX-202,Line-C,morning,Maintenance,Calibration,medium,74,35,10,Bravo,Operator
E102777,2025-01-27 12:13:00,MX-103,Line-B,morning,Alarm,Overheat,medium,61,28,46,Delta,Technician
E102811,2025-01-27 12:14:00,MX-103,Line-B,morning,Maintenance,Calibration,medium,54,36,30,Alpha,Technician
E102850,2025-01-27 12:16:00,MX-201,Line-C,morning,Alarm,Overheat,high,15,13,24,Bravo,Technician
E102773,2025-01-27 12:51:00,MX-102,Line-A,morning,Maintenance,FilterChange,low,78,30,9,Delta,Engineer
E102769,2025-01-27 12:51:00,MX-201,Line-C,morning,Alarm,MotorOverload,high,33,24,22,Delta,AutoReset
E102825,2025-01-27 13:07:00,MX-202,Line-C,morning,Setup,ToolChange,low,79,56,36,Alpha,Operator
E102801,2025-01-27 13:33:00,MX-101,Line-A,morning,Alarm,HighVibration,high,50,45,77,Charlie,Operator
E102823,2025-01-27 13:46:00,MX-202,Line-C,morning,Quality,VisionReject,low,39,10,161,Delta,AutoReset
E102843,2025-01-27 13:47:00,MX-101,Line-A,morning,Maintenance,BearingReplacement,high,28,19,16,Bravo,AutoReset
E102742,2025-01-27 13:53:00,MX-101,Line-A,morning,Alarm,MotorOverload,high,67,56,77,Alpha,Operator
E102853,2025-01-27 14:14:00,MX-201,Line-C,evening,Quality,DimensionDrift,medium,7,0,39,Bravo,Technician
E102830,2025-01-27 14:26:00,MX-103,Line-B,evening,Maintenance,Inspection,low,38,10,5,Alpha,Technician
E102798,2025-01-27 14:28:00,MX-201,Line-C,evening,Safety,DoorInterlock,medium,42,27,10,Bravo,Engineer
E102847,2025-01-27 14:37:00,MX-102,Line-A,evening,Quality,VisionReject,medium,27,2,147,Delta,Technician
E102813,2025-01-27 14:47:00,MX-202,Line-C,evening,Setup,RecipeChange,low,46,45,11,Charlie,Technician
E102818,2025-01-27 14:55:00,MX-103,Line-B,evening,Warning,VibrationTrend,low,1,0,0,Bravo,Technician
E102757,2025-01-27 15:08:00,MX-201,Line-C,evening,Maintenance,FilterChange,high,95,24,8,Delta,Operator
E102840,2025-01-27 15:10:00,MX-102,Line-A,evening,Maintenance,FilterChange,high,27,11,3,Alpha,AutoReset
E102809,2025-01-27 15:32:00,MX-202,Line-C,evening,Warning,VibrationTrend,low,1,0,0,Delta,Engineer
E102851,2025-01-27 15:44:00,MX-103,Line-B,evening,Warning,PressureTrend,low,9,0,0,Bravo,Technician
E102787,2025-01-27 16:04:00,MX-101,Line-A,evening,Alarm,MotorOverload,medium,77,70,91,Bravo,Technician
E102772,2025-01-27 16:11:00,MX-103,Line-B,evening,Maintenance,Calibration,low,201,63,56,Delta,Engineer
E102831,2025-01-27 17:26:00,MX-201,Line-C,evening,Maintenance,BearingReplacement,low,35,10,6,Alpha,Supervisor
E102784,2025-01-27 18:02:00,MX-201,Line-C,evening,Setup,ToolChange,medium,41,35,24,Bravo,AutoReset
E102844,2025-01-27 18:07:00,MX-102,Line-A,evening,Warning,EnergySpike,high,6,0,0,Alpha,Operator
E102803,2025-01-27 18:27:00,MX-202,Line-C,evening,Quality,VisionReject,medium,9,2,32,Bravo,AutoReset
E102855,2025-01-27 18:37:00,MX-101,Line-A,evening,Maintenance,Calibration,medium,67,39,24,Bravo,Engineer
E102794,2025-01-27 18:43:00,MX-201,Line-C,evening,Warning,PressureTrend,medium,1,0,0,Alpha,Operator
E102771,2025-01-27 18:45:00,MX-103,Line-B,evening,Safety,DoorInterlock,medium,5,3,1,Delta,Engineer
E102826,2025-01-27 18:48:00,MX-201,Line-C,evening,Maintenance,Lubrication,low,78,58,17,Charlie,Engineer
E102760,2025-01-27 19:06:00,MX-103,Line-B,evening,Alarm,HighVibration,critical,69,65,118,Delta,Technician
E102816,2025-01-27 19:11:00,MX-202,Line-C,evening,Quality,MaterialMismatch,low,45,11,285,Charlie,Operator
E102807,2025-01-27 19:32:00,MX-103,Line-B,evening,Quality,MaterialMismatch,low,3,0,15,Charlie,Engineer
E102848,2025-01-27 19:54:00,MX-103,Line-B,evening,Quality,MaterialMismatch,medium,31,8,76,Charlie,AutoReset
E102785,2025-01-27 19:55:00,MX-101,Line-A,evening,Warning,TempTrend,medium,7,0,0,Charlie,Engineer
E102808,2025-01-27 20:01:00,MX-201,Line-C,evening,Setup,FixtureAdjustment,low,86,60,57,Delta,Technician
E102740,2025-01-27 20:13:00,MX-101,Line-A,evening,Warning,EnergySpike,medium,9,0,0,Bravo,Operator
E102782,2025-01-27 20:29:00,MX-103,Line-B,evening,Maintenance,Calibration,low,90,48,25,Charlie,Engineer
E102857,2025-01-27 20:29:00,MX-102,Line-A,evening,Warning,PressureTrend,low,8,0,0,Alpha,Operator
E102795,2025-01-27 20:41:00,MX-101,Line-A,evening,Setup,ToolChange,medium,82,62,55,Alpha,Technician
E102841,2025-01-27 20:41:00,MX-101,Line-A,evening,Alarm,PressureDrop,high,45,24,29,Charlie,AutoReset
E102800,2025-01-27 20:59:00,MX-102,Line-A,evening,Alarm,Overheat,high,94,88,75,Charlie,AutoReset
E102763,2025-01-27 21:18:00,MX-202,Line-C,evening,Quality,VisionReject,high,11,2,32,Alpha,Supervisor
E102845,2025-01-27 21:33:00,MX-201,Line-C,evening,Maintenance,BearingReplacement,medium,41,27,22,Bravo,Technician
E102779,2025-01-27 21:41:00,MX-101,Line-A,evening,Maintenance,BearingReplacement,medium,22,13,10,Delta,Supervisor
E102822,2025-01-27 21:46:00,MX-103,Line-B,evening,Quality,DimensionDrift,low,18,3,114,Delta,AutoReset
E102756,2025-01-27 22:10:00,MX-202,Line-C,night,Alarm,PressureDrop,medium,26,11,18,Alpha,Technician
E102745,2025-01-27 22:31:00,MX-202,Line-C,night,Alarm,SensorFailure,high,43,27,46,Delta,Technician
E102842,2025-01-27 22:31:00,MX-202,Line-C,night,Quality,SurfaceDefect,medium,9,0,53,Alpha,Operator
E102755,2025-01-27 22:34:00,MX-103,Line-B,night,Maintenance,Lubrication,medium,73,32,23,Alpha,Engineer
E102766,2025-01-27 22:50:00,MX-101,Line-A,night,Alarm,PressureDrop,critical,48,24,39,Delta,Technician
E102835,2025-01-27 23:10:00,MX-102,Line-A,night,Quality,MaterialMismatch,low,14,2,84,Delta,Technician
E102839,2025-01-27 23:35:00,MX-202,Line-C,night,Warning,VibrationTrend,high,4,0,0,Delta,AutoReset
E102744,2025-01-27 23:37:00,MX-102,Line-A,night,Setup,ToolChange,low,45,37,15,Delta,Technician
E102804,2025-01-27 23:39:00,MX-202,Line-C,night,Quality,MaterialMismatch,medium,10,0,43,Delta,Operator
E102768,2025-01-27 23:48:00,MX-102,Line-A,night,Alarm,MotorOverload,high,41,32,34,Charlie,AutoReset
E102979,2025-01-28 00:08:00,MX-101,Line-A,night,Warning,TempTrend,low,16,1,0,Bravo,Technician
E102878,2025-01-28 00:14:00,MX-201,Line-C,night,Quality,SurfaceDefect,low,18,4,107,Delta,Operator
E102921,2025-01-28 00:17:00,MX-102,Line-A,night,Alarm,HighVibration,high,119,102,202,Alpha,Technician
E102871,2025-01-28 00:20:00,MX-101,Line-A,night,Maintenance,Calibration,low,100,56,24,Delta,Engineer
E102879,2025-01-28 00:28:00,MX-202,Line-C,night,Warning,VibrationTrend,low,12,1,0,Charlie,AutoReset
E102916,2025-01-28 00:40:00,MX-101,Line-A,night,Maintenance,Lubrication,low,82,52,14,Delta,Technician
E102927,2025-01-28 00:53:00,MX-201,Line-C,night,Setup,ToolChange,low,53,37,25,Delta,Engineer
E102858,2025-01-28 01:24:00,MX-102,Line-A,night,Alarm,Overheat,high,27,20,41,Bravo,Technician
E102959,2025-01-28 01:39:00,MX-102,Line-A,night,Alarm,PressureDrop,high,19,9,12,Delta,Operator
E102888,2025-01-28 01:45:00,MX-201,Line-C,night,Maintenance,Lubrication,high,79,61,45,Delta,Supervisor
E102967,2025-01-28 01:51:00,MX-103,Line-B,night,Warning,TempTrend,medium,1,0,0,Delta,Technician
E102866,2025-01-28 01:56:00,MX-201,Line-C,night,Warning,VibrationTrend,low,8,0,0,Bravo,AutoReset
E102949,2025-01-28 01:57:00,MX-102,Line-A,night,Warning,TempTrend,medium,15,0,0,Delta,Technician
E102946,2025-01-28 01:58:00,MX-102,Line-A,night,Alarm,Overheat,low,46,28,35,Delta,Technician
E102890,2025-01-28 01:59:00,MX-103,Line-B,night,Alarm,HighVibration,medium,24,14,25,Charlie,Technician
E102963,2025-01-28 02:10:00,MX-101,Line-A,night,Alarm,SensorFailure,critical,11,10,13,Alpha,Operator
E102900,2025-01-28 02:12:00,MX-103,Line-B,night,Warning,TempTrend,low,7,0,0,Bravo,Technician
E102870,2025-01-28 02:25:00,MX-101,Line-A,night,Maintenance,Calibration,medium,130,99,61,Alpha,Engineer
E102864,2025-01-28 02:25:00,MX-201,Line-C,night,Quality,MaterialMismatch,low,3,0,19,Alpha,AutoReset
E102960,2025-01-28 02:27:00,MX-202,Line-C,night,Maintenance,FilterChange,low,145,109,73,Charlie,Technician
E102928,2025-01-28 02:32:00,MX-201,Line-C,night,Warning,EnergySpike,low,4,0,0,Bravo,Supervisor
E102862,2025-01-28 03:41:00,MX-103,Line-B,night,Warning,VibrationTrend,medium,16,1,0,Alpha,Technician
E102942,2025-01-28 03:52:00,MX-102,Line-A,night,Maintenance,FilterChange,low,153,118,43,Delta,Technician
E102918,2025-01-28 03:58:00,MX-102,Line-A,night,Alarm,Overheat,high,62,47,52,Delta,Operator
E102917,2025-01-28 03:59:00,MX-103,Line-B,night,Alarm,PressureDrop,high,73,69,81,Charlie,AutoReset
E102899,2025-01-28 04:13:00,MX-101,Line-A,night,Alarm,Overheat,critical,19,17,30,Delta,Operator
E102908,2025-01-28 04:13:00,MX-102,Line-A,night,Warning,TempTrend,low,6,0,0,Charlie,Operator
E102875,2025-01-28 04:15:00,MX-101,Line-A,night,Quality,SurfaceDefect,low,4,0,21,Bravo,Supervisor
E102873,2025-01-28 04:54:00,MX-101,Line-A,night,Alarm,HighVibration,medium,40,23,22,Alpha,AutoReset
E102936,2025-01-28 04:59:00,MX-101,Line-A,night,Warning,PressureTrend,medium,17,0,0,Bravo,Engineer
E102958,2025-01-28 05:07:00,MX-103,Line-B,night,Maintenance,Inspection,low,20,7,6,Alpha,Engineer
E102984,2025-01-28 05:09:00,MX-101,Line-A,night,Maintenance,Inspection,medium,59,44,15,Charlie,Operator
E102943,2025-01-28 05:27:00,MX-103,Line-B,night,Warning,EnergySpike,medium,7,0,0,Charlie,Operator
E102950,2025-01-28 05:35:00,MX-103,Line-B,night,Warning,VibrationTrend,low,14,1,0,Charlie,Operator
E102859,2025-01-28 06:03:00,MX-103,Line-B,morning,Quality,DimensionDrift,low,10,0,67,Delta,AutoReset
E102919,2025-01-28 06:07:00,MX-201,Line-C,morning,Maintenance,Calibration,medium,119,79,15,Bravo,Supervisor
E102911,2025-01-28 06:27:00,MX-101,Line-A,morning,Alarm,MotorOverload,low,39,36,60,Bravo,Engineer
E102894,2025-01-28 07:19:00,MX-102,Line-A,morning,Maintenance,Calibration,medium,85,33,9,Alpha,Technician
E102965,2025-01-28 07:25:00,MX-103,Line-B,morning,Warning,TempTrend,low,20,2,0,Alpha,AutoReset
E102877,2025-01-28 07:42:00,MX-101,Line-A,morning,Setup,FixtureAdjustment,low,136,131,39,Delta,Supervisor
E102861,2025-01-28 08:14:00,MX-202,Line-C,morning,Alarm,Overheat,medium,29,22,40,Bravo,AutoReset
E102898,2025-01-28 08:38:00,MX-101,Line-A,morning,Quality,DimensionDrift,medium,3,0,17,Bravo,AutoReset
E102933,2025-01-28 08:51:00,MX-201,Line-C,morning,Maintenance,Lubrication,medium,34,24,12,Delta,Operator
E102886,2025-01-28 08:55:00,MX-202,Line-C,morning,Maintenance,Calibration,low,105,53,47,Delta,Operator
E102887,2025-01-28 09:03:00,MX-103,Line-B,morning,Quality,VisionReject,high,13,0,66,Charlie,AutoReset
E102910,2025-01-28 09:22:00,MX-103,Line-B,morning,Warning,TempTrend,medium,6,0,0,Alpha,Technician
E102939,2025-01-28 09:23:00,MX-201,Line-C,morning,Setup,ToolChange,medium,30,22,19,Alpha,Technician
E102872,2025-01-28 09:23:00,MX-201,Line-C,morning,Setup,FixtureAdjustment,low,27,21,14,Delta,Technician
E102929,2025-01-28 09:42:00,MX-101,Line-A,morning,Alarm,PressureDrop,high,6,5,9,Delta,Operator
E102909,2025-01-28 09:44:00,MX-102,Line-A,morning,Quality,DimensionDrift,medium,3,0,10,Alpha,AutoReset
E102924,2025-01-28 09:50:00,MX-101,Line-A,morning,Maintenance,Lubrication,medium,29,7,6,Delta,AutoReset
E102977,2025-01-28 10:07:00,MX-201,Line-C,morning,Warning,PressureTrend,high,15,0,0,Charlie,Engineer
E102985,2025-01-28 10:25:00,MX-202,Line-C,morning,Quality,VisionReject,medium,39,2,102,Alpha,AutoReset
E102914,2025-01-28 10:40:00,MX-103,Line-B,morning,Setup,FixtureAdjustment,low,52,45,40,Alpha,Operator
E102957,2025-01-28 10:57:00,MX-101,Line-A,morning,Safety,GuardOpen,high,30,25,28,Alpha,Operator
E102904,2025-01-28 11:13:00,MX-101,Line-A,morning,Quality,SurfaceDefect,medium,14,0,55,Charlie,AutoReset
E102941,2025-01-28 11:20:00,MX-201,Line-C,morning,Warning,VibrationTrend,low,5,0,0,Bravo,AutoReset
E102944,2025-01-28 11:23:00,MX-201,Line-C,morning,Warning,VibrationTrend,medium,2,0,0,Bravo,Technician
E102925,2025-01-28 11:31:00,MX-103,Line-B,morning,Warning,TempTrend,medium,12,1,0,Delta,AutoReset
E102865,2025-01-28 11:41:00,MX-202,Line-C,morning,Warning,EnergySpike,medium,10,1,0,Charlie,Engineer
E102952,2025-01-28 11:46:00,MX-201,Line-C,morning,Alarm,PressureDrop,high,57,26,41,Charlie,Technician
E102881,2025-01-28 11:51:00,MX-201,Line-C,morning,Quality,SurfaceDefect,medium,18,3,105,Charlie,AutoReset
E102889,2025-01-28 11:55:00,MX-201,Line-C,morning,Maintenance,Inspection,medium,56,20,14,Delta,Technician
E102876,2025-01-28 12:02:00,MX-101,Line-A,morning,Warning,EnergySpike,low,10,0,0,Bravo,Engineer
E102906,2025-01-28 12:03:00,MX-201,Line-C,morning,Setup,ToolChange,medium,71,50,38,Charlie,AutoReset
E102915,2025-01-28 12:18:00,MX-201,Line-C,morning,Quality,SurfaceDefect,medium,10,1,34,Alpha,Operator
E102975,2025-01-28 12:21:00,MX-101,Line-A,morning,Maintenance,Inspection,low,124,89,50,Charlie,AutoReset
E102955,2025-01-28 12:24:00,MX-102,Line-A,morning,Maintenance,Inspection,low,56,23,20,Alpha,Technician
E102883,2025-01-28 12:26:00,MX-102,Line-A,morning,Maintenance,FilterChange,low,59,44,26,Alpha,Operator
E102897,2025-01-28 12:38:00,MX-201,Line-C,morning,Maintenance,Calibration,high,63,18,10,Bravo,Engineer
E102913,2025-01-28 12:49:00,MX-202,Line-C,morning,Setup,FixtureAdjustment,low,41,32,31,Bravo,Technician
E102940,2025-01-28 12:50:00,MX-202,Line-C,morning,Warning,TempTrend,medium,16,1,0,Charlie,Engineer
E102895,2025-01-28 12:50:00,MX-201,Line-C,morning,Alarm,MotorOverload,high,17,15,32,Bravo,Technician
E102945,2025-01-28 12:51:00,MX-202,Line-C,morning,Alarm,SensorFailure,high,100,59,42,Bravo,Operator
E102934,2025-01-28 12:57:00,MX-103,Line-B,morning,Maintenance,Inspection,low,67,26,17,Charlie,Supervisor
E102976,2025-01-28 13:10:00,MX-102,Line-A,morning,Maintenance,BearingReplacement,medium,58,16,12,Delta,Operator
E102884,2025-01-28 13:25:00,MX-202,Line-C,morning,Alarm,HighVibration,medium,8,4,5,Delta,AutoReset
E102953,2025-01-28 13:38:00,MX-201,Line-C,morning,Setup,RecipeChange,medium,32,25,19,Charlie,Operator
E102971,2025-01-28 13:43:00,MX-202,Line-C,morning,Alarm,SensorFailure,critical,22,20,21,Bravo,Engineer
E102892,2025-01-28 13:56:00,MX-101,Line-A,morning,Quality,SurfaceDefect,medium,11,3,58,Charlie,Engineer
E102868,2025-01-28 14:00:00,MX-201,Line-C,evening,Maintenance,Inspection,low,75,19,11,Alpha,Supervisor
E102982,2025-01-28 14:18:00,MX-102,Line-A,evening,Maintenance,Lubrication,medium,105,78,20,Alpha,AutoReset
E102926,2025-01-28 14:21:00,MX-103,Line-B,evening,Warning,PressureTrend,medium,15,1,0,Delta,Engineer
E102974,2025-01-28 14:22:00,MX-103,Line-B,evening,Warning,TempTrend,low,8,0,0,Bravo,Technician
E102922,2025-01-28 14:32:00,MX-103,Line-B,evening,Safety,GuardOpen,high,20,16,18,Charlie,Supervisor
E102954,2025-01-28 14:36:00,MX-201,Line-C,evening,Warning,EnergySpike,low,7,0,0,Delta,Engineer
E102969,2025-01-28 14:46:00,MX-101,Line-A,evening,Maintenance,Inspection,medium,11,4,3,Delta,AutoReset
E102986,2025-01-28 15:36:00,MX-102,Line-A,evening,Safety,AreaBreach,medium,28,19,10,Bravo,Technician
E102880,2025-01-28 15:37:00,MX-202,Line-C,evening,Warning,EnergySpike,low,12,0,0,Bravo,AutoReset
E102966,2025-01-28 15:48:00,MX-201,Line-C,evening,Maintenance,Inspection,low,61,27,17,Charlie,Supervisor
E102901,2025-01-28 15:55:00,MX-103,Line-B,evening,Warning,EnergySpike,high,3,0,0,Delta,Technician
E102912,2025-01-28 16:39:00,MX-103,Line-B,evening,Setup,FixtureAdjustment,low,46,42,34,Alpha,Technician
E102972,2025-01-28 16:43:00,MX-102,Line-A,evening,Warning,VibrationTrend,low,2,0,0,Bravo,Engineer
E102935,2025-01-28 16:46:00,MX-102,Line-A,evening,Safety,EStop,high,13,12,12,Charlie,Operator
E102863,2025-01-28 16:47:00,MX-103,Line-B,evening,Alarm,Overheat,low,39,29,49,Bravo,Supervisor
E102893,2025-01-28 16:52:00,MX-103,Line-B,evening,Quality,SurfaceDefect,high,8,0,50,Charlie,AutoReset
E102903,2025-01-28 16:57:00,MX-201,Line-C,evening,Warning,TempTrend,low,3,0,0,Bravo,Technician
E102962,2025-01-28 17:16:00,MX-103,Line-B,evening,Alarm,SensorFailure,medium,60,34,51,Bravo,Engineer
E102947,2025-01-28 17:22:00,MX-102,Line-A,evening,Warning,VibrationTrend,low,21,0,0,Delta,AutoReset
E102956,2025-01-28 17:22:00,MX-102,Line-A,evening,Alarm,Overheat,critical,8,7,14,Delta,AutoReset
E102961,2025-01-28 17:24:00,MX-202,Line-C,evening,Alarm,PressureDrop,medium,70,46,81,Charlie,Operator
E102905,2025-01-28 17:27:00,MX-103,Line-B,evening,Warning,TempTrend,low,12,1,0,Bravo,Technician
E102970,2025-01-28 17:33:00,MX-202,Line-C,evening,Maintenance,Inspection,low,49,12,3,Charlie,Technician
E102968,2025-01-28 17:37:00,MX-101,Line-A,evening,Setup,RecipeChange,low,22,18,6,Alpha,Technician
E102860,2025-01-28 17:46:00,MX-103,Line-B,evening,Maintenance,FilterChange,high,33,11,3,Delta,Operator
E102891,2025-01-28 18:02:00,MX-202,Line-C,evening,Warning,TempTrend,low,10,0,0,Delta,Operator
E102932,2025-01-28 18:12:00,MX-202,Line-C,evening,Setup,ToolChange,low,38,29,29,Bravo,Supervisor
E102882,2025-01-28 18:15:00,MX-201,Line-C,evening,Alarm,PressureDrop,medium,42,33,37,Charlie,AutoReset
E102923,2025-01-28 18:18:00,MX-101,Line-A,evening,Alarm,MotorOverload,high,63,42,50,Delta,Technician
E102938,2025-01-28 18:24:00,MX-103,Line-B,evening,Setup,ToolChange,low,49,45,45,Delta,Engineer
E102896,2025-01-28 19:36:00,MX-102,Line-A,evening,Warning,EnergySpike,low,12,0,0,Bravo,AutoReset
E102920,2025-01-28 19:37:00,MX-102,Line-A,evening,Setup,RecipeChange,low,16,12,8,Charlie,Operator
E102885,2025-01-28 20:02:00,MX-103,Line-B,evening,Quality,VisionReject,low,10,1,67,Alpha,Technician
E102931,2025-01-28 20:16:00,MX-202,Line-C,evening,Alarm,HighVibration,high,7,3,4,Delta,Engineer
E102983,2025-01-28 20:59:00,MX-101,Line-A,evening,Alarm,SensorFailure,critical,29,23,19,Charlie,AutoReset
E102930,2025-01-28 21:07:00,MX-202,Line-C,evening,Quality,DimensionDrift,high,32,8,157,Bravo,AutoReset
E102948,2025-01-28 21:14:00,MX-103,Line-B,evening,Setup,FixtureAdjustment,medium,32,27,26,Alpha,Technician
E102937,2025-01-28 21:35:00,MX-101,Line-A,evening,Alarm,MotorOverload,high,42,25,24,Alpha,Operator
E102973,2025-01-28 21:38:00,MX-101,Line-A,evening,Alarm,HighVibration,high,129,103,133,Bravo,Technician
E102902,2025-01-28 21:55:00,MX-102,Line-A,evening,Safety,GuardOpen,critical,35,18,15,Bravo,Technician
E102981,2025-01-28 21:55:00,MX-101,Line-A,evening,Warning,PressureTrend,low,7,0,0,Bravo,Technician
E102907,2025-01-28 22:06:00,MX-103,Line-B,night,Warning,TempTrend,medium,13,0,0,Charlie,Engineer
E102980,2025-01-28 22:19:00,MX-103,Line-B,night,Alarm,SensorFailure,high,39,29,54,Delta,Operator
E102874,2025-01-28 22:21:00,MX-202,Line-C,night,Maintenance,FilterChange,medium,61,31,21,Alpha,AutoReset
E102964,2025-01-28 22:36:00,MX-102,Line-A,night,Setup,ToolChange,medium,26,23,6,Charlie,AutoReset
E102951,2025-01-28 22:47:00,MX-101,Line-A,night,Maintenance,Lubrication,medium,76,28,26,Alpha,Technician
E102867,2025-01-28 23:13:00,MX-102,Line-A,night,Maintenance,FilterChange,low,58,26,8,Alpha,Supervisor
E102978,2025-01-28 23:17:00,MX-103,Line-B,night,Quality,MaterialMismatch,medium,14,1,65,Alpha,Supervisor
E102869,2025-01-28 23:23:00,MX-103,Line-B,night,Warning,PressureTrend,low,9,1,0,Delta,AutoReset
E103074,2025-01-29 00:11:00,MX-102,Line-A,night,Alarm,PressureDrop,medium,62,29,43,Alpha,Operator
E103033,2025-01-29 00:16:00,MX-103,Line-B,night,Alarm,MotorOverload,low,43,24,36,Charlie,Technician
E103049,2025-01-29 00:18:00,MX-201,Line-C,night,Setup,FixtureAdjustment,medium,55,42,37,Charlie,Supervisor
E102997,2025-01-29 00:46:00,MX-103,Line-B,night,Alarm,Overheat,medium,43,20,41,Bravo,Technician
E103043,2025-01-29 00:54:00,MX-103,Line-B,night,Quality,SurfaceDefect,medium,36,4,212,Bravo,Technician
E103065,2025-01-29 00:54:00,MX-103,Line-B,night,Safety,GuardOpen,high,22,14,15,Charlie,Technician
E103004,2025-01-29 00:59:00,MX-202,Line-C,night,Quality,MaterialMismatch,low,28,6,158,Delta,Technician
E103015,2025-01-29 01:29:00,MX-201,Line-C,night,Maintenance,BearingReplacement,medium,32,9,2,Charlie,Technician
E103046,2025-01-29 01:31:00,MX-202,Line-C,night,Warning,TempTrend,medium,14,1,0,Delta,Engineer
E103085,2025-01-29 01:52:00,MX-101,Line-A,night,Maintenance,BearingReplacement,medium,87,51,24,Alpha,Engineer
E103066,2025-01-29 01:57:00,MX-102,Line-A,night,Quality,SurfaceDefect,medium,20,2,105,Charlie,AutoReset
E103007,2025-01-29 02:00:00,MX-101,Line-A,night,Warning,PressureTrend,medium,1,0,0,Delta,Engineer
E103013,2025-01-29 02:03:00,MX-201,Line-C,night,Safety,GuardOpen,critical,22,14,17,Charlie,Technician
E102992,2025-01-29 02:27:00,MX-103,Line-B,night,Safety,DoorInterlock,medium,8,5,6,Delta,Technician
E102999,2025-01-29 02:55:00,MX-101,Line-A,night,Warning,TempTrend,low,3,0,0,Delta,AutoReset
E103076,2025-01-29 02:56:00,MX-103,Line-B,night,Maintenance,Inspection,medium,73,23,19,Charlie,Technician
E103008,2025-01-29 02:56:00,MX-201,Line-C,night,Alarm,SensorFailure,critical,75,42,49,Bravo,Engineer
E103010,2025-01-29 02:56:00,MX-101,Line-A,night,Warning,EnergySpike,low,16,1,0,Alpha,AutoReset
E103027,2025-01-29 03:03:00,MX-201,Line-C,night,Alarm,Overheat,high,24,16,11,Delta,Supervisor
E103048,2025-01-29 03:24:00,MX-102,Line-A,night,Warning,EnergySpike,low,8,1,0,Charlie,Engineer
E103058,2025-01-29 03:57:00,MX-101,Line-A,night,Setup,ToolChange,medium,37,32,24,Delta,Engineer
E103052,2025-01-29 04:13:00,MX-201,Line-C,night,Warning,TempTrend,low,4,0,0,Alpha,Engineer
E102993,2025-01-29 04:15:00,MX-201,Line-C,night,Alarm,SensorFailure,low,46,28,24,Bravo,Operator
E103019,2025-01-29 04:36:00,MX-202,Line-C,night,Warning,EnergySpike,medium,18,0,0,Charlie,Engineer
E103084,2025-01-29 05:56:00,MX-201,Line-C,night,Quality,DimensionDrift,high,12,3,42,Bravo,Operator
E103088,2025-01-29 06:15:00,MX-202,Line-C,morning,Quality,SurfaceDefect,medium,5,1,30,Alpha,AutoReset
E102987,2025-01-29 06:21:00,MX-101,Line-A,morning,Setup,FixtureAdjustment,low,22,19,18,Charlie,Operator
E103100,2025-01-29 06:21:00,MX-101,Line-A,morning,Alarm,Overheat,medium,22,12,15,Bravo,Technician
E103042,2025-01-29 06:49:00,MX-103,Line-B,morning,Alarm,HighVibration,low,30,26,37,Alpha,Operator
E103036,2025-01-29 06:53:00,MX-201,Line-C,morning,Alarm,MotorOverload,medium,19,11,21,Delta,AutoReset
E103075,2025-01-29 06:54:00,MX-201,Line-C,morning,Alarm,HighVibration,low,53,28,50,Bravo,Engineer
E103091,2025-01-29 06:57:00,MX-103,Line-B,morning,Maintenance,Lubrication,medium,28,7,5,Bravo,Technician
E103017,2025-01-29 07:40:00,MX-101,Line-A,morning,Safety,AreaBreach,critical,20,10,14,Delta,Supervisor
E103002,2025-01-29 08:00:00,MX-201,Line-C,morning,Setup,RecipeChange,medium,48,41,37,Alpha,Technician
E103016,2025-01-29 08:02:00,MX-201,Line-C,morning,Alarm,MotorOverload,low,29,24,34,Charlie,Technician
E103024,2025-01-29 08:38:00,MX-201,Line-C,morning,Maintenance,Lubrication,medium,100,48,29,Charlie,Engineer
E103099,2025-01-29 08:42:00,MX-102,Line-A,morning,Quality,DimensionDrift,low,13,1,64,Bravo,Technician
E103060,2025-01-29 08:55:00,MX-101,Line-A,morning,Alarm,SensorFailure,medium,79,73,86,Bravo,Engineer
E103022,2025-01-29 08:58:00,MX-102,Line-A,morning,Safety,DoorInterlock,medium,14,11,15,Alpha,Technician
E103038,2025-01-29 09:15:00,MX-102,Line-A,morning,Warning,VibrationTrend,medium,10,1,0,Charlie,Technician
E103029,2025-01-29 09:24:00,MX-202,Line-C,morning,Warning,TempTrend,low,11,0,0,Bravo,Operator
E103059,2025-01-29 09:32:00,MX-103,Line-B,morning,Warning,PressureTrend,medium,6,0,0,Charlie,Operator
E103041,2025-01-29 09:39:00,MX-201,Line-C,morning,Warning,EnergySpike,medium,5,0,0,Bravo,Technician
E103090,2025-01-29 10:03:00,MX-101,Line-A,morning,Maintenance,FilterChange,high,36,27,21,Alpha,Engineer
E103030,2025-01-29 10:09:00,MX-102,Line-A,morning,Quality,MaterialMismatch,high,22,3,108,Charlie,Technician
E103103,2025-01-29 10:11:00,MX-201,Line-C,morning,Warning,EnergySpike,low,32,0,0,Delta,Technician
E103028,2025-01-29 10:47:00,MX-103,Line-B,morning,Maintenance,Lubrication,low,59,26,5,Charlie,Supervisor
E103045,2025-01-29 10:48:00,MX-201,Line-C,morning,Quality,MaterialMismatch,medium,35,12,183,Bravo,Engineer
E103025,2025-01-29 10:52:00,MX-103,Line-B,morning,Warning,TempTrend,medium,1,0,0,Delta,Technician
E103023,2025-01-29 11:27:00,MX-101,Line-A,morning,Warning,TempTrend,high,13,0,0,Bravo,AutoReset
E103005,2025-01-29 11:34:00,MX-201,Line-C,morning,Quality,DimensionDrift,medium,41,4,115,Delta,Technician
E103063,2025-01-29 11:50:00,MX-202,Line-C,morning,Warning,VibrationTrend,low,1,0,0,Charlie,Supervisor
E102996,2025-01-29 11:52:00,MX-202,Line-C,morning,Safety,EStop,critical,28,21,24,Bravo,Engineer
E102989,2025-01-29 11:57:00,MX-201,Line-C,morning,Alarm,MotorOverload,low,60,53,101,Alpha,Operator
E103062,2025-01-29 12:03:00,MX-201,Line-C,morning,Alarm,MotorOverload,medium,120,96,150,Bravo,Engineer
E103102,2025-01-29 12:04:00,MX-103,Line-B,morning,Quality,SurfaceDefect,medium,16,1,96,Bravo,Operator
E103097,2025-01-29 12:33:00,MX-201,Line-C,morning,Alarm,HighVibration,high,21,17,35,Delta,Engineer
E102998,2025-01-29 12:40:00,MX-101,Line-A,morning,Alarm,HighVibration,medium,66,39,72,Alpha,Operator
E103053,2025-01-29 12:40:00,MX-101,Line-A,morning,Warning,EnergySpike,low,1,0,0,Delta,Technician
E103089,2025-01-29 13:21:00,MX-102,Line-A,morning,Quality,SurfaceDefect,high,28,3,109,Alpha,Operator
E103061,2025-01-29 13:43:00,MX-201,Line-C,morning,Warning,VibrationTrend,low,3,0,0,Charlie,Operator
E103094,2025-01-29 13:47:00,MX-103,Line-B,morning,Setup,RecipeChange,low,52,47,32,Charlie,Operator
E103056,2025-01-29 14:23:00,MX-201,Line-C,evening,Setup,ToolChange,medium,47,44,48,Charlie,Technician
E103003,2025-01-29 14:25:00,MX-201,Line-C,evening,Warning,PressureTrend,high,14,0,0,Delta,Operator
E103068,2025-01-29 14:31:00,MX-101,Line-A,evening,Maintenance,Lubrication,low,79,42,18,Charlie,Engineer
E103101,2025-01-29 14:46:00,MX-201,Line-C,evening,Maintenance,Calibration,medium,42,21,9,Bravo,Supervisor
E102991,2025-01-29 14:49:00,MX-103,Line-B,evening,Quality,DimensionDrift,low,8,1,27,Alpha,AutoReset
E103054,2025-01-29 14:55:00,MX-101,Line-A,evening,Maintenance,Lubrication,high,49,16,14,Bravo,Engineer
E103014,2025-01-29 14:58:00,MX-101,Line-A,evening,Warning,VibrationTrend,medium,9,0,0,Charlie,Engineer
E103081,2025-01-29 15:08:00,MX-201,Line-C,evening,Warning,PressureTrend,low,26,3,0,Charlie,Operator
E103082,2025-01-29 15:15:00,MX-102,Line-A,evening,Alarm,MotorOverload,high,79,45,91,Alpha,Engineer
E103032,2025-01-29 15:27:00,MX-202,Line-C,evening,Quality,SurfaceDefect,medium,16,4,104,Bravo,Operator
E103087,2025-01-29 15:42:00,MX-101,Line-A,evening,Warning,TempTrend,low,18,1,0,Alpha,Operator
E103078,2025-01-29 15:50:00,MX-102,Line-A,evening,Setup,FixtureAdjustment,low,38,33,15,Alpha,Supervisor
E103044,2025-01-29 15:54:00,MX-103,Line-B,evening,Quality,VisionReject,high,15,3,98,Delta,Operator
E103037,2025-01-29 16:29:00,MX-202,Line-C,evening,Alarm,PressureDrop,low,34,16,31,Delta,AutoReset
E103055,2025-01-29 16:37:00,MX-202,Line-C,evening,Warning,PressureTrend,low,3,0,0,Delta,Technician
E103092,2025-01-29 16:46:00,MX-202,Line-C,evening,Warning,EnergySpike,low,5,0,0,Delta,Technician
E103080,2025-01-29 16:48:00,MX-103,Line-B,evening,Quality,SurfaceDefect,medium,5,1,26,Charlie,Technician
E103039,2025-01-29 16:59:00,MX-103,Line-B,evening,Setup,ToolChange,low,47,36,23,Delta,AutoReset
E103073,2025-01-29 17:03:00,MX-102,Line-A,evening,Warning,VibrationTrend,low,4,0,0,Delta,Engineer
E103021,2025-01-29 17:05:00,MX-201,Line-C,evening,Alarm,Overheat,medium,68,54,104,Alpha,Operator
E103034,2025-01-29 17:06:00,MX-201,Line-C,evening,Alarm,PressureDrop,critical,33,21,33,Delta,Supervisor
E103040,2025-01-29 17:24:00,MX-103,Line-B,evening,Warning,EnergySpike,medium,1,0,0,Delta,Technician
E103083,2025-01-29 17:31:00,MX-102,Line-A,evening,Warning,TempTrend,low,1,0,0,Bravo,Technician
E103000,2025-01-29 17:55:00,MX-102,Line-A,evening,Maintenance,Inspection,medium,42,19,11,Alpha,Supervisor
E103064,2025-01-29 18:12:00,MX-101,Line-A,evening,Setup,ToolChange,low,42,31,30,Alpha,Operator
E103012,2025-01-29 18:31:00,MX-202,Line-C,evening,Quality,DimensionDrift,high,20,1,58,Bravo,Technician
E102995,2025-01-29 18:46:00,MX-201,Line-C,evening,Setup,RecipeChange,medium,13,11,6,Delta,Technician
E103026,2025-01-29 19:02:00,MX-201,Line-C,evening,Alarm,SensorFailure,high,12,6,7,Charlie,Operator
E102994,2025-01-29 19:02:00,MX-101,Line-A,evening,Alarm,PressureDrop,critical,38,20,16,Charlie,Engineer
E103018,2025-01-29 19:13:00,MX-103,Line-B,evening,Quality,MaterialMismatch,medium,11,3,64,Delta,Supervisor
E103072,2025-01-29 19:27:00,MX-201,Line-C,evening,Alarm,PressureDrop,high,17,8,11,Charlie,Engineer
E103057,2025-01-29 20:24:00,MX-201,Line-C,evening,Alarm,MotorOverload,low,19,18,33,Delta,Technician
E103035,2025-01-29 20:43:00,MX-103,Line-B,evening,Alarm,MotorOverload,high,62,30,59,Charlie,Supervisor
E103020,2025-01-29 20:44:00,MX-101,Line-A,evening,Safety,AreaBreach,high,9,6,4,Charlie,Technician
E103095,2025-01-29 21:42:00,MX-101,Line-A,evening,Maintenance,FilterChange,low,106,84,61,Charlie,Technician
E103093,2025-01-29 21:49:00,MX-103,Line-B,evening,Alarm,MotorOverload,high,118,71,94,Charlie,Technician
E103067,2025-01-29 21:53:00,MX-101,Line-A,evening,Maintenance,FilterChange,medium,55,39,24,Bravo,Operator
E103086,2025-01-29 21:56:00,MX-201,Line-C,evening,Maintenance,Calibration,medium,177,84,62,Alpha,Technician
E103031,2025-01-29 22:03:00,MX-102,Line-A,night,Warning,VibrationTrend,low,13,1,0,Alpha,Engineer
E103009,2025-01-29 22:06:00,MX-201,Line-C,night,Maintenance,FilterChange,medium,88,23,7,Charlie,Technician
E103098,2025-01-29 22:11:00,MX-202,Line-C,night,Warning,PressureTrend,low,5,0,0,Bravo,Operator
E103001,2025-01-29 22:16:00,MX-102,Line-A,night,Maintenance,Inspection,medium,57,36,21,Charlie,Engineer
E103011,2025-01-29 22:21:00,MX-202,Line-C,night,Warning,PressureTrend,low,12,0,0,Charlie,Supervisor
E103071,2025-01-29 22:26:00,MX-201,Line-C,night,Quality,VisionReject,medium,18,1,96,Charlie,Supervisor
E102988,2025-01-29 22:30:00,MX-102,Line-A,night,Quality,VisionReject,high,5,1,31,Alpha,Technician
E103050,2025-01-29 22:42:00,MX-201,Line-C,night,Maintenance,Lubrication,low,35,26,20,Bravo,AutoReset
E103069,2025-01-29 22:49:00,MX-202,Line-C,night,Maintenance,FilterChange,medium,75,41,29,Bravo,Technician
E103006,2025-01-29 22:52:00,MX-103,Line-B,night,Warning,TempTrend,low,5,0,0,Alpha,Technician
E103096,2025-01-29 22:54:00,MX-103,Line-B,night,Warning,VibrationTrend,low,6,0,0,Bravo,Engineer
E103047,2025-01-29 23:05:00,MX-201,Line-C,night,Alarm,PressureDrop,high,9,4,2,Alpha,Technician
E103051,2025-01-29 23:26:00,MX-201,Line-C,night,Maintenance,Lubrication,low,17,12,4,Alpha,Technician
E103079,2025-01-29 23:43:00,MX-201,Line-C,night,Warning,TempTrend,low,10,1,0,Alpha,Technician
E103070,2025-01-29 23:44:00,MX-201,Line-C,night,Maintenance,Lubrication,medium,132,57,30,Delta,Technician
E103077,2025-01-29 23:52:00,MX-101,Line-A,night,Maintenance,Lubrication,medium,47,29,20,Charlie,Engineer
E102990,2025-01-29 23:55:00,MX-101,Line-A,night,Alarm,Overheat,high,65,51,79,Bravo,Engineer
E103110,2025-01-30 00:38:00,MX-103,Line-B,night,Quality,VisionReject,medium,9,2,25,Charlie,Engineer
E103199,2025-01-30 01:06:00,MX-202,Line-C,night,Setup,RecipeChange,low,50,41,17,Delta,Operator
E103191,2025-01-30 01:11:00,MX-103,Line-B,night,Warning,EnergySpike,medium,4,0,0,Delta,Engineer
E103125,2025-01-30 01:19:00,MX-101,Line-A,night,Alarm,Overheat,high,18,12,13,Bravo,Engineer
E103135,2025-01-30 01:47:00,MX-101,Line-A,night,Warning,VibrationTrend,medium,2,0,0,Alpha,Technician
E103164,2025-01-30 01:50:00,MX-202,Line-C,night,Maintenance,Lubrication,high,88,66,64,Delta,AutoReset
E103147,2025-01-30 02:03:00,MX-201,Line-C,night,Warning,PressureTrend,medium,7,0,0,Delta,Operator
E103127,2025-01-30 02:16:00,MX-101,Line-A,night,Maintenance,Inspection,low,81,38,14,Charlie,Engineer
E103105,2025-01-30 02:22:00,MX-102,Line-A,night,Quality,MaterialMismatch,low,7,1,39,Delta,Technician
E103111,2025-01-30 03:29:00,MX-101,Line-A,night,Alarm,HighVibration,high,56,44,96,Charlie,Supervisor
E103187,2025-01-30 03:50:00,MX-201,Line-C,night,Alarm,SensorFailure,medium,22,10,18,Delta,Operator
E103171,2025-01-30 03:54:00,MX-101,Line-A,night,Alarm,Overheat,critical,35,34,39,Charlie,Supervisor
E103154,2025-01-30 04:08:00,MX-201,Line-C,night,Alarm,SensorFailure,high,64,59,82,Delta,Technician
E103141,2025-01-30 04:10:00,MX-201,Line-C,night,Quality,SurfaceDefect,high,5,1,13,Alpha,AutoReset
E103172,2025-01-30 04:27:00,MX-101,Line-A,night,Alarm,MotorOverload,high,50,43,90,Bravo,Technician
E103184,2025-01-30 04:54:00,MX-102,Line-A,night,Alarm,Overheat,high,9,7,10,Alpha,Technician
E103180,2025-01-30 05:00:00,MX-102,Line-A,night,Alarm,Overheat,high,42,32,23,Charlie,Operator
E103142,2025-01-30 05:19:00,MX-201,Line-C,night,Maintenance,Calibration,low,172,122,63,Delta,Technician
E103130,2025-01-30 05:34:00,MX-103,Line-B,night,Alarm,SensorFailure,critical,84,50,88,Delta,Technician
E103137,2025-01-30 05:39:00,MX-102,Line-A,night,Safety,DoorInterlock,critical,47,41,40,Delta,Technician
E103152,2025-01-30 05:40:00,MX-202,Line-C,night,Setup,RecipeChange,low,54,38,16,Charlie,Technician
E103167,2025-01-30 05:40:00,MX-201,Line-C,night,Maintenance,FilterChange,medium,124,57,15,Charlie,AutoReset
E103194,2025-01-30 05:44:00,MX-202,Line-C,night,Setup,RecipeChange,low,35,32,31,Delta,Operator
E103158,2025-01-30 06:06:00,MX-103,Line-B,morning,Safety,DoorInterlock,critical,8,7,7,Charlie,Technician
E103112,2025-01-30 06:57:00,MX-201,Line-C,morning,Quality,SurfaceDefect,medium,1,0,3,Charlie,Technician
E103144,2025-01-30 07:09:00,MX-103,Line-B,morning,Alarm,SensorFailure,high,41,35,48,Alpha,Technician
E103200,2025-01-30 07:43:00,MX-102,Line-A,morning,Setup,RecipeChange,medium,13,12,4,Charlie,Technician
E103117,2025-01-30 07:54:00,MX-201,Line-C,morning,Setup,FixtureAdjustment,low,53,38,24,Charlie,AutoReset
E103175,2025-01-30 08:39:00,MX-202,Line-C,morning,Setup,RecipeChange,low,18,16,9,Bravo,AutoReset
E103198,2025-01-30 08:57:00,MX-102,Line-A,morning,Quality,SurfaceDefect,medium,59,17,169,Charlie,Operator
E103195,2025-01-30 09:16:00,MX-103,Line-B,morning,Warning,VibrationTrend,low,4,0,0,Bravo,Engineer
E103150,2025-01-30 09:52:00,MX-101,Line-A,morning,Quality,SurfaceDefect,high,18,5,111,Delta,AutoReset
E103104,2025-01-30 10:00:00,MX-202,Line-C,morning,Alarm,Overheat,high,48,39,78,Delta,AutoReset
E103177,2025-01-30 10:28:00,MX-101,Line-A,morning,Maintenance,Inspection,low,39,24,19,Charlie,Engineer
E103148,2025-01-30 10:41:00,MX-201,Line-C,morning,Alarm,SensorFailure,medium,51,32,37,Delta,Operator
E103193,2025-01-30 11:29:00,MX-101,Line-A,morning,Setup,ToolChange,low,36,32,22,Charlie,Operator
E103109,2025-01-30 11:40:00,MX-101,Line-A,morning,Quality,DimensionDrift,medium,6,0,19,Bravo,Operator
E103133,2025-01-30 11:50:00,MX-101,Line-A,morning,Quality,MaterialMismatch,medium,5,1,29,Bravo,Operator
E103119,2025-01-30 12:05:00,MX-101,Line-A,morning,Warning,VibrationTrend,high,11,0,0,Delta,Technician
E103116,2025-01-30 12:24:00,MX-201,Line-C,morning,Warning,VibrationTrend,low,40,5,1,Bravo,Operator
E103121,2025-01-30 12:36:00,MX-102,Line-A,morning,Alarm,Overheat,high,31,20,24,Charlie,AutoReset
E103138,2025-01-30 12:59:00,MX-103,Line-B,morning,Safety,DoorInterlock,medium,15,9,5,Alpha,Engineer
E103149,2025-01-30 13:03:00,MX-202,Line-C,morning,Maintenance,Lubrication,low,145,71,45,Charlie,Operator
E103120,2025-01-30 13:27:00,MX-202,Line-C,morning,Alarm,SensorFailure,high,52,31,32,Charlie,Technician
E103159,2025-01-30 13:46:00,MX-102,Line-A,morning,Warning,PressureTrend,low,2,0,0,Alpha,Technician
E103113,2025-01-30 13:54:00,MX-202,Line-C,morning,Alarm,MotorOverload,medium,23,15,22,Bravo,Supervisor
E103196,2025-01-30 14:02:00,MX-103,Line-B,evening,Alarm,Overheat,high,70,57,119,Bravo,Operator
E103168,2025-01-30 14:20:00,MX-103,Line-B,evening,Warning,VibrationTrend,low,3,0,0,Alpha,Supervisor
E103201,2025-01-30 14:41:00,MX-103,Line-B,evening,Maintenance,Calibration,low,36,27,23,Charlie,Engineer
E103163,2025-01-30 14:47:00,MX-101,Line-A,evening,Maintenance,Inspection,high,103,60,43,Delta,Supervisor
E103122,2025-01-30 14:48:00,MX-201,Line-C,evening,Maintenance,Calibration,low,76,36,16,Bravo,Technician
E103178,2025-01-30 14:50:00,MX-201,Line-C,evening,Warning,EnergySpike,low,11,1,0,Delta,AutoReset
E103126,2025-01-30 14:54:00,MX-101,Line-A,evening,Setup,FixtureAdjustment,low,54,47,15,Bravo,Engineer
E103170,2025-01-30 15:10:00,MX-101,Line-A,evening,Quality,MaterialMismatch,high,37,10,134,Charlie,Engineer
E103186,2025-01-30 15:15:00,MX-101,Line-A,evening,Warning,VibrationTrend,medium,2,0,0,Charlie,Technician
E103131,2025-01-30 15:20:00,MX-101,Line-A,evening,Maintenance,Inspection,medium,118,30,10,Alpha,Technician
E103123,2025-01-30 15:50:00,MX-201,Line-C,evening,Quality,DimensionDrift,high,13,0,82,Bravo,Technician
E103107,2025-01-30 15:52:00,MX-201,Line-C,evening,Alarm,HighVibration,high,17,12,9,Delta,Operator
E103190,2025-01-30 16:08:00,MX-101,Line-A,evening,Warning,TempTrend,low,4,0,0,Delta,AutoReset
E103192,2025-01-30 16:23:00,MX-101,Line-A,evening,Maintenance,Calibration,low,31,18,9,Charlie,Operator
E103162,2025-01-30 16:45:00,MX-102,Line-A,evening,Setup,FixtureAdjustment,low,10,7,2,Bravo,Supervisor
E103165,2025-01-30 17:00:00,MX-103,Line-B,evening,Maintenance,Inspection,medium,61,45,12,Alpha,Engineer
E103156,2025-01-30 17:11:00,MX-202,Line-C,evening,Warning,TempTrend,low,14,0,0,Charlie,Technician
E103146,2025-01-30 17:16:00,MX-103,Line-B,evening,Warning,TempTrend,medium,2,0,0,Charlie,Operator
E103157,2025-01-30 17:26:00,MX-103,Line-B,evening,Setup,RecipeChange,medium,31,27,11,Bravo,Operator
E103155,2025-01-30 17:32:00,MX-201,Line-C,evening,Alarm,MotorOverload,medium,115,60,45,Bravo,AutoReset
E103182,2025-01-30 18:00:00,MX-103,Line-B,evening,Warning,EnergySpike,low,6,0,0,Charlie,Supervisor
E103179,2025-01-30 18:38:00,MX-201,Line-C,evening,Warning,PressureTrend,low,15,1,0,Alpha,Operator
E103189,2025-01-30 18:49:00,MX-201,Line-C,evening,Quality,VisionReject,medium,13,3,55,Charlie,Technician
E103181,2025-01-30 18:52:00,MX-102,Line-A,evening,Setup,ToolChange,low,17,12,9,Delta,Technician
E103176,2025-01-30 18:54:00,MX-201,Line-C,evening,Setup,RecipeChange,low,80,64,50,Bravo,Supervisor
E103128,2025-01-30 19:33:00,MX-102,Line-A,evening,Setup,ToolChange,low,39,27,25,Bravo,Technician
E103166,2025-01-30 19:34:00,MX-202,Line-C,evening,Warning,VibrationTrend,low,10,1,0,Delta,Technician
E103132,2025-01-30 19:50:00,MX-103,Line-B,evening,Maintenance,BearingReplacement,low,55,14,3,Delta,Operator
E103108,2025-01-30 19:55:00,MX-201,Line-C,evening,Warning,PressureTrend,low,3,0,0,Bravo,Technician
E103185,2025-01-30 20:12:00,MX-102,Line-A,evening,Setup,RecipeChange,low,36,32,20,Delta,AutoReset
E103114,2025-01-30 20:34:00,MX-102,Line-A,evening,Warning,PressureTrend,medium,21,2,1,Alpha,Supervisor
E103129,2025-01-30 20:35:00,MX-201,Line-C,evening,Quality,DimensionDrift,medium,30,5,103,Charlie,AutoReset
E103118,2025-01-30 20:37:00,MX-101,Line-A,evening,Setup,RecipeChange,low,56,47,34,Charlie,AutoReset
E103197,2025-01-30 20:38:00,MX-103,Line-B,evening,Quality,MaterialMismatch,low,3,0,11,Delta,AutoReset
E103151,2025-01-30 20:50:00,MX-202,Line-C,evening,Alarm,Overheat,critical,47,23,38,Delta,Operator
E103169,2025-01-30 20:54:00,MX-103,Line-B,evening,Quality,DimensionDrift,medium,12,1,43,Charlie,Technician
E103160,2025-01-30 20:58:00,MX-201,Line-C,evening,Maintenance,Lubrication,low,33,13,9,Bravo,Technician
E103124,2025-01-30 21:12:00,MX-201,Line-C,evening,Setup,RecipeChange,low,9,7,4,Alpha,Operator
E103143,2025-01-30 21:13:00,MX-202,Line-C,evening,Warning,EnergySpike,medium,13,0,0,Charlie,Supervisor
E103153,2025-01-30 21:41:00,MX-101,Line-A,evening,Quality,SurfaceDefect,medium,1,0,4,Alpha,Engineer
E103183,2025-01-30 22:03:00,MX-202,Line-C,night,Warning,EnergySpike,low,9,1,0,Charlie,Operator
E103174,2025-01-30 22:18:00,MX-102,Line-A,night,Quality,MaterialMismatch,medium,4,0,17,Alpha,Engineer
E103173,2025-01-30 22:26:00,MX-103,Line-B,night,Setup,RecipeChange,medium,8,5,3,Bravo,AutoReset
E103139,2025-01-30 22:50:00,MX-102,Line-A,night,Setup,RecipeChange,low,85,59,62,Alpha,Operator
E103134,2025-01-30 22:52:00,MX-101,Line-A,night,Alarm,PressureDrop,high,86,60,98,Charlie,Supervisor
E103115,2025-01-30 23:02:00,MX-201,Line-C,night,Warning,VibrationTrend,medium,1,0,0,Alpha,Supervisor
E103145,2025-01-30 23:07:00,MX-103,Line-B,night,Warning,VibrationTrend,high,18,0,0,Alpha,Engineer
E103106,2025-01-30 23:35:00,MX-201,Line-C,night,Maintenance,Lubrication,medium,68,46,33,Bravo,Technician
E103188,2025-01-30 23:42:00,MX-103,Line-B,night,Maintenance,Inspection,medium,79,53,27,Bravo,Operator
E103136,2025-01-30 23:50:00,MX-201,Line-C,night,Setup,FixtureAdjustment,low,40,38,38,Delta,Operator
E103161,2025-01-30 23:53:00,MX-101,Line-A,night,Warning,PressureTrend,low,23,0,0,Alpha,AutoReset
E103140,2025-01-30 23:56:00,MX-102,Line-A,night,Alarm,HighVibration,critical,68,66,48,Charlie,AutoReset
E103313,2025-01-31 00:06:00,MX-101,Line-A,night,Warning,PressureTrend,low,6,0,0,Charlie,Operator
E103209,2025-01-31 00:24:00,MX-101,Line-A,night,Maintenance,BearingReplacement,medium,39,24,20,Charlie,Operator
E103251,2025-01-31 00:25:00,MX-101,Line-A,night,Alarm,PressureDrop,medium,44,40,73,Bravo,Operator
E103275,2025-01-31 00:25:00,MX-201,Line-C,night,Maintenance,Inspection,medium,13,9,4,Bravo,Technician
E103305,2025-01-31 00:28:00,MX-202,Line-C,night,Alarm,HighVibration,high,94,80,116,Bravo,Engineer
E103254,2025-01-31 00:44:00,MX-101,Line-A,night,Warning,VibrationTrend,low,4,0,0,Charlie,Technician
E103205,2025-01-31 00:56:00,MX-201,Line-C,night,Quality,DimensionDrift,medium,3,0,11,Charlie,Operator
E103264,2025-01-31 01:00:00,MX-202,Line-C,night,Warning,TempTrend,low,3,0,0,Charlie,Operator
E103293,2025-01-31 01:03:00,MX-103,Line-B,night,Quality,VisionReject,high,12,1,32,Bravo,Operator
E103203,2025-01-31 01:18:00,MX-103,Line-B,night,Alarm,Overheat,medium,45,43,53,Bravo,AutoReset
E103224,2025-01-31 01:50:00,MX-202,Line-C,night,Alarm,PressureDrop,high,51,39,46,Delta,AutoReset
E103243,2025-01-31 01:57:00,MX-201,Line-C,night,Maintenance,Calibration,high,69,39,33,Delta,Operator
E103255,2025-01-31 02:12:00,MX-101,Line-A,night,Maintenance,BearingReplacement,medium,79,56,13,Alpha,AutoReset
E103208,2025-01-31 02:58:00,MX-101,Line-A,night,Maintenance,FilterChange,medium,51,26,21,Charlie,Supervisor
E103259,2025-01-31 03:05:00,MX-103,Line-B,night,Alarm,PressureDrop,medium,54,33,32,Delta,Supervisor
E103260,2025-01-31 03:09:00,MX-102,Line-A,night,Setup,RecipeChange,low,52,47,35,Alpha,Technician
E103309,2025-01-31 03:16:00,MX-202,Line-C,night,Maintenance,BearingReplacement,low,14,3,0,Bravo,Operator
E103273,2025-01-31 03:25:00,MX-101,Line-A,night,Alarm,HighVibration,high,70,59,72,Alpha,Technician
E103310,2025-01-31 03:28:00,MX-201,Line-C,night,Maintenance,Calibration,low,39,19,14,Charlie,Technician
E103219,2025-01-31 03:37:00,MX-102,Line-A,night,Alarm,MotorOverload,high,31,24,19,Bravo,Supervisor
E103220,2025-01-31 03:50:00,MX-202,Line-C,night,Warning,PressureTrend,low,1,0,0,Charlie,Technician
E103231,2025-01-31 04:05:00,MX-202,Line-C,night,Alarm,HighVibration,medium,38,34,65,Alpha,Technician
E103283,2025-01-31 04:19:00,MX-201,Line-C,night,Warning,PressureTrend,low,46,2,1,Delta,Operator
E103246,2025-01-31 04:36:00,MX-102,Line-A,night,Setup,RecipeChange,low,110,86,68,Bravo,Operator
E103207,2025-01-31 04:38:00,MX-102,Line-A,night,Quality,MaterialMismatch,medium,8,1,39,Delta,Operator
E103230,2025-01-31 04:41:00,MX-103,Line-B,night,Safety,AreaBreach,medium,48,45,15,Charlie,Operator
E103262,2025-01-31 04:48:00,MX-201,Line-C,night,Maintenance,Calibration,medium,84,43,11,Bravo,AutoReset
E103202,2025-01-31 04:50:00,MX-201,Line-C,night,Setup,FixtureAdjustment,medium,88,66,21,Charlie,Technician
E103274,2025-01-31 05:41:00,MX-102,Line-A,night,Maintenance,Lubrication,low,104,56,26,Delta,Operator
E103295,2025-01-31 05:54:00,MX-102,Line-A,night,Alarm,PressureDrop,high,10,6,8,Delta,Engineer
E103315,2025-01-31 05:55:00,MX-103,Line-B,night,Warning,EnergySpike,low,16,0,0,Bravo,AutoReset
E103241,2025-01-31 05:56:00,MX-201,Line-C,night,Warning,VibrationTrend,low,20,0,0,Charlie,Technician
E103236,2025-01-31 06:09:00,MX-102,Line-A,morning,Maintenance,Inspection,high,50,30,18,Delta,Operator
E103270,2025-01-31 06:16:00,MX-202,Line-C,morning,Quality,MaterialMismatch,medium,12,2,40,Alpha,Technician
E103221,2025-01-31 06:20:00,MX-101,Line-A,morning,Alarm,HighVibration,low,35,33,64,Charlie,Operator
E103289,2025-01-31 06:27:00,MX-202,Line-C,morning,Warning,TempTrend,low,14,0,0,Delta,Operator
E103317,2025-01-31 06:33:00,MX-103,Line-B,morning,Warning,VibrationTrend,medium,5,0,0,Charlie,AutoReset
E103308,2025-01-31 06:35:00,MX-101,Line-A,morning,Warning,EnergySpike,medium,1,0,0,Alpha,AutoReset
E103312,2025-01-31 06:56:00,MX-202,Line-C,morning,Setup,FixtureAdjustment,medium,36,29,15,Alpha,Engineer
E103272,2025-01-31 07:13:00,MX-102,Line-A,morning,Warning,PressureTrend,low,8,0,0,Charlie,Operator
E103300,2025-01-31 07:14:00,MX-102,Line-A,morning,Setup,FixtureAdjustment,medium,85,67,39,Charlie,Operator
E103316,2025-01-31 07:18:00,MX-201,Line-C,morning,Warning,PressureTrend,low,6,0,0,Alpha,AutoReset
E103284,2025-01-31 07:19:00,MX-202,Line-C,morning,Alarm,Overheat,medium,19,12,16,Bravo,Supervisor
E103276,2025-01-31 07:21:00,MX-103,Line-B,morning,Safety,EStop,medium,15,12,15,Alpha,AutoReset
E103228,2025-01-31 07:25:00,MX-101,Line-A,morning,Setup,RecipeChange,low,50,49,30,Alpha,Technician
E103223,2025-01-31 07:28:00,MX-103,Line-B,morning,Alarm,Overheat,medium,43,39,62,Delta,Operator
E103206,2025-01-31 07:49:00,MX-101,Line-A,morning,Warning,TempTrend,low,11,1,0,Bravo,Engineer
E103233,2025-01-31 07:52:00,MX-201,Line-C,morning,Setup,RecipeChange,medium,31,26,24,Alpha,Technician
E103238,2025-01-31 07:59:00,MX-102,Line-A,morning,Warning,EnergySpike,low,17,1,0,Alpha,AutoReset
E103290,2025-01-31 08:21:00,MX-101,Line-A,morning,Setup,ToolChange,low,41,32,14,Alpha,AutoReset
E103250,2025-01-31 08:27:00,MX-202,Line-C,morning,Quality,SurfaceDefect,low,8,0,46,Delta,Supervisor
E103277,2025-01-31 08:57:00,MX-102,Line-A,morning,Warning,EnergySpike,medium,2,0,0,Alpha,Engineer
E103318,2025-01-31 09:10:00,MX-101,Line-A,morning,Warning,TempTrend,low,17,0,0,Charlie,Operator
E103297,2025-01-31 09:37:00,MX-101,Line-A,morning,Quality,SurfaceDefect,high,29,10,82,Delta,Operator
E103244,2025-01-31 09:53:00,MX-201,Line-C,morning,Maintenance,FilterChange,low,31,14,4,Alpha,Operator
E103247,2025-01-31 10:34:00,MX-201,Line-C,morning,Maintenance,FilterChange,low,20,15,4,Bravo,Operator
E103229,2025-01-31 10:55:00,MX-202,Line-C,morning,Quality,MaterialMismatch,medium,3,0,17,Delta,AutoReset
E103216,2025-01-31 10:58:00,MX-101,Line-A,morning,Warning,EnergySpike,medium,3,0,0,Delta,AutoReset
E103253,2025-01-31 11:07:00,MX-201,Line-C,morning,Alarm,MotorOverload,high,35,26,35,Alpha,Technician
E103298,2025-01-31 11:39:00,MX-103,Line-B,morning,Warning,PressureTrend,low,9,0,0,Charlie,Engineer
E103211,2025-01-31 11:46:00,MX-101,Line-A,morning,Warning,TempTrend,medium,1,0,0,Bravo,AutoReset
E103291,2025-01-31 11:51:00,MX-202,Line-C,morning,Setup,FixtureAdjustment,medium,40,33,27,Delta,Operator
E103225,2025-01-31 12:08:00,MX-201,Line-C,morning,Alarm,PressureDrop,medium,131,127,247,Bravo,Operator
E103240,2025-01-31 12:20:00,MX-103,Line-B,morning,Quality,VisionReject,low,7,1,35,Charlie,Operator
E103258,2025-01-31 12:21:00,MX-202,Line-C,morning,Alarm,MotorOverload,high,18,8,8,Charlie,Technician
E103235,2025-01-31 12:22:00,MX-103,Line-B,morning,Maintenance,FilterChange,low,23,16,14,Delta,Operator
E103307,2025-01-31 13:00:00,MX-101,Line-A,morning,Alarm,HighVibration,critical,23,21,26,Alpha,Technician
E103288,2025-01-31 13:03:00,MX-103,Line-B,morning,Quality,SurfaceDefect,high,3,0,8,Delta,Engineer
E103268,2025-01-31 13:06:00,MX-201,Line-C,morning,Warning,TempTrend,medium,1,0,0,Alpha,Operator
E103218,2025-01-31 13:23:00,MX-201,Line-C,morning,Alarm,SensorFailure,high,52,46,97,Charlie,Technician
E103286,2025-01-31 13:59:00,MX-102,Line-A,morning,Alarm,SensorFailure,medium,37,33,72,Bravo,Engineer
E103257,2025-01-31 14:29:00,MX-201,Line-C,evening,Maintenance,BearingReplacement,low,95,62,60,Delta,Technician
E103287,2025-01-31 14:32:00,MX-101,Line-A,evening,Setup,ToolChange,low,79,59,61,Alpha,Technician
E103292,2025-01-31 14:36:00,MX-103,Line-B,evening,Maintenance,Calibration,medium,71,30,23,Charlie,Technician
E103256,2025-01-31 14:44:00,MX-101,Line-A,evening,Maintenance,Inspection,medium,61,28,20,Bravo,Technician
E103204,2025-01-31 14:56:00,MX-202,Line-C,evening,Safety,EStop,critical,4,3,2,Charlie,Engineer
E103281,2025-01-31 15:00:00,MX-202,Line-C,evening,Maintenance,Inspection,medium,40,13,3,Delta,Operator
E103265,2025-01-31 15:44:00,MX-102,Line-A,evening,Setup,RecipeChange,low,46,39,9,Charlie,Supervisor
E103302,2025-01-31 15:47:00,MX-202,Line-C,evening,Maintenance,Lubrication,medium,36,11,5,Bravo,Technician
E103285,2025-01-31 15:54:00,MX-103,Line-B,evening,Alarm,MotorOverload,medium,49,37,63,Bravo,AutoReset
E103242,2025-01-31 16:11:00,MX-101,Line-A,evening,Maintenance,Inspection,low,206,101,39,Charlie,Technician
E103314,2025-01-31 16:47:00,MX-102,Line-A,evening,Setup,ToolChange,low,20,19,19,Bravo,Operator
E103226,2025-01-31 17:04:00,MX-103,Line-B,evening,Alarm,MotorOverload,high,15,10,8,Delta,Technician
E103215,2025-01-31 17:28:00,MX-101,Line-A,evening,Warning,EnergySpike,high,22,0,0,Charlie,Operator
E103239,2025-01-31 17:32:00,MX-201,Line-C,evening,Warning,PressureTrend,low,9,0,0,Bravo,Operator
E103301,2025-01-31 17:51:00,MX-102,Line-A,evening,Warning,TempTrend,medium,2,0,0,Delta,Operator
E103252,2025-01-31 18:16:00,MX-202,Line-C,evening,Alarm,PressureDrop,medium,7,5,10,Charlie,Operator
E103304,2025-01-31 18:22:00,MX-102,Line-A,evening,Safety,AreaBreach,medium,24,22,4,Charlie,AutoReset
E103269,2025-01-31 18:28:00,MX-102,Line-A,evening,Alarm,Overheat,medium,17,14,17,Delta,Technician
E103232,2025-01-31 18:35:00,MX-103,Line-B,evening,Setup,FixtureAdjustment,medium,40,39,37,Charlie,Technician
E103234,2025-01-31 18:46:00,MX-101,Line-A,evening,Setup,RecipeChange,medium,37,34,28,Delta,Technician
E103245,2025-01-31 18:54:00,MX-202,Line-C,evening,Quality,MaterialMismatch,medium,20,6,135,Alpha,AutoReset
E103210,2025-01-31 19:16:00,MX-103,Line-B,evening,Alarm,HighVibration,medium,43,39,41,Charlie,AutoReset
E103212,2025-01-31 19:39:00,MX-201,Line-C,evening,Setup,RecipeChange,low,50,39,33,Delta,Supervisor
E103267,2025-01-31 19:46:00,MX-201,Line-C,evening,Setup,FixtureAdjustment,medium,36,35,30,Bravo,AutoReset
E103294,2025-01-31 19:52:00,MX-202,Line-C,evening,Setup,RecipeChange,low,18,15,8,Delta,Technician
E103299,2025-01-31 20:18:00,MX-201,Line-C,evening,Alarm,PressureDrop,high,41,27,37,Alpha,Operator
E103214,2025-01-31 20:29:00,MX-102,Line-A,evening,Warning,VibrationTrend,low,3,0,0,Charlie,AutoReset
E103280,2025-01-31 20:29:00,MX-101,Line-A,evening,Alarm,Overheat,critical,24,23,47,Charlie,AutoReset
E103278,2025-01-31 20:51:00,MX-102,Line-A,evening,Maintenance,BearingReplacement,medium,75,36,30,Bravo,Technician
E103217,2025-01-31 21:19:00,MX-102,Line-A,evening,Warning,EnergySpike,low,8,0,0,Alpha,Operator
E103213,2025-01-31 21:52:00,MX-102,Line-A,evening,Maintenance,Calibration,medium,120,95,34,Alpha,Technician
E103303,2025-01-31 21:57:00,MX-201,Line-C,evening,Warning,EnergySpike,high,8,0,0,Delta,Operator
E103306,2025-01-31 22:01:00,MX-102,Line-A,night,Maintenance,Calibration,medium,47,15,4,Delta,Technician
E103237,2025-01-31 22:12:00,MX-101,Line-A,night,Maintenance,Lubrication,medium,73,56,47,Charlie,Engineer
E103261,2025-01-31 22:14:00,MX-202,Line-C,night,Quality,DimensionDrift,high,19,0,81,Delta,Technician
E103222,2025-01-31 22:16:00,MX-101,Line-A,night,Quality,VisionReject,high,28,7,74,Charlie,Operator
E103249,2025-01-31 22:33:00,MX-102,Line-A,night,Warning,TempTrend,low,6,0,0,Alpha,Engineer
E103279,2025-01-31 22:49:00,MX-102,Line-A,night,Maintenance,Lubrication,low,40,13,10,Delta,Technician
E103248,2025-01-31 22:58:00,MX-102,Line-A,night,Maintenance,BearingReplacement,low,85,37,24,Delta,Engineer
E103227,2025-01-31 23:02:00,MX-103,Line-B,night,Quality,DimensionDrift,medium,28,8,139,Charlie,Operator
E103311,2025-01-31 23:08:00,MX-101,Line-A,night,Quality,DimensionDrift,low,7,0,48,Alpha,Technician
E103271,2025-01-31 23:10:00,MX-202,Line-C,night,Quality,VisionReject,medium,20,5,113,Delta,Engineer
E103282,2025-01-31 23:26:00,MX-201,Line-C,night,Setup,FixtureAdjustment,low,22,18,9,Alpha,AutoReset
E103263,2025-01-31 23:36:00,MX-101,Line-A,night,Warning,PressureTrend,low,1,0,0,Bravo,Technician
E103296,2025-01-31 23:53:00,MX-202,Line-C,night,Alarm,Overheat,critical,46,37,54,Alpha,Engineer
E103266,2025-01-31 23:58:00,MX-102,Line-A,night,Safety,EStop,medium,23,12,13,Delta,AutoReset
E103334,2025-02-01 00:19:00,MX-103,Line-B,night,Setup,RecipeChange,low,8,5,3,Bravo,AutoReset
E103337,2025-02-01 00:36:00,MX-201,Line-C,night,Quality,VisionReject,medium,2,0,10,Alpha,Technician
E103365,2025-02-01 00:42:00,MX-101,Line-A,night,Safety,AreaBreach,high,23,20,6,Alpha,Operator
E103330,2025-02-01 00:43:00,MX-101,Line-A,night,Setup,RecipeChange,low,43,33,27,Bravo,Technician
E103367,2025-02-01 02:25:00,MX-103,Line-B,night,Setup,RecipeChange,medium,8,6,1,Delta,Engineer
E103347,2025-02-01 03:06:00,MX-102,Line-A,night,Warning,EnergySpike,low,1,0,0,Delta,Engineer
E103325,2025-02-01 03:10:00,MX-101,Line-A,night,Setup,ToolChange,low,17,12,6,Bravo,Engineer
E103366,2025-02-01 03:54:00,MX-101,Line-A,night,Alarm,PressureDrop,low,36,31,35,Charlie,AutoReset
E103341,2025-02-01 04:05:00,MX-102,Line-A,night,Alarm,Overheat,critical,59,37,30,Bravo,Technician
E103355,2025-02-01 04:05:00,MX-101,Line-A,night,Alarm,SensorFailure,medium,34,26,18,Bravo,Technician
E103376,2025-02-01 04:10:00,MX-202,Line-C,night,Alarm,HighVibration,low,48,29,37,Alpha,Engineer
E103362,2025-02-01 05:07:00,MX-101,Line-A,night,Alarm,MotorOverload,critical,70,50,86,Alpha,Technician
E103320,2025-02-01 05:33:00,MX-103,Line-B,night,Maintenance,BearingReplacement,low,30,18,14,Charlie,Technician
E103338,2025-02-01 05:51:00,MX-101,Line-A,night,Maintenance,Lubrication,high,152,65,24,Bravo,Operator
E103359,2025-02-01 06:11:00,MX-202,Line-C,morning,Maintenance,Calibration,low,169,69,26,Charlie,Operator
E103322,2025-02-01 07:19:00,MX-102,Line-A,morning,Alarm,HighVibration,high,70,58,106,Delta,Supervisor
E103319,2025-02-01 07:20:00,MX-101,Line-A,morning,Warning,TempTrend,medium,5,0,0,Bravo,Operator
E103331,2025-02-01 07:48:00,MX-202,Line-C,morning,Maintenance,Inspection,medium,118,78,27,Charlie,Supervisor
E103375,2025-02-01 07:57:00,MX-102,Line-A,morning,Warning,PressureTrend,medium,2,0,0,Bravo,Operator
E103346,2025-02-01 08:07:00,MX-101,Line-A,morning,Warning,TempTrend,low,6,0,0,Bravo,Technician
E103348,2025-02-01 08:24:00,MX-201,Line-C,morning,Safety,EStop,critical,23,21,9,Bravo,Technician
E103373,2025-02-01 09:12:00,MX-102,Line-A,morning,Alarm,SensorFailure,high,17,14,13,Bravo,Technician
E103368,2025-02-01 09:26:00,MX-101,Line-A,morning,Setup,RecipeChange,low,24,19,11,Charlie,Technician
E103369,2025-02-01 09:44:00,MX-101,Line-A,morning,Alarm,SensorFailure,high,20,11,13,Delta,Technician
E103329,2025-02-01 10:27:00,MX-101,Line-A,morning,Warning,EnergySpike,medium,9,0,0,Charlie,Engineer
E103326,2025-02-01 11:06:00,MX-101,Line-A,morning,Quality,MaterialMismatch,medium,17,4,59,Charlie,Operator
E103351,2025-02-01 12:00:00,MX-102,Line-A,morning,Alarm,HighVibration,medium,20,13,21,Alpha,AutoReset
E103357,2025-02-01 12:37:00,MX-103,Line-B,morning,Maintenance,Lubrication,low,24,9,8,Delta,Technician
E103345,2025-02-01 12:47:00,MX-103,Line-B,morning,Warning,TempTrend,low,5,0,0,Bravo,Operator
E103350,2025-02-01 13:27:00,MX-201,Line-C,morning,Maintenance,Lubrication,high,21,13,5,Alpha,Operator
E103374,2025-02-01 13:36:00,MX-201,Line-C,morning,Warning,EnergySpike,high,8,1,0,Bravo,Operator
E103340,2025-02-01 14:19:00,MX-101,Line-A,evening,Quality,DimensionDrift,high,8,2,50,Charlie,Technician
E103377,2025-02-01 14:24:00,MX-103,Line-B,evening,Maintenance,Inspection,medium,83,25,17,Charlie,Technician
E103363,2025-02-01 14:29:00,MX-103,Line-B,evening,Safety,AreaBreach,medium,46,42,49,Alpha,Technician
E103370,2025-02-01 14:38:00,MX-202,Line-C,evening,Quality,DimensionDrift,medium,16,4,83,Delta,Operator
E103327,2025-02-01 15:36:00,MX-101,Line-A,evening,Safety,DoorInterlock,high,57,30,8,Bravo,Operator
E103361,2025-02-01 16:13:00,MX-103,Line-B,evening,Warning,EnergySpike,low,9,0,0,Charlie,Technician
E103358,2025-02-01 16:14:00,MX-103,Line-B,evening,Quality,DimensionDrift,medium,1,0,2,Alpha,Technician
E103349,2025-02-01 16:34:00,MX-201,Line-C,evening,Safety,DoorInterlock,critical,20,11,16,Delta,Technician
E103321,2025-02-01 17:17:00,MX-201,Line-C,evening,Maintenance,BearingReplacement,low,60,18,7,Charlie,Technician
E103372,2025-02-01 17:21:00,MX-202,Line-C,evening,Quality,VisionReject,medium,23,3,83,Delta,Technician
E103328,2025-02-01 17:30:00,MX-202,Line-C,evening,Alarm,PressureDrop,medium,24,20,38,Delta,Technician
E103335,2025-02-01 17:44:00,MX-102,Line-A,evening,Setup,RecipeChange,low,21,18,16,Bravo,AutoReset
E103336,2025-02-01 17:46:00,MX-101,Line-A,evening,Maintenance,Lubrication,high,73,28,21,Alpha,Technician
E103354,2025-02-01 19:19:00,MX-202,Line-C,evening,Setup,ToolChange,medium,31,22,20,Alpha,Operator
E103344,2025-02-01 19:22:00,MX-102,Line-A,evening,Maintenance,BearingReplacement,medium,95,51,36,Delta,Technician
E103360,2025-02-01 19:23:00,MX-201,Line-C,evening,Alarm,HighVibration,medium,65,32,63,Charlie,Technician
E103323,2025-02-01 19:36:00,MX-102,Line-A,evening,Warning,PressureTrend,high,1,0,0,Delta,Operator
E103332,2025-02-01 19:48:00,MX-201,Line-C,evening,Safety,EStop,critical,7,4,3,Delta,Operator
E103324,2025-02-01 20:11:00,MX-102,Line-A,evening,Alarm,Overheat,low,23,13,15,Bravo,Operator
E103342,2025-02-01 20:13:00,MX-102,Line-A,evening,Warning,VibrationTrend,high,1,0,0,Alpha,Supervisor
E103333,2025-02-01 21:06:00,MX-201,Line-C,evening,Quality,SurfaceDefect,medium,12,2,82,Bravo,Operator
E103343,2025-02-01 21:29:00,MX-201,Line-C,evening,Alarm,HighVibration,critical,98,86,140,Charlie,Technician
E103364,2025-02-01 21:30:00,MX-102,Line-A,evening,Warning,PressureTrend,medium,1,0,0,Alpha,Engineer
E103371,2025-02-01 22:13:00,MX-202,Line-C,night,Warning,TempTrend,low,3,0,0,Charlie,Technician
E103356,2025-02-01 22:53:00,MX-202,Line-C,night,Quality,SurfaceDefect,low,1,0,5,Alpha,AutoReset
E103353,2025-02-01 23:13:00,MX-202,Line-C,night,Quality,VisionReject,high,11,3,28,Charlie,Operator
E103339,2025-02-01 23:25:00,MX-202,Line-C,night,Alarm,HighVibration,medium,15,9,19,Charlie,Technician
E103352,2025-02-01 23:34:00,MX-102,Line-A,night,Alarm,SensorFailure,critical,41,19,24,Delta,AutoReset
E103385,2025-02-02 00:19:00,MX-102,Line-A,night,Safety,DoorInterlock,critical,32,31,11,Charlie,Technician
E103401,2025-02-02 00:30:00,MX-101,Line-A,night,Quality,VisionReject,medium,7,0,33,Alpha,Engineer
E103391,2025-02-02 01:24:00,MX-103,Line-B,night,Setup,ToolChange,low,43,36,27,Bravo,Technician
E103434,2025-02-02 01:38:00,MX-102,Line-A,night,Alarm,Overheat,medium,29,22,28,Alpha,Engineer
E103393,2025-02-02 02:08:00,MX-103,Line-B,night,Setup,ToolChange,low,8,7,5,Delta,AutoReset
E103412,2025-02-02 02:09:00,MX-103,Line-B,night,Quality,VisionReject,low,19,3,123,Alpha,Engineer
E103429,2025-02-02 02:30:00,MX-202,Line-C,night,Safety,EStop,high,15,11,15,Delta,AutoReset
E103394,2025-02-02 02:41:00,MX-201,Line-C,night,Alarm,PressureDrop,medium,77,63,45,Bravo,AutoReset
E103388,2025-02-02 02:54:00,MX-102,Line-A,night,Warning,TempTrend,medium,23,0,0,Delta,Technician
E103399,2025-02-02 03:26:00,MX-201,Line-C,night,Warning,EnergySpike,low,8,0,0,Delta,Operator
E103425,2025-02-02 04:58:00,MX-101,Line-A,night,Quality,MaterialMismatch,medium,3,0,20,Bravo,Technician
E103413,2025-02-02 05:11:00,MX-103,Line-B,night,Quality,MaterialMismatch,high,13,1,78,Charlie,Engineer
E103386,2025-02-02 05:13:00,MX-102,Line-A,night,Quality,VisionReject,high,24,1,129,Alpha,Operator
E103439,2025-02-02 05:30:00,MX-201,Line-C,night,Safety,EStop,medium,33,22,14,Charlie,Technician
E103395,2025-02-02 05:42:00,MX-202,Line-C,night,Quality,VisionReject,medium,11,1,23,Charlie,Technician
E103435,2025-02-02 06:19:00,MX-202,Line-C,morning,Warning,TempTrend,low,3,0,0,Bravo,Technician
E103384,2025-02-02 06:22:00,MX-202,Line-C,morning,Alarm,HighVibration,low,139,108,115,Delta,Operator
E103400,2025-02-02 06:24:00,MX-101,Line-A,morning,Setup,FixtureAdjustment,low,59,57,62,Bravo,Operator
E103431,2025-02-02 06:36:00,MX-101,Line-A,morning,Maintenance,Calibration,low,49,24,12,Bravo,Engineer
E103379,2025-02-02 06:55:00,MX-101,Line-A,morning,Safety,GuardOpen,critical,28,17,15,Bravo,Technician
E103437,2025-02-02 07:11:00,MX-102,Line-A,morning,Alarm,HighVibration,high,9,4,4,Alpha,AutoReset
E103403,2025-02-02 07:55:00,MX-201,Line-C,morning,Alarm,MotorOverload,medium,36,17,17,Delta,Technician
E103392,2025-02-02 08:20:00,MX-202,Line-C,morning,Alarm,MotorOverload,medium,98,78,166,Bravo,AutoReset
E103387,2025-02-02 08:44:00,MX-201,Line-C,morning,Warning,TempTrend,low,9,0,0,Delta,Technician
E103402,2025-02-02 09:08:00,MX-201,Line-C,morning,Quality,DimensionDrift,high,9,0,62,Alpha,Engineer
E103389,2025-02-02 10:00:00,MX-102,Line-A,morning,Alarm,HighVibration,high,41,27,31,Bravo,Engineer
E103390,2025-02-02 10:24:00,MX-201,Line-C,morning,Setup,FixtureAdjustment,low,33,26,18,Delta,Supervisor
E103404,2025-02-02 10:29:00,MX-102,Line-A,morning,Warning,PressureTrend,low,6,0,0,Alpha,Operator
E103440,2025-02-02 10:36:00,MX-103,Line-B,morning,Warning,PressureTrend,medium,15,1,0,Delta,AutoReset
E103396,2025-02-02 10:56:00,MX-202,Line-C,morning,Warning,EnergySpike,low,2,0,0,Bravo,Technician
E103436,2025-02-02 10:56:00,MX-102,Line-A,morning,Quality,SurfaceDefect,medium,6,1,12,Charlie,Supervisor
E103406,2025-02-02 11:02:00,MX-101,Line-A,morning,Warning,EnergySpike,medium,1,0,0,Bravo,Technician
E103416,2025-02-02 12:45:00,MX-201,Line-C,morning,Safety,DoorInterlock,high,78,47,49,Alpha,Technician
E103398,2025-02-02 12:53:00,MX-102,Line-A,morning,Maintenance,Inspection,low,64,25,19,Alpha,AutoReset
E103405,2025-02-02 13:24:00,MX-101,Line-A,morning,Quality,DimensionDrift,medium,28,8,175,Alpha,Operator
E103423,2025-02-02 13:31:00,MX-101,Line-A,morning,Alarm,PressureDrop,high,46,38,75,Bravo,AutoReset
E103415,2025-02-02 13:44:00,MX-202,Line-C,morning,Maintenance,Lubrication,medium,33,13,9,Alpha,Engineer
E103383,2025-02-02 13:52:00,MX-101,Line-A,morning,Alarm,SensorFailure,high,34,25,40,Charlie,Technician
E103421,2025-02-02 14:03:00,MX-102,Line-A,evening,Warning,VibrationTrend,medium,1,0,0,Delta,Supervisor
E103430,2025-02-02 14:04:00,MX-103,Line-B,evening,Maintenance,FilterChange,medium,14,9,7,Delta,Technician
E103408,2025-02-02 15:26:00,MX-201,Line-C,evening,Quality,MaterialMismatch,medium,3,0,10,Alpha,Technician
E103397,2025-02-02 16:07:00,MX-102,Line-A,evening,Maintenance,Lubrication,low,249,98,64,Alpha,AutoReset
E103438,2025-02-02 16:14:00,MX-201,Line-C,evening,Safety,GuardOpen,medium,12,6,6,Delta,Operator
E103381,2025-02-02 16:44:00,MX-201,Line-C,evening,Setup,ToolChange,medium,20,16,10,Charlie,Technician
E103380,2025-02-02 17:14:00,MX-101,Line-A,evening,Quality,SurfaceDefect,high,9,2,38,Charlie,Technician
E103433,2025-02-02 18:02:00,MX-201,Line-C,evening,Alarm,HighVibration,high,20,14,19,Delta,AutoReset
E103378,2025-02-02 18:47:00,MX-202,Line-C,evening,Quality,MaterialMismatch,high,14,4,75,Alpha,Engineer
E103419,2025-02-02 19:31:00,MX-201,Line-C,evening,Alarm,MotorOverload,high,46,22,32,Alpha,Technician
E103441,2025-02-02 19:44:00,MX-103,Line-B,evening,Warning,PressureTrend,medium,4,0,0,Alpha,Technician
E103417,2025-02-02 20:04:00,MX-101,Line-A,evening,Maintenance,Calibration,low,83,32,9,Delta,Technician
E103418,2025-02-02 20:12:00,MX-102,Line-A,evening,Maintenance,BearingReplacement,medium,27,14,3,Delta,Operator
E103422,2025-02-02 20:38:00,MX-202,Line-C,evening,Alarm,MotorOverload,high,39,24,38,Charlie,Operator
E103410,2025-02-02 20:47:00,MX-201,Line-C,evening,Quality,SurfaceDefect,medium,34,0,183,Bravo,AutoReset
E103428,2025-02-02 20:47:00,MX-103,Line-B,evening,Warning,TempTrend,low,10,1,0,Delta,Engineer
E103426,2025-02-02 20:55:00,MX-103,Line-B,evening,Alarm,Overheat,medium,37,32,41,Charlie,Technician
E103414,2025-02-02 20:55:00,MX-201,Line-C,evening,Quality,SurfaceDefect,high,4,0,14,Charlie,Operator
E103424,2025-02-02 21:18:00,MX-103,Line-B,evening,Warning,VibrationTrend,high,10,0,0,Bravo,Technician
E103409,2025-02-02 21:46:00,MX-101,Line-A,evening,Warning,VibrationTrend,high,6,0,0,Bravo,Operator
E103382,2025-02-02 22:05:00,MX-201,Line-C,night,Alarm,MotorOverload,high,63,29,60,Alpha,AutoReset
E103407,2025-02-02 22:37:00,MX-101,Line-A,night,Alarm,Overheat,low,27,14,10,Delta,Operator
E103427,2025-02-02 22:46:00,MX-103,Line-B,night,Setup,RecipeChange,low,39,27,21,Delta,Technician
E103420,2025-02-02 22:56:00,MX-201,Line-C,night,Setup,FixtureAdjustment,low,43,30,17,Delta,Technician
E103411,2025-02-02 23:07:00,MX-102,Line-A,night,Alarm,MotorOverload,medium,26,21,46,Charlie,Supervisor
E103432,2025-02-02 23:37:00,MX-202,Line-C,night,Setup,FixtureAdjustment,low,57,45,26,Alpha,Engineer
E103513,2025-02-03 00:01:00,MX-103,Line-B,night,Quality,SurfaceDefect,medium,9,3,27,Alpha,Operator
E103548,2025-02-03 00:26:00,MX-202,Line-C,night,Maintenance,Inspection,low,22,11,2,Bravo,Technician
E103520,2025-02-03 00:36:00,MX-103,Line-B,night,Quality,SurfaceDefect,medium,33,9,177,Charlie,AutoReset
E103479,2025-02-03 00:42:00,MX-103,Line-B,night,Maintenance,BearingReplacement,low,94,68,46,Bravo,Operator
E103492,2025-02-03 02:00:00,MX-201,Line-C,night,Maintenance,Calibration,medium,81,32,8,Charlie,AutoReset
E103534,2025-02-03 02:09:00,MX-101,Line-A,night,Safety,DoorInterlock,medium,66,54,61,Charlie,Operator
E103469,2025-02-03 02:20:00,MX-202,Line-C,night,Alarm,SensorFailure,critical,80,58,68,Delta,Operator
E103515,2025-02-03 02:36:00,MX-103,Line-B,night,Alarm,MotorOverload,critical,75,70,140,Delta,Engineer
E103458,2025-02-03 02:38:00,MX-202,Line-C,night,Warning,VibrationTrend,high,8,0,0,Alpha,Supervisor
E103459,2025-02-03 02:56:00,MX-201,Line-C,night,Quality,VisionReject,medium,10,0,60,Bravo,Operator
E103531,2025-02-03 02:58:00,MX-102,Line-A,night,Maintenance,FilterChange,low,93,70,23,Bravo,Engineer
E103466,2025-02-03 03:15:00,MX-101,Line-A,night,Warning,TempTrend,low,9,1,0,Alpha,Operator
E103508,2025-02-03 03:17:00,MX-202,Line-C,night,Quality,MaterialMismatch,high,20,5,63,Alpha,Engineer
E103544,2025-02-03 03:23:00,MX-201,Line-C,night,Warning,PressureTrend,low,23,1,0,Alpha,Engineer
E103487,2025-02-03 03:28:00,MX-202,Line-C,night,Warning,PressureTrend,low,23,1,0,Bravo,Operator
E103478,2025-02-03 03:39:00,MX-201,Line-C,night,Maintenance,BearingReplacement,high,37,10,2,Alpha,Engineer
E103488,2025-02-03 03:58:00,MX-202,Line-C,night,Warning,PressureTrend,low,6,0,0,Charlie,Technician
E103547,2025-02-03 04:31:00,MX-201,Line-C,night,Warning,TempTrend,medium,15,0,0,Bravo,Technician
E103541,2025-02-03 04:52:00,MX-201,Line-C,night,Setup,ToolChange,medium,50,45,18,Delta,Technician
E103512,2025-02-03 05:12:00,MX-102,Line-A,night,Setup,FixtureAdjustment,low,36,33,21,Alpha,Technician
E103519,2025-02-03 05:20:00,MX-201,Line-C,night,Setup,FixtureAdjustment,low,23,19,18,Bravo,Operator
E103538,2025-02-03 05:33:00,MX-101,Line-A,night,Alarm,HighVibration,medium,43,36,72,Alpha,Technician
E103518,2025-02-03 05:56:00,MX-202,Line-C,night,Quality,DimensionDrift,medium,48,12,196,Bravo,Technician
E103530,2025-02-03 06:22:00,MX-102,Line-A,morning,Alarm,Overheat,high,20,9,16,Alpha,Technician
E103521,2025-02-03 06:31:00,MX-201,Line-C,morning,Safety,AreaBreach,high,30,18,22,Charlie,Technician
E103485,2025-02-03 06:52:00,MX-202,Line-C,morning,Warning,TempTrend,medium,2,0,0,Alpha,AutoReset
E103493,2025-02-03 07:10:00,MX-103,Line-B,morning,Warning,EnergySpike,low,1,0,0,Delta,Supervisor
E103494,2025-02-03 07:19:00,MX-102,Line-A,morning,Alarm,Overheat,medium,73,66,79,Charlie,Technician
E103516,2025-02-03 07:37:00,MX-103,Line-B,morning,Quality,SurfaceDefect,medium,19,5,95,Charlie,Technician
E103495,2025-02-03 07:51:00,MX-101,Line-A,morning,Setup,RecipeChange,low,26,19,14,Bravo,Technician
E103507,2025-02-03 08:34:00,MX-202,Line-C,morning,Alarm,HighVibration,high,54,36,31,Delta,Technician
E103502,2025-02-03 08:40:00,MX-202,Line-C,morning,Maintenance,Calibration,low,80,55,30,Delta,Engineer
E103486,2025-02-03 08:52:00,MX-101,Line-A,morning,Quality,VisionReject,low,32,8,195,Delta,Engineer
E103551,2025-02-03 08:54:00,MX-202,Line-C,morning,Setup,ToolChange,low,46,37,19,Alpha,Technician
E103510,2025-02-03 08:55:00,MX-202,Line-C,morning,Safety,GuardOpen,medium,34,28,11,Alpha,AutoReset
E103443,2025-02-03 09:05:00,MX-103,Line-B,morning,Quality,DimensionDrift,high,7,1,33,Bravo,Technician
E103471,2025-02-03 09:07:00,MX-102,Line-A,morning,Quality,SurfaceDefect,medium,12,2,64,Delta,Operator
E103524,2025-02-03 09:17:00,MX-201,Line-C,morning,Warning,TempTrend,low,12,0,0,Bravo,Engineer
E103453,2025-02-03 09:19:00,MX-201,Line-C,morning,Setup,FixtureAdjustment,low,62,45,18,Delta,AutoReset
E103490,2025-02-03 09:31:00,MX-202,Line-C,morning,Maintenance,Calibration,medium,65,43,30,Charlie,Technician
E103491,2025-02-03 09:40:00,MX-102,Line-A,morning,Setup,ToolChange,low,61,47,26,Charlie,Operator
E103481,2025-02-03 09:48:00,MX-201,Line-C,morning,Quality,SurfaceDefect,medium,15,2,76,Bravo,Technician
E103484,2025-02-03 09:59:00,MX-102,Line-A,morning,Maintenance,Lubrication,low,49,28,13,Charlie,Engineer
E103468,2025-02-03 10:12:00,MX-103,Line-B,morning,Maintenance,FilterChange,low,62,43,16,Alpha,Operator
E103549,2025-02-03 10:16:00,MX-103,Line-B,morning,Alarm,SensorFailure,critical,20,18,38,Alpha,Technician
E103456,2025-02-03 10:37:00,MX-103,Line-B,morning,Safety,GuardOpen,medium,30,20,17,Alpha,AutoReset
E103446,2025-02-03 10:51:00,MX-103,Line-B,morning,Warning,TempTrend,low,2,0,0,Delta,Engineer
E103498,2025-02-03 11:56:00,MX-103,Line-B,morning,Maintenance,Inspection,low,87,38,23,Charlie,AutoReset
E103460,2025-02-03 11:59:00,MX-201,Line-C,morning,Setup,ToolChange,medium,8,7,6,Bravo,AutoReset
E103476,2025-02-03 12:11:00,MX-103,Line-B,morning,Warning,EnergySpike,low,21,1,0,Delta,AutoReset
E103447,2025-02-03 12:14:00,MX-102,Line-A,morning,Setup,FixtureAdjustment,low,23,18,9,Bravo,Engineer
E103462,2025-02-03 12:57:00,MX-102,Line-A,morning,Maintenance,Calibration,low,76,23,14,Delta,Operator
E103552,2025-02-03 13:05:00,MX-103,Line-B,morning,Alarm,PressureDrop,medium,83,51,98,Delta,Engineer
E103470,2025-02-03 13:07:00,MX-103,Line-B,morning,Warning,PressureTrend,medium,1,0,0,Charlie,Technician
E103526,2025-02-03 13:22:00,MX-201,Line-C,morning,Alarm,HighVibration,high,62,54,53,Bravo,AutoReset
E103496,2025-02-03 13:38:00,MX-201,Line-C,morning,Alarm,SensorFailure,high,23,19,19,Delta,Technician
E103475,2025-02-03 13:40:00,MX-102,Line-A,morning,Safety,EStop,medium,24,13,3,Bravo,Supervisor
E103529,2025-02-03 13:41:00,MX-101,Line-A,morning,Alarm,MotorOverload,critical,105,90,90,Bravo,Supervisor
E103539,2025-02-03 13:50:00,MX-103,Line-B,morning,Alarm,Overheat,high,7,4,3,Alpha,Supervisor
E103546,2025-02-03 14:22:00,MX-202,Line-C,evening,Maintenance,Calibration,high,20,10,3,Bravo,Operator
E103545,2025-02-03 14:38:00,MX-102,Line-A,evening,Maintenance,Calibration,medium,34,14,11,Bravo,Operator
E103451,2025-02-03 14:39:00,MX-103,Line-B,evening,Quality,MaterialMismatch,medium,5,1,29,Delta,Technician
E103482,2025-02-03 15:10:00,MX-101,Line-A,evening,Warning,VibrationTrend,low,15,1,0,Delta,Supervisor
E103445,2025-02-03 15:17:00,MX-201,Line-C,evening,Alarm,PressureDrop,medium,36,19,37,Charlie,Technician
E103483,2025-02-03 15:33:00,MX-102,Line-A,evening,Quality,MaterialMismatch,high,11,2,70,Charlie,Technician
E103449,2025-02-03 15:35:00,MX-201,Line-C,evening,Maintenance,BearingReplacement,high,212,76,57,Charlie,Operator
E103477,2025-02-03 15:41:00,MX-101,Line-A,evening,Maintenance,FilterChange,low,194,54,25,Bravo,AutoReset
E103500,2025-02-03 15:44:00,MX-103,Line-B,evening,Alarm,SensorFailure,critical,65,40,73,Bravo,Supervisor
E103489,2025-02-03 16:51:00,MX-202,Line-C,evening,Warning,EnergySpike,low,1,0,0,Delta,Engineer
E103463,2025-02-03 16:58:00,MX-102,Line-A,evening,Setup,ToolChange,low,59,45,19,Delta,AutoReset
E103472,2025-02-03 17:00:00,MX-201,Line-C,evening,Alarm,SensorFailure,high,25,12,15,Alpha,Engineer
E103452,2025-02-03 17:09:00,MX-102,Line-A,evening,Setup,ToolChange,medium,51,39,38,Charlie,Operator
E103542,2025-02-03 17:11:00,MX-201,Line-C,evening,Quality,SurfaceDefect,high,6,0,29,Delta,Technician
E103448,2025-02-03 17:30:00,MX-102,Line-A,evening,Maintenance,Inspection,low,43,31,25,Bravo,Technician
E103444,2025-02-03 17:40:00,MX-101,Line-A,evening,Quality,VisionReject,high,14,2,81,Charlie,Technician
E103457,2025-02-03 18:08:00,MX-102,Line-A,evening,Quality,MaterialMismatch,medium,18,5,104,Alpha,Technician
E103454,2025-02-03 18:35:00,MX-202,Line-C,evening,Maintenance,FilterChange,low,229,119,43,Alpha,Engineer
E103504,2025-02-03 18:40:00,MX-201,Line-C,evening,Warning,EnergySpike,medium,5,0,0,Delta,Technician
E103533,2025-02-03 19:10:00,MX-101,Line-A,evening,Alarm,HighVibration,critical,4,3,6,Charlie,Supervisor
E103505,2025-02-03 19:19:00,MX-102,Line-A,evening,Setup,FixtureAdjustment,low,32,24,6,Alpha,Technician
E103465,2025-02-03 19:26:00,MX-202,Line-C,evening,Quality,DimensionDrift,medium,6,0,35,Delta,AutoReset
E103535,2025-02-03 19:37:00,MX-102,Line-A,evening,Alarm,MotorOverload,high,37,25,18,Alpha,Technician
E103501,2025-02-03 19:39:00,MX-202,Line-C,evening,Quality,SurfaceDefect,high,13,0,63,Alpha,Engineer
E103527,2025-02-03 20:00:00,MX-202,Line-C,evening,Safety,AreaBreach,high,32,21,30,Alpha,Technician
E103543,2025-02-03 20:21:00,MX-101,Line-A,evening,Warning,VibrationTrend,low,4,0,0,Bravo,AutoReset
E103523,2025-02-03 20:38:00,MX-202,Line-C,evening,Alarm,PressureDrop,medium,30,17,36,Charlie,Operator
E103528,2025-02-03 20:42:00,MX-201,Line-C,evening,Alarm,PressureDrop,high,107,96,173,Alpha,Supervisor
E103522,2025-02-03 20:45:00,MX-101,Line-A,evening,Quality,VisionReject,high,14,4,86,Alpha,AutoReset
E103509,2025-02-03 20:59:00,MX-103,Line-B,evening,Quality,DimensionDrift,high,27,2,141,Alpha,AutoReset
E103540,2025-02-03 21:01:00,MX-102,Line-A,evening,Maintenance,Lubrication,low,87,69,28,Alpha,Operator
E103511,2025-02-03 21:02:00,MX-202,Line-C,evening,Maintenance,Inspection,low,82,22,4,Charlie,AutoReset
E103525,2025-02-03 21:06:00,MX-103,Line-B,evening,Maintenance,Lubrication,low,68,20,13,Bravo,Operator
E103550,2025-02-03 21:06:00,MX-101,Line-A,evening,Warning,TempTrend,low,7,0,0,Delta,Technician
E103497,2025-02-03 21:14:00,MX-201,Line-C,evening,Quality,VisionReject,high,2,0,6,Charlie,Technician
E103517,2025-02-03 21:37:00,MX-201,Line-C,evening,Warning,VibrationTrend,low,5,0,0,Alpha,Supervisor
E103461,2025-02-03 21:47:00,MX-103,Line-B,evening,Setup,RecipeChange,medium,31,21,19,Charlie,Technician
E103506,2025-02-03 21:47:00,MX-102,Line-A,evening,Warning,EnergySpike,low,2,0,0,Bravo,Operator
E103467,2025-02-03 21:49:00,MX-102,Line-A,evening,Alarm,SensorFailure,high,7,3,4,Delta,Operator
E103532,2025-02-03 22:00:00,MX-201,Line-C,night,Warning,PressureTrend,low,2,0,0,Alpha,Engineer
E103442,2025-02-03 22:10:00,MX-101,Line-A,night,Setup,ToolChange,low,23,22,23,Charlie,AutoReset
E103503,2025-02-03 22:17:00,MX-201,Line-C,night,Quality,DimensionDrift,medium,4,0,26,Alpha,AutoReset
E103473,2025-02-03 22:35:00,MX-202,Line-C,night,Alarm,MotorOverload,high,40,35,26,Delta,AutoReset
E103474,2025-02-03 22:42:00,MX-103,Line-B,night,Alarm,PressureDrop,medium,60,35,61,Delta,AutoReset
E103537,2025-02-03 22:43:00,MX-201,Line-C,night,Alarm,SensorFailure,high,39,22,43,Bravo,Engineer
E103480,2025-02-03 22:47:00,MX-201,Line-C,night,Warning,VibrationTrend,low,2,0,0,Delta,Operator
E103464,2025-02-03 22:49:00,MX-101,Line-A,night,Safety,DoorInterlock,high,10,9,13,Alpha,Technician
E103536,2025-02-03 23:11:00,MX-201,Line-C,night,Quality,VisionReject,high,13,4,31,Alpha,Operator
E103450,2025-02-03 23:24:00,MX-201,Line-C,night,Alarm,HighVibration,high,51,33,33,Delta,AutoReset
E103455,2025-02-03 23:46:00,MX-103,Line-B,night,Maintenance,Inspection,medium,83,34,10,Alpha,Engineer
E103499,2025-02-03 23:50:00,MX-101,Line-A,night,Alarm,HighVibration,high,21,17,30,Delta,Engineer
E103514,2025-02-03 23:50:00,MX-102,Line-A,night,Safety,GuardOpen,high,52,50,23,Charlie,Operator
E103583,2025-02-04 00:09:00,MX-101,Line-A,night,Quality,MaterialMismatch,medium,2,0,12,Delta,Technician
E103560,2025-02-04 00:10:00,MX-101,Line-A,night,Safety,EStop,high,28,17,25,Alpha,Technician
E103585,2025-02-04 00:26:00,MX-102,Line-A,night,Quality,MaterialMismatch,high,17,0,62,Alpha,AutoReset
E103575,2025-02-04 00:26:00,MX-103,Line-B,night,Warning,VibrationTrend,high,4,0,0,Charlie,Technician
E103624,2025-02-04 00:35:00,MX-101,Line-A,night,Alarm,HighVibration,medium,36,27,57,Bravo,Operator
E103572,2025-02-04 01:05:00,MX-101,Line-A,night,Warning,PressureTrend,high,10,0,0,Charlie,Technician
E103629,2025-02-04 01:07:00,MX-101,Line-A,night,Warning,PressureTrend,medium,8,0,0,Charlie,AutoReset
E103613,2025-02-04 01:10:00,MX-101,Line-A,night,Setup,RecipeChange,medium,21,16,10,Charlie,Technician
E103661,2025-02-04 01:24:00,MX-201,Line-C,night,Maintenance,FilterChange,medium,70,21,4,Bravo,Supervisor
E103556,2025-02-04 01:28:00,MX-102,Line-A,night,Warning,VibrationTrend,medium,15,0,0,Delta,AutoReset
E103565,2025-02-04 02:00:00,MX-102,Line-A,night,Quality,DimensionDrift,medium,9,0,31,Charlie,AutoReset
E103615,2025-02-04 02:07:00,MX-102,Line-A,night,Warning,EnergySpike,high,7,0,0,Charlie,AutoReset
E103557,2025-02-04 02:11:00,MX-103,Line-B,night,Quality,VisionReject,medium,14,3,58,Alpha,Technician
E103643,2025-02-04 02:20:00,MX-101,Line-A,night,Alarm,PressureDrop,medium,26,18,18,Alpha,Operator
E103636,2025-02-04 03:17:00,MX-202,Line-C,night,Warning,VibrationTrend,low,17,1,0,Delta,Engineer
E103610,2025-02-04 03:44:00,MX-103,Line-B,night,Alarm,MotorOverload,medium,25,13,14,Bravo,Engineer
E103647,2025-02-04 03:53:00,MX-103,Line-B,night,Alarm,PressureDrop,high,31,20,36,Bravo,Technician
E103598,2025-02-04 04:16:00,MX-103,Line-B,night,Maintenance,Inspection,high,83,58,11,Charlie,Technician
E103621,2025-02-04 04:34:00,MX-103,Line-B,night,Maintenance,BearingReplacement,medium,85,59,28,Alpha,Supervisor
E103616,2025-02-04 05:09:00,MX-101,Line-A,night,Quality,DimensionDrift,medium,13,4,48,Charlie,AutoReset
E103637,2025-02-04 05:27:00,MX-201,Line-C,night,Setup,ToolChange,low,43,38,14,Bravo,AutoReset
E103638,2025-02-04 05:50:00,MX-103,Line-B,night,Warning,EnergySpike,low,11,0,0,Bravo,Engineer
E103666,2025-02-04 05:53:00,MX-102,Line-A,night,Maintenance,Calibration,medium,65,38,35,Charlie,Operator
E103626,2025-02-04 05:54:00,MX-201,Line-C,night,Setup,RecipeChange,low,40,33,16,Bravo,Operator
E103581,2025-02-04 06:04:00,MX-101,Line-A,morning,Alarm,PressureDrop,high,54,51,66,Delta,AutoReset
E103573,2025-02-04 06:07:00,MX-102,Line-A,morning,Setup,RecipeChange,low,98,93,48,Charlie,Engineer
E103635,2025-02-04 06:07:00,MX-201,Line-C,morning,Warning,PressureTrend,low,2,0,0,Bravo,Technician
E103657,2025-02-04 06:18:00,MX-101,Line-A,morning,Maintenance,Inspection,high,49,26,19,Charlie,Engineer
E103582,2025-02-04 06:29:00,MX-101,Line-A,morning,Maintenance,BearingReplacement,medium,55,23,11,Bravo,AutoReset
E103566,2025-02-04 06:34:00,MX-102,Line-A,morning,Alarm,PressureDrop,medium,34,25,36,Delta,Technician
E103593,2025-02-04 06:36:00,MX-202,Line-C,morning,Warning,PressureTrend,medium,4,0,0,Delta,Operator
E103602,2025-02-04 06:51:00,MX-102,Line-A,morning,Warning,EnergySpike,medium,4,0,0,Delta,Technician
E103655,2025-02-04 07:11:00,MX-101,Line-A,morning,Warning,PressureTrend,low,6,0,0,Charlie,Operator
E103567,2025-02-04 07:12:00,MX-102,Line-A,morning,Maintenance,Calibration,low,89,68,52,Charlie,Technician
E103597,2025-02-04 07:26:00,MX-101,Line-A,morning,Alarm,Overheat,high,65,53,111,Alpha,Engineer
E103594,2025-02-04 07:37:00,MX-102,Line-A,morning,Warning,PressureTrend,low,16,1,0,Charlie,AutoReset
E103574,2025-02-04 07:49:00,MX-101,Line-A,morning,Warning,PressureTrend,low,11,0,0,Charlie,Technician
E103571,2025-02-04 08:05:00,MX-102,Line-A,morning,Maintenance,Lubrication,medium,193,100,22,Delta,Technician
E103633,2025-02-04 08:06:00,MX-101,Line-A,morning,Warning,VibrationTrend,low,1,0,0,Delta,Operator
E103606,2025-02-04 08:11:00,MX-201,Line-C,morning,Setup,ToolChange,medium,54,38,33,Bravo,AutoReset
E103652,2025-02-04 08:22:00,MX-102,Line-A,morning,Warning,VibrationTrend,low,7,0,0,Bravo,Technician
E103646,2025-02-04 08:22:00,MX-101,Line-A,morning,Alarm,MotorOverload,low,4,2,4,Delta,Engineer
E103651,2025-02-04 08:43:00,MX-102,Line-A,morning,Maintenance,Lubrication,medium,74,34,29,Bravo,Technician
E103632,2025-02-04 08:46:00,MX-102,Line-A,morning,Quality,VisionReject,high,30,6,103,Bravo,Engineer
E103605,2025-02-04 09:18:00,MX-101,Line-A,morning,Maintenance,Calibration,medium,142,44,34,Alpha,Operator
E103642,2025-02-04 09:27:00,MX-201,Line-C,morning,Maintenance,Calibration,high,38,24,15,Alpha,Operator
E103649,2025-02-04 09:34:00,MX-103,Line-B,morning,Warning,PressureTrend,low,5,0,0,Bravo,Engineer
E103645,2025-02-04 09:40:00,MX-101,Line-A,morning,Quality,VisionReject,high,11,0,44,Charlie,Operator
E103658,2025-02-04 09:54:00,MX-103,Line-B,morning,Warning,EnergySpike,low,7,0,0,Delta,Technician
E103587,2025-02-04 10:01:00,MX-202,Line-C,morning,Maintenance,Calibration,low,129,45,42,Alpha,Technician
E103577,2025-02-04 10:12:00,MX-102,Line-A,morning,Setup,ToolChange,low,14,11,11,Bravo,Operator
E103640,2025-02-04 10:29:00,MX-202,Line-C,morning,Maintenance,FilterChange,low,83,61,23,Charlie,Technician
E103578,2025-02-04 10:30:00,MX-202,Line-C,morning,Setup,ToolChange,low,60,58,42,Alpha,Technician
E103617,2025-02-04 10:36:00,MX-103,Line-B,morning,Maintenance,Calibration,low,172,91,18,Bravo,Technician
E103648,2025-02-04 10:40:00,MX-103,Line-B,morning,Alarm,Overheat,high,28,19,25,Charlie,AutoReset
E103668,2025-02-04 10:49:00,MX-201,Line-C,morning,Setup,RecipeChange,medium,89,86,43,Bravo,AutoReset
E103568,2025-02-04 10:54:00,MX-201,Line-C,morning,Quality,MaterialMismatch,medium,19,1,81,Bravo,Supervisor
E103591,2025-02-04 11:05:00,MX-102,Line-A,morning,Alarm,HighVibration,medium,37,27,54,Alpha,AutoReset
E103600,2025-02-04 11:13:00,MX-102,Line-A,morning,Maintenance,BearingReplacement,medium,67,47,10,Delta,Technician
E103553,2025-02-04 11:34:00,MX-102,Line-A,morning,Setup,FixtureAdjustment,low,81,72,60,Delta,Operator
E103614,2025-02-04 11:49:00,MX-202,Line-C,morning,Warning,TempTrend,low,1,0,0,Bravo,Technician
E103660,2025-02-04 11:56:00,MX-103,Line-B,morning,Safety,DoorInterlock,high,22,21,15,Charlie,Supervisor
E103611,2025-02-04 12:12:00,MX-101,Line-A,morning,Setup,FixtureAdjustment,low,19,13,13,Delta,Technician
E103644,2025-02-04 12:16:00,MX-202,Line-C,morning,Quality,SurfaceDefect,medium,17,2,65,Bravo,Technician
E103618,2025-02-04 12:31:00,MX-202,Line-C,morning,Alarm,SensorFailure,medium,53,24,18,Bravo,Technician
E103622,2025-02-04 12:44:00,MX-201,Line-C,morning,Setup,FixtureAdjustment,low,30,23,17,Delta,Technician
E103612,2025-02-04 12:52:00,MX-201,Line-C,morning,Alarm,MotorOverload,critical,18,17,24,Bravo,Operator
E103596,2025-02-04 12:58:00,MX-101,Line-A,morning,Setup,ToolChange,medium,55,47,12,Alpha,AutoReset
E103555,2025-02-04 13:18:00,MX-103,Line-B,morning,Alarm,PressureDrop,medium,83,60,89,Bravo,Engineer
E103627,2025-02-04 13:18:00,MX-101,Line-A,morning,Alarm,SensorFailure,medium,65,63,54,Delta,Technician
E103653,2025-02-04 13:44:00,MX-101,Line-A,morning,Quality,SurfaceDefect,high,3,0,16,Alpha,Engineer
E103631,2025-02-04 13:48:00,MX-103,Line-B,morning,Maintenance,Inspection,medium,21,14,11,Bravo,AutoReset
E103584,2025-02-04 13:53:00,MX-201,Line-C,morning,Alarm,PressureDrop,high,25,12,16,Delta,Operator
E103580,2025-02-04 13:58:00,MX-201,Line-C,morning,Alarm,MotorOverload,medium,47,38,38,Bravo,Technician
E103554,2025-02-04 14:05:00,MX-202,Line-C,evening,Alarm,HighVibration,high,83,44,61,Alpha,Operator
E103586,2025-02-04 14:35:00,MX-101,Line-A,evening,Alarm,MotorOverload,high,50,28,57,Charlie,Supervisor
E103563,2025-02-04 14:48:00,MX-101,Line-A,evening,Alarm,MotorOverload,medium,25,13,10,Delta,Supervisor
E103588,2025-02-04 15:03:00,MX-201,Line-C,evening,Setup,ToolChange,low,10,7,2,Delta,Supervisor
E103656,2025-02-04 15:09:00,MX-202,Line-C,evening,Maintenance,FilterChange,medium,18,6,4,Bravo,Operator
E103623,2025-02-04 15:19:00,MX-201,Line-C,evening,Warning,TempTrend,low,6,0,0,Delta,AutoReset
E103620,2025-02-04 15:42:00,MX-201,Line-C,evening,Alarm,SensorFailure,high,14,7,8,Delta,Operator
E103603,2025-02-04 15:57:00,MX-102,Line-A,evening,Maintenance,BearingReplacement,high,27,12,8,Alpha,Operator
E103592,2025-02-04 16:14:00,MX-103,Line-B,evening,Quality,DimensionDrift,high,12,2,43,Delta,Engineer
E103650,2025-02-04 16:21:00,MX-103,Line-B,evening,Alarm,SensorFailure,high,19,12,20,Alpha,Engineer
E103562,2025-02-04 17:07:00,MX-102,Line-A,evening,Maintenance,Lubrication,medium,37,12,9,Delta,Operator
E103630,2025-02-04 17:08:00,MX-201,Line-C,evening,Setup,FixtureAdjustment,medium,27,20,6,Alpha,Technician
E103609,2025-02-04 17:09:00,MX-102,Line-A,evening,Alarm,HighVibration,high,66,60,101,Delta,Operator
E103576,2025-02-04 17:33:00,MX-102,Line-A,evening,Warning,TempTrend,low,6,0,0,Alpha,Supervisor
E103608,2025-02-04 17:41:00,MX-103,Line-B,evening,Quality,VisionReject,medium,17,1,105,Charlie,AutoReset
E103599,2025-02-04 18:31:00,MX-101,Line-A,evening,Warning,EnergySpike,low,14,1,0,Delta,Supervisor
E103558,2025-02-04 18:51:00,MX-202,Line-C,evening,Setup,RecipeChange,low,42,32,11,Delta,Technician
E103590,2025-02-04 19:12:00,MX-101,Line-A,evening,Warning,VibrationTrend,high,11,0,0,Alpha,Operator
E103665,2025-02-04 19:16:00,MX-102,Line-A,evening,Quality,DimensionDrift,high,15,0,68,Bravo,AutoReset
E103667,2025-02-04 19:18:00,MX-102,Line-A,evening,Alarm,PressureDrop,critical,21,12,16,Alpha,Supervisor
E103664,2025-02-04 20:09:00,MX-103,Line-B,evening,Alarm,HighVibration,high,49,34,28,Charlie,Technician
E103604,2025-02-04 20:17:00,MX-102,Line-A,evening,Alarm,HighVibration,medium,32,15,27,Delta,Technician
E103619,2025-02-04 20:18:00,MX-103,Line-B,evening,Alarm,HighVibration,high,39,37,41,Bravo,AutoReset
E103639,2025-02-04 20:25:00,MX-101,Line-A,evening,Quality,SurfaceDefect,low,13,2,26,Delta,AutoReset
E103564,2025-02-04 20:26:00,MX-101,Line-A,evening,Maintenance,Lubrication,low,92,49,37,Alpha,Supervisor
E103634,2025-02-04 20:34:00,MX-101,Line-A,evening,Setup,RecipeChange,low,25,17,12,Bravo,Technician
E103570,2025-02-04 20:47:00,MX-202,Line-C,evening,Maintenance,BearingReplacement,medium,90,26,11,Bravo,Supervisor
E103641,2025-02-04 20:57:00,MX-101,Line-A,evening,Alarm,MotorOverload,high,32,20,36,Delta,Engineer
E103663,2025-02-04 21:16:00,MX-103,Line-B,evening,Alarm,Overheat,critical,39,30,60,Alpha,Technician
E103659,2025-02-04 21:26:00,MX-103,Line-B,evening,Maintenance,BearingReplacement,medium,66,27,8,Alpha,Engineer
E103589,2025-02-04 21:31:00,MX-101,Line-A,evening,Alarm,Overheat,medium,10,4,3,Alpha,Operator
E103625,2025-02-04 21:35:00,MX-102,Line-A,evening,Warning,PressureTrend,high,18,0,0,Charlie,AutoReset
E103601,2025-02-04 21:35:00,MX-201,Line-C,evening,Alarm,MotorOverload,low,78,40,76,Delta,Engineer
E103662,2025-02-04 21:37:00,MX-202,Line-C,evening,Maintenance,Lubrication,medium,31,12,4,Bravo,AutoReset
E103654,2025-02-04 22:24:00,MX-103,Line-B,night,Quality,SurfaceDefect,high,4,1,12,Delta,Engineer
E103561,2025-02-04 22:52:00,MX-202,Line-C,night,Quality,DimensionDrift,low,32,7,64,Alpha,Engineer
E103559,2025-02-04 22:52:00,MX-101,Line-A,night,Alarm,SensorFailure,high,23,21,21,Charlie,Technician
E103569,2025-02-04 22:57:00,MX-102,Line-A,night,Alarm,PressureDrop,medium,48,23,40,Charlie,AutoReset
E103607,2025-02-04 23:15:00,MX-202,Line-C,night,Maintenance,Calibration,high,64,44,16,Charlie,Operator
E103579,2025-02-04 23:30:00,MX-101,Line-A,night,Quality,MaterialMismatch,medium,35,0,167,Charlie,AutoReset
E103628,2025-02-04 23:32:00,MX-103,Line-B,night,Maintenance,Lubrication,medium,46,21,11,Delta,Operator
E103595,2025-02-04 23:57:00,MX-202,Line-C,night,Warning,PressureTrend,low,8,0,0,Bravo,Supervisor
E103705,2025-02-05 00:16:00,MX-202,Line-C,night,Setup,FixtureAdjustment,low,20,16,9,Bravo,AutoReset
E103765,2025-02-05 00:20:00,MX-101,Line-A,night,Alarm,SensorFailure,medium,23,22,19,Bravo,Engineer
E103670,2025-02-05 00:34:00,MX-101,Line-A,night,Setup,ToolChange,low,30,22,7,Charlie,Technician
E103737,2025-02-05 01:08:00,MX-202,Line-C,night,Alarm,SensorFailure,high,34,32,28,Charlie,Technician
E103747,2025-02-05 01:24:00,MX-202,Line-C,night,Alarm,MotorOverload,medium,36,21,18,Delta,AutoReset
E103679,2025-02-05 01:27:00,MX-202,Line-C,night,Maintenance,BearingReplacement,low,45,14,9,Bravo,Operator
E103757,2025-02-05 01:43:00,MX-201,Line-C,night,Maintenance,Lubrication,low,131,47,26,Delta,AutoReset
E103704,2025-02-05 01:46:00,MX-202,Line-C,night,Setup,RecipeChange,low,11,10,8,Charlie,AutoReset
E103764,2025-02-05 01:48:00,MX-201,Line-C,night,Setup,FixtureAdjustment,low,22,20,19,Delta,Engineer
E103708,2025-02-05 02:00:00,MX-201,Line-C,night,Warning,EnergySpike,low,16,1,0,Bravo,Engineer
E103768,2025-02-05 02:07:00,MX-202,Line-C,night,Setup,RecipeChange,low,28,20,10,Charlie,Technician
E103672,2025-02-05 02:19:00,MX-101,Line-A,night,Setup,ToolChange,low,13,11,5,Charlie,Technician
E103671,2025-02-05 02:23:00,MX-102,Line-A,night,Warning,VibrationTrend,low,1,0,0,Alpha,Technician
E103738,2025-02-05 02:34:00,MX-102,Line-A,night,Quality,DimensionDrift,medium,3,0,6,Charlie,Technician
E103733,2025-02-05 02:37:00,MX-103,Line-B,night,Alarm,HighVibration,medium,66,55,108,Charlie,AutoReset
E103756,2025-02-05 03:02:00,MX-103,Line-B,night,Setup,ToolChange,low,66,50,43,Charlie,Operator
E103726,2025-02-05 03:11:00,MX-201,Line-C,night,Quality,DimensionDrift,medium,29,0,105,Delta,Engineer
E103688,2025-02-05 03:14:00,MX-202,Line-C,night,Alarm,MotorOverload,critical,58,47,53,Alpha,Technician
E103675,2025-02-05 03:23:00,MX-201,Line-C,night,Quality,VisionReject,high,11,3,62,Bravo,Operator
E103700,2025-02-05 03:25:00,MX-101,Line-A,night,Quality,VisionReject,medium,17,0,114,Alpha,Operator
E103746,2025-02-05 03:28:00,MX-202,Line-C,night,Maintenance,Inspection,medium,64,24,8,Delta,Supervisor
E103744,2025-02-05 03:32:00,MX-201,Line-C,night,Alarm,HighVibration,critical,30,29,24,Delta,Engineer
E103739,2025-02-05 03:45:00,MX-101,Line-A,night,Quality,DimensionDrift,medium,6,0,38,Charlie,Technician
E103750,2025-02-05 04:05:00,MX-103,Line-B,night,Alarm,HighVibration,high,32,14,15,Delta,Operator
E103693,2025-02-05 04:06:00,MX-102,Line-A,night,Safety,DoorInterlock,high,26,24,19,Alpha,Technician
E103761,2025-02-05 04:22:00,MX-102,Line-A,night,Maintenance,Calibration,medium,86,44,23,Alpha,Engineer
E103692,2025-02-05 04:34:00,MX-202,Line-C,night,Setup,RecipeChange,medium,12,11,8,Bravo,Technician
E103684,2025-02-05 05:16:00,MX-202,Line-C,night,Setup,RecipeChange,low,24,17,6,Delta,Technician
E103735,2025-02-05 05:17:00,MX-201,Line-C,night,Setup,FixtureAdjustment,low,159,119,60,Bravo,Engineer
E103748,2025-02-05 05:56:00,MX-101,Line-A,night,Setup,RecipeChange,low,27,25,12,Bravo,Engineer
E103751,2025-02-05 07:17:00,MX-101,Line-A,morning,Warning,VibrationTrend,medium,14,0,0,Delta,Technician
E103678,2025-02-05 07:30:00,MX-102,Line-A,morning,Warning,EnergySpike,low,3,0,0,Charlie,Operator
E103762,2025-02-05 07:39:00,MX-201,Line-C,morning,Alarm,SensorFailure,high,21,11,19,Charlie,Technician
E103703,2025-02-05 07:53:00,MX-103,Line-B,morning,Maintenance,BearingReplacement,low,131,47,22,Alpha,Operator
E103682,2025-02-05 08:01:00,MX-102,Line-A,morning,Setup,ToolChange,medium,27,23,4,Delta,Technician
E103734,2025-02-05 08:03:00,MX-102,Line-A,morning,Alarm,SensorFailure,critical,14,9,7,Bravo,Technician
E103722,2025-02-05 08:33:00,MX-101,Line-A,morning,Safety,DoorInterlock,high,20,14,19,Alpha,Technician
E103690,2025-02-05 09:13:00,MX-102,Line-A,morning,Quality,VisionReject,medium,21,6,74,Charlie,Supervisor
E103729,2025-02-05 09:15:00,MX-101,Line-A,morning,Warning,EnergySpike,low,16,0,0,Charlie,Engineer
E103727,2025-02-05 09:33:00,MX-102,Line-A,morning,Warning,VibrationTrend,low,21,1,0,Alpha,Supervisor
E103731,2025-02-05 09:43:00,MX-102,Line-A,morning,Quality,VisionReject,medium,7,0,29,Charlie,Technician
E103723,2025-02-05 10:45:00,MX-103,Line-B,morning,Setup,RecipeChange,medium,61,48,45,Charlie,Operator
E103758,2025-02-05 10:49:00,MX-201,Line-C,morning,Maintenance,Calibration,medium,74,47,12,Alpha,Supervisor
E103769,2025-02-05 10:53:00,MX-201,Line-C,morning,Maintenance,BearingReplacement,medium,25,6,2,Bravo,AutoReset
E103685,2025-02-05 10:54:00,MX-101,Line-A,morning,Alarm,HighVibration,high,32,19,25,Delta,Operator
E103732,2025-02-05 11:47:00,MX-101,Line-A,morning,Warning,PressureTrend,low,9,0,0,Alpha,Operator
E103752,2025-02-05 12:20:00,MX-103,Line-B,morning,Warning,PressureTrend,high,1,0,0,Alpha,Engineer
E103730,2025-02-05 12:31:00,MX-102,Line-A,morning,Setup,RecipeChange,medium,83,60,48,Delta,Technician
E103763,2025-02-05 12:32:00,MX-101,Line-A,morning,Setup,FixtureAdjustment,low,30,23,13,Delta,Operator
E103759,2025-02-05 12:37:00,MX-201,Line-C,morning,Warning,EnergySpike,medium,5,0,0,Delta,Operator
E103691,2025-02-05 12:50:00,MX-201,Line-C,morning,Alarm,MotorOverload,critical,61,40,49,Alpha,Engineer
E103677,2025-02-05 12:51:00,MX-103,Line-B,morning,Warning,PressureTrend,medium,12,1,0,Charlie,Operator
E103701,2025-02-05 13:18:00,MX-201,Line-C,morning,Maintenance,Inspection,medium,106,28,18,Alpha,Technician
E103755,2025-02-05 13:19:00,MX-201,Line-C,morning,Maintenance,Calibration,medium,86,54,43,Bravo,Technician
E103699,2025-02-05 13:35:00,MX-101,Line-A,morning,Setup,RecipeChange,medium,24,18,11,Alpha,Supervisor
E103749,2025-02-05 13:35:00,MX-201,Line-C,morning,Quality,MaterialMismatch,low,1,0,4,Delta,Operator
E103712,2025-02-05 13:41:00,MX-101,Line-A,morning,Quality,MaterialMismatch,medium,29,4,68,Delta,Technician
E103754,2025-02-05 13:44:00,MX-101,Line-A,morning,Maintenance,FilterChange,medium,161,111,28,Delta,Engineer
E103721,2025-02-05 13:53:00,MX-201,Line-C,morning,Safety,DoorInterlock,critical,29,15,9,Delta,Engineer
E103674,2025-02-05 13:59:00,MX-103,Line-B,morning,Safety,AreaBreach,high,15,13,14,Alpha,Supervisor
E103745,2025-02-05 14:01:00,MX-202,Line-C,evening,Alarm,HighVibration,high,23,21,43,Delta,Engineer
E103676,2025-02-05 14:04:00,MX-202,Line-C,evening,Maintenance,Lubrication,low,102,79,42,Delta,Technician
E103713,2025-02-05 14:20:00,MX-102,Line-A,evening,Setup,FixtureAdjustment,low,78,67,72,Delta,Operator
E103724,2025-02-05 14:49:00,MX-102,Line-A,evening,Setup,RecipeChange,medium,51,41,28,Delta,Technician
E103694,2025-02-05 14:55:00,MX-102,Line-A,evening,Warning,VibrationTrend,medium,11,0,0,Bravo,Operator
E103725,2025-02-05 15:07:00,MX-101,Line-A,evening,Alarm,Overheat,high,33,18,34,Charlie,AutoReset
E103741,2025-02-05 15:11:00,MX-201,Line-C,evening,Alarm,MotorOverload,medium,30,20,34,Charlie,AutoReset
E103728,2025-02-05 15:24:00,MX-101,Line-A,evening,Setup,ToolChange,medium,32,27,23,Bravo,Technician
E103695,2025-02-05 15:24:00,MX-202,Line-C,evening,Alarm,HighVibration,high,41,39,70,Charlie,Technician
E103696,2025-02-05 15:57:00,MX-201,Line-C,evening,Alarm,Overheat,medium,119,97,76,Delta,Technician
E103740,2025-02-05 16:06:00,MX-102,Line-A,evening,Maintenance,Calibration,medium,141,70,55,Alpha,Operator
E103711,2025-02-05 16:40:00,MX-101,Line-A,evening,Quality,DimensionDrift,medium,17,1,60,Charlie,Operator
E103714,2025-02-05 16:54:00,MX-103,Line-B,evening,Alarm,PressureDrop,high,69,56,67,Bravo,Engineer
E103709,2025-02-05 17:03:00,MX-102,Line-A,evening,Warning,EnergySpike,medium,11,0,0,Bravo,Technician
E103710,2025-02-05 17:11:00,MX-103,Line-B,evening,Warning,EnergySpike,low,28,1,0,Bravo,Operator
E103707,2025-02-05 17:16:00,MX-101,Line-A,evening,Alarm,MotorOverload,medium,27,18,26,Charlie,Operator
E103760,2025-02-05 17:23:00,MX-202,Line-C,evening,Safety,EStop,medium,21,13,11,Charlie,Engineer
E103681,2025-02-05 17:28:00,MX-101,Line-A,evening,Setup,FixtureAdjustment,low,29,25,9,Alpha,Engineer
E103766,2025-02-05 17:34:00,MX-102,Line-A,evening,Alarm,Overheat,low,53,44,48,Delta,Technician
E103753,2025-02-05 17:38:00,MX-202,Line-C,evening,Warning,TempTrend,medium,38,0,0,Charlie,Technician
E103689,2025-02-05 17:45:00,MX-201,Line-C,evening,Setup,ToolChange,low,20,19,14,Bravo,Supervisor
E103736,2025-02-05 18:12:00,MX-102,Line-A,evening,Alarm,HighVibration,high,32,25,31,Charlie,Engineer
E103716,2025-02-05 18:14:00,MX-202,Line-C,evening,Maintenance,Inspection,medium,48,37,30,Alpha,AutoReset
E103669,2025-02-05 18:15:00,MX-201,Line-C,evening,Maintenance,Inspection,low,118,47,46,Delta,AutoReset
E103706,2025-02-05 19:04:00,MX-103,Line-B,evening,Maintenance,Inspection,low,32,21,12,Delta,Engineer
E103686,2025-02-05 19:24:00,MX-101,Line-A,evening,Warning,PressureTrend,low,2,0,0,Charlie,Engineer
E103702,2025-02-05 19:44:00,MX-201,Line-C,evening,Maintenance,FilterChange,medium,110,59,25,Alpha,Technician
E103743,2025-02-05 20:00:00,MX-202,Line-C,evening,Warning,TempTrend,medium,14,0,0,Alpha,Supervisor
E103697,2025-02-05 20:08:00,MX-101,Line-A,evening,Alarm,SensorFailure,high,41,33,52,Alpha,Technician
E103720,2025-02-05 20:14:00,MX-201,Line-C,evening,Warning,EnergySpike,low,6,0,0,Bravo,Operator
E103719,2025-02-05 20:43:00,MX-102,Line-A,evening,Alarm,PressureDrop,high,29,23,47,Charlie,Operator
E103673,2025-02-05 21:11:00,MX-102,Line-A,evening,Maintenance,Lubrication,medium,18,6,4,Alpha,Technician
E103717,2025-02-05 21:12:00,MX-102,Line-A,evening,Warning,TempTrend,low,2,0,0,Charlie,Technician
E103742,2025-02-05 21:47:00,MX-201,Line-C,evening,Setup,FixtureAdjustment,medium,34,33,10,Delta,Technician
E103680,2025-02-05 22:14:00,MX-101,Line-A,night,Alarm,Overheat,high,57,40,74,Delta,Technician
E103718,2025-02-05 22:20:00,MX-101,Line-A,night,Warning,EnergySpike,medium,4,0,0,Charlie,AutoReset
E103767,2025-02-05 22:35:00,MX-101,Line-A,night,Warning,PressureTrend,low,10,1,0,Delta,AutoReset
E103698,2025-02-05 22:56:00,MX-102,Line-A,night,Maintenance,FilterChange,low,80,20,18,Delta,Engineer
E103683,2025-02-05 23:02:00,MX-103,Line-B,night,Alarm,HighVibration,high,21,10,10,Bravo,Technician
E103687,2025-02-05 23:33:00,MX-101,Line-A,night,Alarm,PressureDrop,medium,28,27,21,Bravo,Technician
E103715,2025-02-05 23:56:00,MX-101,Line-A,night,Alarm,Overheat,high,39,37,40,Alpha,Operator
E103816,2025-02-06 00:07:00,MX-101,Line-A,night,Alarm,MotorOverload,medium,57,37,72,Charlie,Technician
E103899,2025-02-06 00:25:00,MX-103,Line-B,night,Quality,VisionReject,high,9,2,59,Delta,Technician
E103796,2025-02-06 00:26:00,MX-101,Line-A,night,Quality,VisionReject,medium,48,5,215,Delta,Technician
E103895,2025-02-06 00:32:00,MX-101,Line-A,night,Safety,AreaBreach,critical,30,16,19,Delta,AutoReset
E103774,2025-02-06 00:42:00,MX-201,Line-C,night,Quality,VisionReject,medium,38,9,86,Alpha,Supervisor
E103865,2025-02-06 00:56:00,MX-103,Line-B,night,Maintenance,Inspection,medium,47,13,9,Alpha,AutoReset
E103898,2025-02-06 01:14:00,MX-201,Line-C,night,Quality,VisionReject,high,28,6,145,Charlie,Operator
E103792,2025-02-06 01:39:00,MX-202,Line-C,night,Alarm,HighVibration,critical,33,25,31,Bravo,AutoReset
E103777,2025-02-06 01:41:00,MX-202,Line-C,night,Warning,TempTrend,low,15,2,1,Charlie,Supervisor
E103858,2025-02-06 01:48:00,MX-202,Line-C,night,Quality,SurfaceDefect,medium,10,0,39,Bravo,Operator
E103860,2025-02-06 02:07:00,MX-202,Line-C,night,Setup,ToolChange,medium,48,35,23,Bravo,Engineer
E103842,2025-02-06 02:11:00,MX-101,Line-A,night,Safety,AreaBreach,high,14,12,14,Charlie,Operator
E103884,2025-02-06 02:26:00,MX-101,Line-A,night,Maintenance,Calibration,medium,15,8,5,Delta,Supervisor
E103779,2025-02-06 03:24:00,MX-102,Line-A,night,Alarm,SensorFailure,high,58,39,28,Charlie,Technician
E103870,2025-02-06 03:50:00,MX-202,Line-C,night,Setup,RecipeChange,low,30,24,19,Bravo,Engineer
E103856,2025-02-06 03:55:00,MX-103,Line-B,night,Quality,SurfaceDefect,low,33,9,101,Charlie,Engineer
E103835,2025-02-06 04:06:00,MX-103,Line-B,night,Warning,TempTrend,medium,25,0,0,Delta,Technician
E103819,2025-02-06 04:07:00,MX-202,Line-C,night,Setup,FixtureAdjustment,medium,51,47,18,Delta,Technician
E103877,2025-02-06 04:12:00,MX-103,Line-B,night,Warning,VibrationTrend,low,1,0,0,Alpha,Technician
E103784,2025-02-06 04:21:00,MX-201,Line-C,night,Safety,DoorInterlock,critical,10,9,11,Charlie,AutoReset
E103772,2025-02-06 04:28:00,MX-201,Line-C,night,Maintenance,FilterChange,high,69,39,35,Alpha,Engineer
E103844,2025-02-06 04:39:00,MX-101,Line-A,night,Quality,SurfaceDefect,medium,16,2,92,Alpha,Operator
E103832,2025-02-06 04:41:00,MX-101,Line-A,night,Warning,VibrationTrend,high,2,0,0,Delta,Operator
E103805,2025-02-06 04:52:00,MX-103,Line-B,night,Warning,PressureTrend,medium,9,0,0,Delta,Engineer
E103823,2025-02-06 04:56:00,MX-101,Line-A,night,Quality,SurfaceDefect,high,20,2,104,Delta,Technician
E103866,2025-02-06 05:18:00,MX-101,Line-A,night,Safety,AreaBreach,high,21,20,10,Delta,Technician
E103787,2025-02-06 05:30:00,MX-201,Line-C,night,Setup,RecipeChange,low,25,24,8,Delta,Operator
E103780,2025-02-06 05:34:00,MX-101,Line-A,night,Alarm,HighVibration,low,17,14,28,Delta,Technician
E103788,2025-02-06 05:56:00,MX-201,Line-C,night,Maintenance,Inspection,low,142,91,71,Charlie,AutoReset
E103876,2025-02-06 05:58:00,MX-103,Line-B,night,Warning,EnergySpike,low,18,2,0,Alpha,Technician
E103889,2025-02-06 06:23:00,MX-101,Line-A,morning,Warning,EnergySpike,low,2,0,0,Charlie,Technician
E103892,2025-02-06 06:28:00,MX-101,Line-A,morning,Alarm,SensorFailure,high,30,13,19,Delta,Supervisor
E103840,2025-02-06 06:43:00,MX-201,Line-C,morning,Warning,VibrationTrend,low,9,0,0,Alpha,Operator
E103813,2025-02-06 06:45:00,MX-102,Line-A,morning,Warning,TempTrend,low,8,0,0,Charlie,Operator
E103822,2025-02-06 06:46:00,MX-102,Line-A,morning,Quality,DimensionDrift,low,31,2,215,Charlie,Operator
E103882,2025-02-06 06:57:00,MX-101,Line-A,morning,Warning,VibrationTrend,medium,12,1,0,Delta,Operator
E103875,2025-02-06 07:23:00,MX-103,Line-B,morning,Maintenance,Lubrication,medium,39,19,17,Charlie,AutoReset
E103786,2025-02-06 07:42:00,MX-201,Line-C,morning,Alarm,PressureDrop,high,32,14,21,Charlie,Technician
E103791,2025-02-06 07:48:00,MX-102,Line-A,morning,Warning,PressureTrend,medium,2,0,0,Delta,Engineer
E103839,2025-02-06 07:48:00,MX-202,Line-C,morning,Maintenance,Inspection,medium,59,37,18,Delta,AutoReset
E103808,2025-02-06 08:17:00,MX-101,Line-A,morning,Warning,PressureTrend,low,1,0,0,Alpha,Operator
E103802,2025-02-06 08:23:00,MX-202,Line-C,morning,Alarm,SensorFailure,high,37,25,21,Bravo,Operator
E103795,2025-02-06 08:23:00,MX-103,Line-B,morning,Warning,TempTrend,high,4,0,0,Alpha,Engineer
E103897,2025-02-06 08:28:00,MX-102,Line-A,morning,Maintenance,BearingReplacement,medium,32,25,22,Bravo,Technician
E103793,2025-02-06 08:34:00,MX-101,Line-A,morning,Safety,AreaBreach,critical,32,27,34,Alpha,Technician
E103873,2025-02-06 08:47:00,MX-201,Line-C,morning,Warning,EnergySpike,low,4,0,0,Charlie,Operator
E103864,2025-02-06 09:06:00,MX-102,Line-A,morning,Maintenance,Inspection,low,36,22,9,Alpha,Operator
E103806,2025-02-06 09:24:00,MX-202,Line-C,morning,Setup,ToolChange,low,40,31,11,Bravo,Engineer
E103825,2025-02-06 09:42:00,MX-101,Line-A,morning,Quality,SurfaceDefect,high,15,2,57,Charlie,Supervisor
E103818,2025-02-06 09:43:00,MX-103,Line-B,morning,Quality,SurfaceDefect,medium,49,10,339,Bravo,Technician
E103778,2025-02-06 09:56:00,MX-102,Line-A,morning,Safety,DoorInterlock,high,23,15,4,Alpha,Technician
E103863,2025-02-06 09:58:00,MX-103,Line-B,morning,Safety,AreaBreach,medium,9,7,8,Bravo,Technician
E103845,2025-02-06 10:01:00,MX-101,Line-A,morning,Quality,SurfaceDefect,medium,27,4,127,Delta,Technician
E103881,2025-02-06 10:08:00,MX-202,Line-C,morning,Alarm,MotorOverload,low,75,44,96,Bravo,Supervisor
E103773,2025-02-06 10:11:00,MX-102,Line-A,morning,Quality,VisionReject,low,13,4,88,Delta,AutoReset
E103869,2025-02-06 10:27:00,MX-202,Line-C,morning,Maintenance,Inspection,low,146,102,28,Charlie,AutoReset
E103814,2025-02-06 10:29:00,MX-101,Line-A,morning,Warning,EnergySpike,low,2,0,0,Charlie,AutoReset
E103851,2025-02-06 10:51:00,MX-103,Line-B,morning,Alarm,PressureDrop,critical,29,20,41,Charlie,Supervisor
E103785,2025-02-06 11:02:00,MX-103,Line-B,morning,Alarm,Overheat,critical,33,17,24,Alpha,AutoReset
E103849,2025-02-06 11:14:00,MX-102,Line-A,morning,Warning,PressureTrend,low,1,0,0,Delta,Technician
E103841,2025-02-06 11:19:00,MX-102,Line-A,morning,Setup,ToolChange,low,8,7,2,Charlie,Engineer
E103888,2025-02-06 11:22:00,MX-103,Line-B,morning,Setup,ToolChange,medium,14,12,8,Bravo,AutoReset
E103857,2025-02-06 11:26:00,MX-101,Line-A,morning,Alarm,MotorOverload,critical,21,17,27,Alpha,Engineer
E103811,2025-02-06 11:28:00,MX-202,Line-C,morning,Quality,SurfaceDefect,medium,33,1,195,Alpha,AutoReset
E103833,2025-02-06 11:33:00,MX-201,Line-C,morning,Alarm,SensorFailure,high,39,30,53,Charlie,Technician
E103828,2025-02-06 11:39:00,MX-102,Line-A,morning,Setup,FixtureAdjustment,low,55,40,18,Alpha,AutoReset
E103771,2025-02-06 11:42:00,MX-101,Line-A,morning,Alarm,Overheat,medium,52,31,67,Charlie,Technician
E103871,2025-02-06 11:48:00,MX-102,Line-A,morning,Quality,DimensionDrift,medium,9,1,36,Charlie,Engineer
E103781,2025-02-06 11:51:00,MX-201,Line-C,morning,Quality,MaterialMismatch,medium,37,8,149,Charlie,Operator
E103801,2025-02-06 12:13:00,MX-101,Line-A,morning,Maintenance,Calibration,medium,92,36,26,Delta,Operator
E103847,2025-02-06 12:44:00,MX-201,Line-C,morning,Safety,DoorInterlock,high,48,29,35,Alpha,Engineer
E103803,2025-02-06 12:54:00,MX-102,Line-A,morning,Quality,DimensionDrift,high,36,6,104,Bravo,AutoReset
E103893,2025-02-06 13:26:00,MX-102,Line-A,morning,Warning,TempTrend,medium,17,0,0,Bravo,Engineer
E103861,2025-02-06 13:34:00,MX-103,Line-B,morning,Alarm,MotorOverload,high,29,27,28,Bravo,Supervisor
E103810,2025-02-06 14:05:00,MX-201,Line-C,evening,Maintenance,Calibration,low,134,79,24,Charlie,Supervisor
E103820,2025-02-06 14:38:00,MX-103,Line-B,evening,Alarm,Overheat,medium,56,51,102,Delta,Operator
E103886,2025-02-06 14:42:00,MX-202,Line-C,evening,Warning,PressureTrend,medium,6,0,0,Bravo,Operator
E103830,2025-02-06 14:43:00,MX-101,Line-A,evening,Warning,EnergySpike,low,1,0,0,Charlie,Operator
E103862,2025-02-06 14:53:00,MX-103,Line-B,evening,Quality,MaterialMismatch,medium,5,0,10,Delta,Technician
E103798,2025-02-06 14:56:00,MX-201,Line-C,evening,Warning,TempTrend,low,3,0,0,Bravo,Operator
E103879,2025-02-06 14:58:00,MX-201,Line-C,evening,Safety,GuardOpen,high,16,8,5,Alpha,Operator
E103846,2025-02-06 15:08:00,MX-101,Line-A,evening,Alarm,PressureDrop,low,41,40,44,Delta,Engineer
E103890,2025-02-06 15:22:00,MX-103,Line-B,evening,Alarm,SensorFailure,medium,28,14,17,Charlie,Technician
E103817,2025-02-06 15:30:00,MX-201,Line-C,evening,Warning,PressureTrend,low,3,0,0,Delta,Operator
E103850,2025-02-06 15:30:00,MX-202,Line-C,evening,Safety,EStop,critical,28,19,18,Charlie,Operator
E103867,2025-02-06 15:30:00,MX-102,Line-A,evening,Quality,SurfaceDefect,high,11,1,57,Bravo,Technician
E103872,2025-02-06 15:45:00,MX-102,Line-A,evening,Setup,RecipeChange,low,37,34,18,Delta,Technician
E103837,2025-02-06 15:46:00,MX-102,Line-A,evening,Maintenance,Lubrication,low,8,6,5,Delta,Technician
E103859,2025-02-06 15:50:00,MX-103,Line-B,evening,Setup,ToolChange,low,26,22,19,Bravo,Technician
E103800,2025-02-06 16:08:00,MX-103,Line-B,evening,Maintenance,Calibration,medium,83,45,38,Bravo,Engineer
E103874,2025-02-06 16:16:00,MX-102,Line-A,evening,Alarm,PressureDrop,critical,84,64,134,Bravo,Engineer
E103776,2025-02-06 16:22:00,MX-101,Line-A,evening,Setup,ToolChange,medium,55,52,30,Charlie,Technician
E103775,2025-02-06 16:26:00,MX-201,Line-C,evening,Setup,ToolChange,low,66,48,28,Bravo,Supervisor
E103852,2025-02-06 16:53:00,MX-102,Line-A,evening,Maintenance,Calibration,low,69,20,7,Bravo,Technician
E103834,2025-02-06 16:56:00,MX-101,Line-A,evening,Alarm,HighVibration,critical,34,28,28,Delta,AutoReset
E103789,2025-02-06 17:04:00,MX-202,Line-C,evening,Warning,TempTrend,high,2,0,0,Charlie,AutoReset
E103821,2025-02-06 17:13:00,MX-101,Line-A,evening,Quality,SurfaceDefect,high,2,0,10,Alpha,Operator
E103894,2025-02-06 17:34:00,MX-202,Line-C,evening,Setup,FixtureAdjustment,medium,28,21,22,Charlie,Supervisor
E103868,2025-02-06 17:53:00,MX-201,Line-C,evening,Safety,AreaBreach,high,26,17,9,Bravo,Operator
E103799,2025-02-06 17:59:00,MX-201,Line-C,evening,Maintenance,Lubrication,medium,78,45,38,Bravo,Operator
E103836,2025-02-06 18:13:00,MX-102,Line-A,evening,Warning,VibrationTrend,low,5,0,0,Bravo,Technician
E103831,2025-02-06 18:25:00,MX-103,Line-B,evening,Setup,ToolChange,low,33,29,29,Bravo,Technician
E103812,2025-02-06 18:31:00,MX-201,Line-C,evening,Warning,VibrationTrend,low,6,0,0,Delta,Technician
E103887,2025-02-06 18:33:00,MX-102,Line-A,evening,Setup,FixtureAdjustment,low,63,50,11,Charlie,Technician
E103891,2025-02-06 18:36:00,MX-102,Line-A,evening,Setup,RecipeChange,low,40,37,15,Delta,Technician
E103853,2025-02-06 18:37:00,MX-103,Line-B,evening,Alarm,Overheat,high,40,33,40,Alpha,Operator
E103838,2025-02-06 18:43:00,MX-103,Line-B,evening,Maintenance,Calibration,medium,54,24,14,Charlie,Technician
E103797,2025-02-06 18:46:00,MX-202,Line-C,evening,Maintenance,Calibration,medium,47,31,10,Bravo,Technician
E103815,2025-02-06 18:53:00,MX-101,Line-A,evening,Alarm,MotorOverload,low,41,35,63,Bravo,Operator
E103804,2025-02-06 18:54:00,MX-103,Line-B,evening,Quality,VisionReject,high,31,8,62,Delta,Operator
E103809,2025-02-06 19:06:00,MX-201,Line-C,evening,Alarm,HighVibration,medium,13,8,5,Charlie,Engineer
E103900,2025-02-06 19:17:00,MX-202,Line-C,evening,Warning,VibrationTrend,low,4,0,0,Bravo,Engineer
E103827,2025-02-06 19:39:00,MX-102,Line-A,evening,Quality,MaterialMismatch,high,45,10,95,Bravo,Engineer
E103843,2025-02-06 19:54:00,MX-103,Line-B,evening,Warning,PressureTrend,medium,3,0,0,Alpha,AutoReset
E103880,2025-02-06 19:58:00,MX-102,Line-A,evening,Quality,MaterialMismatch,high,28,5,126,Bravo,Engineer
E103782,2025-02-06 20:01:00,MX-101,Line-A,evening,Alarm,PressureDrop,high,29,19,22,Alpha,Engineer
E103878,2025-02-06 20:08:00,MX-201,Line-C,evening,Maintenance,FilterChange,medium,98,38,10,Delta,AutoReset
E103855,2025-02-06 20:08:00,MX-103,Line-B,evening,Alarm,SensorFailure,critical,17,14,12,Alpha,Supervisor
E103807,2025-02-06 20:29:00,MX-101,Line-A,evening,Setup,RecipeChange,low,40,31,33,Bravo,Technician
E103783,2025-02-06 20:34:00,MX-201,Line-C,evening,Warning,VibrationTrend,high,23,2,1,Alpha,Supervisor
E103885,2025-02-06 20:48:00,MX-201,Line-C,evening,Setup,ToolChange,low,20,16,8,Alpha,Engineer
E103829,2025-02-06 20:54:00,MX-101,Line-A,evening,Warning,VibrationTrend,high,3,0,0,Charlie,Technician
E103824,2025-02-06 21:07:00,MX-101,Line-A,evening,Quality,VisionReject,medium,13,3,44,Delta,AutoReset
E103883,2025-02-06 21:36:00,MX-103,Line-B,evening,Warning,PressureTrend,low,2,0,0,Delta,Technician
E103854,2025-02-06 21:58:00,MX-103,Line-B,evening,Maintenance,BearingReplacement,medium,27,12,2,Delta,Engineer
E103896,2025-02-06 22:11:00,MX-102,Line-A,night,Maintenance,Inspection,low,44,23,22,Delta,Engineer
E103770,2025-02-06 22:33:00,MX-103,Line-B,night,Warning,PressureTrend,high,11,1,0,Alpha,Engineer
E103794,2025-02-06 23:03:00,MX-102,Line-A,night,Warning,VibrationTrend,medium,3,0,0,Alpha,Operator
E103790,2025-02-06 23:19:00,MX-202,Line-C,night,Setup,ToolChange,low,39,33,35,Delta,Operator
E103848,2025-02-06 23:53:00,MX-202,Line-C,night,Setup,ToolChange,medium,52,38,41,Bravo,Engineer
E103826,2025-02-06 23:56:00,MX-202,Line-C,night,Warning,TempTrend,low,7,0,0,Charlie,Technician
E103950,2025-02-07 00:03:00,MX-101,Line-A,night,Quality,MaterialMismatch,medium,9,1,60,Bravo,Engineer
E103902,2025-02-07 00:35:00,MX-101,Line-A,night,Alarm,HighVibration,low,24,20,43,Charlie,Engineer
E103918,2025-02-07 00:42:00,MX-103,Line-B,night,Setup,ToolChange,low,103,92,72,Alpha,Supervisor
E103933,2025-02-07 00:47:00,MX-202,Line-C,night,Setup,RecipeChange,low,8,6,2,Charlie,Supervisor
E103931,2025-02-07 01:03:00,MX-102,Line-A,night,Warning,PressureTrend,medium,14,0,0,Bravo,Supervisor
E103917,2025-02-07 01:23:00,MX-202,Line-C,night,Maintenance,Lubrication,low,83,53,48,Alpha,Operator
E103990,2025-02-07 01:24:00,MX-202,Line-C,night,Alarm,MotorOverload,critical,52,40,56,Charlie,Technician
E103949,2025-02-07 01:47:00,MX-103,Line-B,night,Alarm,HighVibration,critical,68,46,34,Bravo,Engineer
E103972,2025-02-07 01:48:00,MX-101,Line-A,night,Warning,TempTrend,low,9,0,0,Delta,Technician
E103964,2025-02-07 02:33:00,MX-102,Line-A,night,Warning,TempTrend,low,1,0,0,Delta,Technician
E104020,2025-02-07 02:44:00,MX-103,Line-B,night,Quality,DimensionDrift,high,5,0,30,Delta,Technician
E103941,2025-02-07 02:52:00,MX-202,Line-C,night,Warning,VibrationTrend,medium,15,0,0,Charlie,Operator
E103998,2025-02-07 02:56:00,MX-102,Line-A,night,Safety,DoorInterlock,high,36,35,11,Charlie,AutoReset
E104018,2025-02-07 03:33:00,MX-202,Line-C,night,Warning,VibrationTrend,medium,4,0,0,Delta,Supervisor
E103927,2025-02-07 04:11:00,MX-101,Line-A,night,Warning,VibrationTrend,low,4,0,0,Charlie,Operator
E103951,2025-02-07 04:38:00,MX-201,Line-C,night,Setup,FixtureAdjustment,low,54,52,14,Alpha,Technician
E103977,2025-02-07 04:40:00,MX-102,Line-A,night,Alarm,HighVibration,medium,40,38,65,Charlie,Operator
E104008,2025-02-07 04:48:00,MX-102,Line-A,night,Warning,VibrationTrend,high,9,0,0,Delta,Operator
E103948,2025-02-07 04:50:00,MX-201,Line-C,night,Setup,ToolChange,low,41,31,16,Charlie,Engineer
E103986,2025-02-07 04:50:00,MX-201,Line-C,night,Warning,TempTrend,low,3,0,0,Charlie,Operator
E104007,2025-02-07 04:51:00,MX-201,Line-C,night,Warning,VibrationTrend,high,4,0,0,Delta,Operator
E103924,2025-02-07 04:53:00,MX-101,Line-A,night,Safety,EStop,high,12,8,9,Charlie,Operator
E103992,2025-02-07 05:17:00,MX-202,Line-C,night,Quality,MaterialMismatch,high,8,1,40,Bravo,Technician
E103920,2025-02-07 05:52:00,MX-101,Line-A,night,Maintenance,Calibration,medium,51,37,9,Charlie,Engineer
E103967,2025-02-07 05:55:00,MX-202,Line-C,night,Safety,AreaBreach,high,42,34,42,Alpha,Supervisor
E103955,2025-02-07 06:04:00,MX-103,Line-B,morning,Quality,VisionReject,low,23,4,55,Alpha,Technician
E104009,2025-02-07 06:08:00,MX-201,Line-C,morning,Maintenance,Calibration,low,96,47,21,Charlie,Engineer
E103979,2025-02-07 06:10:00,MX-102,Line-A,morning,Alarm,MotorOverload,critical,98,51,79,Delta,Engineer
E104005,2025-02-07 06:21:00,MX-202,Line-C,morning,Quality,DimensionDrift,low,17,4,75,Bravo,Technician
E104004,2025-02-07 06:44:00,MX-202,Line-C,morning,Alarm,MotorOverload,high,42,33,49,Delta,Technician
E103952,2025-02-07 06:50:00,MX-102,Line-A,morning,Warning,PressureTrend,medium,1,0,0,Delta,Engineer
E103965,2025-02-07 07:00:00,MX-201,Line-C,morning,Alarm,SensorFailure,medium,41,40,49,Charlie,Technician
E103914,2025-02-07 07:10:00,MX-102,Line-A,morning,Safety,DoorInterlock,high,27,16,18,Delta,Operator
E103907,2025-02-07 07:16:00,MX-201,Line-C,morning,Setup,ToolChange,medium,71,66,25,Alpha,Engineer
E103969,2025-02-07 07:17:00,MX-102,Line-A,morning,Maintenance,Calibration,low,153,78,69,Bravo,Engineer
E103940,2025-02-07 07:42:00,MX-201,Line-C,morning,Alarm,HighVibration,medium,36,26,37,Alpha,Technician
E104003,2025-02-07 07:52:00,MX-202,Line-C,morning,Alarm,SensorFailure,critical,30,20,16,Alpha,AutoReset
E103994,2025-02-07 08:07:00,MX-101,Line-A,morning,Quality,SurfaceDefect,low,3,0,16,Delta,Technician
E103959,2025-02-07 08:28:00,MX-101,Line-A,morning,Warning,PressureTrend,low,5,0,0,Delta,Engineer
E103937,2025-02-07 08:36:00,MX-202,Line-C,morning,Safety,GuardOpen,high,10,8,8,Charlie,Operator
E103911,2025-02-07 08:49:00,MX-103,Line-B,morning,Alarm,SensorFailure,low,89,43,75,Charlie,Technician
E104012,2025-02-07 08:57:00,MX-101,Line-A,morning,Warning,TempTrend,low,6,0,0,Delta,Technician
E104011,2025-02-07 08:58:00,MX-202,Line-C,morning,Alarm,PressureDrop,medium,35,33,68,Delta,Operator
E103921,2025-02-07 09:15:00,MX-201,Line-C,morning,Quality,SurfaceDefect,medium,25,5,105,Charlie,Technician
E103906,2025-02-07 09:16:00,MX-201,Line-C,morning,Warning,EnergySpike,low,4,0,0,Delta,Operator
E104016,2025-02-07 09:28:00,MX-201,Line-C,morning,Alarm,PressureDrop,high,142,121,198,Bravo,Technician
E103962,2025-02-07 09:29:00,MX-202,Line-C,morning,Warning,PressureTrend,high,9,1,0,Bravo,Technician
E103915,2025-02-07 10:03:00,MX-201,Line-C,morning,Warning,PressureTrend,low,1,0,0,Charlie,Technician
E103991,2025-02-07 10:10:00,MX-101,Line-A,morning,Alarm,Overheat,high,43,40,79,Alpha,Engineer
E103919,2025-02-07 10:10:00,MX-101,Line-A,morning,Maintenance,FilterChange,high,68,24,23,Alpha,Technician
E103999,2025-02-07 10:23:00,MX-103,Line-B,morning,Maintenance,Inspection,high,63,29,8,Charlie,AutoReset
E103981,2025-02-07 11:05:00,MX-102,Line-A,morning,Maintenance,Lubrication,low,66,21,20,Bravo,Operator
E103974,2025-02-07 11:21:00,MX-102,Line-A,morning,Alarm,PressureDrop,high,36,20,29,Bravo,Technician
E103957,2025-02-07 11:21:00,MX-202,Line-C,morning,Quality,MaterialMismatch,medium,20,1,40,Charlie,Technician
E103993,2025-02-07 11:25:00,MX-201,Line-C,morning,Safety,AreaBreach,medium,63,54,75,Delta,Engineer
E103913,2025-02-07 11:57:00,MX-202,Line-C,morning,Alarm,PressureDrop,high,76,50,106,Charlie,Supervisor
E103938,2025-02-07 12:17:00,MX-102,Line-A,morning,Alarm,SensorFailure,low,53,50,106,Bravo,Supervisor
E103971,2025-02-07 12:36:00,MX-103,Line-B,morning,Maintenance,Inspection,high,56,17,6,Alpha,Engineer
E103960,2025-02-07 13:03:00,MX-102,Line-A,morning,Setup,RecipeChange,low,31,26,12,Charlie,AutoReset
E103934,2025-02-07 13:24:00,MX-201,Line-C,morning,Maintenance,Lubrication,medium,67,30,12,Alpha,Technician
E103925,2025-02-07 13:33:00,MX-201,Line-C,morning,Warning,TempTrend,low,8,0,0,Bravo,Technician
E103968,2025-02-07 13:41:00,MX-103,Line-B,morning,Quality,VisionReject,high,24,8,138,Charlie,Supervisor
E103963,2025-02-07 13:49:00,MX-202,Line-C,morning,Warning,VibrationTrend,low,3,0,0,Delta,Operator
E103973,2025-02-07 14:01:00,MX-101,Line-A,evening,Setup,FixtureAdjustment,low,31,24,5,Delta,Operator
E103926,2025-02-07 14:06:00,MX-101,Line-A,evening,Maintenance,FilterChange,low,32,14,3,Bravo,AutoReset
E103946,2025-02-07 14:13:00,MX-101,Line-A,evening,Alarm,MotorOverload,high,3,2,1,Delta,Operator
E104013,2025-02-07 14:41:00,MX-103,Line-B,evening,Alarm,HighVibration,critical,51,40,53,Charlie,Operator
E103936,2025-02-07 14:57:00,MX-202,Line-C,evening,Setup,FixtureAdjustment,medium,23,19,18,Delta,Technician
E103987,2025-02-07 15:05:00,MX-101,Line-A,evening,Maintenance,Calibration,medium,24,10,7,Alpha,AutoReset
E104010,2025-02-07 15:20:00,MX-103,Line-B,evening,Safety,AreaBreach,high,8,7,8,Charlie,Technician
E104002,2025-02-07 15:43:00,MX-102,Line-A,evening,Alarm,SensorFailure,high,60,30,46,Alpha,Technician
E103904,2025-02-07 15:50:00,MX-101,Line-A,evening,Setup,FixtureAdjustment,low,90,71,49,Bravo,Operator
E103942,2025-02-07 16:00:00,MX-103,Line-B,evening,Warning,EnergySpike,low,25,0,0,Alpha,AutoReset
E103922,2025-02-07 16:01:00,MX-101,Line-A,evening,Warning,PressureTrend,low,8,1,0,Bravo,Technician
E104001,2025-02-07 16:16:00,MX-201,Line-C,evening,Warning,PressureTrend,low,4,0,0,Delta,Supervisor
E103905,2025-02-07 16:23:00,MX-101,Line-A,evening,Warning,VibrationTrend,medium,4,0,0,Alpha,Technician
E103961,2025-02-07 16:41:00,MX-102,Line-A,evening,Setup,FixtureAdjustment,low,46,34,25,Bravo,AutoReset
E104019,2025-02-07 16:42:00,MX-201,Line-C,evening,Quality,MaterialMismatch,high,3,0,12,Charlie,Operator
E103984,2025-02-07 16:47:00,MX-202,Line-C,evening,Warning,EnergySpike,medium,25,2,0,Bravo,AutoReset
E104015,2025-02-07 16:56:00,MX-101,Line-A,evening,Setup,ToolChange,low,117,99,24,Charlie,Engineer
E103983,2025-02-07 17:16:00,MX-103,Line-B,evening,Maintenance,BearingReplacement,high,137,85,51,Charlie,Operator
E103988,2025-02-07 17:29:00,MX-202,Line-C,evening,Warning,VibrationTrend,low,1,0,0,Charlie,Supervisor
E103928,2025-02-07 17:45:00,MX-202,Line-C,evening,Maintenance,BearingReplacement,low,85,35,9,Charlie,Supervisor
E103929,2025-02-07 17:55:00,MX-202,Line-C,evening,Warning,PressureTrend,low,6,0,0,Alpha,Engineer
E103909,2025-02-07 18:14:00,MX-201,Line-C,evening,Safety,DoorInterlock,medium,13,10,7,Charlie,Technician
E103953,2025-02-07 18:16:00,MX-202,Line-C,evening,Maintenance,BearingReplacement,low,20,6,4,Delta,Operator
E103997,2025-02-07 18:19:00,MX-103,Line-B,evening,Alarm,PressureDrop,high,54,39,85,Alpha,AutoReset
E103995,2025-02-07 18:26:00,MX-202,Line-C,evening,Maintenance,Lubrication,low,50,36,18,Delta,Technician
E104014,2025-02-07 18:48:00,MX-101,Line-A,evening,Alarm,HighVibration,high,68,35,73,Charlie,Engineer
E103932,2025-02-07 18:50:00,MX-101,Line-A,evening,Alarm,HighVibration,critical,23,21,29,Charlie,Technician
E103912,2025-02-07 18:55:00,MX-101,Line-A,evening,Maintenance,BearingReplacement,medium,33,15,6,Delta,Engineer
E103910,2025-02-07 18:56:00,MX-103,Line-B,evening,Warning,TempTrend,low,14,1,0,Delta,Technician
E103908,2025-02-07 19:11:00,MX-102,Line-A,evening,Setup,FixtureAdjustment,low,44,33,22,Charlie,Technician
E103916,2025-02-07 19:29:00,MX-102,Line-A,evening,Quality,VisionReject,medium,7,1,30,Delta,Supervisor
E103996,2025-02-07 19:36:00,MX-202,Line-C,evening,Alarm,Overheat,medium,81,78,109,Charlie,Operator
E103970,2025-02-07 19:37:00,MX-103,Line-B,evening,Warning,PressureTrend,low,16,1,0,Charlie,Technician
E103958,2025-02-07 19:44:00,MX-202,Line-C,evening,Warning,EnergySpike,medium,12,0,0,Bravo,Technician
E103901,2025-02-07 19:48:00,MX-103,Line-B,evening,Warning,EnergySpike,low,5,0,0,Charlie,AutoReset
E103978,2025-02-07 19:49:00,MX-103,Line-B,evening,Warning,TempTrend,low,21,1,0,Alpha,Engineer
E104017,2025-02-07 19:58:00,MX-202,Line-C,evening,Maintenance,FilterChange,low,34,21,10,Delta,Supervisor
E104006,2025-02-07 20:02:00,MX-103,Line-B,evening,Maintenance,Lubrication,low,77,44,18,Delta,AutoReset
E103945,2025-02-07 20:37:00,MX-102,Line-A,evening,Alarm,PressureDrop,medium,103,62,94,Bravo,Technician
E103966,2025-02-07 21:01:00,MX-202,Line-C,evening,Alarm,Overheat,high,50,31,24,Charlie,AutoReset
E103982,2025-02-07 21:11:00,MX-102,Line-A,evening,Alarm,SensorFailure,high,4,2,1,Charlie,Supervisor
E104021,2025-02-07 21:14:00,MX-102,Line-A,evening,Alarm,Overheat,low,59,50,92,Alpha,AutoReset
E103989,2025-02-07 21:29:00,MX-202,Line-C,evening,Quality,VisionReject,high,7,0,19,Alpha,Technician
E103930,2025-02-07 21:31:00,MX-103,Line-B,evening,Alarm,HighVibration,low,29,28,57,Alpha,Operator
E103954,2025-02-07 21:34:00,MX-103,Line-B,evening,Alarm,HighVibration,high,31,19,32,Alpha,AutoReset
E103956,2025-02-07 21:37:00,MX-101,Line-A,evening,Quality,VisionReject,low,10,3,40,Delta,Operator
E103944,2025-02-07 21:52:00,MX-102,Line-A,evening,Alarm,SensorFailure,high,54,52,61,Bravo,AutoReset
E103939,2025-02-07 21:59:00,MX-101,Line-A,evening,Warning,VibrationTrend,low,1,0,0,Alpha,Supervisor
E104000,2025-02-07 22:00:00,MX-101,Line-A,night,Maintenance,Lubrication,low,75,29,12,Bravo,Operator
E103935,2025-02-07 22:15:00,MX-102,Line-A,night,Quality,MaterialMismatch,low,15,4,76,Alpha,Operator
E103947,2025-02-07 22:22:00,MX-201,Line-C,night,Quality,VisionReject,medium,17,0,63,Alpha,AutoReset
E103923,2025-02-07 22:26:00,MX-202,Line-C,night,Warning,EnergySpike,low,2,0,0,Alpha,AutoReset
E103985,2025-02-07 22:40:00,MX-102,Line-A,night,Warning,TempTrend,low,1,0,0,Alpha,Technician
E103975,2025-02-07 23:05:00,MX-103,Line-B,night,Quality,SurfaceDefect,medium,5,0,13,Alpha,Supervisor
E103903,2025-02-07 23:12:00,MX-102,Line-A,night,Alarm,PressureDrop,high,23,17,28,Charlie,Operator
E103980,2025-02-07 23:14:00,MX-102,Line-A,night,Alarm,SensorFailure,high,54,34,73,Bravo,Supervisor
E103976,2025-02-07 23:15:00,MX-101,Line-A,night,Quality,VisionReject,medium,13,0,82,Charlie,AutoReset
E103943,2025-02-07 23:49:00,MX-201,Line-C,night,Quality,VisionReject,medium,10,2,27,Alpha,Technician
E104024,2025-02-08 00:04:00,MX-101,Line-A,night,Maintenance,FilterChange,low,54,18,4,Charlie,Operator
E104033,2025-02-08 00:38:00,MX-101,Line-A,night,Alarm,HighVibration,medium,36,28,30,Bravo,AutoReset
E104044,2025-02-08 00:51:00,MX-201,Line-C,night,Quality,DimensionDrift,medium,9,1,20,Charlie,Supervisor
E104065,2025-02-08 00:57:00,MX-103,Line-B,night,Warning,PressureTrend,low,12,1,0,Alpha,Operator
E104039,2025-02-08 01:06:00,MX-103,Line-B,night,Maintenance,Inspection,high,82,62,24,Alpha,Supervisor
E104085,2025-02-08 01:21:00,MX-103,Line-B,night,Safety,EStop,high,42,28,36,Charlie,Operator
E104047,2025-02-08 02:06:00,MX-101,Line-A,night,Warning,EnergySpike,low,14,0,0,Bravo,AutoReset
E104073,2025-02-08 02:46:00,MX-103,Line-B,night,Alarm,SensorFailure,medium,18,8,13,Charlie,Engineer
E104048,2025-02-08 03:11:00,MX-103,Line-B,night,Warning,PressureTrend,low,3,0,0,Bravo,AutoReset
E104081,2025-02-08 03:40:00,MX-101,Line-A,night,Alarm,SensorFailure,medium,55,51,67,Alpha,Operator
E104034,2025-02-08 04:33:00,MX-103,Line-B,night,Alarm,PressureDrop,high,16,8,16,Alpha,Technician
E104035,2025-02-08 04:35:00,MX-101,Line-A,night,Warning,VibrationTrend,low,5,0,0,Delta,Technician
E104054,2025-02-08 05:03:00,MX-202,Line-C,night,Warning,PressureTrend,low,33,4,1,Alpha,Technician
E104050,2025-02-08 05:17:00,MX-102,Line-A,night,Quality,VisionReject,high,5,0,26,Bravo,Operator
E104032,2025-02-08 06:09:00,MX-101,Line-A,morning,Alarm,PressureDrop,high,17,8,7,Charlie,Technician
E104030,2025-02-08 06:10:00,MX-202,Line-C,morning,Quality,MaterialMismatch,low,11,1,57,Bravo,AutoReset
E104079,2025-02-08 06:21:00,MX-101,Line-A,morning,Setup,RecipeChange,low,30,25,16,Bravo,Technician
E104052,2025-02-08 06:22:00,MX-101,Line-A,morning,Maintenance,Inspection,medium,185,68,27,Delta,Technician
E104045,2025-02-08 06:28:00,MX-103,Line-B,morning,Setup,ToolChange,low,40,35,26,Charlie,Technician
E104043,2025-02-08 06:29:00,MX-101,Line-A,morning,Quality,VisionReject,low,7,2,34,Charlie,Technician
E104069,2025-02-08 06:33:00,MX-103,Line-B,morning,Safety,GuardOpen,high,24,19,28,Charlie,Operator
E104071,2025-02-08 06:45:00,MX-202,Line-C,morning,Maintenance,Inspection,low,60,46,38,Delta,AutoReset
E104057,2025-02-08 06:51:00,MX-103,Line-B,morning,Alarm,MotorOverload,medium,65,31,40,Alpha,Engineer
E104029,2025-02-08 07:23:00,MX-102,Line-A,morning,Quality,VisionReject,medium,3,1,8,Alpha,Technician
E104061,2025-02-08 08:06:00,MX-202,Line-C,morning,Maintenance,FilterChange,medium,38,19,12,Charlie,AutoReset
E104059,2025-02-08 08:38:00,MX-103,Line-B,morning,Maintenance,Inspection,low,129,96,37,Alpha,Operator
E104028,2025-02-08 08:44:00,MX-201,Line-C,morning,Warning,EnergySpike,medium,1,0,0,Charlie,Technician
E104038,2025-02-08 09:22:00,MX-102,Line-A,morning,Alarm,MotorOverload,high,92,56,46,Charlie,Engineer
E104067,2025-02-08 09:34:00,MX-201,Line-C,morning,Quality,DimensionDrift,high,20,2,65,Bravo,Technician
E104031,2025-02-08 09:53:00,MX-201,Line-C,morning,Warning,TempTrend,low,1,0,0,Delta,AutoReset
E104058,2025-02-08 09:56:00,MX-101,Line-A,morning,Maintenance,Inspection,low,78,57,52,Charlie,Engineer
E104051,2025-02-08 10:01:00,MX-202,Line-C,morning,Quality,DimensionDrift,medium,5,0,19,Alpha,Operator
E104036,2025-02-08 11:33:00,MX-103,Line-B,morning,Quality,VisionReject,medium,16,4,106,Alpha,Supervisor
E104083,2025-02-08 12:02:00,MX-103,Line-B,morning,Quality,VisionReject,medium,2,0,11,Delta,Technician
E104068,2025-02-08 12:26:00,MX-102,Line-A,morning,Quality,DimensionDrift,medium,10,1,56,Delta,Supervisor
E104077,2025-02-08 13:31:00,MX-201,Line-C,morning,Safety,DoorInterlock,medium,25,24,30,Bravo,Operator
E104037,2025-02-08 14:03:00,MX-103,Line-B,evening,Setup,ToolChange,low,23,21,8,Delta,AutoReset
E104042,2025-02-08 14:09:00,MX-201,Line-C,evening,Setup,RecipeChange,low,60,43,32,Charlie,Operator
E104063,2025-02-08 14:17:00,MX-202,Line-C,evening,Setup,RecipeChange,medium,19,18,7,Charlie,AutoReset
E104076,2025-02-08 14:28:00,MX-101,Line-A,evening,Alarm,PressureDrop,medium,15,13,12,Bravo,Supervisor
E104025,2025-02-08 14:36:00,MX-201,Line-C,evening,Setup,FixtureAdjustment,medium,43,39,14,Charlie,Technician
E104062,2025-02-08 14:40:00,MX-103,Line-B,evening,Alarm,HighVibration,low,56,45,90,Delta,Operator
E104082,2025-02-08 14:43:00,MX-202,Line-C,evening,Setup,ToolChange,medium,74,53,30,Charlie,Technician
E104064,2025-02-08 15:08:00,MX-102,Line-A,evening,Quality,SurfaceDefect,high,17,3,112,Alpha,Engineer
E104053,2025-02-08 15:10:00,MX-202,Line-C,evening,Warning,TempTrend,low,11,1,0,Charlie,Engineer
E104066,2025-02-08 16:12:00,MX-201,Line-C,evening,Warning,EnergySpike,medium,5,0,0,Delta,AutoReset
E104074,2025-02-08 16:37:00,MX-103,Line-B,evening,Setup,ToolChange,low,36,33,33,Charlie,Engineer
E104089,2025-02-08 16:50:00,MX-101,Line-A,evening,Maintenance,Calibration,medium,22,11,6,Alpha,Technician
E104070,2025-02-08 17:42:00,MX-102,Line-A,evening,Setup,RecipeChange,low,61,47,15,Charlie,Engineer
E104060,2025-02-08 18:05:00,MX-103,Line-B,evening,Maintenance,Lubrication,medium,106,47,13,Delta,Engineer
E104026,2025-02-08 18:09:00,MX-202,Line-C,evening,Maintenance,Calibration,low,87,47,28,Bravo,AutoReset
E104055,2025-02-08 18:17:00,MX-101,Line-A,evening,Quality,SurfaceDefect,medium,21,0,111,Alpha,AutoReset
E104088,2025-02-08 18:29:00,MX-201,Line-C,evening,Maintenance,Inspection,medium,52,36,7,Charlie,Operator
E104086,2025-02-08 18:32:00,MX-202,Line-C,evening,Maintenance,Lubrication,low,80,23,11,Bravo,Technician
E104078,2025-02-08 18:50:00,MX-103,Line-B,evening,Quality,DimensionDrift,low,1,0,5,Bravo,Supervisor
E104022,2025-02-08 18:52:00,MX-201,Line-C,evening,Maintenance,Lubrication,medium,33,25,19,Alpha,AutoReset
E104075,2025-02-08 19:17:00,MX-202,Line-C,evening,Alarm,SensorFailure,medium,43,35,37,Delta,Technician
E104027,2025-02-08 19:21:00,MX-202,Line-C,evening,Alarm,Overheat,medium,30,13,22,Delta,Operator
E104080,2025-02-08 20:31:00,MX-102,Line-A,evening,Alarm,SensorFailure,critical,82,77,136,Charlie,Engineer
E104084,2025-02-08 20:52:00,MX-202,Line-C,evening,Alarm,SensorFailure,high,13,6,5,Alpha,Technician
E104046,2025-02-08 21:19:00,MX-102,Line-A,evening,Maintenance,Inspection,low,75,53,15,Bravo,Supervisor
E104049,2025-02-08 21:31:00,MX-101,Line-A,evening,Warning,VibrationTrend,low,31,0,0,Bravo,Technician
E104056,2025-02-08 22:52:00,MX-201,Line-C,night,Warning,EnergySpike,low,16,0,0,Delta,AutoReset
E104040,2025-02-08 22:56:00,MX-201,Line-C,night,Quality,VisionReject,low,29,6,92,Alpha,Technician
E104087,2025-02-08 23:24:00,MX-102,Line-A,night,Warning,TempTrend,medium,11,0,0,Charlie,AutoReset
E104041,2025-02-08 23:36:00,MX-103,Line-B,night,Quality,VisionReject,medium,27,6,92,Alpha,Operator
E104023,2025-02-08 23:42:00,MX-102,Line-A,night,Alarm,SensorFailure,low,16,9,8,Charlie,Technician
E104072,2025-02-08 23:49:00,MX-201,Line-C,night,Quality,MaterialMismatch,high,6,1,33,Alpha,Supervisor
E104109,2025-02-09 00:13:00,MX-201,Line-C,night,Warning,VibrationTrend,medium,8,0,0,Delta,Operator
E104090,2025-02-09 00:24:00,MX-201,Line-C,night,Warning,VibrationTrend,low,19,0,0,Bravo,Engineer
E104123,2025-02-09 00:40:00,MX-201,Line-C,night,Warning,VibrationTrend,low,21,2,0,Bravo,Supervisor
E104107,2025-02-09 01:05:00,MX-102,Line-A,night,Quality,DimensionDrift,medium,1,0,4,Alpha,Operator
E104110,2025-02-09 01:13:00,MX-102,Line-A,night,Alarm,PressureDrop,medium,13,6,10,Delta,Technician
E104118,2025-02-09 01:38:00,MX-101,Line-A,night,Maintenance,Lubrication,low,37,12,7,Delta,Operator
E104149,2025-02-09 01:40:00,MX-102,Line-A,night,Alarm,HighVibration,medium,49,48,98,Delta,Technician
E104120,2025-02-09 02:19:00,MX-201,Line-C,night,Warning,EnergySpike,low,13,0,0,Bravo,Technician
E104134,2025-02-09 02:35:00,MX-103,Line-B,night,Alarm,SensorFailure,critical,60,37,34,Delta,Engineer
E104103,2025-02-09 02:57:00,MX-102,Line-A,night,Alarm,SensorFailure,critical,35,27,39,Bravo,AutoReset
E104146,2025-02-09 03:35:00,MX-103,Line-B,night,Alarm,Overheat,high,28,15,18,Alpha,Technician
E104115,2025-02-09 04:06:00,MX-202,Line-C,night,Setup,RecipeChange,low,65,49,51,Charlie,Operator
E104142,2025-02-09 04:29:00,MX-201,Line-C,night,Safety,GuardOpen,medium,6,4,5,Charlie,Supervisor
E104119,2025-02-09 05:05:00,MX-101,Line-A,night,Warning,TempTrend,low,1,0,0,Charlie,Technician
E104101,2025-02-09 05:15:00,MX-102,Line-A,night,Maintenance,BearingReplacement,low,64,33,19,Alpha,Supervisor
E104124,2025-02-09 05:18:00,MX-102,Line-A,night,Quality,SurfaceDefect,high,6,0,15,Charlie,Engineer
E104112,2025-02-09 05:48:00,MX-202,Line-C,night,Safety,GuardOpen,critical,16,11,15,Delta,Engineer
E104152,2025-02-09 05:52:00,MX-101,Line-A,night,Warning,PressureTrend,low,7,0,0,Bravo,AutoReset
E104114,2025-02-09 06:06:00,MX-103,Line-B,morning,Safety,AreaBreach,critical,12,8,10,Delta,Technician
E104116,2025-02-09 06:15:00,MX-201,Line-C,morning,Setup,RecipeChange,medium,44,43,15,Bravo,Technician
E104147,2025-02-09 06:26:00,MX-102,Line-A,morning,Warning,EnergySpike,medium,2,0,0,Delta,Technician
E104144,2025-02-09 06:28:00,MX-201,Line-C,morning,Maintenance,Calibration,low,66,48,17,Charlie,Operator
E104140,2025-02-09 06:46:00,MX-201,Line-C,morning,Quality,SurfaceDefect,high,13,2,68,Bravo,Supervisor
E104098,2025-02-09 07:23:00,MX-201,Line-C,morning,Alarm,PressureDrop,medium,39,22,42,Charlie,Operator
E104128,2025-02-09 07:44:00,MX-101,Line-A,morning,Warning,VibrationTrend,low,25,2,0,Delta,Supervisor
E104139,2025-02-09 08:04:00,MX-102,Line-A,morning,Alarm,MotorOverload,low,19,17,25,Bravo,Operator
E104137,2025-02-09 08:12:00,MX-101,Line-A,morning,Maintenance,FilterChange,low,87,39,25,Delta,Engineer
E104138,2025-02-09 08:15:00,MX-202,Line-C,morning,Warning,EnergySpike,low,12,0,0,Alpha,Technician
E104113,2025-02-09 08:25:00,MX-201,Line-C,morning,Quality,MaterialMismatch,low,6,0,22,Charlie,Engineer
E104126,2025-02-09 08:43:00,MX-101,Line-A,morning,Setup,RecipeChange,medium,95,78,54,Delta,Technician
E104105,2025-02-09 09:19:00,MX-101,Line-A,morning,Alarm,Overheat,high,24,11,9,Bravo,AutoReset
E104145,2025-02-09 09:35:00,MX-103,Line-B,morning,Alarm,SensorFailure,high,34,18,15,Alpha,Technician
E104117,2025-02-09 09:42:00,MX-101,Line-A,morning,Warning,VibrationTrend,low,3,0,0,Delta,Supervisor
E104100,2025-02-09 10:41:00,MX-102,Line-A,morning,Setup,RecipeChange,medium,38,29,16,Alpha,AutoReset
E104133,2025-02-09 10:53:00,MX-202,Line-C,morning,Warning,TempTrend,high,3,0,0,Alpha,Technician
E104125,2025-02-09 11:02:00,MX-101,Line-A,morning,Alarm,Overheat,high,5,3,3,Charlie,AutoReset
E104135,2025-02-09 12:37:00,MX-202,Line-C,morning,Alarm,MotorOverload,medium,62,51,69,Delta,Operator
E104096,2025-02-09 12:45:00,MX-202,Line-C,morning,Setup,RecipeChange,low,17,15,10,Alpha,Technician
E104092,2025-02-09 13:22:00,MX-103,Line-B,morning,Quality,VisionReject,low,36,2,248,Delta,Operator
E104127,2025-02-09 13:44:00,MX-102,Line-A,morning,Maintenance,FilterChange,medium,164,103,101,Bravo,Supervisor
E104150,2025-02-09 13:49:00,MX-103,Line-B,morning,Warning,EnergySpike,high,9,1,0,Bravo,Technician
E104153,2025-02-09 14:11:00,MX-102,Line-A,evening,Setup,ToolChange,medium,41,36,30,Alpha,Operator
E104136,2025-02-09 14:32:00,MX-102,Line-A,evening,Warning,VibrationTrend,low,14,0,0,Alpha,AutoReset
E104130,2025-02-09 14:34:00,MX-201,Line-C,evening,Warning,TempTrend,low,2,0,0,Charlie,AutoReset
E104091,2025-02-09 14:56:00,MX-102,Line-A,evening,Warning,EnergySpike,low,26,1,0,Bravo,AutoReset
E104106,2025-02-09 15:40:00,MX-101,Line-A,evening,Setup,FixtureAdjustment,low,85,74,78,Delta,Supervisor
E104093,2025-02-09 15:41:00,MX-201,Line-C,evening,Warning,VibrationTrend,low,2,0,0,Delta,Technician
E104148,2025-02-09 15:43:00,MX-202,Line-C,evening,Maintenance,BearingReplacement,medium,27,10,4,Alpha,Operator
E104132,2025-02-09 15:56:00,MX-202,Line-C,evening,Quality,DimensionDrift,medium,3,0,8,Delta,Engineer
E104151,2025-02-09 16:00:00,MX-103,Line-B,evening,Safety,DoorInterlock,high,11,10,10,Charlie,Operator
E104141,2025-02-09 16:14:00,MX-102,Line-A,evening,Alarm,MotorOverload,medium,33,17,14,Charlie,Operator
E104121,2025-02-09 17:08:00,MX-102,Line-A,evening,Quality,SurfaceDefect,high,12,3,77,Delta,Operator
E104094,2025-02-09 18:01:00,MX-202,Line-C,evening,Alarm,PressureDrop,high,40,33,25,Charlie,Operator
E104108,2025-02-09 18:09:00,MX-201,Line-C,evening,Alarm,MotorOverload,high,17,11,14,Charlie,Operator
E104122,2025-02-09 18:11:00,MX-202,Line-C,evening,Maintenance,Lubrication,medium,11,6,4,Alpha,Technician
E104104,2025-02-09 19:27:00,MX-102,Line-A,evening,Setup,FixtureAdjustment,low,48,34,34,Alpha,AutoReset
E104131,2025-02-09 19:32:00,MX-102,Line-A,evening,Quality,SurfaceDefect,high,15,3,75,Bravo,AutoReset
E104102,2025-02-09 20:13:00,MX-101,Line-A,evening,Alarm,SensorFailure,high,20,18,15,Delta,Supervisor
E104111,2025-02-09 20:29:00,MX-102,Line-A,evening,Maintenance,BearingReplacement,medium,73,30,27,Alpha,Technician
E104099,2025-02-09 21:25:00,MX-202,Line-C,evening,Maintenance,FilterChange,low,75,53,22,Alpha,Operator
E104154,2025-02-09 22:23:00,MX-103,Line-B,night,Maintenance,Lubrication,low,54,30,18,Bravo,Technician
E104095,2025-02-09 22:26:00,MX-101,Line-A,night,Safety,AreaBreach,critical,29,27,15,Charlie,Technician
E104129,2025-02-09 22:47:00,MX-201,Line-C,night,Alarm,PressureDrop,high,18,17,19,Charlie,Technician
E104143,2025-02-09 22:52:00,MX-201,Line-C,night,Quality,SurfaceDefect,medium,3,0,18,Charlie,Operator
E104097,2025-02-09 23:32:00,MX-101,Line-A,night,Setup,RecipeChange,medium,14,10,3,Delta,Operator
E104216,2025-02-10 00:01:00,MX-103,Line-B,night,Maintenance,FilterChange,medium,52,37,13,Charlie,Technician
E104242,2025-02-10 00:05:00,MX-201,Line-C,night,Warning,TempTrend,medium,6,0,0,Charlie,Technician
E104156,2025-02-10 00:27:00,MX-101,Line-A,night,Maintenance,BearingReplacement,low,75,35,19,Alpha,Engineer
E104169,2025-02-10 00:32:00,MX-202,Line-C,night,Alarm,MotorOverload,high,38,32,60,Alpha,Engineer
E104170,2025-02-10 00:33:00,MX-103,Line-B,night,Alarm,SensorFailure,medium,83,38,68,Bravo,Technician
E104277,2025-02-10 00:49:00,MX-103,Line-B,night,Safety,DoorInterlock,medium,16,15,9,Delta,Operator
E104220,2025-02-10 00:52:00,MX-201,Line-C,night,Safety,DoorInterlock,critical,6,4,4,Bravo,Technician
E104181,2025-02-10 00:57:00,MX-201,Line-C,night,Alarm,SensorFailure,medium,48,33,51,Alpha,Technician
E104251,2025-02-10 01:00:00,MX-102,Line-A,night,Quality,SurfaceDefect,medium,24,2,154,Alpha,Engineer
E104254,2025-02-10 01:15:00,MX-101,Line-A,night,Alarm,PressureDrop,critical,89,55,88,Bravo,Supervisor
E104273,2025-02-10 01:30:00,MX-102,Line-A,night,Maintenance,Inspection,high,65,51,33,Bravo,AutoReset
E104259,2025-02-10 01:58:00,MX-101,Line-A,night,Alarm,MotorOverload,high,41,37,57,Delta,Engineer
E104263,2025-02-10 02:11:00,MX-103,Line-B,night,Alarm,MotorOverload,high,12,8,8,Bravo,AutoReset
E104208,2025-02-10 02:16:00,MX-102,Line-A,night,Warning,EnergySpike,low,2,0,0,Alpha,Technician
E104234,2025-02-10 02:20:00,MX-102,Line-A,night,Alarm,SensorFailure,high,64,34,50,Bravo,Operator
E104188,2025-02-10 02:28:00,MX-101,Line-A,night,Maintenance,Calibration,low,45,15,3,Charlie,Operator
E104237,2025-02-10 02:30:00,MX-101,Line-A,night,Quality,MaterialMismatch,low,28,2,125,Charlie,Technician
E104238,2025-02-10 02:40:00,MX-103,Line-B,night,Alarm,Overheat,low,40,38,48,Delta,Operator
E104275,2025-02-10 02:49:00,MX-102,Line-A,night,Warning,PressureTrend,medium,6,0,0,Charlie,Technician
E104224,2025-02-10 03:13:00,MX-101,Line-A,night,Setup,FixtureAdjustment,low,67,62,26,Charlie,Engineer
E104212,2025-02-10 03:20:00,MX-201,Line-C,night,Quality,MaterialMismatch,medium,7,2,33,Charlie,Supervisor
E104174,2025-02-10 03:21:00,MX-103,Line-B,night,Quality,DimensionDrift,low,15,2,100,Alpha,Supervisor
E104191,2025-02-10 03:24:00,MX-201,Line-C,night,Quality,DimensionDrift,medium,9,0,59,Alpha,AutoReset
E104268,2025-02-10 03:38:00,MX-101,Line-A,night,Maintenance,Inspection,medium,45,16,12,Charlie,AutoReset
E104183,2025-02-10 03:41:00,MX-102,Line-A,night,Warning,TempTrend,medium,16,0,0,Bravo,Operator
E104211,2025-02-10 03:49:00,MX-103,Line-B,night,Warning,PressureTrend,low,15,1,0,Alpha,Engineer
E104201,2025-02-10 04:13:00,MX-102,Line-A,night,Maintenance,Inspection,medium,42,18,14,Charlie,Engineer
E104227,2025-02-10 04:40:00,MX-101,Line-A,night,Warning,VibrationTrend,medium,32,1,0,Alpha,Supervisor
E104262,2025-02-10 04:52:00,MX-102,Line-A,night,Alarm,PressureDrop,critical,18,10,9,Charlie,AutoReset
E104252,2025-02-10 05:08:00,MX-103,Line-B,night,Maintenance,Lubrication,medium,149,87,57,Charlie,Supervisor
E104282,2025-02-10 05:21:00,MX-201,Line-C,night,Alarm,MotorOverload,high,27,16,26,Charlie,AutoReset
E104221,2025-02-10 05:22:00,MX-101,Line-A,night,Quality,VisionReject,high,22,5,141,Charlie,Engineer
E104210,2025-02-10 05:42:00,MX-201,Line-C,night,Maintenance,Inspection,low,53,42,16,Alpha,Technician
E104173,2025-02-10 05:51:00,MX-202,Line-C,night,Setup,ToolChange,low,59,56,44,Alpha,AutoReset
E104157,2025-02-10 06:00:00,MX-201,Line-C,morning,Quality,SurfaceDefect,medium,29,5,188,Alpha,Technician
E104185,2025-02-10 06:06:00,MX-102,Line-A,morning,Safety,EStop,high,19,17,23,Delta,AutoReset
E104215,2025-02-10 06:11:00,MX-102,Line-A,morning,Warning,VibrationTrend,medium,8,0,0,Charlie,Operator
E104171,2025-02-10 06:13:00,MX-202,Line-C,morning,Maintenance,Lubrication,low,63,37,12,Charlie,Engineer
E104243,2025-02-10 06:14:00,MX-102,Line-A,morning,Quality,MaterialMismatch,medium,18,5,96,Bravo,Engineer
E104255,2025-02-10 06:19:00,MX-201,Line-C,morning,Alarm,SensorFailure,medium,19,12,11,Charlie,Operator
E104167,2025-02-10 06:22:00,MX-201,Line-C,morning,Quality,DimensionDrift,medium,9,2,43,Delta,Technician
E104253,2025-02-10 06:25:00,MX-103,Line-B,morning,Maintenance,FilterChange,high,58,25,23,Alpha,Operator
E104272,2025-02-10 06:27:00,MX-102,Line-A,morning,Safety,DoorInterlock,medium,20,10,12,Delta,Operator
E104159,2025-02-10 07:11:00,MX-102,Line-A,morning,Quality,VisionReject,high,4,0,14,Alpha,AutoReset
E104270,2025-02-10 07:13:00,MX-201,Line-C,morning,Warning,TempTrend,low,9,1,0,Alpha,Operator
E104175,2025-02-10 07:16:00,MX-103,Line-B,morning,Quality,VisionReject,low,19,5,90,Bravo,AutoReset
E104264,2025-02-10 07:41:00,MX-201,Line-C,morning,Maintenance,Calibration,low,52,32,15,Charlie,AutoReset
E104194,2025-02-10 07:49:00,MX-201,Line-C,morning,Quality,VisionReject,high,17,3,80,Alpha,Technician
E104162,2025-02-10 07:50:00,MX-103,Line-B,morning,Maintenance,FilterChange,medium,84,44,15,Bravo,Technician
E104178,2025-02-10 07:54:00,MX-102,Line-A,morning,Quality,VisionReject,high,11,3,42,Alpha,Engineer
E104228,2025-02-10 08:16:00,MX-101,Line-A,morning,Warning,PressureTrend,low,22,1,0,Charlie,Technician
E104158,2025-02-10 08:33:00,MX-202,Line-C,morning,Maintenance,FilterChange,low,17,10,4,Charlie,AutoReset
E104280,2025-02-10 08:35:00,MX-201,Line-C,morning,Alarm,PressureDrop,low,13,10,9,Bravo,Engineer
E104274,2025-02-10 08:35:00,MX-102,Line-A,morning,Alarm,SensorFailure,critical,19,12,10,Delta,Technician
E104160,2025-02-10 08:50:00,MX-101,Line-A,morning,Quality,SurfaceDefect,low,11,0,53,Alpha,Technician
E104233,2025-02-10 09:00:00,MX-202,Line-C,morning,Maintenance,Lubrication,low,50,22,8,Charlie,Technician
E104190,2025-02-10 09:06:00,MX-103,Line-B,morning,Alarm,Overheat,medium,39,23,47,Alpha,Technician
E104204,2025-02-10 09:10:00,MX-201,Line-C,morning,Alarm,HighVibration,critical,8,5,8,Charlie,Technician
E104207,2025-02-10 09:22:00,MX-102,Line-A,morning,Warning,PressureTrend,low,13,1,0,Bravo,Technician
E104199,2025-02-10 09:35:00,MX-202,Line-C,morning,Quality,SurfaceDefect,medium,5,1,34,Bravo,Supervisor
E104241,2025-02-10 09:39:00,MX-202,Line-C,morning,Safety,EStop,critical,34,22,7,Alpha,AutoReset
E104276,2025-02-10 09:42:00,MX-202,Line-C,morning,Warning,PressureTrend,low,3,0,0,Delta,AutoReset
E104240,2025-02-10 09:57:00,MX-101,Line-A,morning,Maintenance,FilterChange,medium,83,21,11,Delta,AutoReset
E104226,2025-02-10 10:04:00,MX-101,Line-A,morning,Warning,PressureTrend,low,6,0,0,Alpha,Technician
E104256,2025-02-10 10:20:00,MX-201,Line-C,morning,Maintenance,FilterChange,medium,156,73,40,Bravo,AutoReset
E104214,2025-02-10 10:42:00,MX-101,Line-A,morning,Alarm,MotorOverload,low,12,8,15,Bravo,Operator
E104182,2025-02-10 10:44:00,MX-102,Line-A,morning,Maintenance,BearingReplacement,medium,21,10,3,Alpha,AutoReset
E104232,2025-02-10 11:02:00,MX-101,Line-A,morning,Alarm,MotorOverload,critical,28,26,28,Delta,Engineer
E104217,2025-02-10 11:10:00,MX-103,Line-B,morning,Maintenance,FilterChange,high,129,89,58,Bravo,Operator
E104281,2025-02-10 11:36:00,MX-201,Line-C,morning,Setup,RecipeChange,low,50,40,32,Delta,Technician
E104198,2025-02-10 11:43:00,MX-103,Line-B,morning,Safety,EStop,medium,16,10,7,Alpha,Supervisor
E104249,2025-02-10 11:50:00,MX-202,Line-C,morning,Maintenance,FilterChange,medium,83,32,24,Bravo,AutoReset
E104165,2025-02-10 11:56:00,MX-103,Line-B,morning,Quality,SurfaceDefect,medium,6,0,30,Delta,Engineer
E104247,2025-02-10 12:05:00,MX-103,Line-B,morning,Warning,TempTrend,high,25,0,0,Bravo,Technician
E104177,2025-02-10 12:10:00,MX-102,Line-A,morning,Warning,VibrationTrend,medium,7,0,0,Alpha,Technician
E104258,2025-02-10 12:18:00,MX-201,Line-C,morning,Warning,EnergySpike,high,8,0,0,Charlie,Operator
E104179,2025-02-10 12:22:00,MX-102,Line-A,morning,Alarm,PressureDrop,low,35,25,29,Alpha,Engineer
E104206,2025-02-10 12:50:00,MX-202,Line-C,morning,Setup,ToolChange,medium,20,15,4,Bravo,Technician
E104229,2025-02-10 13:41:00,MX-202,Line-C,morning,Warning,VibrationTrend,medium,1,0,0,Alpha,Operator
E104168,2025-02-10 13:58:00,MX-101,Line-A,morning,Alarm,PressureDrop,medium,49,46,83,Charlie,Operator
E104266,2025-02-10 14:01:00,MX-101,Line-A,evening,Warning,PressureTrend,low,7,0,0,Charlie,Operator
E104200,2025-02-10 14:09:00,MX-201,Line-C,evening,Alarm,MotorOverload,medium,23,11,10,Alpha,Operator
E104189,2025-02-10 15:08:00,MX-102,Line-A,evening,Warning,EnergySpike,medium,9,0,0,Charlie,Engineer
E104184,2025-02-10 15:12:00,MX-101,Line-A,evening,Safety,DoorInterlock,high,9,6,5,Alpha,Operator
E104219,2025-02-10 15:33:00,MX-202,Line-C,evening,Quality,MaterialMismatch,medium,23,8,93,Delta,Engineer
E104235,2025-02-10 15:42:00,MX-202,Line-C,evening,Safety,GuardOpen,high,23,17,15,Alpha,Technician
E104197,2025-02-10 15:42:00,MX-101,Line-A,evening,Warning,EnergySpike,low,7,0,0,Bravo,Engineer
E104172,2025-02-10 15:56:00,MX-101,Line-A,evening,Warning,PressureTrend,low,1,0,0,Alpha,Supervisor
E104209,2025-02-10 15:59:00,MX-103,Line-B,evening,Warning,EnergySpike,low,11,0,0,Delta,Technician
E104260,2025-02-10 16:01:00,MX-103,Line-B,evening,Quality,SurfaceDefect,medium,18,0,82,Delta,Engineer
E104265,2025-02-10 16:08:00,MX-201,Line-C,evening,Warning,VibrationTrend,medium,4,0,0,Charlie,Operator
E104257,2025-02-10 16:14:00,MX-103,Line-B,evening,Quality,SurfaceDefect,medium,11,0,72,Bravo,Technician
E104166,2025-02-10 16:20:00,MX-201,Line-C,evening,Alarm,MotorOverload,medium,52,38,61,Charlie,Engineer
E104231,2025-02-10 16:21:00,MX-202,Line-C,evening,Quality,MaterialMismatch,medium,7,0,35,Alpha,Operator
E104271,2025-02-10 16:35:00,MX-202,Line-C,evening,Maintenance,Inspection,low,23,10,2,Bravo,Operator
E104202,2025-02-10 17:32:00,MX-101,Line-A,evening,Maintenance,Lubrication,low,37,16,4,Bravo,Technician
E104230,2025-02-10 17:37:00,MX-102,Line-A,evening,Alarm,SensorFailure,high,35,26,19,Charlie,Technician
E104203,2025-02-10 17:46:00,MX-102,Line-A,evening,Warning,VibrationTrend,medium,10,0,0,Delta,Technician
E104180,2025-02-10 18:00:00,MX-103,Line-B,evening,Maintenance,FilterChange,low,37,17,4,Delta,Operator
E104213,2025-02-10 18:04:00,MX-102,Line-A,evening,Maintenance,FilterChange,medium,49,28,25,Bravo,Technician
E104161,2025-02-10 18:12:00,MX-202,Line-C,evening,Maintenance,BearingReplacement,medium,72,21,11,Bravo,Engineer
E104244,2025-02-10 18:40:00,MX-101,Line-A,evening,Alarm,MotorOverload,critical,47,23,42,Bravo,Technician
E104269,2025-02-10 18:54:00,MX-101,Line-A,evening,Warning,TempTrend,low,12,1,0,Bravo,Technician
E104187,2025-02-10 19:12:00,MX-103,Line-B,evening,Warning,PressureTrend,low,4,0,0,Delta,Engineer
E104164,2025-02-10 19:19:00,MX-202,Line-C,evening,Warning,TempTrend,medium,1,0,0,Delta,Operator
E104155,2025-02-10 19:23:00,MX-103,Line-B,evening,Maintenance,FilterChange,low,41,28,16,Bravo,Supervisor
E104279,2025-02-10 19:29:00,MX-202,Line-C,evening,Maintenance,Inspection,low,89,43,20,Delta,AutoReset
E104236,2025-02-10 19:33:00,MX-202,Line-C,evening,Alarm,PressureDrop,high,45,27,24,Bravo,Operator
E104186,2025-02-10 20:10:00,MX-202,Line-C,evening,Alarm,SensorFailure,medium,10,7,12,Charlie,AutoReset
E104196,2025-02-10 20:25:00,MX-103,Line-B,evening,Maintenance,Calibration,high,62,43,13,Alpha,Technician
E104246,2025-02-10 21:01:00,MX-201,Line-C,evening,Alarm,Overheat,high,19,14,28,Alpha,Engineer
E104163,2025-02-10 21:06:00,MX-103,Line-B,evening,Maintenance,FilterChange,medium,46,23,14,Alpha,Technician
E104248,2025-02-10 21:28:00,MX-201,Line-C,evening,Alarm,SensorFailure,high,47,45,38,Delta,Technician
E104176,2025-02-10 21:34:00,MX-103,Line-B,evening,Alarm,SensorFailure,medium,9,7,6,Charlie,AutoReset
E104278,2025-02-10 21:38:00,MX-102,Line-A,evening,Setup,ToolChange,low,24,17,6,Delta,Operator
E104218,2025-02-10 21:40:00,MX-201,Line-C,evening,Alarm,HighVibration,medium,32,28,41,Alpha,Technician
E104245,2025-02-10 21:54:00,MX-103,Line-B,evening,Warning,PressureTrend,medium,5,0,0,Delta,AutoReset
E104223,2025-02-10 22:11:00,MX-201,Line-C,night,Quality,DimensionDrift,low,15,4,41,Delta,Technician
E104239,2025-02-10 22:11:00,MX-202,Line-C,night,Safety,EStop,critical,31,22,8,Bravo,Operator
E104193,2025-02-10 22:13:00,MX-102,Line-A,night,Maintenance,Inspection,low,36,16,14,Charlie,Technician
E104225,2025-02-10 22:14:00,MX-202,Line-C,night,Setup,FixtureAdjustment,medium,30,24,12,Bravo,Technician
E104267,2025-02-10 22:17:00,MX-103,Line-B,night,Alarm,HighVibration,critical,62,34,28,Alpha,Operator
E104261,2025-02-10 22:21:00,MX-201,Line-C,night,Warning,PressureTrend,high,41,4,2,Charlie,Technician
E104195,2025-02-10 22:24:00,MX-102,Line-A,night,Alarm,Overheat,low,29,25,42,Bravo,Supervisor
E104192,2025-02-10 22:31:00,MX-201,Line-C,night,Quality,DimensionDrift,low,35,5,203,Charlie,AutoReset
E104205,2025-02-10 22:45:00,MX-202,Line-C,night,Maintenance,FilterChange,low,71,48,17,Delta,Technician
E104250,2025-02-10 22:52:00,MX-102,Line-A,night,Maintenance,Calibration,low,82,39,33,Bravo,AutoReset
E104222,2025-02-10 23:50:00,MX-102,Line-A,night,Quality,VisionReject,medium,52,11,336,Bravo,AutoReset
E104290,2025-02-11 00:09:00,MX-102,Line-A,night,Alarm,HighVibration,medium,61,47,77,Charlie,Operator
E104398,2025-02-11 00:11:00,MX-201,Line-C,night,Warning,PressureTrend,high,9,0,0,Delta,AutoReset
E104341,2025-02-11 00:26:00,MX-101,Line-A,night,Safety,GuardOpen,high,14,8,10,Bravo,Engineer
E104322,2025-02-11 00:34:00,MX-202,Line-C,night,Quality,SurfaceDefect,medium,8,2,26,Delta,Supervisor
E104396,2025-02-11 00:37:00,MX-101,Line-A,night,Warning,PressureTrend,medium,2,0,0,Alpha,AutoReset
E104405,2025-02-11 00:37:00,MX-201,Line-C,night,Setup,FixtureAdjustment,low,33,32,34,Bravo,Technician
E104378,2025-02-11 00:57:00,MX-103,Line-B,night,Setup,RecipeChange,low,19,17,7,Bravo,Operator
E104368,2025-02-11 01:09:00,MX-201,Line-C,night,Setup,FixtureAdjustment,low,41,38,29,Charlie,Technician
E104343,2025-02-11 01:16:00,MX-101,Line-A,night,Warning,VibrationTrend,low,8,1,0,Bravo,Technician
E104375,2025-02-11 01:38:00,MX-103,Line-B,night,Maintenance,Inspection,low,49,26,21,Bravo,Technician
E104367,2025-02-11 01:58:00,MX-101,Line-A,night,Alarm,MotorOverload,medium,26,14,25,Alpha,Engineer
E104410,2025-02-11 02:01:00,MX-102,Line-A,night,Warning,TempTrend,low,8,0,0,Charlie,AutoReset
E104346,2025-02-11 02:01:00,MX-103,Line-B,night,Alarm,HighVibration,medium,56,39,73,Bravo,Technician
E104304,2025-02-11 02:02:00,MX-202,Line-C,night,Alarm,HighVibration,high,21,13,26,Delta,Engineer
E104349,2025-02-11 02:06:00,MX-201,Line-C,night,Maintenance,FilterChange,low,80,42,17,Delta,Operator
E104357,2025-02-11 02:11:00,MX-103,Line-B,night,Warning,EnergySpike,medium,26,2,0,Charlie,Supervisor
E104334,2025-02-11 02:27:00,MX-202,Line-C,night,Warning,EnergySpike,low,1,0,0,Delta,AutoReset
E104330,2025-02-11 02:32:00,MX-201,Line-C,night,Alarm,MotorOverload,medium,48,30,36,Bravo,AutoReset
E104377,2025-02-11 02:47:00,MX-103,Line-B,night,Alarm,PressureDrop,high,67,39,76,Bravo,Operator
E104296,2025-02-11 02:56:00,MX-201,Line-C,night,Maintenance,Inspection,low,112,56,47,Charlie,Operator
E104285,2025-02-11 03:23:00,MX-202,Line-C,night,Safety,EStop,medium,26,14,19,Charlie,Technician
E104303,2025-02-11 03:27:00,MX-202,Line-C,night,Maintenance,BearingReplacement,low,78,57,18,Bravo,AutoReset
E104339,2025-02-11 03:34:00,MX-101,Line-A,night,Setup,ToolChange,low,44,36,28,Alpha,Technician
E104409,2025-02-11 03:36:00,MX-201,Line-C,night,Alarm,Overheat,medium,9,5,8,Charlie,AutoReset
E104397,2025-02-11 03:38:00,MX-102,Line-A,night,Warning,TempTrend,low,1,0,0,Bravo,Technician
E104355,2025-02-11 03:46:00,MX-101,Line-A,night,Alarm,Overheat,medium,25,18,15,Bravo,Supervisor
E104294,2025-02-11 04:15:00,MX-101,Line-A,night,Alarm,HighVibration,medium,18,12,10,Alpha,Engineer
E104344,2025-02-11 04:36:00,MX-102,Line-A,night,Setup,FixtureAdjustment,low,21,17,6,Bravo,Operator
E104384,2025-02-11 04:47:00,MX-202,Line-C,night,Maintenance,Calibration,low,75,58,46,Bravo,Technician
E104402,2025-02-11 05:04:00,MX-101,Line-A,night,Alarm,SensorFailure,critical,71,52,109,Alpha,AutoReset
E104401,2025-02-11 05:13:00,MX-102,Line-A,night,Warning,EnergySpike,high,3,0,0,Charlie,Engineer
E104347,2025-02-11 05:14:00,MX-202,Line-C,night,Warning,EnergySpike,low,6,0,0,Bravo,AutoReset
E104318,2025-02-11 05:24:00,MX-101,Line-A,night,Warning,EnergySpike,medium,19,1,0,Alpha,Engineer
E104365,2025-02-11 05:41:00,MX-101,Line-A,night,Quality,VisionReject,medium,2,0,4,Alpha,AutoReset
E104286,2025-02-11 05:53:00,MX-101,Line-A,night,Maintenance,BearingReplacement,low,77,43,40,Delta,Technician
E104328,2025-02-11 05:56:00,MX-201,Line-C,night,Maintenance,Lubrication,low,101,36,17,Charlie,Engineer
E104320,2025-02-11 06:03:00,MX-103,Line-B,morning,Maintenance,Inspection,low,94,30,9,Alpha,Technician
E104380,2025-02-11 06:03:00,MX-102,Line-A,morning,Warning,VibrationTrend,medium,9,0,0,Alpha,Engineer
E104295,2025-02-11 06:21:00,MX-102,Line-A,morning,Maintenance,Inspection,medium,35,25,10,Charlie,Operator
E104324,2025-02-11 06:40:00,MX-103,Line-B,morning,Alarm,PressureDrop,high,60,57,60,Bravo,AutoReset
E104307,2025-02-11 06:45:00,MX-201,Line-C,morning,Alarm,MotorOverload,medium,111,99,174,Bravo,Technician
E104373,2025-02-11 06:52:00,MX-103,Line-B,morning,Alarm,Overheat,low,85,74,148,Charlie,Technician
E104305,2025-02-11 06:59:00,MX-103,Line-B,morning,Alarm,HighVibration,high,46,45,73,Bravo,Supervisor
E104301,2025-02-11 07:09:00,MX-201,Line-C,morning,Maintenance,BearingReplacement,medium,91,62,34,Charlie,AutoReset
E104399,2025-02-11 07:25:00,MX-201,Line-C,morning,Warning,PressureTrend,low,9,0,0,Delta,Engineer
E104306,2025-02-11 07:27:00,MX-201,Line-C,morning,Maintenance,Lubrication,medium,82,28,5,Charlie,Engineer
E104371,2025-02-11 07:57:00,MX-202,Line-C,morning,Setup,RecipeChange,low,67,51,29,Bravo,Technician
E104352,2025-02-11 08:00:00,MX-201,Line-C,morning,Alarm,SensorFailure,critical,24,22,35,Bravo,Supervisor
E104359,2025-02-11 08:01:00,MX-103,Line-B,morning,Maintenance,Calibration,medium,52,19,16,Delta,Operator
E104386,2025-02-11 08:08:00,MX-202,Line-C,morning,Alarm,MotorOverload,high,17,16,24,Delta,Engineer
E104382,2025-02-11 08:14:00,MX-103,Line-B,morning,Setup,RecipeChange,low,58,43,8,Charlie,AutoReset
E104315,2025-02-11 08:17:00,MX-103,Line-B,morning,Setup,FixtureAdjustment,medium,17,13,5,Charlie,Technician
E104298,2025-02-11 08:20:00,MX-101,Line-A,morning,Setup,RecipeChange,low,40,34,26,Alpha,Technician
E104311,2025-02-11 08:24:00,MX-202,Line-C,morning,Alarm,SensorFailure,high,33,17,33,Bravo,Engineer
E104326,2025-02-11 08:46:00,MX-202,Line-C,morning,Quality,VisionReject,medium,1,0,2,Alpha,Engineer
E104312,2025-02-11 09:18:00,MX-202,Line-C,morning,Alarm,HighVibration,high,15,9,18,Delta,AutoReset
E104390,2025-02-11 09:32:00,MX-102,Line-A,morning,Safety,DoorInterlock,high,70,61,56,Bravo,AutoReset
E104391,2025-02-11 09:44:00,MX-201,Line-C,morning,Alarm,SensorFailure,high,44,28,42,Delta,Technician
E104381,2025-02-11 09:57:00,MX-201,Line-C,morning,Alarm,SensorFailure,critical,53,29,21,Delta,Technician
E104309,2025-02-11 10:11:00,MX-202,Line-C,morning,Warning,TempTrend,low,12,1,0,Alpha,Technician
E104393,2025-02-11 10:33:00,MX-202,Line-C,morning,Warning,EnergySpike,medium,15,1,0,Alpha,Technician
E104345,2025-02-11 10:47:00,MX-102,Line-A,morning,Warning,TempTrend,low,6,0,0,Charlie,Technician
E104376,2025-02-11 11:06:00,MX-101,Line-A,morning,Maintenance,BearingReplacement,medium,94,64,58,Alpha,AutoReset
E104329,2025-02-11 11:07:00,MX-201,Line-C,morning,Alarm,PressureDrop,high,53,43,36,Delta,Technician
E104395,2025-02-11 11:19:00,MX-102,Line-A,morning,Alarm,PressureDrop,medium,13,8,14,Delta,Technician
E104288,2025-02-11 11:30:00,MX-202,Line-C,morning,Maintenance,BearingReplacement,low,63,37,36,Bravo,Technician
E104374,2025-02-11 11:48:00,MX-201,Line-C,morning,Alarm,Overheat,critical,72,46,66,Alpha,Engineer
E104310,2025-02-11 12:00:00,MX-101,Line-A,morning,Warning,EnergySpike,low,5,0,0,Charlie,Technician
E104308,2025-02-11 12:07:00,MX-101,Line-A,morning,Maintenance,BearingReplacement,low,30,20,4,Alpha,AutoReset
E104335,2025-02-11 12:44:00,MX-201,Line-C,morning,Setup,ToolChange,low,41,31,10,Alpha,Technician
E104313,2025-02-11 13:02:00,MX-202,Line-C,morning,Maintenance,BearingReplacement,low,137,75,69,Bravo,Technician
E104383,2025-02-11 13:11:00,MX-101,Line-A,morning,Setup,RecipeChange,medium,69,50,52,Charlie,Operator
E104284,2025-02-11 13:29:00,MX-202,Line-C,morning,Setup,RecipeChange,medium,24,23,15,Bravo,Technician
E104338,2025-02-11 13:33:00,MX-202,Line-C,morning,Setup,ToolChange,low,44,32,22,Bravo,Operator
E104299,2025-02-11 13:42:00,MX-102,Line-A,morning,Safety,EStop,critical,45,34,7,Alpha,Engineer
E104302,2025-02-11 13:48:00,MX-202,Line-C,morning,Alarm,PressureDrop,critical,12,11,22,Alpha,Technician
E104297,2025-02-11 13:51:00,MX-201,Line-C,morning,Alarm,HighVibration,critical,63,48,46,Bravo,Technician
E104287,2025-02-11 14:11:00,MX-102,Line-A,evening,Alarm,HighVibration,high,25,14,23,Bravo,Operator
E104291,2025-02-11 14:15:00,MX-102,Line-A,evening,Setup,RecipeChange,low,45,32,15,Charlie,Technician
E104325,2025-02-11 14:32:00,MX-101,Line-A,evening,Alarm,MotorOverload,high,87,43,75,Bravo,Technician
E104370,2025-02-11 14:33:00,MX-101,Line-A,evening,Warning,TempTrend,low,1,0,0,Bravo,Supervisor
E104411,2025-02-11 14:34:00,MX-201,Line-C,evening,Alarm,HighVibration,high,32,25,18,Charlie,Technician
E104369,2025-02-11 15:00:00,MX-101,Line-A,evening,Quality,VisionReject,medium,23,7,55,Bravo,Engineer
E104403,2025-02-11 15:16:00,MX-101,Line-A,evening,Alarm,MotorOverload,high,79,59,117,Alpha,Operator
E104342,2025-02-11 15:43:00,MX-103,Line-B,evening,Maintenance,Lubrication,medium,84,32,16,Alpha,Supervisor
E104333,2025-02-11 15:48:00,MX-103,Line-B,evening,Alarm,PressureDrop,medium,69,54,109,Alpha,AutoReset
E104337,2025-02-11 16:07:00,MX-201,Line-C,evening,Warning,TempTrend,low,11,1,0,Delta,AutoReset
E104351,2025-02-11 16:30:00,MX-101,Line-A,evening,Maintenance,FilterChange,medium,69,46,44,Alpha,Operator
E104332,2025-02-11 16:34:00,MX-101,Line-A,evening,Warning,VibrationTrend,medium,8,0,0,Delta,Technician
E104323,2025-02-11 16:34:00,MX-103,Line-B,evening,Alarm,SensorFailure,medium,7,5,6,Delta,AutoReset
E104363,2025-02-11 16:50:00,MX-103,Line-B,evening,Maintenance,Calibration,high,66,21,18,Alpha,Operator
E104361,2025-02-11 17:03:00,MX-201,Line-C,evening,Maintenance,Calibration,medium,99,53,48,Alpha,AutoReset
E104358,2025-02-11 17:30:00,MX-103,Line-B,evening,Quality,SurfaceDefect,medium,16,0,99,Delta,Operator
E104366,2025-02-11 17:36:00,MX-103,Line-B,evening,Alarm,HighVibration,high,22,15,10,Bravo,Technician
E104327,2025-02-11 17:41:00,MX-202,Line-C,evening,Quality,VisionReject,medium,8,0,44,Alpha,Engineer
E104289,2025-02-11 17:51:00,MX-103,Line-B,evening,Alarm,HighVibration,medium,29,25,46,Bravo,Engineer
E104316,2025-02-11 17:52:00,MX-102,Line-A,evening,Alarm,SensorFailure,low,60,57,46,Charlie,Supervisor
E104362,2025-02-11 17:56:00,MX-103,Line-B,evening,Quality,DimensionDrift,high,7,2,47,Delta,AutoReset
E104392,2025-02-11 18:01:00,MX-102,Line-A,evening,Setup,RecipeChange,low,8,5,3,Charlie,Engineer
E104379,2025-02-11 18:06:00,MX-201,Line-C,evening,Alarm,Overheat,high,50,27,20,Bravo,Engineer
E104331,2025-02-11 18:11:00,MX-202,Line-C,evening,Quality,MaterialMismatch,medium,44,7,98,Bravo,Engineer
E104385,2025-02-11 18:15:00,MX-201,Line-C,evening,Alarm,MotorOverload,medium,41,38,28,Delta,Engineer
E104336,2025-02-11 18:20:00,MX-201,Line-C,evening,Quality,DimensionDrift,medium,7,1,33,Bravo,Supervisor
E104408,2025-02-11 18:27:00,MX-101,Line-A,evening,Safety,AreaBreach,critical,53,34,38,Bravo,Operator
E104340,2025-02-11 18:53:00,MX-202,Line-C,evening,Maintenance,Lubrication,low,180,68,61,Delta,Supervisor
E104283,2025-02-11 18:56:00,MX-101,Line-A,evening,Alarm,PressureDrop,medium,30,27,26,Delta,AutoReset
E104389,2025-02-11 18:56:00,MX-101,Line-A,evening,Warning,TempTrend,low,6,0,0,Delta,Engineer
E104353,2025-02-11 19:08:00,MX-102,Line-A,evening,Alarm,Overheat,critical,62,33,62,Charlie,Operator
E104300,2025-02-11 19:22:00,MX-103,Line-B,evening,Alarm,HighVibration,high,12,8,10,Alpha,Technician
E104350,2025-02-11 19:41:00,MX-102,Line-A,evening,Warning,EnergySpike,medium,3,0,0,Charlie,Engineer
E104293,2025-02-11 19:47:00,MX-202,Line-C,evening,Quality,VisionReject,high,35,2,90,Charlie,Technician
E104319,2025-02-11 19:51:00,MX-102,Line-A,evening,Warning,TempTrend,low,3,0,0,Alpha,Technician
E104356,2025-02-11 20:01:00,MX-101,Line-A,evening,Warning,TempTrend,low,6,0,0,Bravo,Engineer
E104407,2025-02-11 20:06:00,MX-201,Line-C,evening,Alarm,HighVibration,high,12,6,6,Delta,AutoReset
E104404,2025-02-11 20:20:00,MX-102,Line-A,evening,Warning,TempTrend,high,11,1,0,Bravo,Engineer
E104348,2025-02-11 20:37:00,MX-101,Line-A,evening,Safety,EStop,medium,21,16,7,Bravo,Engineer
E104406,2025-02-11 20:50:00,MX-101,Line-A,evening,Maintenance,FilterChange,low,42,26,10,Bravo,Operator
E104412,2025-02-11 21:04:00,MX-101,Line-A,evening,Setup,FixtureAdjustment,medium,32,31,30,Delta,Supervisor
E104354,2025-02-11 21:30:00,MX-201,Line-C,evening,Safety,AreaBreach,medium,25,14,12,Charlie,Engineer
E104292,2025-02-11 21:54:00,MX-102,Line-A,evening,Safety,DoorInterlock,high,30,18,19,Charlie,Technician
E104317,2025-02-11 22:15:00,MX-103,Line-B,night,Quality,DimensionDrift,high,4,0,20,Delta,Operator
E104321,2025-02-11 22:22:00,MX-201,Line-C,night,Alarm,MotorOverload,low,20,15,27,Delta,Engineer
E104388,2025-02-11 22:23:00,MX-102,Line-A,night,Quality,SurfaceDefect,medium,7,1,46,Alpha,Technician
E104387,2025-02-11 22:32:00,MX-103,Line-B,night,Alarm,HighVibration,high,30,20,24,Delta,Technician
E104364,2025-02-11 22:54:00,MX-202,Line-C,night,Safety,DoorInterlock,high,21,11,13,Alpha,AutoReset
E104360,2025-02-11 23:02:00,MX-202,Line-C,night,Quality,MaterialMismatch,medium,16,3,60,Bravo,AutoReset
E104394,2025-02-11 23:19:00,MX-103,Line-B,night,Warning,EnergySpike,low,7,0,0,Delta,Operator
E104400,2025-02-11 23:20:00,MX-103,Line-B,night,Alarm,HighVibration,medium,43,42,57,Delta,Technician
E104314,2025-02-11 23:49:00,MX-202,Line-C,night,Maintenance,Calibration,low,64,32,13,Delta,Engineer
E104372,2025-02-11 23:57:00,MX-202,Line-C,night,Setup,FixtureAdjustment,medium,63,50,22,Delta,Engineer
E104433,2025-02-12 00:00:00,MX-103,Line-B,night,Warning,EnergySpike,low,8,0,0,Delta,Technician
E104441,2025-02-12 00:11:00,MX-202,Line-C,night,Setup,ToolChange,low,51,45,31,Bravo,Technician
E104481,2025-02-12 00:19:00,MX-101,Line-A,night,Warning,VibrationTrend,medium,6,0,0,Charlie,AutoReset
E104462,2025-02-12 00:20:00,MX-103,Line-B,night,Alarm,PressureDrop,medium,68,65,130,Alpha,Technician
E104439,2025-02-12 00:22:00,MX-103,Line-B,night,Setup,ToolChange,low,37,31,32,Alpha,Operator
E104449,2025-02-12 00:25:00,MX-202,Line-C,night,Quality,DimensionDrift,medium,13,2,40,Alpha,Technician
E104451,2025-02-12 00:45:00,MX-101,Line-A,night,Setup,ToolChange,medium,34,30,25,Charlie,AutoReset
E104504,2025-02-12 00:51:00,MX-101,Line-A,night,Warning,VibrationTrend,medium,11,0,0,Delta,Operator
E104432,2025-02-12 01:03:00,MX-202,Line-C,night,Alarm,PressureDrop,high,41,32,70,Charlie,AutoReset
E104501,2025-02-12 01:14:00,MX-102,Line-A,night,Alarm,PressureDrop,medium,65,48,70,Bravo,Supervisor
E104465,2025-02-12 02:04:00,MX-101,Line-A,night,Warning,VibrationTrend,medium,7,0,0,Delta,Operator
E104440,2025-02-12 02:17:00,MX-102,Line-A,night,Alarm,Overheat,critical,20,14,20,Delta,Engineer
E104421,2025-02-12 03:05:00,MX-102,Line-A,night,Setup,FixtureAdjustment,medium,19,17,8,Delta,Engineer
E104470,2025-02-12 03:22:00,MX-101,Line-A,night,Alarm,MotorOverload,high,96,67,107,Alpha,Technician
E104508,2025-02-12 03:27:00,MX-101,Line-A,night,Alarm,Overheat,medium,116,89,77,Delta,Technician
E104488,2025-02-12 03:34:00,MX-201,Line-C,night,Maintenance,Inspection,high,55,20,18,Charlie,Technician
E104469,2025-02-12 03:38:00,MX-201,Line-C,night,Maintenance,FilterChange,low,193,139,27,Bravo,Technician
E104498,2025-02-12 03:59:00,MX-202,Line-C,night,Warning,PressureTrend,low,3,0,0,Delta,Supervisor
E104477,2025-02-12 04:13:00,MX-201,Line-C,night,Alarm,MotorOverload,medium,11,9,6,Delta,Technician
E104489,2025-02-12 04:14:00,MX-101,Line-A,night,Warning,EnergySpike,low,12,0,0,Delta,Operator
E104442,2025-02-12 04:35:00,MX-103,Line-B,night,Alarm,PressureDrop,high,12,7,7,Delta,Operator
E104450,2025-02-12 04:44:00,MX-101,Line-A,night,Quality,VisionReject,medium,1,0,3,Delta,Operator
E104417,2025-02-12 05:19:00,MX-202,Line-C,night,Warning,TempTrend,low,1,0,0,Charlie,AutoReset
E104493,2025-02-12 05:20:00,MX-101,Line-A,night,Alarm,PressureDrop,high,58,32,63,Bravo,Supervisor
E104425,2025-02-12 05:44:00,MX-201,Line-C,night,Alarm,MotorOverload,medium,21,17,20,Bravo,Operator
E104436,2025-02-12 05:46:00,MX-102,Line-A,night,Alarm,SensorFailure,critical,56,52,58,Bravo,Operator
E104443,2025-02-12 06:05:00,MX-101,Line-A,morning,Quality,SurfaceDefect,medium,24,4,56,Bravo,Operator
E104472,2025-02-12 06:19:00,MX-101,Line-A,morning,Warning,VibrationTrend,low,6,0,0,Delta,Technician
E104429,2025-02-12 06:23:00,MX-202,Line-C,morning,Warning,PressureTrend,low,6,0,0,Alpha,Engineer
E104458,2025-02-12 06:37:00,MX-202,Line-C,morning,Quality,VisionReject,medium,23,1,156,Alpha,Technician
E104463,2025-02-12 06:48:00,MX-103,Line-B,morning,Maintenance,FilterChange,medium,65,30,17,Bravo,Technician
E104454,2025-02-12 07:14:00,MX-103,Line-B,morning,Maintenance,Lubrication,medium,75,38,30,Charlie,Supervisor
E104423,2025-02-12 08:12:00,MX-102,Line-A,morning,Warning,TempTrend,high,3,0,0,Alpha,Engineer
E104452,2025-02-12 08:19:00,MX-102,Line-A,morning,Setup,FixtureAdjustment,low,55,48,16,Charlie,Operator
E104474,2025-02-12 08:20:00,MX-202,Line-C,morning,Setup,ToolChange,low,79,71,18,Delta,AutoReset
E104468,2025-02-12 08:20:00,MX-102,Line-A,morning,Quality,DimensionDrift,medium,9,1,48,Alpha,Engineer
E104431,2025-02-12 08:32:00,MX-103,Line-B,morning,Warning,PressureTrend,medium,11,1,0,Delta,Technician
E104502,2025-02-12 08:52:00,MX-102,Line-A,morning,Alarm,HighVibration,medium,98,91,145,Charlie,AutoReset
E104453,2025-02-12 08:57:00,MX-101,Line-A,morning,Warning,PressureTrend,low,7,0,0,Delta,Engineer
E104466,2025-02-12 09:06:00,MX-103,Line-B,morning,Alarm,MotorOverload,medium,48,38,79,Alpha,Operator
E104475,2025-02-12 09:15:00,MX-102,Line-A,morning,Quality,DimensionDrift,high,3,0,6,Delta,Supervisor
E104456,2025-02-12 09:20:00,MX-202,Line-C,morning,Alarm,MotorOverload,critical,139,95,82,Charlie,Technician
E104460,2025-02-12 09:25:00,MX-202,Line-C,morning,Safety,GuardOpen,high,27,16,10,Bravo,Technician
E104422,2025-02-12 09:45:00,MX-201,Line-C,morning,Warning,EnergySpike,medium,12,1,0,Delta,Engineer
E104506,2025-02-12 09:56:00,MX-101,Line-A,morning,Safety,AreaBreach,critical,24,18,26,Alpha,AutoReset
E104413,2025-02-12 10:19:00,MX-201,Line-C,morning,Setup,RecipeChange,medium,40,36,39,Bravo,Technician
E104476,2025-02-12 10:24:00,MX-202,Line-C,morning,Setup,ToolChange,low,30,24,5,Bravo,Technician
E104482,2025-02-12 10:40:00,MX-103,Line-B,morning,Safety,GuardOpen,high,50,47,40,Charlie,Technician
E104485,2025-02-12 10:44:00,MX-201,Line-C,morning,Alarm,Overheat,medium,60,42,91,Charlie,Operator
E104505,2025-02-12 10:50:00,MX-202,Line-C,morning,Warning,TempTrend,low,10,0,0,Alpha,Engineer
E104428,2025-02-12 11:15:00,MX-101,Line-A,morning,Maintenance,Calibration,medium,43,32,27,Delta,Operator
E104414,2025-02-12 11:36:00,MX-202,Line-C,morning,Alarm,HighVibration,high,27,24,22,Charlie,Supervisor
E104435,2025-02-12 11:38:00,MX-101,Line-A,morning,Setup,RecipeChange,low,16,13,11,Alpha,Technician
E104415,2025-02-12 11:45:00,MX-101,Line-A,morning,Maintenance,Calibration,medium,100,76,58,Bravo,AutoReset
E104479,2025-02-12 12:18:00,MX-201,Line-C,morning,Maintenance,Calibration,medium,66,16,5,Bravo,Supervisor
E104464,2025-02-12 12:20:00,MX-103,Line-B,morning,Alarm,HighVibration,high,15,7,6,Delta,Engineer
E104499,2025-02-12 12:39:00,MX-202,Line-C,morning,Warning,EnergySpike,low,1,0,0,Charlie,Technician
E104473,2025-02-12 12:46:00,MX-102,Line-A,morning,Maintenance,Calibration,medium,85,46,43,Charlie,Engineer
E104444,2025-02-12 12:48:00,MX-101,Line-A,morning,Alarm,SensorFailure,critical,27,14,26,Delta,Operator
E104484,2025-02-12 13:01:00,MX-101,Line-A,morning,Warning,PressureTrend,medium,4,0,0,Delta,Operator
E104424,2025-02-12 13:24:00,MX-201,Line-C,morning,Alarm,HighVibration,critical,28,22,46,Bravo,Technician
E104446,2025-02-12 13:48:00,MX-202,Line-C,morning,Quality,MaterialMismatch,medium,4,0,26,Charlie,AutoReset
E104461,2025-02-12 13:51:00,MX-101,Line-A,morning,Warning,VibrationTrend,low,1,0,0,Charlie,AutoReset
E104467,2025-02-12 14:32:00,MX-101,Line-A,evening,Alarm,PressureDrop,high,91,72,150,Delta,Operator
E104447,2025-02-12 14:37:00,MX-102,Line-A,evening,Warning,VibrationTrend,low,3,0,0,Delta,Operator
E104486,2025-02-12 14:53:00,MX-102,Line-A,evening,Setup,FixtureAdjustment,low,22,16,5,Delta,AutoReset
E104445,2025-02-12 14:55:00,MX-101,Line-A,evening,Quality,MaterialMismatch,low,1,0,6,Alpha,Engineer
E104438,2025-02-12 14:57:00,MX-202,Line-C,evening,Alarm,HighVibration,high,24,23,37,Bravo,AutoReset
E104457,2025-02-12 15:06:00,MX-102,Line-A,evening,Warning,VibrationTrend,high,14,0,0,Alpha,Technician
E104492,2025-02-12 15:13:00,MX-201,Line-C,evening,Alarm,Overheat,high,25,24,17,Bravo,Operator
E104500,2025-02-12 15:53:00,MX-101,Line-A,evening,Warning,VibrationTrend,low,17,0,0,Delta,AutoReset
E104448,2025-02-12 17:21:00,MX-102,Line-A,evening,Maintenance,BearingReplacement,medium,36,14,12,Charlie,Supervisor
E104419,2025-02-12 17:22:00,MX-101,Line-A,evening,Setup,RecipeChange,low,31,27,7,Alpha,AutoReset
E104416,2025-02-12 17:24:00,MX-103,Line-B,evening,Quality,SurfaceDefect,medium,20,5,83,Delta,AutoReset
E104434,2025-02-12 17:39:00,MX-101,Line-A,evening,Safety,GuardOpen,high,49,27,26,Delta,AutoReset
E104496,2025-02-12 18:04:00,MX-102,Line-A,evening,Quality,DimensionDrift,high,20,5,94,Alpha,Technician
E104491,2025-02-12 18:13:00,MX-101,Line-A,evening,Warning,TempTrend,low,8,0,0,Alpha,Engineer
E104480,2025-02-12 19:26:00,MX-101,Line-A,evening,Safety,AreaBreach,high,34,27,30,Alpha,Technician
E104459,2025-02-12 20:13:00,MX-103,Line-B,evening,Warning,TempTrend,medium,2,0,0,Bravo,Supervisor
E104507,2025-02-12 20:21:00,MX-102,Line-A,evening,Maintenance,Inspection,medium,57,23,10,Delta,Supervisor
E104495,2025-02-12 20:24:00,MX-103,Line-B,evening,Maintenance,FilterChange,high,78,53,26,Bravo,Technician
E104420,2025-02-12 20:42:00,MX-101,Line-A,evening,Safety,GuardOpen,high,50,31,33,Alpha,Operator
E104426,2025-02-12 20:58:00,MX-201,Line-C,evening,Maintenance,Calibration,low,49,32,12,Bravo,Technician
E104497,2025-02-12 21:25:00,MX-202,Line-C,evening,Warning,VibrationTrend,low,1,0,0,Charlie,Operator
E104471,2025-02-12 21:28:00,MX-103,Line-B,evening,Alarm,HighVibration,high,38,20,19,Delta,Technician
E104487,2025-02-12 22:18:00,MX-101,Line-A,night,Maintenance,Inspection,medium,107,76,50,Bravo,Technician
E104418,2025-02-12 22:24:00,MX-103,Line-B,night,Warning,EnergySpike,low,5,0,0,Bravo,Engineer
E104427,2025-02-12 22:32:00,MX-102,Line-A,night,Warning,EnergySpike,medium,4,0,0,Delta,Technician
E104455,2025-02-12 22:34:00,MX-102,Line-A,night,Maintenance,BearingReplacement,medium,36,22,9,Alpha,Technician
E104483,2025-02-12 22:35:00,MX-202,Line-C,night,Warning,VibrationTrend,high,7,0,0,Alpha,Operator
E104503,2025-02-12 23:10:00,MX-101,Line-A,night,Alarm,MotorOverload,medium,96,52,67,Bravo,Supervisor
E104430,2025-02-12 23:24:00,MX-101,Line-A,night,Alarm,HighVibration,high,13,9,18,Bravo,AutoReset
E104494,2025-02-12 23:25:00,MX-202,Line-C,night,Quality,SurfaceDefect,high,14,1,61,Charlie,AutoReset
E104437,2025-02-12 23:30:00,MX-102,Line-A,night,Alarm,Overheat,high,26,19,18,Charlie,Engineer
E104490,2025-02-12 23:31:00,MX-102,Line-A,night,Warning,TempTrend,low,3,0,0,Delta,Technician
E104478,2025-02-12 23:53:00,MX-101,Line-A,night,Alarm,SensorFailure,high,93,52,39,Bravo,Operator
E104606,2025-02-13 00:20:00,MX-202,Line-C,night,Warning,TempTrend,low,17,0,0,Charlie,Engineer
E104607,2025-02-13 00:54:00,MX-201,Line-C,night,Alarm,Overheat,high,52,35,47,Charlie,Technician
E104595,2025-02-13 01:05:00,MX-102,Line-A,night,Safety,DoorInterlock,critical,30,24,30,Alpha,Operator
E104623,2025-02-13 01:06:00,MX-103,Line-B,night,Setup,FixtureAdjustment,low,30,27,26,Charlie,Technician
E104583,2025-02-13 01:09:00,MX-201,Line-C,night,Setup,FixtureAdjustment,medium,19,14,8,Delta,Technician
E104521,2025-02-13 01:12:00,MX-202,Line-C,night,Warning,TempTrend,low,5,0,0,Bravo,Supervisor
E104517,2025-02-13 01:28:00,MX-101,Line-A,night,Quality,VisionReject,high,20,0,128,Alpha,Engineer
E104603,2025-02-13 01:32:00,MX-101,Line-A,night,Quality,DimensionDrift,medium,27,2,92,Delta,Technician
E104536,2025-02-13 01:49:00,MX-201,Line-C,night,Safety,GuardOpen,high,32,16,10,Charlie,Operator
E104511,2025-02-13 02:04:00,MX-103,Line-B,night,Warning,VibrationTrend,low,4,0,0,Charlie,Engineer
E104556,2025-02-13 02:37:00,MX-202,Line-C,night,Setup,ToolChange,low,64,45,31,Delta,Supervisor
E104554,2025-02-13 02:56:00,MX-101,Line-A,night,Alarm,PressureDrop,high,48,47,90,Alpha,Operator
E104543,2025-02-13 02:59:00,MX-202,Line-C,night,Setup,FixtureAdjustment,low,24,21,13,Charlie,Operator
E104575,2025-02-13 03:09:00,MX-101,Line-A,night,Warning,PressureTrend,low,7,0,0,Delta,Technician
E104599,2025-02-13 03:22:00,MX-102,Line-A,night,Setup,RecipeChange,low,26,19,7,Bravo,Operator
E104587,2025-02-13 03:26:00,MX-201,Line-C,night,Warning,VibrationTrend,low,17,1,0,Bravo,Operator
E104547,2025-02-13 03:40:00,MX-102,Line-A,night,Alarm,SensorFailure,critical,26,22,43,Bravo,AutoReset
E104596,2025-02-13 03:43:00,MX-103,Line-B,night,Quality,MaterialMismatch,high,4,1,19,Alpha,AutoReset
E104539,2025-02-13 03:55:00,MX-102,Line-A,night,Quality,DimensionDrift,high,34,9,132,Alpha,Operator
E104579,2025-02-13 04:17:00,MX-102,Line-A,night,Quality,VisionReject,medium,28,6,188,Alpha,Technician
E104589,2025-02-13 04:33:00,MX-202,Line-C,night,Alarm,HighVibration,high,14,9,8,Charlie,Technician
E104612,2025-02-13 04:42:00,MX-102,Line-A,night,Warning,VibrationTrend,low,9,0,0,Charlie,Technician
E104604,2025-02-13 04:57:00,MX-102,Line-A,night,Alarm,Overheat,critical,82,55,111,Alpha,Technician
E104544,2025-02-13 04:57:00,MX-101,Line-A,night,Maintenance,Inspection,medium,83,60,37,Alpha,Technician
E104598,2025-02-13 04:58:00,MX-201,Line-C,night,Maintenance,BearingReplacement,medium,71,36,31,Alpha,Operator
E104591,2025-02-13 05:07:00,MX-102,Line-A,night,Alarm,PressureDrop,critical,78,58,115,Charlie,Operator
E104576,2025-02-13 05:08:00,MX-101,Line-A,night,Alarm,SensorFailure,high,17,16,19,Charlie,Technician
E104588,2025-02-13 05:57:00,MX-101,Line-A,night,Quality,VisionReject,medium,31,1,174,Alpha,Technician
E104558,2025-02-13 06:18:00,MX-102,Line-A,morning,Warning,EnergySpike,low,4,0,0,Delta,Engineer
E104574,2025-02-13 06:21:00,MX-201,Line-C,morning,Quality,MaterialMismatch,medium,13,4,42,Bravo,Technician
E104621,2025-02-13 06:23:00,MX-102,Line-A,morning,Setup,FixtureAdjustment,low,23,21,13,Delta,AutoReset
E104549,2025-02-13 06:24:00,MX-101,Line-A,morning,Maintenance,Inspection,medium,51,34,18,Delta,AutoReset
E104602,2025-02-13 06:25:00,MX-101,Line-A,morning,Warning,PressureTrend,low,9,1,0,Charlie,Operator
E104540,2025-02-13 06:58:00,MX-101,Line-A,morning,Warning,TempTrend,low,8,0,0,Delta,Operator
E104572,2025-02-13 07:06:00,MX-102,Line-A,morning,Warning,PressureTrend,low,11,1,0,Delta,Operator
E104568,2025-02-13 07:50:00,MX-103,Line-B,morning,Maintenance,BearingReplacement,high,128,99,43,Charlie,Technician
E104524,2025-02-13 07:59:00,MX-103,Line-B,morning,Quality,VisionReject,medium,21,4,109,Charlie,Operator
E104510,2025-02-13 08:42:00,MX-101,Line-A,morning,Alarm,MotorOverload,low,41,24,32,Alpha,Supervisor
E104586,2025-02-13 08:50:00,MX-103,Line-B,morning,Setup,RecipeChange,low,25,21,9,Bravo,Engineer
E104562,2025-02-13 09:05:00,MX-102,Line-A,morning,Warning,VibrationTrend,medium,4,0,0,Charlie,Engineer
E104541,2025-02-13 09:17:00,MX-202,Line-C,morning,Maintenance,Calibration,medium,141,91,52,Charlie,Technician
E104569,2025-02-13 09:27:00,MX-101,Line-A,morning,Warning,TempTrend,medium,5,0,0,Alpha,Technician
E104529,2025-02-13 09:33:00,MX-201,Line-C,morning,Alarm,HighVibration,high,62,42,32,Bravo,Operator
E104565,2025-02-13 09:52:00,MX-101,Line-A,morning,Quality,VisionReject,medium,11,3,74,Charlie,Technician
E104557,2025-02-13 10:21:00,MX-103,Line-B,morning,Alarm,MotorOverload,critical,17,11,13,Delta,AutoReset
E104519,2025-02-13 10:22:00,MX-202,Line-C,morning,Alarm,PressureDrop,high,32,16,25,Delta,AutoReset
E104526,2025-02-13 10:27:00,MX-103,Line-B,morning,Setup,ToolChange,medium,35,34,21,Charlie,Supervisor
E104580,2025-02-13 10:46:00,MX-102,Line-A,morning,Setup,RecipeChange,low,29,25,15,Delta,Supervisor
E104527,2025-02-13 10:58:00,MX-102,Line-A,morning,Quality,DimensionDrift,medium,31,6,161,Charlie,Operator
E104581,2025-02-13 11:23:00,MX-101,Line-A,morning,Maintenance,BearingReplacement,medium,94,36,22,Alpha,Engineer
E104520,2025-02-13 11:26:00,MX-202,Line-C,morning,Alarm,Overheat,medium,33,29,60,Charlie,Technician
E104550,2025-02-13 11:31:00,MX-201,Line-C,morning,Maintenance,Inspection,low,94,68,34,Bravo,Technician
E104567,2025-02-13 11:33:00,MX-101,Line-A,morning,Alarm,Overheat,medium,12,7,15,Charlie,Technician
E104597,2025-02-13 11:36:00,MX-201,Line-C,morning,Warning,VibrationTrend,medium,4,0,0,Charlie,AutoReset
E104618,2025-02-13 11:47:00,MX-103,Line-B,morning,Maintenance,BearingReplacement,medium,75,57,31,Alpha,AutoReset
E104582,2025-02-13 11:52:00,MX-102,Line-A,morning,Alarm,MotorOverload,medium,20,12,10,Delta,Engineer
E104617,2025-02-13 12:15:00,MX-101,Line-A,morning,Maintenance,Calibration,medium,106,41,33,Charlie,Technician
E104555,2025-02-13 12:16:00,MX-101,Line-A,morning,Alarm,SensorFailure,high,31,24,39,Delta,Technician
E104620,2025-02-13 12:20:00,MX-102,Line-A,morning,Setup,ToolChange,low,57,55,26,Charlie,Engineer
E104563,2025-02-13 12:30:00,MX-201,Line-C,morning,Warning,VibrationTrend,low,5,0,0,Alpha,Supervisor
E104622,2025-02-13 12:55:00,MX-103,Line-B,morning,Setup,FixtureAdjustment,low,66,54,51,Delta,AutoReset
E104553,2025-02-13 12:56:00,MX-201,Line-C,morning,Alarm,HighVibration,critical,23,16,11,Delta,Operator
E104593,2025-02-13 12:57:00,MX-103,Line-B,morning,Alarm,MotorOverload,high,117,111,219,Alpha,Operator
E104560,2025-02-13 12:58:00,MX-101,Line-A,morning,Setup,RecipeChange,low,38,37,26,Alpha,AutoReset
E104545,2025-02-13 13:21:00,MX-101,Line-A,morning,Maintenance,Calibration,low,141,46,22,Bravo,Technician
E104513,2025-02-13 13:40:00,MX-103,Line-B,morning,Warning,PressureTrend,high,11,0,0,Bravo,Engineer
E104608,2025-02-13 13:41:00,MX-102,Line-A,morning,Maintenance,FilterChange,medium,55,29,16,Bravo,Operator
E104512,2025-02-13 13:44:00,MX-102,Line-A,morning,Warning,VibrationTrend,medium,7,0,0,Charlie,AutoReset
E104516,2025-02-13 14:06:00,MX-201,Line-C,evening,Quality,SurfaceDefect,medium,39,10,114,Charlie,AutoReset
E104546,2025-02-13 14:11:00,MX-103,Line-B,evening,Maintenance,Lubrication,medium,112,74,26,Bravo,Technician
E104616,2025-02-13 14:26:00,MX-202,Line-C,evening,Alarm,SensorFailure,high,13,7,14,Delta,Supervisor
E104590,2025-02-13 14:26:00,MX-202,Line-C,evening,Alarm,Overheat,low,36,17,26,Charlie,Technician
E104601,2025-02-13 14:40:00,MX-102,Line-A,evening,Warning,TempTrend,high,3,0,0,Alpha,Operator
E104559,2025-02-13 14:47:00,MX-101,Line-A,evening,Quality,MaterialMismatch,medium,4,1,22,Delta,AutoReset
E104534,2025-02-13 15:01:00,MX-102,Line-A,evening,Alarm,MotorOverload,medium,50,43,85,Bravo,Technician
E104605,2025-02-13 15:01:00,MX-201,Line-C,evening,Maintenance,Calibration,low,24,13,10,Delta,Engineer
E104531,2025-02-13 15:19:00,MX-202,Line-C,evening,Maintenance,FilterChange,low,74,34,22,Charlie,AutoReset
E104551,2025-02-13 15:39:00,MX-101,Line-A,evening,Maintenance,BearingReplacement,low,44,27,19,Alpha,Engineer
E104542,2025-02-13 15:41:00,MX-201,Line-C,evening,Quality,MaterialMismatch,low,4,1,11,Bravo,AutoReset
E104532,2025-02-13 15:54:00,MX-103,Line-B,evening,Alarm,HighVibration,critical,49,46,58,Alpha,AutoReset
E104566,2025-02-13 16:10:00,MX-201,Line-C,evening,Quality,SurfaceDefect,medium,18,2,97,Bravo,Technician
E104585,2025-02-13 16:41:00,MX-101,Line-A,evening,Setup,ToolChange,medium,36,32,24,Delta,Engineer
E104611,2025-02-13 16:53:00,MX-103,Line-B,evening,Maintenance,BearingReplacement,medium,108,67,21,Charlie,AutoReset
E104530,2025-02-13 17:32:00,MX-102,Line-A,evening,Alarm,Overheat,high,55,44,50,Charlie,Technician
E104522,2025-02-13 17:41:00,MX-103,Line-B,evening,Alarm,Overheat,medium,25,22,30,Delta,AutoReset
E104613,2025-02-13 17:57:00,MX-103,Line-B,evening,Setup,ToolChange,low,39,32,33,Delta,Technician
E104609,2025-02-13 19:22:00,MX-102,Line-A,evening,Maintenance,Inspection,medium,37,28,13,Bravo,AutoReset
E104600,2025-02-13 19:22:00,MX-201,Line-C,evening,Warning,VibrationTrend,low,13,1,0,Bravo,Engineer
E104515,2025-02-13 19:34:00,MX-101,Line-A,evening,Alarm,HighVibration,medium,44,32,32,Charlie,Technician
E104538,2025-02-13 19:35:00,MX-201,Line-C,evening,Maintenance,BearingReplacement,low,80,38,14,Bravo,Technician
E104561,2025-02-13 19:37:00,MX-201,Line-C,evening,Warning,VibrationTrend,low,5,0,0,Bravo,AutoReset
E104614,2025-02-13 20:33:00,MX-202,Line-C,evening,Warning,EnergySpike,low,6,0,0,Delta,Technician
E104570,2025-02-13 20:50:00,MX-201,Line-C,evening,Maintenance,Inspection,low,78,52,17,Alpha,Engineer
E104528,2025-02-13 21:10:00,MX-201,Line-C,evening,Warning,PressureTrend,medium,9,1,0,Charlie,Engineer
E104518,2025-02-13 21:21:00,MX-103,Line-B,evening,Quality,MaterialMismatch,medium,34,10,174,Bravo,Technician
E104610,2025-02-13 21:24:00,MX-201,Line-C,evening,Maintenance,Lubrication,low,179,61,17,Alpha,AutoReset
E104594,2025-02-13 21:26:00,MX-201,Line-C,evening,Setup,ToolChange,low,39,31,14,Charlie,Operator
E104564,2025-02-13 21:37:00,MX-102,Line-A,evening,Maintenance,Lubrication,high,80,20,8,Alpha,Supervisor
E104577,2025-02-13 21:44:00,MX-103,Line-B,evening,Quality,MaterialMismatch,high,31,4,139,Delta,AutoReset
E104523,2025-02-13 21:45:00,MX-101,Line-A,evening,Alarm,MotorOverload,critical,22,20,39,Delta,Technician
E104584,2025-02-13 21:59:00,MX-103,Line-B,evening,Quality,MaterialMismatch,medium,20,0,59,Charlie,Supervisor
E104552,2025-02-13 22:07:00,MX-101,Line-A,night,Quality,SurfaceDefect,medium,31,4,131,Alpha,Technician
E104514,2025-02-13 22:09:00,MX-101,Line-A,night,Alarm,Overheat,high,34,28,60,Bravo,Engineer
E104573,2025-02-13 22:23:00,MX-101,Line-A,night,Alarm,MotorOverload,critical,4,3,2,Delta,AutoReset
E104571,2025-02-13 22:38:00,MX-201,Line-C,night,Warning,PressureTrend,low,2,0,0,Charlie,Operator
E104548,2025-02-13 22:38:00,MX-102,Line-A,night,Alarm,Overheat,medium,28,23,45,Charlie,Operator
E104509,2025-02-13 22:43:00,MX-103,Line-B,night,Alarm,MotorOverload,high,77,49,88,Alpha,Engineer
E104592,2025-02-13 23:03:00,MX-102,Line-A,night,Maintenance,Lubrication,low,77,54,21,Charlie,Technician
E104537,2025-02-13 23:16:00,MX-101,Line-A,night,Alarm,Overheat,high,67,44,37,Charlie,Technician
E104578,2025-02-13 23:32:00,MX-201,Line-C,night,Alarm,PressureDrop,medium,16,12,23,Charlie,AutoReset
E104619,2025-02-13 23:48:00,MX-102,Line-A,night,Alarm,SensorFailure,high,15,8,7,Bravo,Operator
E104615,2025-02-13 23:54:00,MX-202,Line-C,night,Maintenance,BearingReplacement,low,92,25,15,Delta,AutoReset
E104525,2025-02-13 23:57:00,MX-102,Line-A,night,Setup,FixtureAdjustment,medium,27,24,21,Delta,Supervisor
E104535,2025-02-13 23:57:00,MX-103,Line-B,night,Maintenance,Inspection,low,94,33,26,Delta,Operator
E104533,2025-02-13 23:58:00,MX-202,Line-C,night,Quality,VisionReject,medium,16,4,94,Charlie,Supervisor
E104744,2025-02-14 00:16:00,MX-103,Line-B,night,Alarm,SensorFailure,high,31,13,22,Bravo,Supervisor
E104711,2025-02-14 01:01:00,MX-102,Line-A,night,Alarm,SensorFailure,critical,35,21,30,Bravo,AutoReset
E104627,2025-02-14 01:11:00,MX-101,Line-A,night,Warning,TempTrend,low,6,0,0,Alpha,Technician
E104649,2025-02-14 01:22:00,MX-103,Line-B,night,Maintenance,Lubrication,low,56,26,7,Delta,AutoReset
E104710,2025-02-14 01:42:00,MX-103,Line-B,night,Alarm,PressureDrop,low,12,8,6,Alpha,Operator
E104653,2025-02-14 01:49:00,MX-101,Line-A,night,Warning,PressureTrend,low,2,0,0,Charlie,AutoReset
E104634,2025-02-14 02:14:00,MX-101,Line-A,night,Warning,TempTrend,high,19,0,0,Bravo,Engineer
E104644,2025-02-14 02:29:00,MX-103,Line-B,night,Setup,FixtureAdjustment,low,24,17,6,Charlie,Engineer
E104661,2025-02-14 02:38:00,MX-103,Line-B,night,Alarm,Overheat,critical,12,10,13,Delta,Technician
E104670,2025-02-14 02:46:00,MX-202,Line-C,night,Safety,EStop,medium,17,13,17,Delta,AutoReset
E104667,2025-02-14 03:03:00,MX-103,Line-B,night,Quality,VisionReject,medium,21,1,96,Charlie,Engineer
E104698,2025-02-14 03:26:00,MX-103,Line-B,night,Quality,MaterialMismatch,medium,22,6,45,Delta,Technician
E104669,2025-02-14 03:30:00,MX-202,Line-C,night,Warning,PressureTrend,high,1,0,0,Delta,Supervisor
E104681,2025-02-14 03:30:00,MX-103,Line-B,night,Maintenance,BearingReplacement,medium,51,25,23,Delta,Engineer
E104724,2025-02-14 03:57:00,MX-201,Line-C,night,Quality,MaterialMismatch,high,8,2,50,Charlie,Engineer
E104632,2025-02-14 04:02:00,MX-102,Line-A,night,Quality,SurfaceDefect,high,24,7,135,Alpha,Technician
E104741,2025-02-14 04:03:00,MX-202,Line-C,night,Alarm,HighVibration,high,34,21,27,Alpha,Technician
E104685,2025-02-14 04:33:00,MX-103,Line-B,night,Maintenance,Inspection,medium,20,15,12,Delta,Technician
E104660,2025-02-14 04:39:00,MX-102,Line-A,night,Warning,PressureTrend,low,15,1,0,Charlie,Technician
E104740,2025-02-14 04:48:00,MX-103,Line-B,night,Warning,VibrationTrend,low,27,2,0,Alpha,AutoReset
E104743,2025-02-14 04:51:00,MX-201,Line-C,night,Maintenance,Inspection,medium,35,12,3,Delta,Operator
E104697,2025-02-14 05:31:00,MX-102,Line-A,night,Alarm,MotorOverload,medium,39,38,42,Charlie,Technician
E104630,2025-02-14 05:34:00,MX-202,Line-C,night,Warning,VibrationTrend,low,23,0,0,Delta,Operator
E104636,2025-02-14 05:41:00,MX-103,Line-B,night,Quality,DimensionDrift,low,7,2,46,Charlie,Engineer
E104734,2025-02-14 05:43:00,MX-102,Line-A,night,Setup,FixtureAdjustment,low,10,7,2,Delta,Engineer
E104640,2025-02-14 05:44:00,MX-103,Line-B,night,Setup,ToolChange,low,20,18,10,Charlie,Technician
E104730,2025-02-14 05:55:00,MX-101,Line-A,night,Warning,EnergySpike,medium,2,0,0,Delta,Technician
E104722,2025-02-14 06:05:00,MX-101,Line-A,morning,Maintenance,Inspection,medium,40,23,5,Delta,AutoReset
E104626,2025-02-14 06:07:00,MX-102,Line-A,morning,Quality,VisionReject,low,29,2,68,Charlie,Operator
E104701,2025-02-14 06:07:00,MX-102,Line-A,morning,Alarm,MotorOverload,critical,71,48,39,Bravo,AutoReset
E104718,2025-02-14 06:53:00,MX-202,Line-C,morning,Safety,AreaBreach,critical,25,17,18,Alpha,Supervisor
E104664,2025-02-14 07:00:00,MX-103,Line-B,morning,Warning,EnergySpike,medium,5,0,0,Delta,Technician
E104716,2025-02-14 07:25:00,MX-202,Line-C,morning,Alarm,PressureDrop,medium,69,40,55,Charlie,Technician
E104625,2025-02-14 07:32:00,MX-201,Line-C,morning,Warning,EnergySpike,low,1,0,0,Alpha,Supervisor
E104647,2025-02-14 07:33:00,MX-103,Line-B,morning,Setup,RecipeChange,medium,30,28,8,Alpha,Supervisor
E104725,2025-02-14 08:03:00,MX-201,Line-C,morning,Warning,PressureTrend,low,44,5,3,Charlie,AutoReset
E104665,2025-02-14 08:09:00,MX-101,Line-A,morning,Maintenance,BearingReplacement,medium,82,32,14,Charlie,Engineer
E104705,2025-02-14 08:23:00,MX-202,Line-C,morning,Alarm,Overheat,high,32,16,21,Alpha,Engineer
E104729,2025-02-14 08:29:00,MX-102,Line-A,morning,Maintenance,FilterChange,medium,123,83,27,Bravo,AutoReset
E104708,2025-02-14 08:31:00,MX-103,Line-B,morning,Safety,AreaBreach,medium,43,39,25,Bravo,Engineer
E104676,2025-02-14 08:44:00,MX-101,Line-A,morning,Quality,MaterialMismatch,high,42,12,122,Charlie,Operator
E104714,2025-02-14 08:55:00,MX-103,Line-B,morning,Quality,SurfaceDefect,medium,25,0,153,Delta,Engineer
E104738,2025-02-14 09:11:00,MX-103,Line-B,morning,Alarm,PressureDrop,critical,50,39,39,Charlie,AutoReset
E104641,2025-02-14 09:17:00,MX-102,Line-A,morning,Maintenance,Inspection,high,35,17,9,Alpha,Technician
E104624,2025-02-14 09:53:00,MX-101,Line-A,morning,Warning,TempTrend,medium,1,0,0,Charlie,Technician
E104674,2025-02-14 10:04:00,MX-101,Line-A,morning,Alarm,SensorFailure,high,15,12,11,Alpha,AutoReset
E104656,2025-02-14 10:10:00,MX-101,Line-A,morning,Maintenance,Calibration,low,29,18,9,Charlie,Technician
E104713,2025-02-14 10:14:00,MX-202,Line-C,morning,Warning,EnergySpike,low,4,0,0,Bravo,Operator
E104663,2025-02-14 10:19:00,MX-102,Line-A,morning,Setup,RecipeChange,medium,29,23,23,Alpha,Supervisor
E104679,2025-02-14 10:55:00,MX-202,Line-C,morning,Quality,MaterialMismatch,medium,16,4,85,Bravo,Technician
E104631,2025-02-14 10:55:00,MX-201,Line-C,morning,Alarm,HighVibration,high,15,10,15,Bravo,Engineer
E104646,2025-02-14 11:27:00,MX-103,Line-B,morning,Setup,FixtureAdjustment,low,50,36,7,Alpha,AutoReset
E104648,2025-02-14 11:34:00,MX-201,Line-C,morning,Setup,FixtureAdjustment,low,20,17,6,Charlie,Operator
E104642,2025-02-14 11:47:00,MX-202,Line-C,morning,Warning,TempTrend,medium,6,0,0,Delta,Engineer
E104735,2025-02-14 11:53:00,MX-201,Line-C,morning,Warning,EnergySpike,medium,1,0,0,Charlie,Operator
E104709,2025-02-14 12:05:00,MX-201,Line-C,morning,Setup,FixtureAdjustment,medium,88,72,17,Alpha,Operator
E104689,2025-02-14 12:08:00,MX-202,Line-C,morning,Alarm,PressureDrop,medium,19,14,15,Delta,Operator
E104659,2025-02-14 12:15:00,MX-202,Line-C,morning,Quality,SurfaceDefect,low,39,5,128,Delta,Technician
E104728,2025-02-14 12:34:00,MX-201,Line-C,morning,Warning,EnergySpike,medium,2,0,0,Alpha,Operator
E104643,2025-02-14 13:09:00,MX-201,Line-C,morning,Quality,VisionReject,medium,10,0,62,Charlie,Operator
E104723,2025-02-14 13:24:00,MX-201,Line-C,morning,Setup,ToolChange,medium,32,26,9,Delta,Operator
E104695,2025-02-14 13:25:00,MX-103,Line-B,morning,Setup,RecipeChange,low,50,44,41,Alpha,AutoReset
E104699,2025-02-14 13:29:00,MX-102,Line-A,morning,Maintenance,BearingReplacement,low,86,38,24,Alpha,Operator
E104742,2025-02-14 13:49:00,MX-201,Line-C,morning,Safety,GuardOpen,critical,39,24,20,Delta,Technician
E104671,2025-02-14 13:56:00,MX-202,Line-C,morning,Maintenance,Calibration,medium,76,57,54,Delta,AutoReset
E104715,2025-02-14 14:19:00,MX-102,Line-A,evening,Setup,FixtureAdjustment,low,44,32,27,Delta,Technician
E104657,2025-02-14 14:40:00,MX-201,Line-C,evening,Alarm,SensorFailure,critical,37,35,25,Bravo,Technician
E104690,2025-02-14 14:43:00,MX-201,Line-C,evening,Alarm,Overheat,high,71,40,78,Charlie,Technician
E104677,2025-02-14 14:48:00,MX-103,Line-B,evening,Alarm,MotorOverload,high,22,15,28,Delta,Technician
E104654,2025-02-14 15:05:00,MX-202,Line-C,evening,Maintenance,Lubrication,medium,101,38,20,Delta,Operator
E104635,2025-02-14 15:05:00,MX-201,Line-C,evening,Quality,MaterialMismatch,low,73,1,364,Charlie,Technician
E104675,2025-02-14 15:11:00,MX-103,Line-B,evening,Alarm,SensorFailure,medium,49,24,34,Charlie,Operator
E104687,2025-02-14 15:20:00,MX-102,Line-A,evening,Setup,FixtureAdjustment,low,10,9,2,Delta,AutoReset
E104652,2025-02-14 15:27:00,MX-201,Line-C,evening,Maintenance,BearingReplacement,low,62,31,29,Bravo,Operator
E104628,2025-02-14 15:29:00,MX-102,Line-A,evening,Alarm,PressureDrop,critical,46,22,47,Delta,Technician
E104662,2025-02-14 15:33:00,MX-102,Line-A,evening,Alarm,HighVibration,low,49,39,83,Alpha,Operator
E104731,2025-02-14 15:50:00,MX-202,Line-C,evening,Alarm,MotorOverload,low,84,83,61,Bravo,Operator
E104666,2025-02-14 16:02:00,MX-102,Line-A,evening,Setup,ToolChange,low,37,28,12,Bravo,AutoReset
E104673,2025-02-14 16:14:00,MX-102,Line-A,evening,Safety,GuardOpen,medium,16,12,17,Delta,Engineer
E104651,2025-02-14 16:32:00,MX-201,Line-C,evening,Maintenance,Inspection,high,32,24,16,Bravo,Engineer
E104696,2025-02-14 16:34:00,MX-201,Line-C,evening,Setup,FixtureAdjustment,low,65,48,51,Alpha,Operator
E104638,2025-02-14 16:39:00,MX-201,Line-C,evening,Quality,VisionReject,medium,32,2,215,Charlie,Technician
E104650,2025-02-14 16:42:00,MX-103,Line-B,evening,Safety,AreaBreach,critical,15,10,2,Bravo,Engineer
E104645,2025-02-14 16:42:00,MX-101,Line-A,evening,Alarm,MotorOverload,high,23,10,19,Delta,Engineer
E104633,2025-02-14 16:48:00,MX-201,Line-C,evening,Warning,VibrationTrend,medium,2,0,0,Charlie,Supervisor
E104672,2025-02-14 16:56:00,MX-102,Line-A,evening,Warning,TempTrend,medium,8,0,0,Alpha,Operator
E104736,2025-02-14 16:57:00,MX-201,Line-C,evening,Quality,MaterialMismatch,medium,12,1,38,Charlie,Technician
E104739,2025-02-14 17:05:00,MX-201,Line-C,evening,Setup,RecipeChange,medium,15,12,10,Bravo,Supervisor
E104704,2025-02-14 17:08:00,MX-102,Line-A,evening,Warning,TempTrend,low,2,0,0,Bravo,AutoReset
E104682,2025-02-14 17:50:00,MX-102,Line-A,evening,Alarm,PressureDrop,medium,81,74,139,Bravo,Technician
E104688,2025-02-14 18:02:00,MX-101,Line-A,evening,Setup,RecipeChange,low,19,18,4,Alpha,Operator
E104719,2025-02-14 18:03:00,MX-201,Line-C,evening,Alarm,Overheat,medium,39,36,28,Alpha,AutoReset
E104658,2025-02-14 18:16:00,MX-201,Line-C,evening,Alarm,Overheat,medium,20,17,18,Bravo,Supervisor
E104680,2025-02-14 18:20:00,MX-102,Line-A,evening,Quality,MaterialMismatch,low,9,0,21,Charlie,Supervisor
E104691,2025-02-14 18:24:00,MX-102,Line-A,evening,Safety,AreaBreach,critical,25,15,12,Alpha,Operator
E104737,2025-02-14 18:37:00,MX-201,Line-C,evening,Alarm,MotorOverload,high,13,7,6,Bravo,Technician
E104686,2025-02-14 18:52:00,MX-202,Line-C,evening,Alarm,HighVibration,high,35,26,23,Bravo,Operator
E104694,2025-02-14 19:15:00,MX-101,Line-A,evening,Maintenance,BearingReplacement,medium,126,33,22,Bravo,Technician
E104700,2025-02-14 19:23:00,MX-202,Line-C,evening,Alarm,MotorOverload,critical,10,6,4,Bravo,Operator
E104678,2025-02-14 19:27:00,MX-103,Line-B,evening,Quality,DimensionDrift,medium,7,0,41,Bravo,Operator
E104702,2025-02-14 19:35:00,MX-101,Line-A,evening,Alarm,PressureDrop,critical,11,8,10,Alpha,Technician
E104745,2025-02-14 19:41:00,MX-102,Line-A,evening,Setup,RecipeChange,low,54,48,44,Alpha,Engineer
E104707,2025-02-14 19:42:00,MX-102,Line-A,evening,Warning,TempTrend,medium,7,0,0,Charlie,Engineer
E104655,2025-02-14 20:08:00,MX-202,Line-C,evening,Warning,PressureTrend,low,1,0,0,Delta,Operator
E104684,2025-02-14 20:10:00,MX-201,Line-C,evening,Setup,RecipeChange,low,17,14,13,Alpha,Engineer
E104732,2025-02-14 20:26:00,MX-202,Line-C,evening,Maintenance,Lubrication,medium,59,18,6,Alpha,Operator
E104683,2025-02-14 20:31:00,MX-103,Line-B,evening,Maintenance,Inspection,low,37,25,15,Bravo,Technician
E104629,2025-02-14 20:40:00,MX-202,Line-C,evening,Alarm,SensorFailure,low,64,44,40,Delta,AutoReset
E104721,2025-02-14 20:42:00,MX-101,Line-A,evening,Maintenance,FilterChange,medium,55,25,9,Charlie,Supervisor
E104720,2025-02-14 21:03:00,MX-102,Line-A,evening,Maintenance,BearingReplacement,medium,132,87,25,Alpha,Technician
E104717,2025-02-14 21:38:00,MX-201,Line-C,evening,Warning,TempTrend,low,9,0,0,Charlie,Operator
E104692,2025-02-14 21:47:00,MX-201,Line-C,evening,Maintenance,FilterChange,medium,80,38,19,Delta,Technician
E104703,2025-02-14 22:06:00,MX-101,Line-A,night,Alarm,HighVibration,critical,22,19,24,Charlie,Operator
E104693,2025-02-14 22:16:00,MX-202,Line-C,night,Warning,PressureTrend,medium,2,0,0,Alpha,Technician
E104727,2025-02-14 22:17:00,MX-202,Line-C,night,Safety,EStop,medium,22,15,4,Alpha,Operator
E104639,2025-02-14 22:37:00,MX-102,Line-A,night,Alarm,MotorOverload,critical,68,54,95,Delta,Supervisor
E104637,2025-02-14 23:23:00,MX-103,Line-B,night,Alarm,Overheat,medium,9,6,6,Delta,AutoReset
E104706,2025-02-14 23:24:00,MX-202,Line-C,night,Setup,RecipeChange,low,11,9,4,Alpha,AutoReset
E104733,2025-02-14 23:32:00,MX-103,Line-B,night,Maintenance,Lubrication,low,34,23,6,Delta,AutoReset
E104726,2025-02-14 23:43:00,MX-102,Line-A,night,Warning,PressureTrend,low,13,1,0,Charlie,Engineer
E104668,2025-02-14 23:48:00,MX-101,Line-A,night,Alarm,SensorFailure,critical,70,36,78,Delta,Engineer
E104712,2025-02-14 23:51:00,MX-101,Line-A,night,Maintenance,BearingReplacement,medium,98,52,38,Charlie,AutoReset
E104762,2025-02-15 01:14:00,MX-103,Line-B,night,Warning,VibrationTrend,medium,1,0,0,Alpha,Engineer
E104751,2025-02-15 01:54:00,MX-201,Line-C,night,Setup,RecipeChange,low,32,29,18,Delta,Operator
E104766,2025-02-15 02:12:00,MX-103,Line-B,night,Safety,DoorInterlock,high,40,34,27,Alpha,Technician
E104765,2025-02-15 02:45:00,MX-202,Line-C,night,Alarm,HighVibration,critical,102,58,55,Charlie,AutoReset
E104752,2025-02-15 04:45:00,MX-101,Line-A,night,Warning,VibrationTrend,low,4,0,0,Charlie,Technician
E104767,2025-02-15 07:01:00,MX-103,Line-B,morning,Setup,ToolChange,low,89,81,23,Delta,AutoReset
E104783,2025-02-15 09:39:00,MX-202,Line-C,morning,Warning,VibrationTrend,low,2,0,0,Charlie,Technician
E104775,2025-02-15 10:06:00,MX-102,Line-A,morning,Warning,VibrationTrend,low,1,0,0,Charlie,Technician
E104776,2025-02-15 10:08:00,MX-102,Line-A,morning,Quality,SurfaceDefect,medium,11,0,36,Charlie,Operator
E104770,2025-02-15 10:21:00,MX-202,Line-C,morning,Setup,RecipeChange,medium,17,15,7,Bravo,Technician
E104753,2025-02-15 10:23:00,MX-101,Line-A,morning,Warning,EnergySpike,low,7,0,0,Alpha,AutoReset
E104759,2025-02-15 10:44:00,MX-101,Line-A,morning,Maintenance,Lubrication,low,134,38,34,Alpha,Technician
E104756,2025-02-15 11:46:00,MX-201,Line-C,morning,Alarm,HighVibration,medium,129,111,177,Bravo,Operator
E104774,2025-02-15 11:53:00,MX-101,Line-A,morning,Alarm,HighVibration,medium,38,25,38,Delta,Engineer
E104779,2025-02-15 12:40:00,MX-201,Line-C,morning,Maintenance,Calibration,low,89,66,29,Bravo,Technician
E104754,2025-02-15 12:42:00,MX-102,Line-A,morning,Warning,VibrationTrend,medium,2,0,0,Alpha,Engineer
E104758,2025-02-15 13:32:00,MX-201,Line-C,morning,Setup,FixtureAdjustment,low,45,42,15,Bravo,Technician
E104755,2025-02-15 13:55:00,MX-103,Line-B,morning,Alarm,HighVibration,medium,26,22,18,Bravo,Operator
E104771,2025-02-15 14:25:00,MX-202,Line-C,evening,Safety,EStop,high,28,20,6,Delta,Engineer
E104749,2025-02-15 14:39:00,MX-201,Line-C,evening,Alarm,MotorOverload,critical,37,23,24,Alpha,AutoReset
E104784,2025-02-15 14:47:00,MX-201,Line-C,evening,Safety,EStop,critical,48,41,47,Delta,Supervisor
E104746,2025-02-15 15:09:00,MX-102,Line-A,evening,Warning,PressureTrend,high,4,0,0,Alpha,Operator
E104768,2025-02-15 15:28:00,MX-102,Line-A,evening,Setup,FixtureAdjustment,low,12,8,4,Bravo,Engineer
E104761,2025-02-15 15:59:00,MX-101,Line-A,evening,Warning,TempTrend,high,4,0,0,Alpha,AutoReset
E104781,2025-02-15 16:16:00,MX-201,Line-C,evening,Alarm,Overheat,high,99,58,69,Bravo,Technician
E104750,2025-02-15 17:15:00,MX-103,Line-B,evening,Setup,ToolChange,low,29,21,10,Bravo,AutoReset
E104778,2025-02-15 17:25:00,MX-103,Line-B,evening,Warning,PressureTrend,high,15,2,1,Alpha,Technician
E104760,2025-02-15 18:18:00,MX-201,Line-C,evening,Alarm,PressureDrop,medium,91,73,89,Charlie,Technician
E104748,2025-02-15 18:30:00,MX-201,Line-C,evening,Quality,SurfaceDefect,medium,29,0,107,Alpha,Technician
E104769,2025-02-15 19:36:00,MX-102,Line-A,evening,Warning,TempTrend,low,12,1,0,Bravo,Engineer
E104772,2025-02-15 19:52:00,MX-101,Line-A,evening,Warning,VibrationTrend,medium,22,1,0,Alpha,Engineer
E104764,2025-02-15 19:55:00,MX-103,Line-B,evening,Warning,PressureTrend,high,12,0,0,Bravo,AutoReset
E104780,2025-02-15 20:08:00,MX-101,Line-A,evening,Quality,MaterialMismatch,low,2,0,10,Bravo,Operator
E104782,2025-02-15 21:15:00,MX-202,Line-C,evening,Alarm,HighVibration,high,58,38,70,Charlie,Technician
E104785,2025-02-15 21:34:00,MX-202,Line-C,evening,Maintenance,Lubrication,medium,71,45,41,Bravo,AutoReset
E104757,2025-02-15 21:51:00,MX-201,Line-C,evening,Warning,TempTrend,low,4,0,0,Bravo,Technician
E104763,2025-02-15 22:03:00,MX-103,Line-B,night,Warning,PressureTrend,high,1,0,0,Bravo,Operator
E104773,2025-02-15 22:09:00,MX-102,Line-A,night,Warning,PressureTrend,low,2,0,0,Bravo,Technician
E104777,2025-02-15 22:33:00,MX-101,Line-A,night,Quality,VisionReject,low,12,2,65,Alpha,Technician
E104747,2025-02-15 22:39:00,MX-102,Line-A,night,Warning,VibrationTrend,medium,11,1,0,Charlie,Engineer
E104825,2025-02-16 00:54:00,MX-101,Line-A,night,Alarm,HighVibration,medium,10,6,9,Delta,Operator
E104826,2025-02-16 02:05:00,MX-102,Line-A,night,Alarm,HighVibration,medium,6,3,5,Delta,Engineer
E104803,2025-02-16 02:08:00,MX-201,Line-C,night,Setup,RecipeChange,low,35,31,12,Bravo,Technician
E104817,2025-02-16 02:24:00,MX-101,Line-A,night,Warning,VibrationTrend,low,5,0,0,Bravo,Engineer
E104797,2025-02-16 02:39:00,MX-102,Line-A,night,Warning,EnergySpike,low,17,1,0,Alpha,AutoReset
E104804,2025-02-16 02:53:00,MX-102,Line-A,night,Alarm,HighVibration,medium,23,16,25,Bravo,Supervisor
E104807,2025-02-16 03:29:00,MX-103,Line-B,night,Alarm,HighVibration,critical,63,32,60,Charlie,Technician
E104816,2025-02-16 03:30:00,MX-202,Line-C,night,Warning,EnergySpike,low,6,0,0,Alpha,AutoReset
E104818,2025-02-16 03:44:00,MX-202,Line-C,night,Alarm,MotorOverload,critical,33,21,31,Alpha,Engineer
E104814,2025-02-16 03:59:00,MX-101,Line-A,night,Maintenance,Inspection,low,48,17,7,Bravo,Engineer
E104811,2025-02-16 04:26:00,MX-101,Line-A,night,Maintenance,Lubrication,low,71,54,22,Alpha,Operator
E104796,2025-02-16 05:20:00,MX-102,Line-A,night,Maintenance,Lubrication,medium,119,61,54,Bravo,Technician
E104819,2025-02-16 06:24:00,MX-103,Line-B,morning,Quality,SurfaceDefect,medium,7,0,23,Delta,Operator
E104824,2025-02-16 07:11:00,MX-101,Line-A,morning,Setup,FixtureAdjustment,low,68,57,33,Bravo,Technician
E104834,2025-02-16 07:27:00,MX-202,Line-C,morning,Quality,MaterialMismatch,medium,29,2,173,Bravo,Operator
E104830,2025-02-16 07:35:00,MX-202,Line-C,morning,Safety,AreaBreach,medium,27,22,28,Delta,AutoReset
E104805,2025-02-16 07:48:00,MX-201,Line-C,morning,Quality,DimensionDrift,medium,3,0,6,Bravo,Technician
E104822,2025-02-16 07:53:00,MX-101,Line-A,morning,Warning,EnergySpike,low,5,0,0,Bravo,Operator
E104793,2025-02-16 08:00:00,MX-202,Line-C,morning,Setup,FixtureAdjustment,low,64,47,14,Delta,Operator
E104820,2025-02-16 08:02:00,MX-201,Line-C,morning,Alarm,PressureDrop,medium,33,19,23,Charlie,Engineer
E104789,2025-02-16 08:21:00,MX-202,Line-C,morning,Setup,FixtureAdjustment,low,42,39,20,Alpha,Supervisor
E104800,2025-02-16 08:29:00,MX-202,Line-C,morning,Alarm,Overheat,medium,31,23,41,Bravo,AutoReset
E104794,2025-02-16 08:31:00,MX-101,Line-A,morning,Alarm,Overheat,medium,15,7,8,Delta,Technician
E104827,2025-02-16 09:24:00,MX-101,Line-A,morning,Maintenance,Inspection,medium,55,22,13,Delta,Engineer
E104823,2025-02-16 09:52:00,MX-201,Line-C,morning,Warning,VibrationTrend,medium,18,0,0,Delta,Technician
E104835,2025-02-16 10:07:00,MX-103,Line-B,morning,Quality,SurfaceDefect,medium,4,0,23,Alpha,Technician
E104821,2025-02-16 10:41:00,MX-202,Line-C,morning,Quality,MaterialMismatch,medium,16,3,66,Charlie,Technician
E104791,2025-02-16 11:03:00,MX-101,Line-A,morning,Setup,RecipeChange,low,37,26,14,Bravo,Operator
E104806,2025-02-16 11:40:00,MX-101,Line-A,morning,Quality,MaterialMismatch,medium,14,0,61,Delta,Engineer
E104802,2025-02-16 11:54:00,MX-101,Line-A,morning,Safety,DoorInterlock,high,53,31,29,Bravo,Engineer
E104829,2025-02-16 12:28:00,MX-202,Line-C,morning,Quality,MaterialMismatch,high,10,1,41,Alpha,Technician
E104809,2025-02-16 13:40:00,MX-202,Line-C,morning,Alarm,PressureDrop,critical,54,52,68,Delta,Technician
E104786,2025-02-16 14:03:00,MX-201,Line-C,evening,Maintenance,Inspection,low,83,64,41,Alpha,Operator
E104831,2025-02-16 14:53:00,MX-101,Line-A,evening,Maintenance,FilterChange,high,16,7,2,Alpha,Technician
E104810,2025-02-16 16:20:00,MX-102,Line-A,evening,Quality,DimensionDrift,high,5,0,27,Charlie,Engineer
E104836,2025-02-16 17:12:00,MX-201,Line-C,evening,Warning,PressureTrend,low,11,0,0,Delta,Technician
E104832,2025-02-16 17:54:00,MX-101,Line-A,evening,Setup,FixtureAdjustment,low,65,45,45,Alpha,Technician
E104798,2025-02-16 19:13:00,MX-102,Line-A,evening,Warning,TempTrend,low,1,0,0,Charlie,Engineer
E104833,2025-02-16 19:36:00,MX-103,Line-B,evening,Quality,VisionReject,medium,16,0,107,Bravo,AutoReset
E104808,2025-02-16 19:44:00,MX-101,Line-A,evening,Maintenance,Inspection,medium,93,36,27,Delta,Engineer
E104815,2025-02-16 19:58:00,MX-101,Line-A,evening,Setup,FixtureAdjustment,low,46,42,21,Alpha,AutoReset
E104812,2025-02-16 20:17:00,MX-103,Line-B,evening,Alarm,PressureDrop,medium,23,11,21,Charlie,AutoReset
E104813,2025-02-16 20:45:00,MX-102,Line-A,evening,Alarm,Overheat,high,81,53,42,Bravo,Technician
E104788,2025-02-16 21:04:00,MX-102,Line-A,evening,Alarm,MotorOverload,medium,30,29,42,Bravo,Operator
E104787,2025-02-16 21:18:00,MX-103,Line-B,evening,Warning,EnergySpike,low,12,1,0,Delta,Engineer
E104828,2025-02-16 21:28:00,MX-102,Line-A,evening,Alarm,MotorOverload,high,42,36,73,Alpha,Technician
E104795,2025-02-16 21:28:00,MX-101,Line-A,evening,Quality,VisionReject,medium,21,5,85,Charlie,Technician
E104801,2025-02-16 21:48:00,MX-103,Line-B,evening,Alarm,MotorOverload,critical,30,20,40,Bravo,Operator
E104792,2025-02-16 22:31:00,MX-103,Line-B,night,Alarm,HighVibration,high,41,33,35,Charlie,Technician
E104790,2025-02-16 22:34:00,MX-102,Line-A,night,Warning,EnergySpike,low,3,0,0,Charlie,Engineer
E104799,2025-02-16 23:46:00,MX-101,Line-A,night,Alarm,PressureDrop,high,25,24,32,Bravo,Engineer
E104860,2025-02-17 00:12:00,MX-202,Line-C,night,Quality,MaterialMismatch,low,28,3,96,Bravo,Supervisor
E104892,2025-02-17 00:14:00,MX-202,Line-C,night,Alarm,HighVibration,low,47,22,38,Delta,Operator
E104946,2025-02-17 00:19:00,MX-201,Line-C,night,Alarm,PressureDrop,high,110,58,67,Alpha,Supervisor
E104945,2025-02-17 00:28:00,MX-103,Line-B,night,Alarm,HighVibration,low,24,13,10,Charlie,Operator
E104869,2025-02-17 00:37:00,MX-101,Line-A,night,Quality,VisionReject,medium,21,6,46,Delta,Engineer
E104882,2025-02-17 00:39:00,MX-202,Line-C,night,Quality,SurfaceDefect,high,28,4,67,Bravo,Technician
E104873,2025-02-17 01:03:00,MX-201,Line-C,night,Warning,EnergySpike,medium,3,0,0,Charlie,Engineer
E104842,2025-02-17 01:06:00,MX-103,Line-B,night,Alarm,PressureDrop,high,51,29,22,Alpha,Technician
E104934,2025-02-17 01:11:00,MX-202,Line-C,night,Setup,RecipeChange,medium,105,97,105,Charlie,AutoReset
E104911,2025-02-17 01:18:00,MX-103,Line-B,night,Alarm,HighVibration,medium,48,44,43,Alpha,Operator
E104936,2025-02-17 01:20:00,MX-201,Line-C,night,Alarm,Overheat,high,22,11,9,Alpha,Operator
E104920,2025-02-17 01:22:00,MX-201,Line-C,night,Warning,PressureTrend,low,7,0,0,Bravo,Engineer
E104864,2025-02-17 01:25:00,MX-101,Line-A,night,Warning,PressureTrend,low,1,0,0,Charlie,Operator
E104926,2025-02-17 02:08:00,MX-201,Line-C,night,Maintenance,Inspection,low,89,36,26,Alpha,Operator
E104914,2025-02-17 02:12:00,MX-103,Line-B,night,Warning,PressureTrend,low,6,0,0,Delta,Technician
E104900,2025-02-17 02:27:00,MX-101,Line-A,night,Setup,FixtureAdjustment,low,74,53,44,Delta,Technician
E104875,2025-02-17 02:37:00,MX-103,Line-B,night,Setup,RecipeChange,low,46,45,20,Bravo,Technician
E104850,2025-02-17 02:57:00,MX-101,Line-A,night,Warning,EnergySpike,medium,4,0,0,Bravo,AutoReset
E104902,2025-02-17 03:17:00,MX-201,Line-C,night,Warning,TempTrend,low,23,2,0,Delta,AutoReset
E104931,2025-02-17 03:19:00,MX-201,Line-C,night,Setup,RecipeChange,medium,67,65,16,Bravo,Technician
E104893,2025-02-17 03:37:00,MX-103,Line-B,night,Maintenance,Calibration,low,59,24,12,Alpha,Supervisor
E104867,2025-02-17 03:38:00,MX-101,Line-A,night,Maintenance,Inspection,medium,88,62,52,Delta,Supervisor
E104905,2025-02-17 03:39:00,MX-201,Line-C,night,Warning,EnergySpike,low,9,0,0,Delta,Operator
E104862,2025-02-17 04:19:00,MX-201,Line-C,night,Maintenance,FilterChange,medium,63,44,26,Delta,Engineer
E104927,2025-02-17 04:21:00,MX-103,Line-B,night,Quality,SurfaceDefect,medium,16,3,51,Bravo,AutoReset
E104894,2025-02-17 04:23:00,MX-102,Line-A,night,Safety,AreaBreach,high,3,1,0,Alpha,Operator
E104896,2025-02-17 04:50:00,MX-102,Line-A,night,Quality,SurfaceDefect,medium,23,7,67,Bravo,Technician
E104925,2025-02-17 04:57:00,MX-103,Line-B,night,Safety,EStop,high,20,18,4,Delta,AutoReset
E104948,2025-02-17 04:59:00,MX-102,Line-A,night,Maintenance,FilterChange,high,222,114,95,Delta,Technician
E104904,2025-02-17 05:04:00,MX-102,Line-A,night,Warning,VibrationTrend,medium,3,0,0,Delta,Technician
E104861,2025-02-17 05:04:00,MX-202,Line-C,night,Alarm,MotorOverload,low,33,16,17,Delta,Engineer
E104853,2025-02-17 05:22:00,MX-201,Line-C,night,Maintenance,Lubrication,high,168,71,32,Charlie,Operator
E104941,2025-02-17 05:44:00,MX-103,Line-B,night,Maintenance,Inspection,medium,145,38,10,Charlie,Engineer
E104891,2025-02-17 05:52:00,MX-201,Line-C,night,Quality,SurfaceDefect,medium,2,0,7,Charlie,Engineer
E104932,2025-02-17 05:55:00,MX-202,Line-C,night,Maintenance,Lubrication,low,49,13,3,Alpha,AutoReset
E104937,2025-02-17 06:03:00,MX-101,Line-A,morning,Maintenance,BearingReplacement,low,20,15,14,Charlie,Technician
E104889,2025-02-17 06:05:00,MX-201,Line-C,morning,Alarm,HighVibration,high,27,14,30,Delta,Engineer
E104855,2025-02-17 06:19:00,MX-101,Line-A,morning,Setup,FixtureAdjustment,low,14,9,2,Delta,AutoReset
E104916,2025-02-17 06:24:00,MX-102,Line-A,morning,Quality,SurfaceDefect,high,9,1,31,Bravo,Operator
E104908,2025-02-17 06:43:00,MX-102,Line-A,morning,Warning,TempTrend,low,3,0,0,Alpha,Engineer
E104885,2025-02-17 06:50:00,MX-103,Line-B,morning,Warning,PressureTrend,low,7,0,0,Charlie,Operator
E104843,2025-02-17 06:54:00,MX-101,Line-A,morning,Warning,TempTrend,low,6,0,0,Delta,Operator
E104923,2025-02-17 07:24:00,MX-103,Line-B,morning,Warning,TempTrend,low,4,0,0,Charlie,Engineer
E104940,2025-02-17 07:27:00,MX-103,Line-B,morning,Maintenance,Lubrication,low,35,14,2,Alpha,Supervisor
E104903,2025-02-17 07:42:00,MX-103,Line-B,morning,Alarm,PressureDrop,medium,60,31,54,Bravo,Supervisor
E104953,2025-02-17 07:51:00,MX-102,Line-A,morning,Warning,PressureTrend,low,18,0,0,Alpha,AutoReset
E104917,2025-02-17 08:18:00,MX-102,Line-A,morning,Quality,MaterialMismatch,medium,4,0,22,Bravo,AutoReset
E104847,2025-02-17 08:20:00,MX-101,Line-A,morning,Warning,EnergySpike,low,1,0,0,Bravo,Technician
E104877,2025-02-17 08:30:00,MX-103,Line-B,morning,Warning,PressureTrend,low,9,0,0,Delta,Technician
E104949,2025-02-17 08:30:00,MX-103,Line-B,morning,Quality,VisionReject,high,4,0,14,Bravo,AutoReset
E104859,2025-02-17 09:22:00,MX-201,Line-C,morning,Warning,EnergySpike,low,2,0,0,Alpha,Technician
E104939,2025-02-17 09:57:00,MX-101,Line-A,morning,Safety,GuardOpen,medium,29,26,22,Alpha,Technician
E104880,2025-02-17 10:15:00,MX-103,Line-B,morning,Warning,PressureTrend,low,8,0,0,Charlie,Technician
E104950,2025-02-17 10:17:00,MX-202,Line-C,morning,Warning,TempTrend,low,8,1,0,Charlie,Operator
E104854,2025-02-17 10:24:00,MX-102,Line-A,morning,Warning,VibrationTrend,medium,7,0,0,Alpha,Supervisor
E104863,2025-02-17 10:24:00,MX-102,Line-A,morning,Warning,EnergySpike,high,1,0,0,Charlie,AutoReset
E104947,2025-02-17 10:32:00,MX-202,Line-C,morning,Alarm,MotorOverload,high,22,18,33,Alpha,Technician
E104848,2025-02-17 10:34:00,MX-102,Line-A,morning,Setup,RecipeChange,medium,115,99,35,Alpha,AutoReset
E104944,2025-02-17 10:36:00,MX-101,Line-A,morning,Warning,VibrationTrend,low,14,1,0,Charlie,Technician
E104838,2025-02-17 11:02:00,MX-202,Line-C,morning,Maintenance,Calibration,low,74,54,48,Alpha,AutoReset
E104906,2025-02-17 11:03:00,MX-102,Line-A,morning,Setup,FixtureAdjustment,medium,22,21,21,Delta,AutoReset
E104858,2025-02-17 11:03:00,MX-101,Line-A,morning,Alarm,PressureDrop,medium,40,37,79,Charlie,Technician
E104921,2025-02-17 11:18:00,MX-101,Line-A,morning,Warning,VibrationTrend,medium,15,2,0,Alpha,AutoReset
E104895,2025-02-17 11:59:00,MX-101,Line-A,morning,Alarm,PressureDrop,high,55,49,79,Delta,AutoReset
E104919,2025-02-17 12:30:00,MX-202,Line-C,morning,Setup,FixtureAdjustment,medium,71,56,12,Delta,Technician
E104879,2025-02-17 13:08:00,MX-103,Line-B,morning,Safety,GuardOpen,high,11,10,13,Charlie,Technician
E104857,2025-02-17 13:17:00,MX-103,Line-B,morning,Alarm,SensorFailure,medium,31,20,23,Delta,Engineer
E104839,2025-02-17 13:42:00,MX-201,Line-C,morning,Quality,DimensionDrift,medium,10,3,65,Bravo,Technician
E104884,2025-02-17 14:03:00,MX-101,Line-A,evening,Maintenance,FilterChange,low,155,79,74,Alpha,AutoReset
E104910,2025-02-17 14:14:00,MX-101,Line-A,evening,Maintenance,BearingReplacement,medium,84,35,18,Delta,Engineer
E104844,2025-02-17 14:15:00,MX-201,Line-C,evening,Setup,RecipeChange,low,44,35,9,Bravo,Engineer
E104856,2025-02-17 14:16:00,MX-102,Line-A,evening,Maintenance,FilterChange,low,58,38,21,Bravo,AutoReset
E104851,2025-02-17 14:26:00,MX-201,Line-C,evening,Maintenance,BearingReplacement,medium,35,17,9,Alpha,Operator
E104876,2025-02-17 14:28:00,MX-103,Line-B,evening,Alarm,MotorOverload,critical,17,11,10,Bravo,Supervisor
E104840,2025-02-17 14:30:00,MX-201,Line-C,evening,Alarm,HighVibration,medium,88,77,113,Bravo,Technician
E104866,2025-02-17 14:36:00,MX-103,Line-B,evening,Maintenance,FilterChange,low,52,13,12,Charlie,AutoReset
E104845,2025-02-17 14:50:00,MX-202,Line-C,evening,Warning,PressureTrend,low,1,0,0,Charlie,AutoReset
E104930,2025-02-17 14:51:00,MX-202,Line-C,evening,Maintenance,Inspection,low,126,69,37,Delta,Operator
E104928,2025-02-17 15:02:00,MX-102,Line-A,evening,Maintenance,Calibration,medium,100,61,20,Bravo,Technician
E104865,2025-02-17 15:02:00,MX-201,Line-C,evening,Warning,VibrationTrend,low,12,0,0,Delta,Operator
E104924,2025-02-17 15:28:00,MX-202,Line-C,evening,Alarm,HighVibration,medium,87,53,92,Delta,Engineer
E104922,2025-02-17 15:32:00,MX-101,Line-A,evening,Warning,PressureTrend,low,10,0,0,Alpha,Supervisor
E104909,2025-02-17 16:04:00,MX-202,Line-C,evening,Quality,SurfaceDefect,medium,52,5,351,Bravo,AutoReset
E104907,2025-02-17 16:05:00,MX-101,Line-A,evening,Safety,GuardOpen,high,11,10,4,Charlie,Technician
E104849,2025-02-17 16:34:00,MX-202,Line-C,evening,Quality,SurfaceDefect,high,3,0,11,Bravo,Engineer
E104888,2025-02-17 16:37:00,MX-103,Line-B,evening,Alarm,SensorFailure,medium,114,86,134,Alpha,Engineer
E104912,2025-02-17 16:42:00,MX-102,Line-A,evening,Quality,DimensionDrift,high,1,0,2,Alpha,Engineer
E104837,2025-02-17 16:54:00,MX-103,Line-B,evening,Warning,PressureTrend,high,2,0,0,Bravo,Technician
E104933,2025-02-17 17:05:00,MX-101,Line-A,evening,Maintenance,Calibration,medium,152,104,59,Alpha,AutoReset
E104929,2025-02-17 17:08:00,MX-102,Line-A,evening,Warning,EnergySpike,medium,19,2,0,Delta,Engineer
E104898,2025-02-17 17:37:00,MX-103,Line-B,evening,Warning,PressureTrend,medium,4,0,0,Charlie,Engineer
E104899,2025-02-17 17:57:00,MX-103,Line-B,evening,Alarm,PressureDrop,critical,39,22,43,Charlie,AutoReset
E104852,2025-02-17 18:11:00,MX-201,Line-C,evening,Warning,EnergySpike,high,6,0,0,Bravo,Operator
E104951,2025-02-17 18:21:00,MX-102,Line-A,evening,Warning,EnergySpike,low,10,1,0,Bravo,AutoReset
E104878,2025-02-17 18:31:00,MX-103,Line-B,evening,Alarm,SensorFailure,medium,52,45,90,Delta,Technician
E104874,2025-02-17 18:56:00,MX-103,Line-B,evening,Setup,RecipeChange,low,58,49,23,Bravo,AutoReset
E104870,2025-02-17 18:56:00,MX-101,Line-A,evening,Alarm,MotorOverload,critical,45,29,60,Bravo,Engineer
E104942,2025-02-17 19:04:00,MX-103,Line-B,evening,Alarm,PressureDrop,critical,89,68,79,Charlie,Engineer
E104918,2025-02-17 19:06:00,MX-102,Line-A,evening,Quality,MaterialMismatch,high,29,3,91,Charlie,Technician
E104935,2025-02-17 19:13:00,MX-101,Line-A,evening,Warning,VibrationTrend,high,6,0,0,Charlie,Engineer
E104943,2025-02-17 19:15:00,MX-101,Line-A,evening,Alarm,MotorOverload,high,43,42,52,Bravo,AutoReset
E104901,2025-02-17 19:19:00,MX-102,Line-A,evening,Warning,TempTrend,low,1,0,0,Alpha,AutoReset
E104897,2025-02-17 19:52:00,MX-103,Line-B,evening,Quality,DimensionDrift,medium,7,1,42,Charlie,Technician
E104886,2025-02-17 20:27:00,MX-201,Line-C,evening,Warning,VibrationTrend,medium,15,1,0,Bravo,Engineer
E104872,2025-02-17 20:29:00,MX-103,Line-B,evening,Warning,TempTrend,low,19,0,0,Bravo,Technician
E104915,2025-02-17 20:49:00,MX-101,Line-A,evening,Warning,EnergySpike,medium,1,0,0,Bravo,Operator
E104890,2025-02-17 20:49:00,MX-103,Line-B,evening,Warning,TempTrend,low,2,0,0,Alpha,Engineer
E104887,2025-02-17 20:54:00,MX-103,Line-B,evening,Quality,VisionReject,medium,15,4,43,Delta,Technician
E104938,2025-02-17 21:08:00,MX-101,Line-A,evening,Alarm,Overheat,critical,47,22,28,Bravo,Technician
E104868,2025-02-17 21:58:00,MX-101,Line-A,evening,Safety,AreaBreach,medium,36,28,35,Alpha,Operator
E104846,2025-02-17 22:18:00,MX-103,Line-B,night,Alarm,SensorFailure,critical,8,7,11,Bravo,Operator
E104871,2025-02-17 22:19:00,MX-101,Line-A,night,Alarm,SensorFailure,high,71,36,78,Delta,Engineer
E104881,2025-02-17 22:40:00,MX-102,Line-A,night,Alarm,HighVibration,high,29,17,17,Charlie,AutoReset
E104952,2025-02-17 22:42:00,MX-102,Line-A,night,Warning,TempTrend,low,4,0,0,Charlie,Technician
E104913,2025-02-17 22:49:00,MX-202,Line-C,night,Maintenance,Inspection,low,82,50,28,Charlie,Engineer
E104841,2025-02-17 22:58:00,MX-201,Line-C,night,Quality,DimensionDrift,medium,28,5,125,Bravo,Operator
E104883,2025-02-17 23:49:00,MX-103,Line-B,night,Warning,VibrationTrend,low,3,0,0,Bravo,Technician
E105029,2025-02-18 00:19:00,MX-101,Line-A,night,Warning,VibrationTrend,high,7,0,0,Alpha,AutoReset
E104974,2025-02-18 00:23:00,MX-201,Line-C,night,Alarm,HighVibration,medium,45,20,33,Alpha,AutoReset
E105078,2025-02-18 00:26:00,MX-103,Line-B,night,Setup,FixtureAdjustment,low,11,10,4,Charlie,AutoReset
E104991,2025-02-18 00:34:00,MX-101,Line-A,night,Maintenance,Lubrication,high,34,10,4,Bravo,Supervisor
E105056,2025-02-18 00:48:00,MX-201,Line-C,night,Maintenance,FilterChange,low,208,93,35,Charlie,AutoReset
E105069,2025-02-18 00:51:00,MX-201,Line-C,night,Quality,DimensionDrift,high,23,7,107,Alpha,Engineer
E104962,2025-02-18 01:00:00,MX-103,Line-B,night,Alarm,MotorOverload,medium,44,34,24,Bravo,Technician
E105030,2025-02-18 01:11:00,MX-201,Line-C,night,Alarm,HighVibration,high,35,17,34,Charlie,AutoReset
E104994,2025-02-18 01:13:00,MX-101,Line-A,night,Setup,FixtureAdjustment,medium,37,32,26,Bravo,Technician
E104957,2025-02-18 01:26:00,MX-102,Line-A,night,Setup,FixtureAdjustment,low,53,39,25,Bravo,Engineer
E105039,2025-02-18 01:37:00,MX-201,Line-C,night,Maintenance,BearingReplacement,low,88,59,29,Delta,Technician
E105067,2025-02-18 01:53:00,MX-102,Line-A,night,Safety,GuardOpen,critical,22,12,9,Delta,Supervisor
E105042,2025-02-18 02:01:00,MX-102,Line-A,night,Maintenance,Lubrication,low,53,31,28,Delta,AutoReset
E105017,2025-02-18 02:03:00,MX-101,Line-A,night,Alarm,MotorOverload,high,14,10,20,Charlie,Engineer
E105057,2025-02-18 02:16:00,MX-102,Line-A,night,Safety,AreaBreach,medium,19,10,5,Alpha,Operator
E105043,2025-02-18 03:05:00,MX-202,Line-C,night,Warning,TempTrend,low,3,0,0,Bravo,Engineer
E104960,2025-02-18 03:10:00,MX-202,Line-C,night,Setup,ToolChange,medium,34,33,22,Bravo,Operator
E105072,2025-02-18 03:40:00,MX-201,Line-C,night,Alarm,PressureDrop,high,35,20,29,Bravo,Operator
E104993,2025-02-18 03:57:00,MX-201,Line-C,night,Alarm,HighVibration,critical,42,35,56,Charlie,Technician
E105059,2025-02-18 04:08:00,MX-201,Line-C,night,Warning,PressureTrend,high,10,0,0,Bravo,Technician
E104967,2025-02-18 04:10:00,MX-202,Line-C,night,Maintenance,Lubrication,low,64,39,13,Bravo,AutoReset
E105050,2025-02-18 04:32:00,MX-201,Line-C,night,Alarm,SensorFailure,high,31,14,18,Delta,Technician
E105032,2025-02-18 04:32:00,MX-202,Line-C,night,Safety,AreaBreach,high,19,15,8,Alpha,Supervisor
E104992,2025-02-18 04:36:00,MX-101,Line-A,night,Setup,RecipeChange,low,26,25,14,Alpha,AutoReset
E105019,2025-02-18 04:39:00,MX-101,Line-A,night,Quality,MaterialMismatch,medium,47,6,303,Alpha,Engineer
E105041,2025-02-18 04:55:00,MX-103,Line-B,night,Warning,EnergySpike,low,16,1,0,Bravo,AutoReset
E105031,2025-02-18 04:56:00,MX-101,Line-A,night,Maintenance,BearingReplacement,low,123,62,38,Charlie,Engineer
E104971,2025-02-18 05:08:00,MX-202,Line-C,night,Maintenance,BearingReplacement,low,103,67,44,Bravo,Engineer
E105009,2025-02-18 05:10:00,MX-101,Line-A,night,Maintenance,Lubrication,medium,174,89,73,Delta,Engineer
E104966,2025-02-18 05:27:00,MX-201,Line-C,night,Quality,VisionReject,high,15,3,96,Bravo,Technician
E104968,2025-02-18 05:50:00,MX-101,Line-A,night,Setup,RecipeChange,medium,39,35,31,Delta,Engineer
E105035,2025-02-18 05:54:00,MX-102,Line-A,night,Warning,EnergySpike,medium,14,0,0,Charlie,Operator
E105033,2025-02-18 06:14:00,MX-201,Line-C,morning,Alarm,HighVibration,medium,26,18,26,Delta,Engineer
E105004,2025-02-18 06:25:00,MX-101,Line-A,morning,Safety,EStop,high,42,24,31,Delta,Engineer
E105063,2025-02-18 06:26:00,MX-101,Line-A,morning,Warning,EnergySpike,low,6,0,0,Delta,Operator
E105001,2025-02-18 06:26:00,MX-101,Line-A,morning,Setup,RecipeChange,low,23,19,10,Delta,Engineer
E105003,2025-02-18 06:28:00,MX-201,Line-C,morning,Quality,MaterialMismatch,low,4,0,17,Alpha,AutoReset
E105000,2025-02-18 06:40:00,MX-102,Line-A,morning,Warning,VibrationTrend,medium,9,1,0,Alpha,AutoReset
E104956,2025-02-18 06:56:00,MX-103,Line-B,morning,Safety,EStop,medium,33,18,7,Delta,AutoReset
E104958,2025-02-18 07:10:00,MX-202,Line-C,morning,Maintenance,FilterChange,low,110,60,38,Delta,AutoReset
E104977,2025-02-18 07:19:00,MX-101,Line-A,morning,Alarm,MotorOverload,medium,37,31,59,Delta,AutoReset
E104990,2025-02-18 08:25:00,MX-103,Line-B,morning,Setup,ToolChange,medium,19,14,12,Alpha,AutoReset
E105068,2025-02-18 08:54:00,MX-201,Line-C,morning,Setup,ToolChange,low,56,52,14,Alpha,Supervisor
E104972,2025-02-18 09:38:00,MX-201,Line-C,morning,Alarm,SensorFailure,medium,32,21,35,Charlie,AutoReset
E105045,2025-02-18 09:52:00,MX-102,Line-A,morning,Maintenance,Inspection,low,24,18,13,Alpha,Technician
E104959,2025-02-18 10:12:00,MX-101,Line-A,morning,Setup,FixtureAdjustment,low,59,47,18,Delta,Supervisor
E105065,2025-02-18 10:18:00,MX-102,Line-A,morning,Safety,GuardOpen,critical,17,11,9,Delta,Operator
E105006,2025-02-18 10:33:00,MX-202,Line-C,morning,Safety,AreaBreach,medium,43,21,19,Delta,Operator
E104964,2025-02-18 10:46:00,MX-103,Line-B,morning,Warning,TempTrend,low,5,0,0,Charlie,Supervisor
E104954,2025-02-18 10:56:00,MX-103,Line-B,morning,Alarm,MotorOverload,critical,54,43,44,Charlie,Supervisor
E105011,2025-02-18 11:11:00,MX-102,Line-A,morning,Warning,PressureTrend,low,5,0,0,Delta,Technician
E105002,2025-02-18 11:16:00,MX-103,Line-B,morning,Warning,EnergySpike,medium,2,0,0,Charlie,Operator
E105018,2025-02-18 11:24:00,MX-101,Line-A,morning,Warning,VibrationTrend,medium,16,1,0,Charlie,Engineer
E105007,2025-02-18 11:32:00,MX-201,Line-C,morning,Quality,DimensionDrift,medium,29,7,159,Delta,AutoReset
E105054,2025-02-18 11:33:00,MX-101,Line-A,morning,Quality,SurfaceDefect,medium,13,2,90,Bravo,Technician
E104985,2025-02-18 11:43:00,MX-101,Line-A,morning,Warning,VibrationTrend,low,7,0,0,Alpha,Technician
E105024,2025-02-18 12:04:00,MX-202,Line-C,morning,Alarm,MotorOverload,medium,7,3,4,Bravo,AutoReset
E105070,2025-02-18 12:21:00,MX-101,Line-A,morning,Quality,DimensionDrift,low,11,0,71,Delta,Operator
E105051,2025-02-18 12:23:00,MX-103,Line-B,morning,Warning,PressureTrend,high,4,0,0,Delta,Engineer
E104955,2025-02-18 12:32:00,MX-103,Line-B,morning,Setup,FixtureAdjustment,low,30,26,7,Delta,AutoReset
E105027,2025-02-18 12:45:00,MX-102,Line-A,morning,Maintenance,Lubrication,low,195,99,34,Delta,Engineer
E104984,2025-02-18 13:08:00,MX-102,Line-A,morning,Alarm,PressureDrop,critical,19,12,11,Bravo,Supervisor
E105055,2025-02-18 13:12:00,MX-101,Line-A,morning,Warning,TempTrend,low,6,0,0,Bravo,Supervisor
E104961,2025-02-18 13:15:00,MX-201,Line-C,morning,Warning,VibrationTrend,low,16,1,0,Alpha,Operator
E104976,2025-02-18 13:20:00,MX-103,Line-B,morning,Setup,FixtureAdjustment,low,89,79,48,Bravo,Engineer
E104975,2025-02-18 13:24:00,MX-103,Line-B,morning,Setup,FixtureAdjustment,medium,64,47,13,Delta,Technician
E104963,2025-02-18 13:41:00,MX-103,Line-B,morning,Quality,SurfaceDefect,high,16,4,109,Charlie,Supervisor
E104982,2025-02-18 14:00:00,MX-101,Line-A,evening,Quality,MaterialMismatch,high,32,0,184,Charlie,Technician
E105044,2025-02-18 14:06:00,MX-202,Line-C,evening,Safety,DoorInterlock,medium,14,7,8,Charlie,AutoReset
E105048,2025-02-18 14:45:00,MX-201,Line-C,evening,Quality,VisionReject,medium,3,0,14,Charlie,Engineer
E105016,2025-02-18 14:57:00,MX-103,Line-B,evening,Quality,SurfaceDefect,medium,19,2,114,Charlie,Operator
E105026,2025-02-18 15:04:00,MX-102,Line-A,evening,Alarm,HighVibration,critical,54,46,46,Delta,Operator
E105025,2025-02-18 15:20:00,MX-102,Line-A,evening,Setup,ToolChange,low,41,37,16,Bravo,Engineer
E105071,2025-02-18 15:44:00,MX-101,Line-A,evening,Quality,DimensionDrift,medium,20,6,94,Alpha,Engineer
E105008,2025-02-18 15:46:00,MX-101,Line-A,evening,Setup,ToolChange,medium,32,28,13,Charlie,AutoReset
E105066,2025-02-18 16:02:00,MX-103,Line-B,evening,Setup,FixtureAdjustment,low,55,41,22,Alpha,Engineer
E105074,2025-02-18 16:09:00,MX-101,Line-A,evening,Setup,RecipeChange,low,96,77,16,Charlie,Operator
E105076,2025-02-18 16:11:00,MX-103,Line-B,evening,Quality,VisionReject,medium,13,1,88,Charlie,Technician
E104986,2025-02-18 16:24:00,MX-201,Line-C,evening,Setup,ToolChange,low,65,63,50,Bravo,Engineer
E104969,2025-02-18 16:34:00,MX-101,Line-A,evening,Warning,PressureTrend,medium,11,1,0,Charlie,Engineer
E104965,2025-02-18 16:38:00,MX-202,Line-C,evening,Setup,ToolChange,medium,88,68,18,Charlie,AutoReset
E104989,2025-02-18 17:11:00,MX-201,Line-C,evening,Warning,EnergySpike,low,1,0,0,Bravo,AutoReset
E105036,2025-02-18 17:33:00,MX-102,Line-A,evening,Warning,PressureTrend,low,3,0,0,Alpha,Technician
E105077,2025-02-18 17:39:00,MX-102,Line-A,evening,Warning,PressureTrend,low,14,0,0,Charlie,Operator
E105028,2025-02-18 17:45:00,MX-202,Line-C,evening,Warning,EnergySpike,medium,1,0,0,Charlie,Technician
E104996,2025-02-18 17:49:00,MX-202,Line-C,evening,Quality,SurfaceDefect,medium,40,5,124,Delta,Operator
E104999,2025-02-18 18:04:00,MX-201,Line-C,evening,Maintenance,BearingReplacement,high,63,25,12,Charlie,AutoReset
E105037,2025-02-18 18:14:00,MX-201,Line-C,evening,Quality,SurfaceDefect,high,7,2,30,Bravo,Supervisor
E105047,2025-02-18 18:27:00,MX-101,Line-A,evening,Alarm,Overheat,low,16,13,24,Bravo,Operator
E105012,2025-02-18 18:32:00,MX-201,Line-C,evening,Setup,ToolChange,medium,36,29,16,Charlie,Supervisor
E105020,2025-02-18 18:38:00,MX-101,Line-A,evening,Alarm,Overheat,medium,54,36,44,Alpha,Engineer
E105023,2025-02-18 18:43:00,MX-201,Line-C,evening,Maintenance,FilterChange,medium,97,65,43,Bravo,Technician
E105062,2025-02-18 18:51:00,MX-101,Line-A,evening,Maintenance,Lubrication,low,118,90,21,Delta,Technician
E104979,2025-02-18 18:55:00,MX-102,Line-A,evening,Quality,DimensionDrift,high,44,11,252,Charlie,Operator
E105034,2025-02-18 18:55:00,MX-201,Line-C,evening,Setup,RecipeChange,low,71,55,21,Delta,Operator
E104981,2025-02-18 19:00:00,MX-201,Line-C,evening,Quality,VisionReject,medium,18,3,121,Bravo,Technician
E105075,2025-02-18 19:22:00,MX-101,Line-A,evening,Safety,EStop,medium,5,4,1,Bravo,Operator
E105005,2025-02-18 19:41:00,MX-102,Line-A,evening,Setup,FixtureAdjustment,medium,52,39,16,Alpha,Technician
E105013,2025-02-18 19:41:00,MX-101,Line-A,evening,Setup,RecipeChange,medium,45,39,8,Bravo,Operator
E104980,2025-02-18 19:44:00,MX-101,Line-A,evening,Quality,VisionReject,medium,51,6,182,Alpha,Engineer
E105064,2025-02-18 19:44:00,MX-101,Line-A,evening,Alarm,PressureDrop,high,68,50,79,Delta,Supervisor
E104978,2025-02-18 19:47:00,MX-202,Line-C,evening,Warning,TempTrend,low,4,0,0,Charlie,Operator
E105046,2025-02-18 20:12:00,MX-103,Line-B,evening,Setup,RecipeChange,low,93,77,33,Charlie,AutoReset
E105022,2025-02-18 20:42:00,MX-202,Line-C,evening,Warning,EnergySpike,low,2,0,0,Charlie,Operator
E105049,2025-02-18 21:06:00,MX-102,Line-A,evening,Setup,RecipeChange,low,29,21,6,Charlie,Engineer
E104988,2025-02-18 21:14:00,MX-103,Line-B,evening,Setup,FixtureAdjustment,low,73,55,42,Alpha,Technician
E104970,2025-02-18 21:16:00,MX-101,Line-A,evening,Warning,TempTrend,low,4,0,0,Delta,Operator
E104987,2025-02-18 21:16:00,MX-201,Line-C,evening,Safety,DoorInterlock,high,32,28,33,Alpha,AutoReset
E105015,2025-02-18 21:24:00,MX-103,Line-B,evening,Setup,ToolChange,low,85,65,17,Alpha,Supervisor
E105040,2025-02-18 21:27:00,MX-201,Line-C,evening,Quality,VisionReject,medium,21,6,122,Charlie,Engineer
E105052,2025-02-18 22:03:00,MX-101,Line-A,night,Maintenance,FilterChange,low,86,58,38,Bravo,Supervisor
E104998,2025-02-18 22:06:00,MX-101,Line-A,night,Maintenance,Inspection,low,114,41,27,Alpha,Engineer
E105060,2025-02-18 22:37:00,MX-202,Line-C,night,Quality,MaterialMismatch,medium,1,0,6,Bravo,Technician
E105053,2025-02-18 22:44:00,MX-102,Line-A,night,Maintenance,BearingReplacement,low,63,26,12,Charlie,AutoReset
E105073,2025-02-18 22:45:00,MX-101,Line-A,night,Warning,EnergySpike,low,8,0,0,Delta,Technician
E104973,2025-02-18 22:46:00,MX-103,Line-B,night,Setup,RecipeChange,low,25,20,17,Alpha,Supervisor
E105010,2025-02-18 22:48:00,MX-103,Line-B,night,Alarm,Overheat,high,65,47,93,Delta,Supervisor
E105038,2025-02-18 22:52:00,MX-103,Line-B,night,Maintenance,Calibration,medium,69,43,8,Delta,Engineer
E105079,2025-02-18 22:57:00,MX-101,Line-A,night,Setup,RecipeChange,medium,28,25,16,Alpha,Technician
E105058,2025-02-18 23:05:00,MX-103,Line-B,night,Alarm,MotorOverload,high,51,42,78,Delta,Technician
E104995,2025-02-18 23:21:00,MX-201,Line-C,night,Warning,EnergySpike,medium,8,0,0,Charlie,Operator
E104983,2025-02-18 23:28:00,MX-101,Line-A,night,Setup,FixtureAdjustment,low,57,53,48,Alpha,Operator
E104997,2025-02-18 23:33:00,MX-102,Line-A,night,Warning,TempTrend,low,5,0,0,Bravo,Engineer
E105021,2025-02-18 23:38:00,MX-101,Line-A,night,Maintenance,Lubrication,medium,56,27,5,Delta,Operator
E105061,2025-02-18 23:43:00,MX-201,Line-C,night,Maintenance,Lubrication,low,116,33,15,Alpha,Engineer
E105014,2025-02-18 23:58:00,MX-103,Line-B,night,Safety,EStop,critical,29,18,19,Alpha,AutoReset
E105138,2025-02-19 00:35:00,MX-102,Line-A,night,Alarm,PressureDrop,medium,151,78,54,Bravo,Technician
E105107,2025-02-19 00:53:00,MX-202,Line-C,night,Quality,VisionReject,medium,6,0,40,Delta,Operator
E105129,2025-02-19 01:17:00,MX-101,Line-A,night,Maintenance,FilterChange,medium,80,44,14,Charlie,Technician
E105143,2025-02-19 01:28:00,MX-103,Line-B,night,Alarm,Overheat,medium,18,8,11,Delta,AutoReset
E105147,2025-02-19 01:34:00,MX-101,Line-A,night,Alarm,PressureDrop,high,46,41,74,Delta,Operator
E105098,2025-02-19 01:47:00,MX-202,Line-C,night,Alarm,MotorOverload,high,45,37,45,Charlie,Technician
E105140,2025-02-19 01:47:00,MX-201,Line-C,night,Safety,AreaBreach,high,28,23,29,Alpha,AutoReset
E105122,2025-02-19 01:51:00,MX-201,Line-C,night,Maintenance,Inspection,medium,28,9,4,Delta,Engineer
E105152,2025-02-19 02:12:00,MX-102,Line-A,night,Maintenance,Calibration,low,77,44,12,Charlie,AutoReset
E105083,2025-02-19 02:21:00,MX-101,Line-A,night,Quality,MaterialMismatch,medium,6,0,37,Alpha,Engineer
E105120,2025-02-19 03:09:00,MX-201,Line-C,night,Warning,EnergySpike,low,9,0,0,Bravo,Supervisor
E105091,2025-02-19 03:18:00,MX-202,Line-C,night,Alarm,Overheat,high,80,48,68,Charlie,Supervisor
E105144,2025-02-19 03:31:00,MX-103,Line-B,night,Safety,DoorInterlock,medium,39,33,29,Bravo,AutoReset
E105121,2025-02-19 04:09:00,MX-102,Line-A,night,Alarm,PressureDrop,high,60,37,53,Alpha,AutoReset
E105093,2025-02-19 04:20:00,MX-201,Line-C,night,Warning,TempTrend,low,10,1,0,Delta,Operator
E105094,2025-02-19 04:31:00,MX-202,Line-C,night,Quality,MaterialMismatch,medium,1,0,3,Charlie,AutoReset
E105155,2025-02-19 04:45:00,MX-202,Line-C,night,Setup,ToolChange,low,39,36,13,Alpha,Technician
E105141,2025-02-19 04:48:00,MX-103,Line-B,night,Maintenance,FilterChange,low,45,11,8,Bravo,Operator
E105102,2025-02-19 05:02:00,MX-102,Line-A,night,Warning,VibrationTrend,low,17,1,0,Delta,Operator
E105165,2025-02-19 05:09:00,MX-201,Line-C,night,Alarm,Overheat,high,34,27,29,Delta,Engineer
E105142,2025-02-19 05:44:00,MX-201,Line-C,night,Maintenance,BearingReplacement,low,84,61,24,Alpha,AutoReset
E105089,2025-02-19 05:49:00,MX-202,Line-C,night,Setup,RecipeChange,medium,67,65,46,Bravo,Operator
E105080,2025-02-19 06:08:00,MX-201,Line-C,morning,Maintenance,BearingReplacement,medium,61,48,23,Alpha,Engineer
E105131,2025-02-19 06:21:00,MX-102,Line-A,morning,Warning,EnergySpike,low,12,0,0,Delta,Operator
E105119,2025-02-19 06:36:00,MX-102,Line-A,morning,Quality,MaterialMismatch,low,20,0,134,Bravo,Operator
E105108,2025-02-19 06:39:00,MX-101,Line-A,morning,Maintenance,BearingReplacement,low,42,19,4,Delta,AutoReset
E105149,2025-02-19 06:40:00,MX-102,Line-A,morning,Safety,GuardOpen,critical,42,36,27,Alpha,Operator
E105164,2025-02-19 06:46:00,MX-103,Line-B,morning,Alarm,MotorOverload,medium,49,42,33,Alpha,Supervisor
E105132,2025-02-19 07:09:00,MX-202,Line-C,morning,Maintenance,Calibration,low,42,22,12,Alpha,Technician
E105135,2025-02-19 07:17:00,MX-102,Line-A,morning,Quality,DimensionDrift,medium,65,1,291,Alpha,AutoReset
E105118,2025-02-19 07:22:00,MX-101,Line-A,morning,Quality,SurfaceDefect,high,16,4,64,Bravo,AutoReset
E105116,2025-02-19 07:51:00,MX-102,Line-A,morning,Alarm,Overheat,high,37,19,27,Charlie,AutoReset
E105110,2025-02-19 08:12:00,MX-101,Line-A,morning,Alarm,MotorOverload,critical,48,30,26,Delta,Technician
E105130,2025-02-19 08:42:00,MX-201,Line-C,morning,Warning,EnergySpike,low,5,0,0,Delta,AutoReset
E105112,2025-02-19 08:46:00,MX-201,Line-C,morning,Alarm,MotorOverload,high,11,9,16,Charlie,Operator
E105145,2025-02-19 09:27:00,MX-101,Line-A,morning,Quality,MaterialMismatch,high,4,1,14,Bravo,Operator
E105136,2025-02-19 09:50:00,MX-103,Line-B,morning,Warning,PressureTrend,low,1,0,0,Bravo,Operator
E105133,2025-02-19 09:54:00,MX-101,Line-A,morning,Quality,DimensionDrift,medium,13,1,45,Alpha,Technician
E105151,2025-02-19 10:03:00,MX-101,Line-A,morning,Setup,ToolChange,low,57,48,9,Alpha,Technician
E105081,2025-02-19 10:16:00,MX-102,Line-A,morning,Alarm,PressureDrop,critical,54,32,41,Bravo,Engineer
E105103,2025-02-19 10:25:00,MX-103,Line-B,morning,Alarm,Overheat,medium,63,52,55,Bravo,Operator
E105124,2025-02-19 10:40:00,MX-103,Line-B,morning,Maintenance,Calibration,medium,80,53,29,Charlie,Supervisor
E105092,2025-02-19 10:52:00,MX-101,Line-A,morning,Warning,VibrationTrend,low,8,0,0,Delta,Supervisor
E105115,2025-02-19 10:56:00,MX-102,Line-A,morning,Quality,DimensionDrift,high,22,3,87,Alpha,Technician
E105109,2025-02-19 11:06:00,MX-101,Line-A,morning,Warning,VibrationTrend,high,17,1,0,Alpha,Supervisor
E105146,2025-02-19 11:25:00,MX-101,Line-A,morning,Safety,GuardOpen,critical,15,8,1,Delta,AutoReset
E105126,2025-02-19 11:26:00,MX-103,Line-B,morning,Warning,EnergySpike,high,13,1,0,Charlie,Supervisor
E105156,2025-02-19 11:48:00,MX-202,Line-C,morning,Setup,ToolChange,low,20,18,15,Alpha,Engineer
E105088,2025-02-19 11:51:00,MX-201,Line-C,morning,Maintenance,Calibration,medium,69,21,8,Charlie,Technician
E105170,2025-02-19 11:59:00,MX-202,Line-C,morning,Safety,EStop,high,3,1,0,Alpha,Supervisor
E105172,2025-02-19 12:13:00,MX-201,Line-C,morning,Maintenance,Lubrication,low,32,19,14,Delta,Supervisor
E105086,2025-02-19 12:48:00,MX-201,Line-C,morning,Alarm,SensorFailure,medium,11,9,10,Charlie,AutoReset
E105085,2025-02-19 13:49:00,MX-201,Line-C,morning,Maintenance,Inspection,medium,158,45,16,Charlie,Engineer
E105104,2025-02-19 13:51:00,MX-201,Line-C,morning,Warning,EnergySpike,high,7,0,0,Alpha,Supervisor
E105139,2025-02-19 14:51:00,MX-201,Line-C,evening,Maintenance,Calibration,low,63,31,8,Charlie,Technician
E105082,2025-02-19 15:55:00,MX-103,Line-B,evening,Maintenance,Lubrication,medium,35,10,9,Delta,Technician
E105106,2025-02-19 17:13:00,MX-201,Line-C,evening,Warning,VibrationTrend,low,8,0,0,Charlie,Operator
E105137,2025-02-19 17:49:00,MX-201,Line-C,evening,Maintenance,Inspection,low,57,30,11,Bravo,AutoReset
E105134,2025-02-19 17:53:00,MX-102,Line-A,evening,Setup,ToolChange,low,48,35,11,Alpha,AutoReset
E105101,2025-02-19 17:59:00,MX-102,Line-A,evening,Maintenance,Lubrication,medium,47,24,15,Alpha,Technician
E105169,2025-02-19 18:03:00,MX-103,Line-B,evening,Alarm,MotorOverload,high,69,32,54,Charlie,Operator
E105167,2025-02-19 18:29:00,MX-103,Line-B,evening,Quality,VisionReject,high,7,0,17,Charlie,Engineer
E105159,2025-02-19 18:32:00,MX-101,Line-A,evening,Alarm,PressureDrop,high,32,28,31,Delta,AutoReset
E105158,2025-02-19 19:22:00,MX-101,Line-A,evening,Alarm,Overheat,medium,16,13,26,Bravo,Technician
E105090,2025-02-19 19:30:00,MX-201,Line-C,evening,Maintenance,FilterChange,low,133,39,18,Bravo,Technician
E105171,2025-02-19 19:58:00,MX-201,Line-C,evening,Maintenance,Inspection,medium,42,18,16,Delta,Supervisor
E105161,2025-02-19 20:01:00,MX-201,Line-C,evening,Setup,RecipeChange,low,39,34,25,Bravo,AutoReset
E105105,2025-02-19 20:55:00,MX-103,Line-B,evening,Safety,DoorInterlock,high,6,5,2,Alpha,Operator
E105153,2025-02-19 21:07:00,MX-202,Line-C,evening,Maintenance,Calibration,medium,55,43,32,Delta,Technician
E105127,2025-02-19 21:42:00,MX-201,Line-C,evening,Warning,VibrationTrend,low,20,1,0,Bravo,AutoReset
E105097,2025-02-19 21:48:00,MX-202,Line-C,evening,Maintenance,BearingReplacement,medium,27,7,2,Charlie,Operator
E105154,2025-02-19 21:53:00,MX-101,Line-A,evening,Warning,EnergySpike,low,16,1,0,Charlie,Operator
E105084,2025-02-19 21:56:00,MX-101,Line-A,evening,Setup,FixtureAdjustment,low,22,17,8,Charlie,Operator
E105125,2025-02-19 21:58:00,MX-201,Line-C,evening,Alarm,HighVibration,critical,34,23,21,Alpha,Engineer
E105096,2025-02-19 21:59:00,MX-202,Line-C,evening,Setup,FixtureAdjustment,medium,25,18,12,Bravo,Technician
E105095,2025-02-19 22:03:00,MX-101,Line-A,night,Warning,EnergySpike,medium,4,0,0,Charlie,AutoReset
E105148,2025-02-19 22:06:00,MX-201,Line-C,night,Warning,EnergySpike,medium,6,0,0,Bravo,Technician
E105113,2025-02-19 22:10:00,MX-201,Line-C,night,Maintenance,Calibration,low,115,78,45,Delta,Operator
E105087,2025-02-19 22:18:00,MX-202,Line-C,night,Warning,VibrationTrend,low,22,1,0,Charlie,Operator
E105100,2025-02-19 22:31:00,MX-202,Line-C,night,Quality,VisionReject,medium,24,6,51,Bravo,Engineer
E105157,2025-02-19 22:38:00,MX-201,Line-C,night,Quality,VisionReject,medium,11,3,25,Bravo,AutoReset
E105111,2025-02-19 22:41:00,MX-202,Line-C,night,Quality,DimensionDrift,medium,15,0,42,Bravo,Operator
E105123,2025-02-19 22:53:00,MX-101,Line-A,night,Maintenance,Inspection,medium,46,20,17,Alpha,Operator
E105114,2025-02-19 23:12:00,MX-101,Line-A,night,Maintenance,Inspection,low,51,39,16,Delta,Supervisor
E105163,2025-02-19 23:14:00,MX-101,Line-A,night,Maintenance,BearingReplacement,low,51,36,33,Alpha,AutoReset
E105150,2025-02-19 23:16:00,MX-102,Line-A,night,Warning,VibrationTrend,medium,11,0,0,Alpha,Technician
E105162,2025-02-19 23:19:00,MX-103,Line-B,night,Quality,VisionReject,low,9,0,21,Alpha,Operator
E105128,2025-02-19 23:23:00,MX-102,Line-A,night,Quality,DimensionDrift,medium,20,2,69,Delta,Engineer
E105166,2025-02-19 23:27:00,MX-102,Line-A,night,Quality,VisionReject,high,16,5,66,Alpha,Technician
E105117,2025-02-19 23:34:00,MX-103,Line-B,night,Warning,TempTrend,low,6,0,0,Charlie,Technician
E105160,2025-02-19 23:36:00,MX-103,Line-B,night,Quality,SurfaceDefect,high,5,1,12,Charlie,Technician
E105168,2025-02-19 23:55:00,MX-101,Line-A,night,Quality,SurfaceDefect,low,4,1,25,Charlie,Operator
E105099,2025-02-19 23:56:00,MX-202,Line-C,night,Alarm,PressureDrop,high,66,64,71,Charlie,AutoReset
E105232,2025-02-20 00:01:00,MX-102,Line-A,night,Alarm,PressureDrop,low,22,12,10,Bravo,AutoReset
E105245,2025-02-20 00:04:00,MX-103,Line-B,night,Setup,RecipeChange,low,34,30,14,Charlie,AutoReset
E105208,2025-02-20 00:04:00,MX-103,Line-B,night,Safety,GuardOpen,high,40,33,29,Delta,Engineer
E105234,2025-02-20 00:05:00,MX-102,Line-A,night,Setup,FixtureAdjustment,medium,14,13,5,Charlie,Engineer
E105205,2025-02-20 00:20:00,MX-102,Line-A,night,Alarm,PressureDrop,critical,52,47,33,Alpha,Engineer
E105260,2025-02-20 00:30:00,MX-202,Line-C,night,Safety,GuardOpen,high,36,35,25,Charlie,AutoReset
E105218,2025-02-20 01:00:00,MX-101,Line-A,night,Maintenance,Inspection,low,105,74,60,Charlie,AutoReset
E105189,2025-02-20 01:33:00,MX-103,Line-B,night,Quality,VisionReject,high,19,2,119,Delta,AutoReset
E105246,2025-02-20 01:39:00,MX-202,Line-C,night,Quality,MaterialMismatch,medium,41,13,245,Bravo,Technician
E105197,2025-02-20 01:41:00,MX-103,Line-B,night,Warning,TempTrend,medium,12,1,0,Charlie,AutoReset
E105178,2025-02-20 02:26:00,MX-102,Line-A,night,Warning,VibrationTrend,low,1,0,0,Alpha,AutoReset
E105242,2025-02-20 02:40:00,MX-102,Line-A,night,Warning,TempTrend,low,6,0,0,Delta,AutoReset
E105248,2025-02-20 02:43:00,MX-103,Line-B,night,Maintenance,Inspection,low,56,18,6,Charlie,Technician
E105175,2025-02-20 02:49:00,MX-102,Line-A,night,Safety,DoorInterlock,high,18,17,5,Charlie,Supervisor
E105184,2025-02-20 03:04:00,MX-101,Line-A,night,Maintenance,Calibration,high,52,17,15,Alpha,Operator
E105182,2025-02-20 03:04:00,MX-102,Line-A,night,Maintenance,BearingReplacement,low,68,29,26,Charlie,Engineer
E105268,2025-02-20 03:12:00,MX-201,Line-C,night,Quality,SurfaceDefect,medium,16,0,100,Alpha,Operator
E105258,2025-02-20 03:27:00,MX-103,Line-B,night,Quality,MaterialMismatch,low,19,6,42,Delta,Technician
E105199,2025-02-20 03:48:00,MX-202,Line-C,night,Warning,EnergySpike,low,3,0,0,Charlie,Supervisor
E105214,2025-02-20 03:49:00,MX-201,Line-C,night,Warning,TempTrend,high,2,0,0,Bravo,Technician
E105211,2025-02-20 03:55:00,MX-101,Line-A,night,Setup,RecipeChange,medium,74,64,19,Alpha,AutoReset
E105267,2025-02-20 04:03:00,MX-101,Line-A,night,Alarm,MotorOverload,high,67,65,110,Delta,AutoReset
E105228,2025-02-20 04:18:00,MX-102,Line-A,night,Setup,FixtureAdjustment,medium,55,40,42,Delta,Engineer
E105259,2025-02-20 04:22:00,MX-101,Line-A,night,Alarm,PressureDrop,high,52,37,26,Bravo,Operator
E105180,2025-02-20 04:30:00,MX-201,Line-C,night,Setup,RecipeChange,medium,50,36,29,Bravo,Technician
E105201,2025-02-20 04:51:00,MX-103,Line-B,night,Maintenance,Calibration,low,69,55,11,Bravo,Technician
E105230,2025-02-20 05:03:00,MX-101,Line-A,night,Quality,DimensionDrift,medium,45,10,193,Charlie,Engineer
E105255,2025-02-20 05:21:00,MX-202,Line-C,night,Alarm,MotorOverload,critical,150,112,89,Bravo,AutoReset
E105238,2025-02-20 05:38:00,MX-103,Line-B,night,Warning,VibrationTrend,low,9,0,0,Charlie,Operator
E105185,2025-02-20 05:39:00,MX-102,Line-A,night,Quality,DimensionDrift,high,12,1,38,Alpha,Technician
E105266,2025-02-20 05:42:00,MX-202,Line-C,night,Maintenance,BearingReplacement,medium,34,20,4,Charlie,AutoReset
E105173,2025-02-20 05:49:00,MX-201,Line-C,night,Alarm,MotorOverload,medium,63,50,47,Alpha,Technician
E105227,2025-02-20 05:49:00,MX-101,Line-A,night,Quality,SurfaceDefect,high,13,3,86,Bravo,Technician
E105239,2025-02-20 06:18:00,MX-101,Line-A,morning,Quality,MaterialMismatch,medium,15,1,103,Charlie,AutoReset
E105273,2025-02-20 06:19:00,MX-201,Line-C,morning,Quality,MaterialMismatch,medium,19,2,41,Alpha,Engineer
E105274,2025-02-20 07:12:00,MX-101,Line-A,morning,Warning,EnergySpike,low,9,0,0,Alpha,Operator
E105206,2025-02-20 07:43:00,MX-101,Line-A,morning,Safety,EStop,medium,29,22,24,Delta,Operator
E105210,2025-02-20 08:06:00,MX-202,Line-C,morning,Alarm,SensorFailure,high,51,45,38,Bravo,Technician
E105264,2025-02-20 08:09:00,MX-102,Line-A,morning,Warning,VibrationTrend,low,10,0,0,Charlie,Engineer
E105253,2025-02-20 08:15:00,MX-102,Line-A,morning,Quality,DimensionDrift,medium,14,2,92,Alpha,Engineer
E105275,2025-02-20 08:24:00,MX-103,Line-B,morning,Setup,FixtureAdjustment,low,57,49,18,Bravo,Operator
E105223,2025-02-20 08:43:00,MX-102,Line-A,morning,Maintenance,Lubrication,low,77,51,49,Bravo,Operator
E105257,2025-02-20 08:58:00,MX-101,Line-A,morning,Setup,FixtureAdjustment,low,27,22,19,Bravo,Engineer
E105177,2025-02-20 09:09:00,MX-102,Line-A,morning,Warning,VibrationTrend,low,1,0,0,Delta,AutoReset
E105212,2025-02-20 10:12:00,MX-103,Line-B,morning,Warning,VibrationTrend,medium,4,0,0,Alpha,Technician
E105203,2025-02-20 10:15:00,MX-103,Line-B,morning,Maintenance,FilterChange,medium,23,17,13,Delta,AutoReset
E105243,2025-02-20 10:17:00,MX-202,Line-C,morning,Maintenance,Calibration,high,73,43,34,Charlie,Technician
E105188,2025-02-20 10:47:00,MX-201,Line-C,morning,Quality,MaterialMismatch,low,22,4,82,Charlie,Supervisor
E105222,2025-02-20 11:13:00,MX-103,Line-B,morning,Alarm,HighVibration,medium,94,64,129,Delta,Operator
E105235,2025-02-20 11:26:00,MX-102,Line-A,morning,Quality,SurfaceDefect,medium,16,0,74,Bravo,Operator
E105181,2025-02-20 11:51:00,MX-101,Line-A,morning,Alarm,HighVibration,medium,20,18,35,Charlie,Engineer
E105229,2025-02-20 11:56:00,MX-102,Line-A,morning,Warning,VibrationTrend,medium,11,1,0,Bravo,Technician
E105265,2025-02-20 11:59:00,MX-102,Line-A,morning,Setup,ToolChange,medium,73,59,63,Charlie,Supervisor
E105221,2025-02-20 11:59:00,MX-201,Line-C,morning,Alarm,HighVibration,high,16,11,17,Delta,Supervisor
E105249,2025-02-20 12:01:00,MX-101,Line-A,morning,Alarm,PressureDrop,high,97,60,73,Alpha,Technician
E105202,2025-02-20 12:06:00,MX-201,Line-C,morning,Quality,MaterialMismatch,high,8,1,41,Charlie,AutoReset
E105241,2025-02-20 12:18:00,MX-101,Line-A,morning,Setup,ToolChange,low,25,20,14,Bravo,Technician
E105194,2025-02-20 12:38:00,MX-201,Line-C,morning,Alarm,HighVibration,high,8,3,5,Delta,Technician
E105261,2025-02-20 12:45:00,MX-201,Line-C,morning,Warning,TempTrend,low,5,0,0,Bravo,Operator
E105240,2025-02-20 13:05:00,MX-201,Line-C,morning,Alarm,PressureDrop,medium,19,17,37,Bravo,Technician
E105217,2025-02-20 13:33:00,MX-101,Line-A,morning,Warning,TempTrend,low,1,0,0,Bravo,Technician
E105263,2025-02-20 13:49:00,MX-103,Line-B,morning,Quality,SurfaceDefect,medium,2,0,4,Delta,Technician
E105220,2025-02-20 13:55:00,MX-103,Line-B,morning,Quality,DimensionDrift,medium,20,4,116,Charlie,Technician
E105191,2025-02-20 13:57:00,MX-102,Line-A,morning,Warning,VibrationTrend,low,4,0,0,Bravo,AutoReset
E105233,2025-02-20 14:16:00,MX-202,Line-C,evening,Warning,EnergySpike,low,2,0,0,Charlie,Supervisor
E105269,2025-02-20 14:16:00,MX-101,Line-A,evening,Warning,VibrationTrend,high,5,0,0,Charlie,AutoReset
E105226,2025-02-20 15:16:00,MX-202,Line-C,evening,Quality,DimensionDrift,high,16,2,53,Delta,Supervisor
E105179,2025-02-20 15:17:00,MX-201,Line-C,evening,Quality,VisionReject,medium,4,0,27,Alpha,Engineer
E105254,2025-02-20 15:32:00,MX-101,Line-A,evening,Alarm,MotorOverload,medium,33,31,30,Charlie,Operator
E105192,2025-02-20 15:35:00,MX-103,Line-B,evening,Warning,EnergySpike,low,2,0,0,Delta,Technician
E105209,2025-02-20 15:39:00,MX-202,Line-C,evening,Quality,DimensionDrift,high,23,6,159,Bravo,Operator
E105213,2025-02-20 15:40:00,MX-103,Line-B,evening,Safety,GuardOpen,high,15,12,9,Alpha,Technician
E105247,2025-02-20 15:44:00,MX-101,Line-A,evening,Alarm,PressureDrop,medium,62,42,59,Alpha,Operator
E105204,2025-02-20 15:45:00,MX-101,Line-A,evening,Safety,GuardOpen,medium,32,16,6,Bravo,AutoReset
E105224,2025-02-20 16:00:00,MX-201,Line-C,evening,Maintenance,Lubrication,medium,124,59,20,Charlie,Supervisor
E105231,2025-02-20 16:08:00,MX-101,Line-A,evening,Alarm,HighVibration,medium,72,70,126,Bravo,Operator
E105216,2025-02-20 16:12:00,MX-101,Line-A,evening,Alarm,PressureDrop,medium,8,3,3,Alpha,Technician
E105207,2025-02-20 16:38:00,MX-101,Line-A,evening,Warning,VibrationTrend,low,19,1,0,Delta,AutoReset
E105174,2025-02-20 16:47:00,MX-101,Line-A,evening,Alarm,MotorOverload,high,55,49,71,Charlie,Engineer
E105196,2025-02-20 17:07:00,MX-103,Line-B,evening,Alarm,Overheat,critical,23,22,29,Bravo,Technician
E105193,2025-02-20 17:51:00,MX-202,Line-C,evening,Setup,ToolChange,medium,37,34,26,Delta,Operator
E105215,2025-02-20 18:38:00,MX-103,Line-B,evening,Quality,MaterialMismatch,medium,44,8,141,Delta,Supervisor
E105251,2025-02-20 18:50:00,MX-201,Line-C,evening,Warning,PressureTrend,medium,1,0,0,Charlie,Technician
E105219,2025-02-20 18:52:00,MX-201,Line-C,evening,Alarm,Overheat,high,48,31,46,Bravo,Technician
E105200,2025-02-20 19:11:00,MX-102,Line-A,evening,Alarm,MotorOverload,low,28,20,36,Bravo,Supervisor
E105225,2025-02-20 19:46:00,MX-102,Line-A,evening,Maintenance,Calibration,low,60,26,15,Delta,Technician
E105271,2025-02-20 19:47:00,MX-201,Line-C,evening,Alarm,SensorFailure,high,97,85,123,Bravo,Engineer
E105244,2025-02-20 19:52:00,MX-101,Line-A,evening,Alarm,SensorFailure,critical,26,20,20,Alpha,Technician
E105237,2025-02-20 20:12:00,MX-201,Line-C,evening,Warning,TempTrend,low,6,0,0,Charlie,Operator
E105272,2025-02-20 21:03:00,MX-102,Line-A,evening,Alarm,PressureDrop,high,18,8,8,Bravo,Technician
E105187,2025-02-20 21:22:00,MX-201,Line-C,evening,Maintenance,Inspection,high,19,9,7,Delta,Operator
E105198,2025-02-20 21:31:00,MX-201,Line-C,evening,Warning,VibrationTrend,low,7,0,0,Charlie,Operator
E105256,2025-02-20 21:40:00,MX-101,Line-A,evening,Warning,TempTrend,low,15,1,0,Alpha,Operator
E105195,2025-02-20 22:09:00,MX-102,Line-A,night,Setup,ToolChange,medium,15,13,2,Bravo,Operator
E105186,2025-02-20 22:27:00,MX-101,Line-A,night,Quality,VisionReject,high,28,0,73,Delta,Technician
E105236,2025-02-20 22:40:00,MX-102,Line-A,night,Alarm,PressureDrop,high,37,26,39,Bravo,Engineer
E105250,2025-02-20 23:01:00,MX-102,Line-A,night,Setup,ToolChange,low,45,34,7,Delta,Supervisor
E105183,2025-02-20 23:06:00,MX-101,Line-A,night,Alarm,SensorFailure,critical,22,14,26,Bravo,Operator
E105270,2025-02-20 23:09:00,MX-101,Line-A,night,Warning,EnergySpike,low,2,0,0,Alpha,AutoReset
E105190,2025-02-20 23:26:00,MX-202,Line-C,night,Warning,EnergySpike,low,16,2,0,Delta,Operator
E105262,2025-02-20 23:33:00,MX-202,Line-C,night,Warning,TempTrend,low,17,1,0,Alpha,Operator
E105176,2025-02-20 23:40:00,MX-103,Line-B,night,Alarm,Overheat,medium,64,32,68,Delta,Engineer
E105252,2025-02-20 23:46:00,MX-103,Line-B,night,Warning,TempTrend,low,11,1,0,Bravo,Operator
E105314,2025-02-21 00:03:00,MX-103,Line-B,night,Quality,VisionReject,medium,9,0,20,Bravo,AutoReset
E105383,2025-02-21 00:11:00,MX-101,Line-A,night,Maintenance,Lubrication,low,121,40,14,Delta,Engineer
E105405,2025-02-21 00:25:00,MX-102,Line-A,night,Quality,DimensionDrift,high,17,3,46,Alpha,Technician
E105415,2025-02-21 00:28:00,MX-201,Line-C,night,Quality,VisionReject,high,4,0,14,Bravo,AutoReset
E105401,2025-02-21 00:54:00,MX-201,Line-C,night,Maintenance,BearingReplacement,low,155,43,21,Delta,AutoReset
E105423,2025-02-21 00:55:00,MX-103,Line-B,night,Safety,GuardOpen,critical,16,14,17,Alpha,Operator
E105409,2025-02-21 00:58:00,MX-101,Line-A,night,Maintenance,Calibration,medium,64,28,7,Bravo,Technician
E105408,2025-02-21 01:00:00,MX-103,Line-B,night,Maintenance,Calibration,medium,175,64,36,Delta,Engineer
E105353,2025-02-21 01:06:00,MX-101,Line-A,night,Alarm,SensorFailure,high,82,40,80,Bravo,AutoReset
E105294,2025-02-21 01:07:00,MX-102,Line-A,night,Alarm,MotorOverload,medium,42,28,33,Alpha,Technician
E105429,2025-02-21 01:17:00,MX-102,Line-A,night,Setup,RecipeChange,low,60,59,63,Bravo,Technician
E105412,2025-02-21 01:22:00,MX-201,Line-C,night,Maintenance,BearingReplacement,medium,49,31,7,Alpha,Operator
E105339,2025-02-21 01:23:00,MX-101,Line-A,night,Setup,RecipeChange,low,26,23,24,Bravo,AutoReset
E105336,2025-02-21 01:47:00,MX-103,Line-B,night,Warning,VibrationTrend,low,2,0,0,Alpha,Technician
E105388,2025-02-21 02:03:00,MX-101,Line-A,night,Alarm,Overheat,high,64,29,52,Charlie,Engineer
E105313,2025-02-21 02:08:00,MX-201,Line-C,night,Maintenance,FilterChange,medium,68,24,16,Bravo,AutoReset
E105356,2025-02-21 02:15:00,MX-202,Line-C,night,Alarm,HighVibration,high,33,29,34,Bravo,Operator
E105319,2025-02-21 02:22:00,MX-202,Line-C,night,Warning,EnergySpike,low,8,0,0,Alpha,Technician
E105343,2025-02-21 02:36:00,MX-102,Line-A,night,Alarm,Overheat,critical,10,4,8,Bravo,Engineer
E105426,2025-02-21 02:53:00,MX-102,Line-A,night,Alarm,PressureDrop,critical,6,5,3,Alpha,Engineer
E105301,2025-02-21 03:08:00,MX-101,Line-A,night,Maintenance,FilterChange,medium,93,57,37,Charlie,AutoReset
E105363,2025-02-21 03:15:00,MX-103,Line-B,night,Warning,EnergySpike,low,3,0,0,Alpha,Technician
E105362,2025-02-21 03:21:00,MX-102,Line-A,night,Warning,PressureTrend,medium,14,0,0,Charlie,Engineer
E105342,2025-02-21 03:45:00,MX-201,Line-C,night,Quality,SurfaceDefect,high,10,0,24,Alpha,AutoReset
E105311,2025-02-21 03:47:00,MX-102,Line-A,night,Warning,VibrationTrend,medium,8,0,0,Bravo,Operator
E105354,2025-02-21 03:58:00,MX-102,Line-A,night,Alarm,HighVibration,low,61,49,66,Bravo,Engineer
E105371,2025-02-21 04:07:00,MX-101,Line-A,night,Setup,RecipeChange,low,42,38,12,Delta,Operator
E105305,2025-02-21 04:10:00,MX-103,Line-B,night,Alarm,SensorFailure,medium,58,46,66,Bravo,Technician
E105404,2025-02-21 04:25:00,MX-201,Line-C,night,Quality,SurfaceDefect,medium,16,2,46,Bravo,Engineer
E105293,2025-02-21 04:30:00,MX-101,Line-A,night,Setup,FixtureAdjustment,low,36,27,9,Delta,AutoReset
E105394,2025-02-21 04:43:00,MX-103,Line-B,night,Alarm,MotorOverload,high,58,26,46,Charlie,Operator
E105304,2025-02-21 05:00:00,MX-201,Line-C,night,Alarm,SensorFailure,high,32,26,19,Alpha,Technician
E105278,2025-02-21 05:01:00,MX-103,Line-B,night,Alarm,Overheat,high,34,19,37,Delta,Engineer
E105325,2025-02-21 05:01:00,MX-103,Line-B,night,Alarm,HighVibration,critical,54,34,58,Bravo,Technician
E105303,2025-02-21 05:08:00,MX-201,Line-C,night,Maintenance,BearingReplacement,low,68,53,21,Bravo,Engineer
E105369,2025-02-21 05:08:00,MX-202,Line-C,night,Warning,VibrationTrend,low,6,0,0,Delta,Engineer
E105327,2025-02-21 05:17:00,MX-101,Line-A,night,Quality,MaterialMismatch,high,10,1,30,Alpha,Technician
E105396,2025-02-21 05:36:00,MX-202,Line-C,night,Maintenance,FilterChange,low,44,26,5,Alpha,Engineer
E105277,2025-02-21 05:37:00,MX-201,Line-C,night,Alarm,Overheat,high,57,37,39,Alpha,Operator
E105290,2025-02-21 05:58:00,MX-201,Line-C,night,Alarm,PressureDrop,medium,37,27,55,Alpha,Operator
E105420,2025-02-21 06:05:00,MX-201,Line-C,morning,Warning,PressureTrend,low,6,0,0,Alpha,Engineer
E105385,2025-02-21 06:31:00,MX-201,Line-C,morning,Maintenance,BearingReplacement,low,60,30,26,Delta,Supervisor
E105316,2025-02-21 06:37:00,MX-102,Line-A,morning,Maintenance,Inspection,low,45,12,5,Alpha,Technician
E105320,2025-02-21 06:40:00,MX-102,Line-A,morning,Quality,MaterialMismatch,medium,27,4,122,Bravo,Operator
E105406,2025-02-21 06:41:00,MX-102,Line-A,morning,Quality,SurfaceDefect,high,24,3,167,Alpha,AutoReset
E105284,2025-02-21 06:45:00,MX-201,Line-C,morning,Safety,DoorInterlock,medium,20,16,5,Charlie,AutoReset
E105338,2025-02-21 07:02:00,MX-202,Line-C,morning,Maintenance,Inspection,low,108,72,52,Alpha,Technician
E105335,2025-02-21 07:04:00,MX-101,Line-A,morning,Setup,ToolChange,low,8,5,1,Bravo,Operator
E105361,2025-02-21 07:20:00,MX-103,Line-B,morning,Maintenance,Lubrication,medium,51,20,4,Delta,AutoReset
E105333,2025-02-21 07:22:00,MX-102,Line-A,morning,Setup,ToolChange,low,25,22,9,Bravo,Technician
E105403,2025-02-21 07:28:00,MX-202,Line-C,morning,Maintenance,FilterChange,low,93,46,41,Delta,Technician
E105413,2025-02-21 07:28:00,MX-101,Line-A,morning,Warning,VibrationTrend,low,16,0,0,Charlie,Technician
E105422,2025-02-21 07:32:00,MX-103,Line-B,morning,Maintenance,BearingReplacement,low,60,35,15,Bravo,AutoReset
E105285,2025-02-21 07:33:00,MX-201,Line-C,morning,Warning,TempTrend,medium,7,0,0,Alpha,AutoReset
E105346,2025-02-21 07:43:00,MX-101,Line-A,morning,Alarm,PressureDrop,high,8,5,9,Alpha,Supervisor
E105419,2025-02-21 07:49:00,MX-102,Line-A,morning,Warning,VibrationTrend,medium,5,0,0,Charlie,Engineer
E105332,2025-02-21 08:02:00,MX-102,Line-A,morning,Quality,SurfaceDefect,low,19,4,126,Bravo,AutoReset
E105381,2025-02-21 08:06:00,MX-103,Line-B,morning,Alarm,SensorFailure,medium,38,31,50,Alpha,Operator
E105397,2025-02-21 08:39:00,MX-101,Line-A,morning,Warning,EnergySpike,medium,3,0,0,Bravo,Technician
E105364,2025-02-21 08:40:00,MX-102,Line-A,morning,Warning,PressureTrend,medium,4,0,0,Alpha,Engineer
E105392,2025-02-21 09:07:00,MX-101,Line-A,morning,Warning,VibrationTrend,low,2,0,0,Charlie,Engineer
E105427,2025-02-21 09:13:00,MX-101,Line-A,morning,Warning,PressureTrend,low,6,0,0,Delta,Operator
E105349,2025-02-21 09:14:00,MX-101,Line-A,morning,Alarm,Overheat,high,32,18,38,Charlie,Technician
E105407,2025-02-21 09:14:00,MX-101,Line-A,morning,Safety,DoorInterlock,critical,4,3,4,Alpha,Operator
E105330,2025-02-21 09:31:00,MX-103,Line-B,morning,Maintenance,Inspection,low,73,32,21,Bravo,Engineer
E105377,2025-02-21 09:34:00,MX-103,Line-B,morning,Alarm,MotorOverload,critical,60,56,48,Charlie,AutoReset
E105376,2025-02-21 09:41:00,MX-101,Line-A,morning,Alarm,MotorOverload,high,99,52,64,Delta,Technician
E105306,2025-02-21 09:46:00,MX-102,Line-A,morning,Warning,VibrationTrend,medium,13,0,0,Charlie,Technician
E105288,2025-02-21 10:11:00,MX-102,Line-A,morning,Quality,DimensionDrift,high,8,2,20,Bravo,Technician
E105400,2025-02-21 10:12:00,MX-201,Line-C,morning,Warning,TempTrend,medium,1,0,0,Delta,Engineer
E105312,2025-02-21 10:29:00,MX-102,Line-A,morning,Warning,EnergySpike,low,11,1,0,Charlie,Engineer
E105347,2025-02-21 10:37:00,MX-102,Line-A,morning,Warning,VibrationTrend,medium,21,0,0,Alpha,Engineer
E105375,2025-02-21 10:40:00,MX-101,Line-A,morning,Safety,DoorInterlock,medium,32,31,15,Delta,Technician
E105367,2025-02-21 10:42:00,MX-102,Line-A,morning,Safety,GuardOpen,medium,12,7,5,Charlie,Operator
E105414,2025-02-21 10:42:00,MX-101,Line-A,morning,Maintenance,Inspection,low,71,23,9,Bravo,Technician
E105326,2025-02-21 10:55:00,MX-101,Line-A,morning,Maintenance,Lubrication,medium,108,86,62,Delta,Engineer
E105399,2025-02-21 10:56:00,MX-102,Line-A,morning,Quality,SurfaceDefect,medium,26,3,173,Bravo,Operator
E105431,2025-02-21 10:56:00,MX-102,Line-A,morning,Maintenance,FilterChange,medium,55,33,10,Charlie,AutoReset
E105345,2025-02-21 11:20:00,MX-102,Line-A,morning,Maintenance,Lubrication,high,79,32,13,Bravo,Technician
E105283,2025-02-21 11:31:00,MX-103,Line-B,morning,Maintenance,Calibration,low,70,25,24,Alpha,AutoReset
E105373,2025-02-21 11:34:00,MX-101,Line-A,morning,Safety,EStop,high,20,19,8,Delta,Engineer
E105291,2025-02-21 11:58:00,MX-101,Line-A,morning,Warning,PressureTrend,medium,5,0,0,Charlie,AutoReset
E105410,2025-02-21 11:59:00,MX-201,Line-C,morning,Quality,DimensionDrift,high,27,3,71,Bravo,Engineer
E105296,2025-02-21 12:05:00,MX-101,Line-A,morning,Warning,TempTrend,high,1,0,0,Charlie,Technician
E105334,2025-02-21 12:39:00,MX-102,Line-A,morning,Maintenance,BearingReplacement,medium,73,23,10,Bravo,AutoReset
E105355,2025-02-21 12:39:00,MX-102,Line-A,morning,Alarm,SensorFailure,high,11,8,6,Bravo,Engineer
E105300,2025-02-21 12:50:00,MX-101,Line-A,morning,Warning,EnergySpike,low,13,0,0,Alpha,Technician
E105310,2025-02-21 13:11:00,MX-201,Line-C,morning,Warning,PressureTrend,low,3,0,0,Delta,Operator
E105389,2025-02-21 13:22:00,MX-103,Line-B,morning,Warning,TempTrend,medium,3,0,0,Charlie,Operator
E105337,2025-02-21 13:34:00,MX-201,Line-C,morning,Alarm,Overheat,low,88,84,142,Charlie,AutoReset
E105378,2025-02-21 13:36:00,MX-102,Line-A,morning,Safety,DoorInterlock,high,51,39,30,Delta,Engineer
E105393,2025-02-21 13:48:00,MX-202,Line-C,morning,Warning,VibrationTrend,medium,2,0,0,Delta,Technician
E105360,2025-02-21 14:11:00,MX-201,Line-C,evening,Alarm,SensorFailure,high,56,44,37,Bravo,AutoReset
E105402,2025-02-21 14:11:00,MX-101,Line-A,evening,Warning,EnergySpike,low,11,0,0,Delta,Technician
E105350,2025-02-21 14:15:00,MX-201,Line-C,evening,Alarm,PressureDrop,critical,9,8,10,Charlie,Engineer
E105302,2025-02-21 14:22:00,MX-201,Line-C,evening,Alarm,MotorOverload,medium,9,6,11,Delta,Engineer
E105307,2025-02-21 15:00:00,MX-202,Line-C,evening,Maintenance,Calibration,medium,111,79,76,Delta,Operator
E105398,2025-02-21 15:02:00,MX-201,Line-C,evening,Warning,VibrationTrend,medium,21,2,1,Delta,Engineer
E105387,2025-02-21 15:11:00,MX-202,Line-C,evening,Alarm,HighVibration,critical,67,47,71,Charlie,Technician
E105286,2025-02-21 15:14:00,MX-102,Line-A,evening,Maintenance,Inspection,medium,44,33,26,Alpha,Engineer
E105382,2025-02-21 15:15:00,MX-103,Line-B,evening,Alarm,HighVibration,low,20,17,31,Alpha,Technician
E105384,2025-02-21 15:17:00,MX-102,Line-A,evening,Alarm,Overheat,medium,68,67,66,Charlie,Technician
E105308,2025-02-21 15:34:00,MX-101,Line-A,evening,Quality,DimensionDrift,medium,7,0,19,Bravo,Technician
E105416,2025-02-21 15:41:00,MX-201,Line-C,evening,Alarm,MotorOverload,high,38,27,54,Alpha,Supervisor
E105358,2025-02-21 15:49:00,MX-202,Line-C,evening,Warning,TempTrend,low,15,0,0,Delta,Operator
E105417,2025-02-21 15:59:00,MX-101,Line-A,evening,Setup,ToolChange,low,22,17,16,Alpha,Technician
E105395,2025-02-21 16:02:00,MX-101,Line-A,evening,Safety,DoorInterlock,critical,26,13,9,Delta,Technician
E105424,2025-02-21 16:09:00,MX-101,Line-A,evening,Setup,RecipeChange,low,47,40,15,Delta,Engineer
E105287,2025-02-21 16:39:00,MX-102,Line-A,evening,Warning,PressureTrend,low,11,0,0,Alpha,Engineer
E105379,2025-02-21 17:04:00,MX-103,Line-B,evening,Warning,EnergySpike,low,3,0,0,Charlie,Technician
E105281,2025-02-21 17:08:00,MX-101,Line-A,evening,Warning,PressureTrend,medium,8,1,0,Delta,AutoReset
E105324,2025-02-21 17:11:00,MX-201,Line-C,evening,Warning,VibrationTrend,medium,3,0,0,Charlie,Technician
E105279,2025-02-21 17:12:00,MX-103,Line-B,evening,Warning,PressureTrend,low,14,0,0,Charlie,Technician
E105418,2025-02-21 17:23:00,MX-102,Line-A,evening,Alarm,PressureDrop,high,15,10,12,Bravo,Supervisor
E105292,2025-02-21 17:33:00,MX-101,Line-A,evening,Maintenance,FilterChange,low,70,42,9,Charlie,AutoReset
E105365,2025-02-21 17:38:00,MX-103,Line-B,evening,Maintenance,Lubrication,low,59,25,24,Alpha,AutoReset
E105344,2025-02-21 17:45:00,MX-201,Line-C,evening,Warning,VibrationTrend,low,9,1,0,Bravo,Technician
E105357,2025-02-21 17:48:00,MX-101,Line-A,evening,Warning,VibrationTrend,high,3,0,0,Delta,Engineer
E105391,2025-02-21 17:48:00,MX-101,Line-A,evening,Warning,TempTrend,low,6,0,0,Bravo,Engineer
E105380,2025-02-21 18:02:00,MX-202,Line-C,evening,Setup,RecipeChange,low,30,25,17,Delta,Operator
E105315,2025-02-21 18:03:00,MX-201,Line-C,evening,Quality,DimensionDrift,medium,22,4,56,Charlie,Engineer
E105297,2025-02-21 18:04:00,MX-202,Line-C,evening,Alarm,Overheat,critical,97,60,75,Delta,Engineer
E105374,2025-02-21 18:24:00,MX-201,Line-C,evening,Maintenance,BearingReplacement,low,157,83,66,Delta,AutoReset
E105386,2025-02-21 18:45:00,MX-201,Line-C,evening,Alarm,Overheat,critical,50,38,57,Charlie,AutoReset
E105309,2025-02-21 18:46:00,MX-103,Line-B,evening,Warning,TempTrend,medium,1,0,0,Alpha,AutoReset
E105323,2025-02-21 18:50:00,MX-103,Line-B,evening,Maintenance,Calibration,low,55,20,14,Alpha,Supervisor
E105322,2025-02-21 18:54:00,MX-102,Line-A,evening,Warning,EnergySpike,medium,11,1,0,Alpha,Technician
E105329,2025-02-21 18:59:00,MX-102,Line-A,evening,Alarm,SensorFailure,medium,69,53,53,Delta,Engineer
E105328,2025-02-21 19:06:00,MX-103,Line-B,evening,Alarm,PressureDrop,high,105,83,164,Alpha,Operator
E105331,2025-02-21 19:24:00,MX-102,Line-A,evening,Warning,EnergySpike,high,10,0,0,Alpha,Operator
E105411,2025-02-21 19:24:00,MX-202,Line-C,evening,Alarm,Overheat,medium,32,22,43,Delta,AutoReset
E105295,2025-02-21 19:37:00,MX-202,Line-C,evening,Warning,TempTrend,low,2,0,0,Alpha,Engineer
E105276,2025-02-21 19:56:00,MX-201,Line-C,evening,Warning,EnergySpike,low,3,0,0,Bravo,Technician
E105351,2025-02-21 20:17:00,MX-102,Line-A,evening,Alarm,Overheat,high,42,39,83,Delta,AutoReset
E105340,2025-02-21 20:30:00,MX-202,Line-C,evening,Alarm,Overheat,critical,25,21,35,Alpha,Engineer
E105280,2025-02-21 20:30:00,MX-103,Line-B,evening,Alarm,Overheat,high,8,4,7,Delta,Technician
E105359,2025-02-21 20:34:00,MX-201,Line-C,evening,Quality,SurfaceDefect,medium,14,4,49,Alpha,Supervisor
E105425,2025-02-21 20:36:00,MX-202,Line-C,evening,Maintenance,Inspection,low,74,31,29,Alpha,Operator
E105370,2025-02-21 20:40:00,MX-101,Line-A,evening,Setup,ToolChange,medium,51,44,43,Bravo,Operator
E105428,2025-02-21 20:43:00,MX-103,Line-B,evening,Alarm,PressureDrop,medium,68,36,69,Delta,Technician
E105317,2025-02-21 20:46:00,MX-101,Line-A,evening,Warning,PressureTrend,medium,6,0,0,Bravo,Technician
E105352,2025-02-21 20:47:00,MX-201,Line-C,evening,Warning,EnergySpike,medium,3,0,0,Bravo,Technician
E105368,2025-02-21 20:56:00,MX-102,Line-A,evening,Warning,VibrationTrend,low,2,0,0,Bravo,AutoReset
E105366,2025-02-21 21:04:00,MX-102,Line-A,evening,Maintenance,BearingReplacement,low,74,54,30,Delta,Engineer
E105348,2025-02-21 21:22:00,MX-101,Line-A,evening,Safety,EStop,medium,16,12,3,Delta,Engineer
E105282,2025-02-21 21:33:00,MX-102,Line-A,evening,Maintenance,Lubrication,high,39,20,15,Charlie,Technician
E105421,2025-02-21 21:37:00,MX-101,Line-A,evening,Quality,MaterialMismatch,medium,5,1,25,Delta,Technician
E105299,2025-02-21 21:41:00,MX-202,Line-C,evening,Maintenance,FilterChange,medium,40,27,12,Bravo,Engineer
E105430,2025-02-21 22:25:00,MX-102,Line-A,night,Setup,RecipeChange,low,33,29,17,Delta,AutoReset
E105372,2025-02-21 22:32:00,MX-101,Line-A,night,Setup,ToolChange,low,32,23,12,Bravo,Technician
E105390,2025-02-21 22:32:00,MX-103,Line-B,night,Quality,SurfaceDefect,medium,11,0,52,Alpha,Technician
E105321,2025-02-21 22:35:00,MX-103,Line-B,night,Maintenance,Lubrication,low,52,21,14,Charlie,Technician
E105318,2025-02-21 22:58:00,MX-103,Line-B,night,Maintenance,Lubrication,medium,101,32,19,Alpha,Technician
E105341,2025-02-21 23:22:00,MX-101,Line-A,night,Warning,EnergySpike,medium,3,0,0,Charlie,Engineer
E105289,2025-02-21 23:31:00,MX-103,Line-B,night,Warning,EnergySpike,low,26,1,0,Alpha,Supervisor
E105298,2025-02-21 23:35:00,MX-101,Line-A,night,Warning,TempTrend,medium,7,0,0,Charlie,Supervisor
E105481,2025-02-22 00:13:00,MX-201,Line-C,night,Alarm,Overheat,high,35,20,25,Charlie,Engineer
E105438,2025-02-22 01:35:00,MX-102,Line-A,night,Setup,FixtureAdjustment,low,68,48,40,Charlie,Technician
E105450,2025-02-22 01:39:00,MX-201,Line-C,night,Safety,AreaBreach,high,34,27,15,Alpha,Operator
E105446,2025-02-22 01:53:00,MX-202,Line-C,night,Quality,VisionReject,medium,8,1,23,Bravo,Technician
E105455,2025-02-22 02:04:00,MX-202,Line-C,night,Quality,SurfaceDefect,medium,47,15,201,Bravo,Technician
E105449,2025-02-22 02:08:00,MX-101,Line-A,night,Safety,EStop,high,20,13,5,Bravo,Technician
E105516,2025-02-22 02:23:00,MX-202,Line-C,night,Quality,DimensionDrift,medium,16,2,107,Alpha,Operator
E105467,2025-02-22 02:43:00,MX-202,Line-C,night,Warning,TempTrend,low,15,0,0,Delta,Supervisor
E105503,2025-02-22 03:35:00,MX-101,Line-A,night,Warning,PressureTrend,low,18,2,1,Alpha,Operator
E105523,2025-02-22 03:44:00,MX-101,Line-A,night,Alarm,PressureDrop,high,29,21,28,Bravo,Engineer
E105435,2025-02-22 03:47:00,MX-101,Line-A,night,Alarm,HighVibration,medium,59,41,54,Delta,Technician
E105443,2025-02-22 04:09:00,MX-102,Line-A,night,Alarm,Overheat,medium,54,51,43,Bravo,Supervisor
E105459,2025-02-22 04:12:00,MX-101,Line-A,night,Maintenance,BearingReplacement,low,43,27,6,Delta,Operator
E105521,2025-02-22 04:17:00,MX-202,Line-C,night,Maintenance,Lubrication,low,127,88,64,Alpha,Engineer
E105491,2025-02-22 04:20:00,MX-202,Line-C,night,Quality,SurfaceDefect,high,22,7,86,Charlie,Technician
E105513,2025-02-22 04:44:00,MX-202,Line-C,night,Warning,PressureTrend,low,6,0,0,Alpha,Supervisor
E105477,2025-02-22 05:03:00,MX-102,Line-A,night,Quality,MaterialMismatch,medium,9,2,18,Bravo,Technician
E105487,2025-02-22 05:06:00,MX-202,Line-C,night,Maintenance,Calibration,low,76,54,37,Bravo,AutoReset
E105479,2025-02-22 05:19:00,MX-201,Line-C,night,Alarm,MotorOverload,medium,48,35,62,Alpha,Technician
E105510,2025-02-22 05:23:00,MX-102,Line-A,night,Maintenance,BearingReplacement,medium,28,8,3,Bravo,Supervisor
E105458,2025-02-22 05:27:00,MX-102,Line-A,night,Quality,SurfaceDefect,medium,15,1,70,Alpha,Operator
E105508,2025-02-22 05:33:00,MX-102,Line-A,night,Quality,DimensionDrift,high,7,1,36,Delta,Supervisor
E105507,2025-02-22 05:33:00,MX-103,Line-B,night,Maintenance,Lubrication,low,60,38,22,Alpha,AutoReset
E105434,2025-02-22 05:38:00,MX-202,Line-C,night,Warning,PressureTrend,high,1,0,0,Delta,Technician
E105480,2025-02-22 05:41:00,MX-101,Line-A,night,Quality,VisionReject,medium,17,0,57,Charlie,Operator
E105495,2025-02-22 06:12:00,MX-102,Line-A,morning,Safety,AreaBreach,critical,57,35,24,Bravo,Operator
E105469,2025-02-22 06:28:00,MX-201,Line-C,morning,Alarm,PressureDrop,medium,30,19,36,Delta,AutoReset
E105520,2025-02-22 06:40:00,MX-102,Line-A,morning,Setup,RecipeChange,medium,9,8,3,Bravo,Technician
E105478,2025-02-22 06:48:00,MX-103,Line-B,morning,Alarm,Overheat,medium,24,21,14,Charlie,AutoReset
E105448,2025-02-22 07:12:00,MX-103,Line-B,morning,Alarm,SensorFailure,high,29,15,16,Charlie,Engineer
E105436,2025-02-22 07:13:00,MX-201,Line-C,morning,Setup,RecipeChange,low,57,51,24,Bravo,Technician
E105499,2025-02-22 07:23:00,MX-201,Line-C,morning,Maintenance,Calibration,high,74,33,26,Alpha,Engineer
E105433,2025-02-22 07:31:00,MX-103,Line-B,morning,Warning,VibrationTrend,medium,1,0,0,Charlie,Technician
E105456,2025-02-22 08:09:00,MX-102,Line-A,morning,Warning,TempTrend,high,13,1,0,Bravo,Supervisor
E105514,2025-02-22 08:23:00,MX-102,Line-A,morning,Maintenance,Inspection,low,88,62,48,Charlie,Technician
E105506,2025-02-22 08:26:00,MX-201,Line-C,morning,Maintenance,FilterChange,high,64,29,25,Alpha,Technician
E105489,2025-02-22 08:55:00,MX-103,Line-B,morning,Warning,TempTrend,low,1,0,0,Charlie,Operator
E105492,2025-02-22 09:11:00,MX-101,Line-A,morning,Alarm,SensorFailure,high,37,25,26,Bravo,Engineer
E105486,2025-02-22 09:32:00,MX-202,Line-C,morning,Safety,EStop,medium,18,15,11,Alpha,Technician
E105496,2025-02-22 09:50:00,MX-201,Line-C,morning,Maintenance,FilterChange,medium,136,47,41,Alpha,Technician
E105471,2025-02-22 09:54:00,MX-201,Line-C,morning,Quality,DimensionDrift,medium,4,0,14,Charlie,AutoReset
E105488,2025-02-22 10:16:00,MX-101,Line-A,morning,Maintenance,BearingReplacement,medium,65,42,32,Delta,Technician
E105498,2025-02-22 10:29:00,MX-202,Line-C,morning,Quality,SurfaceDefect,medium,1,0,4,Delta,Operator
E105454,2025-02-22 10:44:00,MX-201,Line-C,morning,Setup,ToolChange,low,102,91,99,Delta,AutoReset
E105485,2025-02-22 10:45:00,MX-201,Line-C,morning,Setup,FixtureAdjustment,medium,22,19,4,Delta,AutoReset
E105518,2025-02-22 10:53:00,MX-202,Line-C,morning,Quality,SurfaceDefect,high,24,3,76,Alpha,Technician
E105497,2025-02-22 10:55:00,MX-103,Line-B,morning,Warning,PressureTrend,low,7,0,0,Alpha,Technician
E105475,2025-02-22 11:12:00,MX-202,Line-C,morning,Setup,RecipeChange,medium,46,44,19,Charlie,Technician
E105511,2025-02-22 11:20:00,MX-103,Line-B,morning,Alarm,MotorOverload,medium,17,10,7,Delta,AutoReset
E105476,2025-02-22 11:28:00,MX-101,Line-A,morning,Warning,EnergySpike,low,5,0,0,Bravo,Operator
E105464,2025-02-22 11:43:00,MX-101,Line-A,morning,Maintenance,Calibration,high,109,61,33,Charlie,Engineer
E105522,2025-02-22 12:09:00,MX-101,Line-A,morning,Maintenance,BearingReplacement,medium,61,15,12,Bravo,Operator
E105441,2025-02-22 12:28:00,MX-201,Line-C,morning,Quality,SurfaceDefect,high,31,0,66,Charlie,Operator
E105442,2025-02-22 12:35:00,MX-103,Line-B,morning,Warning,EnergySpike,low,20,2,0,Alpha,Operator
E105504,2025-02-22 12:42:00,MX-202,Line-C,morning,Warning,VibrationTrend,high,1,0,0,Charlie,Technician
E105512,2025-02-22 13:09:00,MX-103,Line-B,morning,Quality,SurfaceDefect,low,3,0,10,Delta,Technician
E105482,2025-02-22 13:46:00,MX-201,Line-C,morning,Warning,PressureTrend,low,26,0,0,Delta,Engineer
E105501,2025-02-22 13:51:00,MX-102,Line-A,morning,Alarm,PressureDrop,high,10,8,8,Alpha,Engineer
E105462,2025-02-22 14:11:00,MX-101,Line-A,evening,Setup,RecipeChange,low,21,16,4,Bravo,Technician
E105517,2025-02-22 14:12:00,MX-101,Line-A,evening,Warning,EnergySpike,low,1,0,0,Alpha,Technician
E105500,2025-02-22 14:48:00,MX-102,Line-A,evening,Setup,FixtureAdjustment,low,26,23,9,Bravo,Supervisor
E105468,2025-02-22 15:06:00,MX-102,Line-A,evening,Safety,DoorInterlock,high,13,12,16,Charlie,Technician
E105439,2025-02-22 16:05:00,MX-102,Line-A,evening,Alarm,MotorOverload,low,39,34,42,Delta,Operator
E105452,2025-02-22 16:13:00,MX-101,Line-A,evening,Warning,VibrationTrend,low,10,1,0,Bravo,Technician
E105502,2025-02-22 16:14:00,MX-101,Line-A,evening,Quality,DimensionDrift,medium,36,8,183,Charlie,Operator
E105453,2025-02-22 16:57:00,MX-201,Line-C,evening,Alarm,SensorFailure,high,42,23,26,Delta,Operator
E105437,2025-02-22 17:01:00,MX-102,Line-A,evening,Alarm,HighVibration,high,20,16,23,Bravo,Technician
E105483,2025-02-22 17:02:00,MX-102,Line-A,evening,Safety,GuardOpen,high,30,19,18,Delta,Technician
E105457,2025-02-22 17:25:00,MX-201,Line-C,evening,Alarm,MotorOverload,critical,62,47,68,Bravo,Engineer
E105474,2025-02-22 17:26:00,MX-102,Line-A,evening,Maintenance,BearingReplacement,low,68,38,34,Alpha,Technician
E105472,2025-02-22 18:03:00,MX-102,Line-A,evening,Quality,DimensionDrift,low,11,0,44,Bravo,Engineer
E105447,2025-02-22 18:06:00,MX-201,Line-C,evening,Alarm,HighVibration,high,57,46,91,Bravo,Technician
E105451,2025-02-22 18:33:00,MX-101,Line-A,evening,Maintenance,Calibration,medium,69,22,17,Bravo,AutoReset
E105473,2025-02-22 18:42:00,MX-101,Line-A,evening,Maintenance,FilterChange,low,76,56,25,Charlie,Operator
E105465,2025-02-22 19:03:00,MX-201,Line-C,evening,Alarm,PressureDrop,medium,55,40,29,Charlie,Operator
E105466,2025-02-22 20:00:00,MX-101,Line-A,evening,Warning,TempTrend,medium,7,0,0,Charlie,Engineer
E105515,2025-02-22 20:01:00,MX-201,Line-C,evening,Warning,PressureTrend,low,9,0,0,Delta,Engineer
E105490,2025-02-22 20:10:00,MX-201,Line-C,evening,Safety,GuardOpen,high,50,37,36,Charlie,Engineer
E105460,2025-02-22 20:24:00,MX-202,Line-C,evening,Quality,DimensionDrift,medium,7,2,27,Delta,Technician
E105519,2025-02-22 20:49:00,MX-103,Line-B,evening,Maintenance,BearingReplacement,low,83,64,47,Alpha,Operator
E105440,2025-02-22 21:05:00,MX-101,Line-A,evening,Alarm,HighVibration,high,48,24,30,Charlie,Technician
E105461,2025-02-22 21:32:00,MX-101,Line-A,evening,Alarm,PressureDrop,low,11,9,14,Charlie,AutoReset
E105463,2025-02-22 21:50:00,MX-202,Line-C,evening,Alarm,SensorFailure,high,49,40,85,Delta,AutoReset
E105505,2025-02-22 22:01:00,MX-101,Line-A,night,Alarm,SensorFailure,high,50,49,46,Bravo,Technician
E105494,2025-02-22 22:01:00,MX-101,Line-A,night,Quality,SurfaceDefect,medium,9,2,19,Bravo,Engineer
E105444,2025-02-22 22:02:00,MX-102,Line-A,night,Warning,EnergySpike,low,2,0,0,Charlie,Supervisor
E105470,2025-02-22 22:12:00,MX-103,Line-B,night,Maintenance,Calibration,low,32,17,8,Delta,Technician
E105432,2025-02-22 22:22:00,MX-201,Line-C,night,Setup,ToolChange,low,34,25,21,Alpha,Engineer
E105493,2025-02-22 23:13:00,MX-101,Line-A,night,Maintenance,Lubrication,low,8,4,2,Bravo,Supervisor
E105484,2025-02-22 23:21:00,MX-101,Line-A,night,Warning,PressureTrend,medium,7,0,0,Alpha,Technician
E105445,2025-02-22 23:53:00,MX-201,Line-C,night,Maintenance,BearingReplacement,low,103,34,19,Delta,Technician
E105509,2025-02-22 23:54:00,MX-101,Line-A,night,Maintenance,BearingReplacement,low,122,77,49,Charlie,Operator
E105526,2025-02-23 01:06:00,MX-103,Line-B,night,Alarm,PressureDrop,high,76,69,91,Delta,Engineer
E105558,2025-02-23 01:30:00,MX-101,Line-A,night,Warning,TempTrend,low,5,0,0,Delta,Operator
E105560,2025-02-23 02:36:00,MX-103,Line-B,night,Alarm,MotorOverload,low,27,21,30,Delta,Operator
E105527,2025-02-23 04:03:00,MX-201,Line-C,night,Alarm,Overheat,high,24,15,32,Alpha,Operator
E105536,2025-02-23 05:03:00,MX-101,Line-A,night,Alarm,HighVibration,high,70,45,91,Alpha,Supervisor
E105539,2025-02-23 05:33:00,MX-102,Line-A,night,Alarm,MotorOverload,high,70,49,37,Alpha,AutoReset
E105541,2025-02-23 05:58:00,MX-202,Line-C,night,Alarm,SensorFailure,high,90,70,129,Delta,Engineer
E105556,2025-02-23 06:39:00,MX-101,Line-A,morning,Quality,SurfaceDefect,medium,14,3,79,Delta,Operator
E105534,2025-02-23 06:55:00,MX-101,Line-A,morning,Setup,FixtureAdjustment,low,22,19,12,Bravo,Technician
E105562,2025-02-23 07:31:00,MX-101,Line-A,morning,Warning,TempTrend,low,2,0,0,Delta,Technician
E105532,2025-02-23 07:31:00,MX-201,Line-C,morning,Maintenance,Calibration,low,84,30,26,Delta,Supervisor
E105550,2025-02-23 09:01:00,MX-101,Line-A,morning,Warning,TempTrend,medium,5,0,0,Charlie,Technician
E105540,2025-02-23 09:29:00,MX-101,Line-A,morning,Warning,EnergySpike,medium,18,1,0,Charlie,AutoReset
E105544,2025-02-23 09:30:00,MX-103,Line-B,morning,Warning,PressureTrend,medium,24,0,0,Alpha,Technician
E105561,2025-02-23 10:18:00,MX-102,Line-A,morning,Warning,TempTrend,low,17,2,0,Alpha,Engineer
E105528,2025-02-23 10:36:00,MX-201,Line-C,morning,Setup,FixtureAdjustment,low,36,28,22,Delta,Technician
E105525,2025-02-23 11:40:00,MX-202,Line-C,morning,Maintenance,Lubrication,high,86,47,17,Bravo,Technician
E105524,2025-02-23 12:45:00,MX-103,Line-B,morning,Warning,VibrationTrend,low,3,0,0,Alpha,Technician
E105537,2025-02-23 13:27:00,MX-202,Line-C,morning,Safety,EStop,critical,17,15,8,Delta,Supervisor
E105548,2025-02-23 14:03:00,MX-202,Line-C,evening,Quality,DimensionDrift,medium,15,1,95,Alpha,Operator
E105552,2025-02-23 14:35:00,MX-101,Line-A,evening,Maintenance,Inspection,low,44,14,11,Alpha,AutoReset
E105555,2025-02-23 14:56:00,MX-102,Line-A,evening,Alarm,MotorOverload,high,51,26,19,Charlie,Technician
E105533,2025-02-23 15:14:00,MX-102,Line-A,evening,Alarm,HighVibration,high,34,21,37,Bravo,Operator
E105545,2025-02-23 15:20:00,MX-201,Line-C,evening,Setup,ToolChange,medium,49,37,8,Charlie,Engineer
E105559,2025-02-23 15:25:00,MX-102,Line-A,evening,Maintenance,FilterChange,medium,75,59,19,Charlie,Engineer
E105543,2025-02-23 15:26:00,MX-201,Line-C,evening,Maintenance,Calibration,low,112,56,40,Charlie,Engineer
E105538,2025-02-23 16:06:00,MX-202,Line-C,evening,Maintenance,Calibration,low,68,21,14,Alpha,Operator
E105547,2025-02-23 17:24:00,MX-102,Line-A,evening,Warning,TempTrend,low,1,0,0,Delta,Operator
E105546,2025-02-23 17:28:00,MX-201,Line-C,evening,Alarm,MotorOverload,high,9,5,4,Bravo,Operator
E105529,2025-02-23 17:40:00,MX-202,Line-C,evening,Maintenance,Calibration,medium,62,46,32,Alpha,Operator
E105530,2025-02-23 18:28:00,MX-202,Line-C,evening,Alarm,PressureDrop,medium,17,10,19,Charlie,Supervisor
E105554,2025-02-23 18:46:00,MX-202,Line-C,evening,Maintenance,BearingReplacement,medium,81,43,24,Bravo,Technician
E105542,2025-02-23 19:18:00,MX-102,Line-A,evening,Quality,DimensionDrift,high,7,0,26,Alpha,Operator
E105563,2025-02-23 19:34:00,MX-202,Line-C,evening,Alarm,HighVibration,low,80,69,120,Bravo,Operator
E105553,2025-02-23 20:17:00,MX-101,Line-A,evening,Warning,VibrationTrend,low,23,0,0,Charlie,Engineer
E105557,2025-02-23 20:37:00,MX-202,Line-C,evening,Warning,PressureTrend,medium,4,0,0,Bravo,Engineer
E105535,2025-02-23 22:16:00,MX-101,Line-A,night,Quality,VisionReject,medium,19,4,51,Delta,Technician
E105551,2025-02-23 22:27:00,MX-103,Line-B,night,Warning,VibrationTrend,low,8,0,0,Charlie,AutoReset
E105549,2025-02-23 23:07:00,MX-103,Line-B,night,Maintenance,BearingReplacement,high,116,29,26,Delta,Supervisor
E105531,2025-02-23 23:17:00,MX-202,Line-C,night,Maintenance,Calibration,medium,19,14,11,Bravo,Operator
E105565,2025-02-24 00:05:00,MX-201,Line-C,night,Setup,FixtureAdjustment,low,34,24,7,Alpha,AutoReset
E105599,2025-02-24 00:14:00,MX-102,Line-A,night,Maintenance,Inspection,low,120,44,29,Bravo,Operator
E105632,2025-02-24 00:22:00,MX-103,Line-B,night,Maintenance,Inspection,medium,128,34,23,Bravo,Supervisor
E105663,2025-02-24 00:27:00,MX-202,Line-C,night,Maintenance,Lubrication,low,77,29,19,Alpha,Technician
E105593,2025-02-24 00:34:00,MX-103,Line-B,night,Alarm,PressureDrop,high,45,44,64,Bravo,Operator
E105602,2025-02-24 00:34:00,MX-101,Line-A,night,Warning,EnergySpike,low,8,0,0,Bravo,Technician
E105640,2025-02-24 00:34:00,MX-202,Line-C,night,Maintenance,Calibration,medium,66,22,13,Alpha,Engineer
E105671,2025-02-24 00:53:00,MX-102,Line-A,night,Warning,TempTrend,low,10,0,0,Delta,Technician
E105638,2025-02-24 00:55:00,MX-201,Line-C,night,Warning,EnergySpike,low,11,0,0,Alpha,Engineer
E105624,2025-02-24 01:20:00,MX-201,Line-C,night,Quality,SurfaceDefect,high,12,0,29,Delta,Operator
E105677,2025-02-24 01:23:00,MX-102,Line-A,night,Warning,PressureTrend,low,4,0,0,Alpha,Operator
E105639,2025-02-24 01:25:00,MX-103,Line-B,night,Maintenance,Lubrication,medium,26,17,16,Alpha,Technician
E105597,2025-02-24 01:27:00,MX-101,Line-A,night,Safety,DoorInterlock,high,10,9,2,Charlie,Technician
E105625,2025-02-24 01:44:00,MX-201,Line-C,night,Maintenance,Lubrication,medium,44,28,23,Charlie,AutoReset
E105670,2025-02-24 02:05:00,MX-201,Line-C,night,Maintenance,FilterChange,low,48,35,22,Alpha,AutoReset
E105570,2025-02-24 02:07:00,MX-103,Line-B,night,Alarm,PressureDrop,medium,24,19,19,Charlie,AutoReset
E105572,2025-02-24 02:18:00,MX-102,Line-A,night,Warning,TempTrend,medium,4,0,0,Alpha,Engineer
E105610,2025-02-24 03:11:00,MX-103,Line-B,night,Alarm,SensorFailure,critical,119,55,47,Bravo,Operator
E105584,2025-02-24 03:18:00,MX-201,Line-C,night,Alarm,HighVibration,medium,43,39,74,Delta,Technician
E105661,2025-02-24 03:29:00,MX-101,Line-A,night,Warning,PressureTrend,low,9,1,0,Delta,AutoReset
E105583,2025-02-24 03:38:00,MX-103,Line-B,night,Quality,DimensionDrift,high,12,3,51,Bravo,Engineer
E105688,2025-02-24 03:45:00,MX-101,Line-A,night,Warning,TempTrend,medium,14,0,0,Charlie,Technician
E105566,2025-02-24 04:44:00,MX-101,Line-A,night,Maintenance,BearingReplacement,medium,81,60,18,Charlie,AutoReset
E105647,2025-02-24 05:00:00,MX-102,Line-A,night,Warning,PressureTrend,medium,15,0,0,Charlie,AutoReset
E105667,2025-02-24 05:07:00,MX-201,Line-C,night,Quality,MaterialMismatch,medium,15,1,34,Alpha,Operator
E105630,2025-02-24 05:35:00,MX-102,Line-A,night,Warning,PressureTrend,low,5,0,0,Charlie,Technician
E105577,2025-02-24 05:44:00,MX-103,Line-B,night,Warning,EnergySpike,medium,14,1,0,Bravo,Technician
E105646,2025-02-24 05:57:00,MX-102,Line-A,night,Quality,DimensionDrift,high,3,0,16,Charlie,AutoReset
E105676,2025-02-24 06:11:00,MX-201,Line-C,morning,Warning,EnergySpike,medium,14,1,0,Alpha,Technician
E105614,2025-02-24 06:18:00,MX-101,Line-A,morning,Maintenance,Calibration,medium,55,18,8,Charlie,Technician
E105659,2025-02-24 06:18:00,MX-103,Line-B,morning,Warning,TempTrend,medium,5,0,0,Bravo,Supervisor
E105626,2025-02-24 06:40:00,MX-102,Line-A,morning,Quality,SurfaceDefect,high,16,5,44,Bravo,Operator
E105652,2025-02-24 06:41:00,MX-102,Line-A,morning,Setup,RecipeChange,low,97,95,81,Charlie,Operator
E105666,2025-02-24 06:47:00,MX-103,Line-B,morning,Alarm,HighVibration,medium,19,14,11,Alpha,Technician
E105634,2025-02-24 07:11:00,MX-103,Line-B,morning,Warning,EnergySpike,low,6,0,0,Delta,Operator
E105648,2025-02-24 07:14:00,MX-202,Line-C,morning,Warning,TempTrend,low,11,0,0,Charlie,Technician
E105567,2025-02-24 07:30:00,MX-102,Line-A,morning,Quality,DimensionDrift,medium,9,2,44,Bravo,Operator
E105579,2025-02-24 07:30:00,MX-101,Line-A,morning,Alarm,MotorOverload,medium,27,15,19,Bravo,Technician
E105622,2025-02-24 07:32:00,MX-202,Line-C,morning,Quality,SurfaceDefect,high,6,0,22,Delta,Engineer
E105685,2025-02-24 07:40:00,MX-101,Line-A,morning,Alarm,PressureDrop,high,26,12,12,Delta,AutoReset
E105679,2025-02-24 08:04:00,MX-103,Line-B,morning,Setup,FixtureAdjustment,low,13,11,6,Bravo,AutoReset
E105636,2025-02-24 08:04:00,MX-101,Line-A,morning,Warning,EnergySpike,medium,4,0,0,Charlie,AutoReset
E105615,2025-02-24 08:31:00,MX-102,Line-A,morning,Maintenance,Lubrication,medium,58,36,35,Charlie,Technician
E105598,2025-02-24 08:50:00,MX-201,Line-C,morning,Alarm,HighVibration,critical,10,9,12,Charlie,Operator
E105582,2025-02-24 08:59:00,MX-201,Line-C,morning,Quality,DimensionDrift,high,17,1,49,Alpha,Technician
E105684,2025-02-24 09:41:00,MX-101,Line-A,morning,Warning,PressureTrend,low,5,0,0,Alpha,Engineer
E105673,2025-02-24 09:50:00,MX-101,Line-A,morning,Alarm,HighVibration,critical,34,25,47,Bravo,AutoReset
E105621,2025-02-24 09:54:00,MX-102,Line-A,morning,Alarm,HighVibration,high,13,12,16,Charlie,AutoReset
E105590,2025-02-24 10:10:00,MX-102,Line-A,morning,Alarm,MotorOverload,critical,48,25,39,Alpha,AutoReset
E105594,2025-02-24 10:38:00,MX-101,Line-A,morning,Maintenance,Calibration,medium,207,117,101,Bravo,Engineer
E105573,2025-02-24 10:41:00,MX-103,Line-B,morning,Setup,FixtureAdjustment,medium,39,28,21,Delta,Technician
E105578,2025-02-24 10:46:00,MX-101,Line-A,morning,Alarm,MotorOverload,critical,32,23,20,Delta,Engineer
E105585,2025-02-24 10:59:00,MX-102,Line-A,morning,Maintenance,Calibration,high,77,32,31,Alpha,Operator
E105611,2025-02-24 11:03:00,MX-201,Line-C,morning,Warning,VibrationTrend,low,1,0,0,Bravo,Engineer
E105581,2025-02-24 11:05:00,MX-103,Line-B,morning,Quality,MaterialMismatch,high,22,6,134,Alpha,Engineer
E105686,2025-02-24 11:06:00,MX-201,Line-C,morning,Maintenance,Calibration,low,90,60,50,Charlie,Technician
E105571,2025-02-24 11:14:00,MX-202,Line-C,morning,Safety,GuardOpen,medium,10,6,6,Bravo,Technician
E105589,2025-02-24 11:19:00,MX-103,Line-B,morning,Alarm,SensorFailure,high,41,21,37,Alpha,Operator
E105680,2025-02-24 11:20:00,MX-202,Line-C,morning,Maintenance,BearingReplacement,low,87,38,37,Alpha,Technician
E105601,2025-02-24 11:27:00,MX-102,Line-A,morning,Setup,ToolChange,medium,71,51,38,Bravo,AutoReset
E105654,2025-02-24 11:29:00,MX-103,Line-B,morning,Quality,MaterialMismatch,medium,13,0,46,Bravo,Engineer
E105633,2025-02-24 11:35:00,MX-102,Line-A,morning,Warning,TempTrend,low,3,0,0,Alpha,Supervisor
E105641,2025-02-24 11:49:00,MX-102,Line-A,morning,Alarm,PressureDrop,critical,37,26,45,Charlie,Technician
E105605,2025-02-24 11:53:00,MX-201,Line-C,morning,Alarm,MotorOverload,critical,41,18,14,Delta,AutoReset
E105603,2025-02-24 12:00:00,MX-103,Line-B,morning,Warning,VibrationTrend,medium,19,0,0,Charlie,Technician
E105588,2025-02-24 12:01:00,MX-103,Line-B,morning,Alarm,Overheat,high,32,22,24,Bravo,AutoReset
E105627,2025-02-24 12:20:00,MX-101,Line-A,morning,Alarm,SensorFailure,critical,25,16,21,Delta,Supervisor
E105606,2025-02-24 12:34:00,MX-201,Line-C,morning,Alarm,HighVibration,critical,17,16,32,Charlie,AutoReset
E105576,2025-02-24 12:43:00,MX-103,Line-B,morning,Warning,PressureTrend,low,8,0,0,Bravo,Supervisor
E105668,2025-02-24 12:46:00,MX-102,Line-A,morning,Maintenance,Inspection,high,67,39,33,Charlie,AutoReset
E105620,2025-02-24 13:06:00,MX-201,Line-C,morning,Alarm,MotorOverload,low,132,127,171,Delta,Technician
E105682,2025-02-24 13:09:00,MX-202,Line-C,morning,Setup,FixtureAdjustment,low,18,12,6,Bravo,AutoReset
E105649,2025-02-24 13:18:00,MX-101,Line-A,morning,Quality,MaterialMismatch,high,20,6,99,Alpha,Supervisor
E105596,2025-02-24 13:28:00,MX-202,Line-C,morning,Warning,TempTrend,low,8,0,0,Charlie,Engineer
E105674,2025-02-24 13:50:00,MX-201,Line-C,morning,Alarm,HighVibration,medium,17,7,5,Charlie,Operator
E105575,2025-02-24 14:02:00,MX-101,Line-A,evening,Alarm,MotorOverload,high,23,22,39,Alpha,Technician
E105651,2025-02-24 14:07:00,MX-103,Line-B,evening,Maintenance,Inspection,high,39,12,7,Charlie,Operator
E105612,2025-02-24 14:24:00,MX-103,Line-B,evening,Safety,AreaBreach,medium,32,22,19,Delta,Supervisor
E105678,2025-02-24 14:25:00,MX-103,Line-B,evening,Warning,EnergySpike,low,28,3,0,Alpha,Supervisor
E105580,2025-02-24 14:27:00,MX-101,Line-A,evening,Setup,RecipeChange,low,26,23,19,Delta,Technician
E105617,2025-02-24 14:28:00,MX-101,Line-A,evening,Setup,FixtureAdjustment,medium,16,12,6,Charlie,Technician
E105604,2025-02-24 14:28:00,MX-103,Line-B,evening,Maintenance,FilterChange,medium,76,24,12,Bravo,Supervisor
E105600,2025-02-24 14:28:00,MX-202,Line-C,evening,Alarm,Overheat,high,30,17,17,Alpha,Technician
E105644,2025-02-24 15:43:00,MX-202,Line-C,evening,Quality,SurfaceDefect,high,7,2,31,Bravo,Technician
E105665,2025-02-24 15:48:00,MX-101,Line-A,evening,Alarm,HighVibration,high,13,12,16,Charlie,Engineer
E105591,2025-02-24 15:59:00,MX-201,Line-C,evening,Quality,MaterialMismatch,medium,7,0,29,Delta,Operator
E105574,2025-02-24 16:06:00,MX-103,Line-B,evening,Maintenance,Inspection,high,75,34,23,Delta,Operator
E105689,2025-02-24 16:09:00,MX-202,Line-C,evening,Alarm,Overheat,high,59,58,90,Alpha,Engineer
E105658,2025-02-24 16:15:00,MX-201,Line-C,evening,Warning,TempTrend,low,6,0,0,Alpha,AutoReset
E105656,2025-02-24 16:21:00,MX-103,Line-B,evening,Quality,SurfaceDefect,medium,3,0,17,Alpha,Operator
E105655,2025-02-24 16:24:00,MX-101,Line-A,evening,Maintenance,FilterChange,medium,36,11,3,Alpha,Engineer
E105642,2025-02-24 16:33:00,MX-201,Line-C,evening,Setup,ToolChange,low,60,45,35,Charlie,Technician
E105628,2025-02-24 16:44:00,MX-202,Line-C,evening,Maintenance,FilterChange,medium,61,32,7,Delta,Technician
E105587,2025-02-24 16:45:00,MX-201,Line-C,evening,Warning,VibrationTrend,low,1,0,0,Charlie,Supervisor
E105608,2025-02-24 16:49:00,MX-102,Line-A,evening,Warning,VibrationTrend,low,8,0,0,Charlie,Engineer
E105595,2025-02-24 17:03:00,MX-102,Line-A,evening,Alarm,SensorFailure,medium,21,16,22,Alpha,Technician
E105631,2025-02-24 17:19:00,MX-202,Line-C,evening,Alarm,PressureDrop,low,32,24,42,Charlie,Supervisor
E105623,2025-02-24 17:37:00,MX-103,Line-B,evening,Quality,MaterialMismatch,medium,24,2,149,Delta,Technician
E105609,2025-02-24 17:53:00,MX-103,Line-B,evening,Maintenance,BearingReplacement,medium,119,73,35,Delta,AutoReset
E105616,2025-02-24 17:55:00,MX-102,Line-A,evening,Alarm,MotorOverload,high,92,57,120,Charlie,Operator
E105687,2025-02-24 17:57:00,MX-201,Line-C,evening,Maintenance,Inspection,medium,105,36,27,Bravo,Engineer
E105613,2025-02-24 18:18:00,MX-101,Line-A,evening,Setup,ToolChange,low,41,35,7,Delta,Operator
E105643,2025-02-24 18:42:00,MX-103,Line-B,evening,Warning,EnergySpike,low,1,0,0,Charlie,Engineer
E105675,2025-02-24 18:51:00,MX-101,Line-A,evening,Quality,DimensionDrift,medium,10,2,41,Bravo,AutoReset
E105660,2025-02-24 18:59:00,MX-201,Line-C,evening,Warning,EnergySpike,low,4,0,0,Bravo,Operator
E105662,2025-02-24 19:42:00,MX-102,Line-A,evening,Warning,PressureTrend,low,21,1,0,Delta,Technician
E105645,2025-02-24 19:49:00,MX-102,Line-A,evening,Maintenance,Inspection,low,105,59,20,Alpha,AutoReset
E105568,2025-02-24 20:04:00,MX-202,Line-C,evening,Quality,VisionReject,medium,4,1,27,Alpha,Engineer
E105664,2025-02-24 20:30:00,MX-201,Line-C,evening,Alarm,Overheat,critical,46,21,18,Charlie,AutoReset
E105618,2025-02-24 20:38:00,MX-101,Line-A,evening,Safety,DoorInterlock,high,9,6,3,Charlie,AutoReset
E105629,2025-02-24 21:00:00,MX-101,Line-A,evening,Maintenance,Lubrication,low,142,40,10,Delta,Technician
E105564,2025-02-24 21:03:00,MX-102,Line-A,evening,Warning,EnergySpike,low,2,0,0,Alpha,AutoReset
E105683,2025-02-24 21:11:00,MX-103,Line-B,evening,Alarm,PressureDrop,medium,42,35,36,Bravo,Technician
E105637,2025-02-24 21:50:00,MX-101,Line-A,evening,Alarm,SensorFailure,high,26,18,25,Bravo,Technician
E105569,2025-02-24 21:59:00,MX-103,Line-B,evening,Maintenance,BearingReplacement,medium,105,43,41,Bravo,AutoReset
E105592,2025-02-24 22:17:00,MX-102,Line-A,night,Maintenance,Calibration,medium,38,28,9,Bravo,Operator
E105619,2025-02-24 22:22:00,MX-101,Line-A,night,Quality,MaterialMismatch,medium,3,0,17,Delta,Technician
E105669,2025-02-24 22:31:00,MX-103,Line-B,night,Warning,PressureTrend,low,10,0,0,Delta,Technician
E105607,2025-02-24 22:32:00,MX-202,Line-C,night,Quality,MaterialMismatch,low,6,0,38,Charlie,Technician
E105635,2025-02-24 22:58:00,MX-202,Line-C,night,Quality,DimensionDrift,high,8,1,26,Charlie,Technician
E105657,2025-02-24 23:07:00,MX-201,Line-C,night,Warning,PressureTrend,medium,7,0,0,Delta,Supervisor
E105681,2025-02-24 23:08:00,MX-201,Line-C,night,Maintenance,Lubrication,medium,140,39,31,Alpha,Supervisor
E105586,2025-02-24 23:18:00,MX-201,Line-C,night,Warning,VibrationTrend,medium,27,2,1,Delta,Technician
E105650,2025-02-24 23:38:00,MX-101,Line-A,night,Setup,ToolChange,medium,101,96,55,Bravo,Technician
E105653,2025-02-24 23:38:00,MX-202,Line-C,night,Maintenance,BearingReplacement,medium,36,9,5,Charlie,AutoReset
E105672,2025-02-24 23:50:00,MX-202,Line-C,night,Setup,ToolChange,medium,64,50,43,Delta,Operator
E105778,2025-02-25 00:11:00,MX-102,Line-A,night,Quality,SurfaceDefect,high,13,2,26,Bravo,Supervisor
E105690,2025-02-25 00:24:00,MX-103,Line-B,night,Quality,DimensionDrift,low,2,0,6,Charlie,Technician
E105779,2025-02-25 00:33:00,MX-201,Line-C,night,Safety,EStop,critical,17,11,13,Alpha,Supervisor
E105711,2025-02-25 01:02:00,MX-201,Line-C,night,Alarm,MotorOverload,medium,24,18,34,Bravo,Operator
E105736,2025-02-25 01:05:00,MX-101,Line-A,night,Warning,EnergySpike,low,13,1,0,Charlie,Supervisor
E105744,2025-02-25 01:05:00,MX-102,Line-A,night,Warning,EnergySpike,medium,2,0,0,Delta,Supervisor
E105720,2025-02-25 01:10:00,MX-201,Line-C,night,Maintenance,BearingReplacement,low,180,47,26,Alpha,Operator
E105767,2025-02-25 01:26:00,MX-101,Line-A,night,Alarm,SensorFailure,high,9,7,9,Alpha,Technician
E105713,2025-02-25 01:49:00,MX-103,Line-B,night,Maintenance,BearingReplacement,low,98,66,17,Delta,AutoReset
E105765,2025-02-25 01:59:00,MX-201,Line-C,night,Alarm,Overheat,medium,31,20,24,Alpha,Technician
E105802,2025-02-25 02:02:00,MX-202,Line-C,night,Setup,FixtureAdjustment,low,18,16,9,Bravo,Operator
E105747,2025-02-25 02:08:00,MX-102,Line-A,night,Maintenance,Calibration,medium,26,8,3,Bravo,Engineer
E105757,2025-02-25 02:14:00,MX-201,Line-C,night,Alarm,PressureDrop,high,55,31,56,Delta,Technician
E105704,2025-02-25 02:17:00,MX-103,Line-B,night,Setup,FixtureAdjustment,low,43,32,18,Bravo,Technician
E105725,2025-02-25 02:34:00,MX-201,Line-C,night,Warning,VibrationTrend,low,14,1,0,Bravo,Technician
E105799,2025-02-25 02:47:00,MX-202,Line-C,night,Quality,DimensionDrift,high,6,1,12,Charlie,Engineer
E105797,2025-02-25 03:01:00,MX-202,Line-C,night,Quality,MaterialMismatch,medium,29,9,77,Delta,Technician
E105708,2025-02-25 03:03:00,MX-103,Line-B,night,Warning,EnergySpike,medium,9,0,0,Charlie,AutoReset
E105753,2025-02-25 03:08:00,MX-101,Line-A,night,Maintenance,Lubrication,low,64,36,18,Alpha,AutoReset
E105798,2025-02-25 03:27:00,MX-101,Line-A,night,Maintenance,Calibration,high,72,29,16,Bravo,AutoReset
E105703,2025-02-25 03:32:00,MX-201,Line-C,night,Quality,VisionReject,low,69,5,347,Alpha,AutoReset
E105743,2025-02-25 03:35:00,MX-201,Line-C,night,Warning,PressureTrend,low,3,0,0,Delta,Operator
E105774,2025-02-25 03:46:00,MX-202,Line-C,night,Setup,FixtureAdjustment,low,26,23,22,Delta,Technician
E105710,2025-02-25 03:46:00,MX-201,Line-C,night,Alarm,HighVibration,high,73,47,76,Bravo,Technician
E105712,2025-02-25 04:09:00,MX-103,Line-B,night,Quality,SurfaceDefect,high,3,0,6,Charlie,Operator
E105763,2025-02-25 04:15:00,MX-201,Line-C,night,Warning,PressureTrend,low,3,0,0,Bravo,AutoReset
E105776,2025-02-25 04:20:00,MX-201,Line-C,night,Warning,VibrationTrend,medium,7,0,0,Alpha,Technician
E105759,2025-02-25 04:21:00,MX-103,Line-B,night,Alarm,Overheat,medium,126,83,123,Charlie,Operator
E105794,2025-02-25 04:37:00,MX-102,Line-A,night,Quality,VisionReject,low,3,0,20,Alpha,Operator
E105702,2025-02-25 04:39:00,MX-201,Line-C,night,Safety,EStop,medium,32,26,28,Delta,AutoReset
E105789,2025-02-25 04:45:00,MX-102,Line-A,night,Quality,MaterialMismatch,medium,35,11,121,Delta,Engineer
E105700,2025-02-25 04:45:00,MX-103,Line-B,night,Alarm,Overheat,medium,78,54,75,Bravo,AutoReset
E105698,2025-02-25 04:55:00,MX-101,Line-A,night,Alarm,MotorOverload,high,48,28,56,Charlie,AutoReset
E105792,2025-02-25 04:57:00,MX-102,Line-A,night,Alarm,HighVibration,low,57,35,41,Bravo,AutoReset
E105782,2025-02-25 05:01:00,MX-201,Line-C,night,Alarm,SensorFailure,high,19,18,29,Alpha,AutoReset
E105746,2025-02-25 05:03:00,MX-102,Line-A,night,Warning,EnergySpike,low,9,0,0,Delta,Technician
E105745,2025-02-25 05:57:00,MX-102,Line-A,night,Safety,AreaBreach,high,35,30,14,Alpha,Supervisor
E105756,2025-02-25 06:12:00,MX-102,Line-A,morning,Warning,PressureTrend,low,5,0,0,Bravo,Supervisor
E105796,2025-02-25 06:26:00,MX-202,Line-C,morning,Alarm,PressureDrop,high,137,130,233,Bravo,AutoReset
E105766,2025-02-25 06:31:00,MX-103,Line-B,morning,Warning,TempTrend,medium,1,0,0,Bravo,Technician
E105751,2025-02-25 06:35:00,MX-101,Line-A,morning,Maintenance,Inspection,medium,43,28,6,Alpha,AutoReset
E105773,2025-02-25 06:53:00,MX-103,Line-B,morning,Quality,VisionReject,low,4,0,14,Charlie,Technician
E105740,2025-02-25 06:59:00,MX-102,Line-A,morning,Maintenance,FilterChange,low,136,108,57,Delta,Supervisor
E105715,2025-02-25 07:01:00,MX-101,Line-A,morning,Maintenance,BearingReplacement,low,129,80,55,Alpha,Operator
E105696,2025-02-25 07:07:00,MX-102,Line-A,morning,Maintenance,Lubrication,high,41,13,11,Delta,Supervisor
E105791,2025-02-25 07:17:00,MX-102,Line-A,morning,Quality,MaterialMismatch,medium,3,0,13,Bravo,Engineer
E105780,2025-02-25 08:08:00,MX-103,Line-B,morning,Quality,MaterialMismatch,low,39,10,209,Delta,Supervisor
E105709,2025-02-25 08:42:00,MX-202,Line-C,morning,Alarm,HighVibration,medium,51,48,36,Bravo,Technician
E105739,2025-02-25 08:54:00,MX-101,Line-A,morning,Quality,DimensionDrift,medium,12,3,59,Bravo,Technician
E105752,2025-02-25 09:02:00,MX-103,Line-B,morning,Alarm,PressureDrop,critical,87,76,106,Charlie,Engineer
E105775,2025-02-25 09:21:00,MX-202,Line-C,morning,Quality,SurfaceDefect,medium,20,2,123,Delta,Engineer
E105691,2025-02-25 09:26:00,MX-101,Line-A,morning,Warning,VibrationTrend,low,16,0,0,Bravo,Technician
E105781,2025-02-25 09:47:00,MX-101,Line-A,morning,Warning,VibrationTrend,low,12,1,0,Bravo,AutoReset
E105694,2025-02-25 09:49:00,MX-202,Line-C,morning,Setup,ToolChange,low,96,77,81,Bravo,AutoReset
E105735,2025-02-25 09:56:00,MX-101,Line-A,morning,Alarm,Overheat,high,18,10,8,Charlie,Engineer
E105692,2025-02-25 10:03:00,MX-102,Line-A,morning,Alarm,HighVibration,high,16,9,7,Delta,Engineer
E105693,2025-02-25 10:11:00,MX-202,Line-C,morning,Setup,FixtureAdjustment,low,83,82,59,Charlie,Technician
E105786,2025-02-25 10:14:00,MX-202,Line-C,morning,Alarm,PressureDrop,medium,64,38,57,Delta,AutoReset
E105714,2025-02-25 10:24:00,MX-201,Line-C,morning,Setup,ToolChange,low,57,45,44,Delta,AutoReset
E105800,2025-02-25 10:25:00,MX-101,Line-A,morning,Warning,VibrationTrend,medium,11,0,0,Bravo,Technician
E105784,2025-02-25 10:25:00,MX-103,Line-B,morning,Quality,VisionReject,high,1,0,2,Charlie,Technician
E105785,2025-02-25 10:32:00,MX-101,Line-A,morning,Alarm,MotorOverload,critical,7,5,6,Alpha,AutoReset
E105749,2025-02-25 11:09:00,MX-103,Line-B,morning,Alarm,Overheat,high,13,10,12,Bravo,Engineer
E105742,2025-02-25 11:27:00,MX-103,Line-B,morning,Alarm,HighVibration,medium,35,31,67,Delta,Operator
E105733,2025-02-25 11:27:00,MX-102,Line-A,morning,Warning,VibrationTrend,low,4,0,0,Charlie,AutoReset
E105724,2025-02-25 11:30:00,MX-201,Line-C,morning,Quality,SurfaceDefect,medium,3,0,13,Charlie,Operator
E105755,2025-02-25 11:35:00,MX-202,Line-C,morning,Alarm,HighVibration,high,30,19,29,Delta,Engineer
E105783,2025-02-25 11:37:00,MX-201,Line-C,morning,Warning,VibrationTrend,low,9,0,0,Bravo,Technician
E105717,2025-02-25 11:44:00,MX-102,Line-A,morning,Alarm,PressureDrop,high,14,10,20,Bravo,AutoReset
E105801,2025-02-25 11:53:00,MX-102,Line-A,morning,Warning,EnergySpike,medium,1,0,0,Charlie,Technician
E105695,2025-02-25 11:57:00,MX-202,Line-C,morning,Maintenance,Inspection,medium,115,67,64,Alpha,Operator
E105726,2025-02-25 12:01:00,MX-102,Line-A,morning,Alarm,SensorFailure,high,44,29,23,Delta,Operator
E105729,2025-02-25 12:11:00,MX-102,Line-A,morning,Maintenance,Inspection,high,27,19,7,Charlie,Engineer
E105750,2025-02-25 12:22:00,MX-101,Line-A,morning,Warning,PressureTrend,low,5,0,0,Charlie,Supervisor
E105718,2025-02-25 12:40:00,MX-201,Line-C,morning,Alarm,PressureDrop,critical,30,20,27,Alpha,Operator
E105722,2025-02-25 13:02:00,MX-101,Line-A,morning,Setup,FixtureAdjustment,low,28,22,11,Bravo,AutoReset
E105705,2025-02-25 13:03:00,MX-102,Line-A,morning,Setup,FixtureAdjustment,medium,33,26,9,Bravo,AutoReset
E105764,2025-02-25 13:17:00,MX-102,Line-A,morning,Alarm,Overheat,medium,12,7,14,Delta,Operator
E105806,2025-02-25 13:19:00,MX-202,Line-C,morning,Quality,MaterialMismatch,high,7,1,33,Alpha,Technician
E105790,2025-02-25 13:24:00,MX-101,Line-A,morning,Alarm,Overheat,high,40,39,42,Bravo,Operator
E105697,2025-02-25 13:50:00,MX-202,Line-C,morning,Warning,TempTrend,low,1,0,0,Delta,Engineer
E105770,2025-02-25 14:00:00,MX-101,Line-A,evening,Maintenance,FilterChange,low,88,60,23,Charlie,Operator
E105787,2025-02-25 14:11:00,MX-102,Line-A,evening,Setup,ToolChange,medium,35,31,10,Alpha,Operator
E105771,2025-02-25 14:13:00,MX-102,Line-A,evening,Warning,PressureTrend,medium,1,0,0,Bravo,Technician
E105716,2025-02-25 14:24:00,MX-103,Line-B,evening,Maintenance,Calibration,medium,64,26,9,Charlie,Engineer
E105730,2025-02-25 14:49:00,MX-103,Line-B,evening,Maintenance,Lubrication,medium,24,14,9,Bravo,Operator
E105701,2025-02-25 15:06:00,MX-202,Line-C,evening,Alarm,PressureDrop,critical,22,12,15,Charlie,Operator
E105734,2025-02-25 15:06:00,MX-102,Line-A,evening,Warning,EnergySpike,medium,1,0,0,Alpha,Supervisor
E105731,2025-02-25 15:33:00,MX-101,Line-A,evening,Setup,FixtureAdjustment,low,56,40,31,Alpha,AutoReset
E105728,2025-02-25 16:02:00,MX-101,Line-A,evening,Safety,AreaBreach,critical,36,29,12,Charlie,Operator
E105758,2025-02-25 16:12:00,MX-102,Line-A,evening,Quality,VisionReject,low,29,8,119,Alpha,Supervisor
E105699,2025-02-25 16:14:00,MX-202,Line-C,evening,Setup,RecipeChange,low,30,24,20,Alpha,Technician
E105761,2025-02-25 16:15:00,MX-102,Line-A,evening,Warning,PressureTrend,medium,7,0,0,Alpha,AutoReset
E105719,2025-02-25 16:16:00,MX-102,Line-A,evening,Alarm,MotorOverload,medium,36,23,38,Delta,AutoReset
E105788,2025-02-25 16:27:00,MX-101,Line-A,evening,Quality,VisionReject,high,2,0,10,Bravo,Technician
E105805,2025-02-25 16:29:00,MX-201,Line-C,evening,Warning,VibrationTrend,low,10,0,0,Bravo,Engineer
E105707,2025-02-25 16:31:00,MX-102,Line-A,evening,Maintenance,Inspection,low,63,25,11,Alpha,Technician
E105737,2025-02-25 17:43:00,MX-202,Line-C,evening,Maintenance,Lubrication,low,23,17,9,Bravo,Operator
E105768,2025-02-25 18:17:00,MX-201,Line-C,evening,Maintenance,Inspection,low,120,90,54,Charlie,Technician
E105732,2025-02-25 18:19:00,MX-101,Line-A,evening,Alarm,MotorOverload,high,24,16,22,Bravo,Operator
E105754,2025-02-25 18:49:00,MX-103,Line-B,evening,Quality,MaterialMismatch,low,14,3,81,Bravo,AutoReset
E105793,2025-02-25 19:13:00,MX-103,Line-B,evening,Setup,RecipeChange,low,86,60,62,Bravo,AutoReset
E105738,2025-02-25 19:20:00,MX-101,Line-A,evening,Setup,FixtureAdjustment,low,92,87,88,Charlie,Technician
E105804,2025-02-25 19:47:00,MX-103,Line-B,evening,Maintenance,Lubrication,low,20,10,5,Alpha,Technician
E105777,2025-02-25 19:57:00,MX-101,Line-A,evening,Warning,PressureTrend,low,17,2,0,Bravo,Supervisor
E105706,2025-02-25 20:03:00,MX-102,Line-A,evening,Setup,RecipeChange,low,18,14,3,Delta,Technician
E105760,2025-02-25 20:13:00,MX-101,Line-A,evening,Setup,FixtureAdjustment,medium,71,67,60,Alpha,Operator
E105741,2025-02-25 20:24:00,MX-102,Line-A,evening,Alarm,Overheat,medium,20,17,31,Bravo,Operator
E105723,2025-02-25 20:25:00,MX-202,Line-C,evening,Warning,EnergySpike,low,1,0,0,Alpha,Technician
E105721,2025-02-25 20:29:00,MX-201,Line-C,evening,Warning,EnergySpike,medium,4,0,0,Delta,Operator
E105762,2025-02-25 20:39:00,MX-201,Line-C,evening,Alarm,SensorFailure,high,6,3,3,Bravo,Operator
E105795,2025-02-25 21:17:00,MX-101,Line-A,evening,Warning,VibrationTrend,low,16,0,0,Bravo,Supervisor
E105748,2025-02-25 22:04:00,MX-102,Line-A,night,Quality,MaterialMismatch,medium,48,0,272,Delta,Supervisor
E105769,2025-02-25 22:15:00,MX-103,Line-B,night,Alarm,PressureDrop,high,65,37,43,Alpha,AutoReset
E105803,2025-02-25 22:56:00,MX-202,Line-C,night,Setup,FixtureAdjustment,low,8,7,4,Charlie,Operator
E105772,2025-02-25 23:13:00,MX-101,Line-A,night,Setup,RecipeChange,medium,43,31,29,Charlie,Technician
E105727,2025-02-25 23:55:00,MX-103,Line-B,night,Safety,DoorInterlock,high,42,21,23,Bravo,AutoReset
E105820,2025-02-26 00:07:00,MX-101,Line-A,night,Alarm,SensorFailure,medium,23,22,48,Charlie,Engineer
E105826,2025-02-26 00:13:00,MX-103,Line-B,night,Maintenance,BearingReplacement,low,34,20,19,Charlie,Operator
E105850,2025-02-26 00:36:00,MX-102,Line-A,night,Warning,PressureTrend,low,9,0,0,Delta,Operator
E105810,2025-02-26 00:41:00,MX-101,Line-A,night,Quality,DimensionDrift,high,8,0,52,Bravo,Technician
E105839,2025-02-26 00:41:00,MX-202,Line-C,night,Warning,TempTrend,low,5,0,0,Alpha,Operator
E105816,2025-02-26 00:42:00,MX-102,Line-A,night,Setup,RecipeChange,low,50,44,48,Delta,Operator
E105809,2025-02-26 00:43:00,MX-101,Line-A,night,Maintenance,Calibration,low,52,35,18,Alpha,AutoReset
E105870,2025-02-26 00:46:00,MX-201,Line-C,night,Alarm,PressureDrop,high,24,14,30,Delta,Technician
E105890,2025-02-26 00:53:00,MX-202,Line-C,night,Quality,SurfaceDefect,medium,9,0,56,Charlie,Technician
E105854,2025-02-26 00:59:00,MX-102,Line-A,night,Warning,PressureTrend,medium,14,1,0,Charlie,Technician
E105865,2025-02-26 01:07:00,MX-103,Line-B,night,Warning,VibrationTrend,low,18,1,0,Charlie,AutoReset
E105901,2025-02-26 01:18:00,MX-102,Line-A,night,Warning,TempTrend,medium,1,0,0,Bravo,Engineer
E105873,2025-02-26 01:27:00,MX-202,Line-C,night,Warning,EnergySpike,high,3,0,0,Alpha,Technician
E105862,2025-02-26 01:34:00,MX-103,Line-B,night,Setup,RecipeChange,medium,33,28,14,Charlie,Technician
E105863,2025-02-26 02:14:00,MX-201,Line-C,night,Setup,ToolChange,low,23,19,10,Bravo,Technician
E105827,2025-02-26 02:16:00,MX-202,Line-C,night,Warning,PressureTrend,low,7,0,0,Delta,Technician
E105892,2025-02-26 02:38:00,MX-202,Line-C,night,Maintenance,FilterChange,low,43,30,13,Bravo,AutoReset
E105906,2025-02-26 02:52:00,MX-102,Line-A,night,Safety,GuardOpen,medium,3,2,1,Delta,Technician
E105881,2025-02-26 02:57:00,MX-101,Line-A,night,Maintenance,Inspection,low,99,38,19,Bravo,Supervisor
E105861,2025-02-26 03:46:00,MX-101,Line-A,night,Alarm,PressureDrop,medium,44,34,58,Delta,Supervisor
E105897,2025-02-26 03:59:00,MX-102,Line-A,night,Alarm,MotorOverload,medium,62,58,98,Charlie,Engineer
E105895,2025-02-26 04:22:00,MX-202,Line-C,night,Maintenance,Inspection,high,52,13,2,Alpha,Technician
E105907,2025-02-26 04:32:00,MX-101,Line-A,night,Quality,VisionReject,low,65,1,295,Bravo,Technician
E105894,2025-02-26 05:00:00,MX-103,Line-B,night,Safety,DoorInterlock,critical,24,23,31,Alpha,Engineer
E105904,2025-02-26 05:02:00,MX-103,Line-B,night,Maintenance,Calibration,low,40,30,8,Bravo,Operator
E105830,2025-02-26 05:03:00,MX-202,Line-C,night,Warning,TempTrend,medium,15,1,0,Delta,Engineer
E105835,2025-02-26 05:11:00,MX-201,Line-C,night,Maintenance,Inspection,low,73,34,27,Bravo,Engineer
E105813,2025-02-26 05:46:00,MX-201,Line-C,night,Alarm,PressureDrop,high,17,13,12,Delta,AutoReset
E105842,2025-02-26 05:51:00,MX-201,Line-C,night,Quality,SurfaceDefect,medium,27,7,160,Alpha,Technician
E105886,2025-02-26 05:52:00,MX-103,Line-B,night,Quality,VisionReject,medium,10,2,58,Bravo,Technician
E105887,2025-02-26 05:56:00,MX-102,Line-A,night,Maintenance,Inspection,low,126,52,14,Charlie,Technician
E105905,2025-02-26 06:24:00,MX-102,Line-A,morning,Quality,MaterialMismatch,low,48,5,335,Charlie,AutoReset
E105821,2025-02-26 06:52:00,MX-101,Line-A,morning,Alarm,HighVibration,high,26,18,29,Charlie,Operator
E105893,2025-02-26 07:07:00,MX-101,Line-A,morning,Alarm,HighVibration,medium,34,22,25,Alpha,AutoReset
E105883,2025-02-26 07:50:00,MX-103,Line-B,morning,Maintenance,BearingReplacement,high,110,46,23,Alpha,Technician
E105822,2025-02-26 07:52:00,MX-102,Line-A,morning,Warning,TempTrend,low,6,0,0,Charlie,Operator
E105855,2025-02-26 07:59:00,MX-201,Line-C,morning,Warning,TempTrend,low,22,1,0,Delta,AutoReset
E105868,2025-02-26 08:10:00,MX-103,Line-B,morning,Alarm,SensorFailure,high,79,36,71,Alpha,Operator
E105853,2025-02-26 09:02:00,MX-101,Line-A,morning,Warning,PressureTrend,low,1,0,0,Charlie,Technician
E105824,2025-02-26 09:27:00,MX-103,Line-B,morning,Alarm,HighVibration,high,23,22,44,Delta,Supervisor
E105882,2025-02-26 09:32:00,MX-202,Line-C,morning,Quality,DimensionDrift,low,19,3,130,Delta,Technician
E105841,2025-02-26 10:15:00,MX-202,Line-C,morning,Safety,DoorInterlock,high,41,39,36,Alpha,Operator
E105836,2025-02-26 10:21:00,MX-103,Line-B,morning,Safety,EStop,critical,63,58,82,Bravo,Operator
E105844,2025-02-26 10:45:00,MX-101,Line-A,morning,Warning,VibrationTrend,low,8,0,0,Bravo,AutoReset
E105884,2025-02-26 11:35:00,MX-201,Line-C,morning,Alarm,Overheat,high,13,8,9,Alpha,Technician
E105812,2025-02-26 11:54:00,MX-102,Line-A,morning,Warning,PressureTrend,low,44,0,0,Charlie,Technician
E105900,2025-02-26 12:07:00,MX-201,Line-C,morning,Setup,ToolChange,low,40,37,15,Alpha,Operator
E105832,2025-02-26 12:12:00,MX-201,Line-C,morning,Setup,RecipeChange,low,28,24,18,Charlie,Operator
E105869,2025-02-26 12:40:00,MX-103,Line-B,morning,Maintenance,Lubrication,medium,133,96,26,Bravo,AutoReset
E105815,2025-02-26 12:53:00,MX-103,Line-B,morning,Quality,SurfaceDefect,high,4,0,19,Bravo,Operator
E105833,2025-02-26 12:57:00,MX-101,Line-A,morning,Maintenance,Inspection,high,85,32,28,Alpha,Technician
E105851,2025-02-26 13:13:00,MX-202,Line-C,morning,Maintenance,BearingReplacement,low,58,14,11,Bravo,Operator
E105807,2025-02-26 13:38:00,MX-201,Line-C,morning,Maintenance,FilterChange,medium,46,13,2,Bravo,Technician
E105899,2025-02-26 13:44:00,MX-103,Line-B,morning,Alarm,Overheat,medium,13,5,8,Alpha,Technician
E105808,2025-02-26 14:00:00,MX-201,Line-C,evening,Alarm,Overheat,high,19,14,28,Bravo,Engineer
E105903,2025-02-26 14:05:00,MX-202,Line-C,evening,Alarm,MotorOverload,high,61,59,98,Alpha,Supervisor
E105879,2025-02-26 14:43:00,MX-102,Line-A,evening,Alarm,HighVibration,critical,58,57,108,Bravo,Engineer
E105859,2025-02-26 15:18:00,MX-103,Line-B,evening,Alarm,Overheat,high,9,5,4,Delta,AutoReset
E105902,2025-02-26 15:29:00,MX-102,Line-A,evening,Warning,PressureTrend,low,15,1,0,Bravo,AutoReset
E105818,2025-02-26 15:30:00,MX-201,Line-C,evening,Warning,TempTrend,low,3,0,0,Charlie,Technician
E105829,2025-02-26 15:41:00,MX-101,Line-A,evening,Warning,EnergySpike,low,3,0,0,Charlie,Engineer
E105866,2025-02-26 15:47:00,MX-201,Line-C,evening,Warning,PressureTrend,low,39,5,2,Alpha,Operator
E105880,2025-02-26 16:07:00,MX-201,Line-C,evening,Maintenance,BearingReplacement,low,36,10,5,Charlie,Operator
E105849,2025-02-26 16:12:00,MX-101,Line-A,evening,Warning,EnergySpike,medium,1,0,0,Bravo,Technician
E105817,2025-02-26 16:14:00,MX-101,Line-A,evening,Warning,VibrationTrend,low,5,0,0,Charlie,Operator
E105814,2025-02-26 16:22:00,MX-103,Line-B,evening,Setup,ToolChange,medium,12,8,3,Charlie,AutoReset
E105875,2025-02-26 17:13:00,MX-201,Line-C,evening,Quality,DimensionDrift,medium,24,6,108,Bravo,Supervisor
E105874,2025-02-26 17:16:00,MX-103,Line-B,evening,Quality,MaterialMismatch,high,25,1,137,Delta,Supervisor
E105838,2025-02-26 17:21:00,MX-202,Line-C,evening,Maintenance,Lubrication,low,100,55,33,Bravo,Supervisor
E105819,2025-02-26 17:25:00,MX-202,Line-C,evening,Quality,MaterialMismatch,high,1,0,3,Bravo,Supervisor
E105840,2025-02-26 17:42:00,MX-201,Line-C,evening,Setup,FixtureAdjustment,low,25,20,10,Alpha,Engineer
E105878,2025-02-26 17:46:00,MX-102,Line-A,evening,Alarm,Overheat,medium,18,15,30,Bravo,Engineer
E105847,2025-02-26 17:58:00,MX-102,Line-A,evening,Warning,EnergySpike,medium,4,0,0,Charlie,Operator
E105864,2025-02-26 18:10:00,MX-101,Line-A,evening,Alarm,HighVibration,critical,61,57,63,Delta,Technician
E105891,2025-02-26 18:15:00,MX-101,Line-A,evening,Alarm,PressureDrop,critical,17,16,29,Delta,Supervisor
E105852,2025-02-26 18:44:00,MX-102,Line-A,evening,Quality,MaterialMismatch,high,30,2,169,Charlie,Engineer
E105885,2025-02-26 18:48:00,MX-103,Line-B,evening,Alarm,Overheat,critical,43,22,17,Bravo,Technician
E105872,2025-02-26 18:51:00,MX-101,Line-A,evening,Maintenance,Calibration,low,120,85,55,Bravo,AutoReset
E105896,2025-02-26 18:55:00,MX-102,Line-A,evening,Warning,VibrationTrend,low,2,0,0,Charlie,AutoReset
E105876,2025-02-26 18:55:00,MX-201,Line-C,evening,Warning,EnergySpike,medium,6,0,0,Bravo,Operator
E105860,2025-02-26 19:00:00,MX-201,Line-C,evening,Setup,ToolChange,medium,18,13,5,Charlie,Technician
E105898,2025-02-26 19:09:00,MX-102,Line-A,evening,Alarm,Overheat,high,13,6,6,Alpha,Supervisor
E105823,2025-02-26 19:09:00,MX-201,Line-C,evening,Alarm,HighVibration,high,64,35,52,Charlie,AutoReset
E105871,2025-02-26 19:18:00,MX-201,Line-C,evening,Alarm,PressureDrop,high,55,48,87,Alpha,Operator
E105889,2025-02-26 19:52:00,MX-201,Line-C,evening,Warning,PressureTrend,high,3,0,0,Charlie,AutoReset
E105856,2025-02-26 20:17:00,MX-103,Line-B,evening,Quality,SurfaceDefect,low,19,4,60,Charlie,Supervisor
E105846,2025-02-26 20:21:00,MX-202,Line-C,evening,Alarm,PressureDrop,high,40,39,28,Alpha,Technician
E105877,2025-02-26 20:57:00,MX-101,Line-A,evening,Warning,PressureTrend,low,2,0,0,Bravo,AutoReset
E105811,2025-02-26 21:00:00,MX-102,Line-A,evening,Setup,FixtureAdjustment,medium,60,46,43,Delta,AutoReset
E105867,2025-02-26 21:20:00,MX-202,Line-C,evening,Setup,ToolChange,low,24,19,6,Bravo,Operator
E105831,2025-02-26 21:34:00,MX-103,Line-B,evening,Alarm,PressureDrop,high,37,34,26,Charlie,Engineer
E105837,2025-02-26 21:49:00,MX-103,Line-B,evening,Maintenance,FilterChange,medium,10,4,2,Delta,Engineer
E105834,2025-02-26 21:54:00,MX-101,Line-A,evening,Maintenance,Lubrication,medium,99,78,71,Charlie,Technician
E105888,2025-02-26 22:00:00,MX-103,Line-B,night,Quality,DimensionDrift,low,8,2,18,Delta,Technician
E105848,2025-02-26 22:06:00,MX-201,Line-C,night,Warning,EnergySpike,high,11,0,0,Bravo,Operator
E105845,2025-02-26 22:30:00,MX-101,Line-A,night,Warning,VibrationTrend,low,7,0,0,Bravo,Operator
E105828,2025-02-26 22:34:00,MX-102,Line-A,night,Setup,ToolChange,low,51,37,34,Delta,Operator
E105857,2025-02-26 23:19:00,MX-202,Line-C,night,Quality,DimensionDrift,medium,15,0,63,Bravo,Technician
E105825,2025-02-26 23:24:00,MX-103,Line-B,night,Alarm,SensorFailure,high,24,21,17,Alpha,AutoReset
E105858,2025-02-26 23:27:00,MX-102,Line-A,night,Alarm,HighVibration,low,45,39,42,Alpha,Technician
E105843,2025-02-26 23:33:00,MX-101,Line-A,night,Alarm,SensorFailure,high,22,10,19,Bravo,Technician
E105985,2025-02-27 00:00:00,MX-102,Line-A,night,Quality,MaterialMismatch,low,21,5,48,Charlie,Operator
E105959,2025-02-27 00:26:00,MX-102,Line-A,night,Setup,FixtureAdjustment,medium,27,23,7,Alpha,Technician
E105980,2025-02-27 01:44:00,MX-202,Line-C,night,Safety,DoorInterlock,medium,33,17,7,Bravo,Technician
E105938,2025-02-27 02:20:00,MX-202,Line-C,night,Maintenance,Lubrication,high,88,22,14,Alpha,Operator
E105970,2025-02-27 02:27:00,MX-101,Line-A,night,Warning,TempTrend,low,1,0,0,Bravo,Operator
E105952,2025-02-27 02:41:00,MX-102,Line-A,night,Safety,GuardOpen,medium,25,16,9,Alpha,Supervisor
E105918,2025-02-27 02:42:00,MX-103,Line-B,night,Safety,DoorInterlock,medium,30,20,16,Delta,Operator
E105922,2025-02-27 02:53:00,MX-102,Line-A,night,Alarm,SensorFailure,high,80,53,66,Charlie,Technician
E105982,2025-02-27 02:54:00,MX-202,Line-C,night,Setup,FixtureAdjustment,low,44,40,38,Bravo,Operator
E105978,2025-02-27 03:09:00,MX-101,Line-A,night,Alarm,Overheat,medium,18,11,16,Bravo,Technician
E105921,2025-02-27 03:09:00,MX-201,Line-C,night,Maintenance,FilterChange,medium,50,21,20,Bravo,Supervisor
E105908,2025-02-27 03:19:00,MX-103,Line-B,night,Maintenance,FilterChange,medium,198,75,42,Alpha,Engineer
E105957,2025-02-27 03:20:00,MX-103,Line-B,night,Setup,RecipeChange,low,21,16,8,Bravo,AutoReset
E105927,2025-02-27 03:32:00,MX-102,Line-A,night,Warning,TempTrend,low,1,0,0,Charlie,Engineer
E105944,2025-02-27 03:40:00,MX-101,Line-A,night,Warning,TempTrend,low,3,0,0,Alpha,AutoReset
E105940,2025-02-27 04:13:00,MX-102,Line-A,night,Maintenance,FilterChange,medium,50,28,14,Alpha,Technician
E105936,2025-02-27 04:17:00,MX-103,Line-B,night,Alarm,PressureDrop,medium,41,22,15,Alpha,Technician
E105955,2025-02-27 04:17:00,MX-101,Line-A,night,Alarm,PressureDrop,medium,49,44,38,Charlie,AutoReset
E105963,2025-02-27 05:05:00,MX-102,Line-A,night,Maintenance,BearingReplacement,medium,65,17,16,Bravo,Technician
E105932,2025-02-27 05:12:00,MX-101,Line-A,night,Safety,EStop,high,47,24,21,Alpha,Operator
E105913,2025-02-27 05:18:00,MX-201,Line-C,night,Alarm,Overheat,low,39,18,23,Delta,Engineer
E105954,2025-02-27 05:52:00,MX-101,Line-A,night,Warning,TempTrend,low,21,0,0,Charlie,Technician
E105987,2025-02-27 05:59:00,MX-101,Line-A,night,Warning,EnergySpike,low,3,0,0,Bravo,Operator
E105924,2025-02-27 06:12:00,MX-202,Line-C,morning,Setup,RecipeChange,low,8,6,4,Alpha,Supervisor
E105958,2025-02-27 06:16:00,MX-202,Line-C,morning,Safety,GuardOpen,medium,73,55,69,Delta,AutoReset
E105977,2025-02-27 06:23:00,MX-102,Line-A,morning,Maintenance,Inspection,low,40,25,20,Charlie,Engineer
E105923,2025-02-27 06:29:00,MX-101,Line-A,morning,Alarm,PressureDrop,critical,116,76,64,Delta,Technician
E105986,2025-02-27 06:40:00,MX-201,Line-C,morning,Safety,DoorInterlock,medium,45,34,29,Bravo,Technician
E105965,2025-02-27 06:44:00,MX-201,Line-C,morning,Alarm,SensorFailure,medium,33,21,35,Alpha,AutoReset
E105979,2025-02-27 06:47:00,MX-102,Line-A,morning,Warning,TempTrend,low,20,2,1,Alpha,Engineer
E105950,2025-02-27 07:32:00,MX-101,Line-A,morning,Alarm,HighVibration,medium,18,13,22,Charlie,AutoReset
E105983,2025-02-27 07:41:00,MX-202,Line-C,morning,Setup,ToolChange,low,37,27,9,Alpha,AutoReset
E105967,2025-02-27 07:47:00,MX-101,Line-A,morning,Maintenance,FilterChange,high,52,37,22,Bravo,Engineer
E105930,2025-02-27 07:53:00,MX-101,Line-A,morning,Warning,TempTrend,medium,32,2,0,Delta,AutoReset
E105931,2025-02-27 08:55:00,MX-103,Line-B,morning,Setup,FixtureAdjustment,low,51,37,15,Charlie,Technician
E105910,2025-02-27 09:00:00,MX-103,Line-B,morning,Setup,ToolChange,low,8,5,2,Alpha,Engineer
E105976,2025-02-27 09:06:00,MX-101,Line-A,morning,Warning,VibrationTrend,low,3,0,0,Alpha,Technician
E105925,2025-02-27 09:09:00,MX-102,Line-A,morning,Quality,SurfaceDefect,medium,22,6,126,Delta,Technician
E105966,2025-02-27 09:14:00,MX-102,Line-A,morning,Maintenance,Inspection,low,72,28,18,Bravo,Engineer
E105935,2025-02-27 09:18:00,MX-201,Line-C,morning,Warning,PressureTrend,medium,9,0,0,Alpha,Technician
E105974,2025-02-27 09:20:00,MX-103,Line-B,morning,Maintenance,Calibration,low,62,35,33,Alpha,Technician
E105929,2025-02-27 09:53:00,MX-201,Line-C,morning,Setup,ToolChange,low,70,65,30,Bravo,Technician
E105916,2025-02-27 09:59:00,MX-202,Line-C,morning,Warning,VibrationTrend,low,3,0,0,Alpha,Technician
E105920,2025-02-27 10:03:00,MX-201,Line-C,morning,Setup,ToolChange,low,13,9,9,Alpha,Engineer
E105964,2025-02-27 10:09:00,MX-201,Line-C,morning,Maintenance,FilterChange,low,35,18,15,Alpha,Technician
E105909,2025-02-27 10:26:00,MX-202,Line-C,morning,Maintenance,Inspection,medium,24,17,8,Charlie,Operator
E105941,2025-02-27 10:53:00,MX-201,Line-C,morning,Alarm,SensorFailure,medium,36,25,33,Alpha,Supervisor
E105972,2025-02-27 11:20:00,MX-103,Line-B,morning,Alarm,SensorFailure,high,14,13,9,Charlie,Technician
E105934,2025-02-27 11:39:00,MX-102,Line-A,morning,Safety,AreaBreach,high,14,7,7,Delta,Technician
E105969,2025-02-27 12:05:00,MX-102,Line-A,morning,Alarm,MotorOverload,high,38,25,40,Alpha,Technician
E105912,2025-02-27 12:14:00,MX-201,Line-C,morning,Warning,PressureTrend,medium,6,0,0,Delta,Technician
E105971,2025-02-27 13:25:00,MX-202,Line-C,morning,Alarm,Overheat,critical,49,29,22,Bravo,Supervisor
E105968,2025-02-27 13:33:00,MX-202,Line-C,morning,Quality,MaterialMismatch,high,8,1,18,Alpha,Supervisor
E105962,2025-02-27 13:39:00,MX-201,Line-C,morning,Quality,SurfaceDefect,high,7,0,48,Alpha,Operator
E105943,2025-02-27 13:44:00,MX-103,Line-B,morning,Safety,DoorInterlock,medium,56,31,40,Alpha,AutoReset
E105946,2025-02-27 15:07:00,MX-102,Line-A,evening,Setup,FixtureAdjustment,low,51,42,34,Charlie,Operator
E105939,2025-02-27 15:36:00,MX-201,Line-C,evening,Warning,PressureTrend,low,11,0,0,Alpha,AutoReset
E105945,2025-02-27 16:06:00,MX-201,Line-C,evening,Quality,DimensionDrift,high,8,2,46,Charlie,Technician
E105960,2025-02-27 16:09:00,MX-202,Line-C,evening,Alarm,PressureDrop,medium,31,19,16,Delta,Technician
E105981,2025-02-27 16:21:00,MX-201,Line-C,evening,Alarm,Overheat,low,56,54,55,Delta,AutoReset
E105914,2025-02-27 16:31:00,MX-103,Line-B,evening,Quality,SurfaceDefect,medium,2,0,10,Delta,Technician
E105948,2025-02-27 16:37:00,MX-201,Line-C,evening,Warning,EnergySpike,low,3,0,0,Alpha,Operator
E105973,2025-02-27 16:45:00,MX-102,Line-A,evening,Maintenance,Lubrication,medium,58,16,9,Alpha,AutoReset
E105942,2025-02-27 18:08:00,MX-101,Line-A,evening,Alarm,PressureDrop,medium,34,21,45,Bravo,Technician
E105926,2025-02-27 18:16:00,MX-102,Line-A,evening,Maintenance,Inspection,medium,34,23,4,Alpha,Technician
E105953,2025-02-27 18:22:00,MX-202,Line-C,evening,Warning,EnergySpike,low,7,0,0,Delta,Operator
E105911,2025-02-27 19:09:00,MX-201,Line-C,evening,Maintenance,BearingReplacement,high,78,45,35,Delta,Operator
E105975,2025-02-27 19:19:00,MX-101,Line-A,evening,Warning,EnergySpike,low,2,0,0,Charlie,Supervisor
E105928,2025-02-27 19:30:00,MX-201,Line-C,evening,Warning,EnergySpike,low,11,0,0,Alpha,AutoReset
E105984,2025-02-27 19:37:00,MX-103,Line-B,evening,Alarm,MotorOverload,low,89,65,67,Delta,AutoReset
E105937,2025-02-27 20:02:00,MX-103,Line-B,evening,Warning,EnergySpike,low,21,3,1,Charlie,Technician
E105933,2025-02-27 20:58:00,MX-101,Line-A,evening,Warning,EnergySpike,low,4,0,0,Bravo,AutoReset
E105956,2025-02-27 21:35:00,MX-201,Line-C,evening,Setup,RecipeChange,low,78,57,40,Bravo,Technician
E105917,2025-02-27 22:11:00,MX-103,Line-B,night,Quality,DimensionDrift,medium,10,3,64,Charlie,Operator
E105951,2025-02-27 22:44:00,MX-201,Line-C,night,Alarm,SensorFailure,high,30,18,26,Charlie,AutoReset
E105961,2025-02-27 23:10:00,MX-101,Line-A,night,Quality,SurfaceDefect,medium,6,1,37,Alpha,Supervisor
E105947,2025-02-27 23:20:00,MX-202,Line-C,night,Alarm,MotorOverload,critical,78,55,118,Bravo,Engineer
E105915,2025-02-27 23:28:00,MX-102,Line-A,night,Warning,VibrationTrend,high,15,2,0,Charlie,AutoReset
E105919,2025-02-27 23:52:00,MX-101,Line-A,night,Maintenance,FilterChange,low,112,32,9,Charlie,Engineer
E105949,2025-02-27 23:55:00,MX-201,Line-C,night,Warning,VibrationTrend,low,4,0,0,Charlie,Operator
E106040,2025-02-28 00:05:00,MX-102,Line-A,night,Setup,FixtureAdjustment,low,76,58,32,Delta,Engineer
E106092,2025-02-28 00:09:00,MX-202,Line-C,night,Warning,PressureTrend,low,6,0,0,Delta,Operator
E106059,2025-02-28 00:12:00,MX-102,Line-A,night,Quality,MaterialMismatch,medium,22,7,58,Delta,Operator
E106060,2025-02-28 00:21:00,MX-102,Line-A,night,Maintenance,Inspection,medium,24,18,6,Delta,Operator
E106089,2025-02-28 00:27:00,MX-103,Line-B,night,Setup,RecipeChange,low,25,24,24,Delta,Engineer
E106029,2025-02-28 00:36:00,MX-201,Line-C,night,Alarm,PressureDrop,critical,27,15,31,Alpha,Technician
E106067,2025-02-28 00:37:00,MX-101,Line-A,night,Setup,RecipeChange,low,35,31,28,Alpha,Operator
E106005,2025-02-28 00:46:00,MX-202,Line-C,night,Alarm,PressureDrop,medium,18,8,16,Alpha,AutoReset
E106053,2025-02-28 00:55:00,MX-201,Line-C,night,Setup,FixtureAdjustment,low,29,25,24,Delta,Technician
E106107,2025-02-28 02:09:00,MX-202,Line-C,night,Setup,ToolChange,low,38,35,34,Alpha,Engineer
E106110,2025-02-28 02:49:00,MX-101,Line-A,night,Alarm,PressureDrop,high,39,36,38,Bravo,Technician
E106014,2025-02-28 02:49:00,MX-103,Line-B,night,Warning,VibrationTrend,low,8,0,0,Charlie,AutoReset
E106010,2025-02-28 02:58:00,MX-101,Line-A,night,Warning,EnergySpike,medium,4,0,0,Alpha,AutoReset
E106087,2025-02-28 03:09:00,MX-202,Line-C,night,Quality,SurfaceDefect,medium,17,1,84,Alpha,AutoReset
E106084,2025-02-28 03:14:00,MX-102,Line-A,night,Warning,TempTrend,medium,3,0,0,Charlie,AutoReset
E106002,2025-02-28 03:23:00,MX-202,Line-C,night,Warning,TempTrend,low,10,1,0,Alpha,Operator
E106024,2025-02-28 03:26:00,MX-101,Line-A,night,Maintenance,BearingReplacement,low,40,26,19,Charlie,Engineer
E106003,2025-02-28 03:28:00,MX-102,Line-A,night,Warning,TempTrend,medium,24,3,0,Charlie,Technician
E106043,2025-02-28 03:37:00,MX-103,Line-B,night,Quality,VisionReject,medium,7,0,14,Delta,Technician
E106098,2025-02-28 03:46:00,MX-103,Line-B,night,Alarm,SensorFailure,high,11,9,14,Bravo,AutoReset
E106093,2025-02-28 04:07:00,MX-103,Line-B,night,Setup,FixtureAdjustment,low,67,51,28,Delta,AutoReset
E105990,2025-02-28 04:09:00,MX-101,Line-A,night,Maintenance,BearingReplacement,medium,148,117,24,Alpha,Technician
E106042,2025-02-28 04:38:00,MX-202,Line-C,night,Setup,ToolChange,low,32,23,18,Bravo,AutoReset
E106101,2025-02-28 04:48:00,MX-102,Line-A,night,Maintenance,Lubrication,medium,88,47,40,Delta,AutoReset
E106076,2025-02-28 04:51:00,MX-101,Line-A,night,Warning,PressureTrend,low,25,0,0,Alpha,Operator
E106061,2025-02-28 05:00:00,MX-101,Line-A,night,Warning,VibrationTrend,medium,21,1,0,Bravo,Operator
E106038,2025-02-28 05:03:00,MX-101,Line-A,night,Warning,EnergySpike,low,11,1,0,Alpha,Technician
E106021,2025-02-28 05:05:00,MX-101,Line-A,night,Safety,EStop,high,27,25,31,Alpha,Technician
E106020,2025-02-28 05:10:00,MX-201,Line-C,night,Alarm,MotorOverload,high,50,40,49,Alpha,Technician
E105992,2025-02-28 05:17:00,MX-103,Line-B,night,Maintenance,FilterChange,low,53,30,17,Bravo,Technician
E106068,2025-02-28 05:40:00,MX-103,Line-B,night,Alarm,SensorFailure,medium,14,10,19,Bravo,Technician
E106035,2025-02-28 05:45:00,MX-101,Line-A,night,Warning,VibrationTrend,low,19,2,1,Bravo,Technician
E106083,2025-02-28 05:45:00,MX-102,Line-A,night,Alarm,MotorOverload,high,52,33,41,Delta,Technician
E106066,2025-02-28 05:49:00,MX-102,Line-A,night,Maintenance,BearingReplacement,medium,25,13,11,Alpha,Operator
E105999,2025-02-28 05:50:00,MX-101,Line-A,night,Warning,PressureTrend,low,8,0,0,Charlie,Technician
E105988,2025-02-28 06:05:00,MX-101,Line-A,morning,Maintenance,Inspection,medium,97,49,26,Charlie,Supervisor
E106103,2025-02-28 06:18:00,MX-103,Line-B,morning,Safety,GuardOpen,high,42,39,42,Bravo,Operator
E106069,2025-02-28 06:25:00,MX-101,Line-A,morning,Safety,GuardOpen,critical,29,17,24,Alpha,AutoReset
E105995,2025-02-28 06:26:00,MX-103,Line-B,morning,Maintenance,Inspection,high,125,73,66,Bravo,AutoReset
E106054,2025-02-28 06:31:00,MX-103,Line-B,morning,Warning,EnergySpike,low,2,0,0,Bravo,Supervisor
E105993,2025-02-28 06:43:00,MX-201,Line-C,morning,Warning,EnergySpike,low,12,1,0,Bravo,Engineer
E106032,2025-02-28 06:48:00,MX-202,Line-C,morning,Warning,TempTrend,medium,4,0,0,Alpha,Supervisor
E105998,2025-02-28 07:10:00,MX-101,Line-A,morning,Quality,DimensionDrift,medium,49,7,133,Bravo,Operator
E106072,2025-02-28 07:36:00,MX-201,Line-C,morning,Setup,FixtureAdjustment,medium,11,7,2,Alpha,Operator
E106091,2025-02-28 07:36:00,MX-103,Line-B,morning,Warning,EnergySpike,low,12,1,0,Delta,Technician
E106033,2025-02-28 07:45:00,MX-201,Line-C,morning,Maintenance,Calibration,medium,27,7,2,Delta,Engineer
E106095,2025-02-28 07:48:00,MX-102,Line-A,morning,Setup,ToolChange,low,8,7,3,Delta,Engineer
E106094,2025-02-28 08:01:00,MX-102,Line-A,morning,Alarm,HighVibration,high,27,23,21,Alpha,Operator
E106077,2025-02-28 08:04:00,MX-101,Line-A,morning,Quality,MaterialMismatch,medium,2,0,8,Bravo,AutoReset
E106096,2025-02-28 08:40:00,MX-101,Line-A,morning,Warning,EnergySpike,low,2,0,0,Delta,Supervisor
E106065,2025-02-28 08:43:00,MX-102,Line-A,morning,Setup,RecipeChange,low,57,41,34,Bravo,AutoReset
E106027,2025-02-28 09:17:00,MX-101,Line-A,morning,Maintenance,Lubrication,medium,56,34,29,Delta,Engineer
E106071,2025-02-28 09:35:00,MX-201,Line-C,morning,Quality,DimensionDrift,high,50,10,123,Charlie,AutoReset
E106051,2025-02-28 09:45:00,MX-202,Line-C,morning,Warning,EnergySpike,low,2,0,0,Charlie,Operator
E106036,2025-02-28 09:46:00,MX-201,Line-C,morning,Setup,FixtureAdjustment,medium,62,48,25,Bravo,Engineer
E106031,2025-02-28 09:48:00,MX-103,Line-B,morning,Alarm,Overheat,low,69,33,40,Charlie,Technician
E106075,2025-02-28 09:53:00,MX-202,Line-C,morning,Safety,DoorInterlock,high,33,30,17,Charlie,AutoReset
E106037,2025-02-28 10:18:00,MX-103,Line-B,morning,Setup,RecipeChange,low,74,61,35,Charlie,Technician
E106109,2025-02-28 10:24:00,MX-201,Line-C,morning,Safety,DoorInterlock,high,25,20,18,Alpha,Technician
E106080,2025-02-28 10:36:00,MX-101,Line-A,morning,Maintenance,Inspection,medium,61,22,18,Bravo,AutoReset
E106026,2025-02-28 10:48:00,MX-101,Line-A,morning,Warning,TempTrend,low,21,0,0,Alpha,Engineer
E106000,2025-02-28 11:10:00,MX-201,Line-C,morning,Alarm,MotorOverload,high,20,11,20,Bravo,Technician
E106034,2025-02-28 11:14:00,MX-103,Line-B,morning,Maintenance,Calibration,medium,44,27,26,Delta,Technician
E106047,2025-02-28 11:14:00,MX-101,Line-A,morning,Setup,FixtureAdjustment,low,53,40,10,Charlie,Engineer
E106058,2025-02-28 11:14:00,MX-102,Line-A,morning,Safety,GuardOpen,critical,43,40,39,Charlie,AutoReset
E106070,2025-02-28 11:22:00,MX-101,Line-A,morning,Alarm,SensorFailure,medium,16,14,23,Alpha,AutoReset
E106081,2025-02-28 11:29:00,MX-202,Line-C,morning,Warning,EnergySpike,low,28,3,1,Delta,Operator
E106001,2025-02-28 11:30:00,MX-202,Line-C,morning,Warning,EnergySpike,low,1,0,0,Charlie,AutoReset
E106106,2025-02-28 11:50:00,MX-202,Line-C,morning,Alarm,SensorFailure,high,119,75,71,Alpha,AutoReset
E106009,2025-02-28 11:55:00,MX-101,Line-A,morning,Maintenance,Calibration,low,40,16,7,Alpha,Technician
E106011,2025-02-28 11:56:00,MX-101,Line-A,morning,Maintenance,Lubrication,low,120,49,38,Charlie,Engineer
E106012,2025-02-28 12:02:00,MX-202,Line-C,morning,Alarm,Overheat,high,35,21,38,Bravo,AutoReset
E105989,2025-02-28 12:27:00,MX-103,Line-B,morning,Warning,EnergySpike,medium,8,0,0,Delta,AutoReset
E106007,2025-02-28 13:19:00,MX-201,Line-C,morning,Quality,MaterialMismatch,high,18,0,118,Bravo,Technician
E106044,2025-02-28 13:36:00,MX-202,Line-C,morning,Setup,RecipeChange,low,124,93,60,Alpha,Operator
E106062,2025-02-28 13:42:00,MX-202,Line-C,morning,Quality,SurfaceDefect,medium,5,0,11,Charlie,Technician
E106052,2025-02-28 13:45:00,MX-202,Line-C,morning,Warning,TempTrend,high,3,0,0,Bravo,Supervisor
E106041,2025-02-28 14:12:00,MX-102,Line-A,evening,Alarm,MotorOverload,high,44,36,25,Charlie,Supervisor
E106013,2025-02-28 14:24:00,MX-103,Line-B,evening,Warning,VibrationTrend,low,11,0,0,Alpha,AutoReset
E106049,2025-02-28 14:42:00,MX-103,Line-B,evening,Alarm,PressureDrop,high,59,32,64,Alpha,Operator
E106105,2025-02-28 14:45:00,MX-102,Line-A,evening,Safety,EStop,high,15,13,12,Charlie,Engineer
E106090,2025-02-28 15:03:00,MX-202,Line-C,evening,Alarm,Overheat,low,56,30,48,Bravo,Technician
E106050,2025-02-28 15:09:00,MX-101,Line-A,evening,Warning,PressureTrend,low,41,1,0,Alpha,Engineer
E106085,2025-02-28 15:28:00,MX-101,Line-A,evening,Setup,RecipeChange,medium,44,31,25,Delta,Operator
E106088,2025-02-28 15:31:00,MX-201,Line-C,evening,Quality,SurfaceDefect,high,15,1,81,Bravo,AutoReset
E106023,2025-02-28 15:34:00,MX-202,Line-C,evening,Warning,EnergySpike,medium,16,0,0,Charlie,Technician
E106006,2025-02-28 15:56:00,MX-101,Line-A,evening,Warning,EnergySpike,medium,3,0,0,Delta,AutoReset
E106057,2025-02-28 16:12:00,MX-202,Line-C,evening,Quality,DimensionDrift,medium,30,9,138,Bravo,Technician
E106073,2025-02-28 16:37:00,MX-101,Line-A,evening,Quality,DimensionDrift,high,7,0,47,Bravo,Operator
E106097,2025-02-28 16:49:00,MX-101,Line-A,evening,Maintenance,Calibration,low,40,23,9,Delta,Operator
E106100,2025-02-28 17:09:00,MX-102,Line-A,evening,Maintenance,Lubrication,low,25,11,10,Charlie,Technician
E106025,2025-02-28 17:14:00,MX-102,Line-A,evening,Setup,FixtureAdjustment,low,80,64,50,Bravo,AutoReset
E106082,2025-02-28 17:21:00,MX-102,Line-A,evening,Quality,SurfaceDefect,medium,31,0,205,Delta,AutoReset
E106019,2025-02-28 18:02:00,MX-202,Line-C,evening,Maintenance,Inspection,medium,62,32,21,Bravo,Operator
E106030,2025-02-28 18:32:00,MX-103,Line-B,evening,Warning,VibrationTrend,low,5,0,0,Alpha,Technician
E106008,2025-02-28 18:34:00,MX-201,Line-C,evening,Alarm,PressureDrop,medium,22,16,28,Delta,Supervisor
E106064,2025-02-28 18:50:00,MX-202,Line-C,evening,Warning,PressureTrend,low,1,0,0,Bravo,Engineer
E106022,2025-02-28 18:58:00,MX-101,Line-A,evening,Alarm,SensorFailure,medium,40,37,39,Alpha,Technician
E106086,2025-02-28 19:06:00,MX-102,Line-A,evening,Warning,EnergySpike,low,12,0,0,Charlie,Technician
E106104,2025-02-28 19:11:00,MX-101,Line-A,evening,Warning,PressureTrend,medium,6,0,0,Alpha,Engineer
E106048,2025-02-28 19:16:00,MX-201,Line-C,evening,Setup,FixtureAdjustment,low,34,33,12,Alpha,AutoReset
E106079,2025-02-28 19:25:00,MX-201,Line-C,evening,Alarm,SensorFailure,medium,42,35,63,Alpha,Technician
E106017,2025-02-28 19:25:00,MX-103,Line-B,evening,Alarm,SensorFailure,critical,59,56,95,Alpha,Operator
E106108,2025-02-28 19:44:00,MX-201,Line-C,evening,Safety,EStop,critical,81,42,39,Alpha,AutoReset
E105996,2025-02-28 19:54:00,MX-201,Line-C,evening,Setup,ToolChange,low,36,29,21,Charlie,Engineer
E106055,2025-02-28 20:45:00,MX-202,Line-C,evening,Alarm,PressureDrop,medium,122,104,181,Bravo,Operator
E106099,2025-02-28 21:16:00,MX-102,Line-A,evening,Maintenance,Lubrication,medium,35,17,6,Delta,Supervisor
E106074,2025-02-28 21:19:00,MX-202,Line-C,evening,Quality,VisionReject,high,52,6,187,Bravo,Technician
E106039,2025-02-28 21:20:00,MX-103,Line-B,evening,Maintenance,Lubrication,low,122,62,31,Charlie,AutoReset
E106004,2025-02-28 21:27:00,MX-201,Line-C,evening,Warning,TempTrend,low,12,1,0,Charlie,AutoReset
E106016,2025-02-28 21:30:00,MX-201,Line-C,evening,Warning,PressureTrend,low,6,0,0,Alpha,Engineer
E106078,2025-02-28 21:40:00,MX-201,Line-C,evening,Alarm,MotorOverload,high,41,32,49,Alpha,Supervisor
E105994,2025-02-28 21:44:00,MX-201,Line-C,evening,Quality,SurfaceDefect,medium,13,0,68,Delta,Supervisor
E106046,2025-02-28 21:46:00,MX-201,Line-C,evening,Safety,AreaBreach,high,12,6,4,Bravo,Engineer
E106056,2025-02-28 21:56:00,MX-101,Line-A,evening,Warning,EnergySpike,low,22,1,0,Bravo,Technician
E105991,2025-02-28 21:59:00,MX-103,Line-B,evening,Maintenance,FilterChange,low,63,48,41,Delta,AutoReset
E106018,2025-02-28 22:31:00,MX-102,Line-A,night,Maintenance,FilterChange,medium,70,34,32,Bravo,Operator
E106102,2025-02-28 22:44:00,MX-201,Line-C,night,Maintenance,BearingReplacement,high,87,66,57,Bravo,AutoReset
E106045,2025-02-28 23:06:00,MX-101,Line-A,night,Quality,MaterialMismatch,low,10,1,44,Bravo,AutoReset
E106015,2025-02-28 23:07:00,MX-102,Line-A,night,Quality,MaterialMismatch,high,4,0,11,Charlie,AutoReset
E106028,2025-02-28 23:21:00,MX-101,Line-A,night,Maintenance,Lubrication,high,68,41,35,Charlie,Operator
E105997,2025-02-28 23:34:00,MX-103,Line-B,night,Maintenance,BearingReplacement,medium,49,28,11,Bravo,Technician
E106063,2025-02-28 23:44:00,MX-102,Line-A,night,Alarm,PressureDrop,high,107,80,113,Alpha,Engineer
E106131,2025-03-01 01:23:00,MX-101,Line-A,night,Quality,MaterialMismatch,low,32,6,144,Delta,Engineer
E106119,2025-03-01 01:39:00,MX-201,Line-C,night,Quality,SurfaceDefect,high,3,1,12,Charlie,Technician
E106134,2025-03-01 02:41:00,MX-201,Line-C,night,Setup,RecipeChange,medium,42,41,34,Bravo,Operator
E106132,2025-03-01 02:54:00,MX-103,Line-B,night,Quality,DimensionDrift,medium,4,0,18,Delta,Engineer
E106117,2025-03-01 04:56:00,MX-101,Line-A,night,Setup,ToolChange,low,47,35,32,Alpha,Supervisor
E106138,2025-03-01 05:14:00,MX-103,Line-B,night,Alarm,PressureDrop,medium,58,32,34,Alpha,Operator
E106141,2025-03-01 05:47:00,MX-102,Line-A,night,Setup,FixtureAdjustment,low,28,21,13,Bravo,Supervisor
E106149,2025-03-01 06:06:00,MX-102,Line-A,morning,Warning,EnergySpike,high,2,0,0,Bravo,Technician
E106128,2025-03-01 06:30:00,MX-101,Line-A,morning,Maintenance,Inspection,medium,42,20,4,Alpha,Technician
E106135,2025-03-01 07:11:00,MX-101,Line-A,morning,Alarm,PressureDrop,critical,49,47,84,Alpha,Technician
E106124,2025-03-01 07:22:00,MX-201,Line-C,morning,Safety,DoorInterlock,high,54,37,26,Bravo,Engineer
E106150,2025-03-01 07:35:00,MX-102,Line-A,morning,Maintenance,FilterChange,medium,49,18,14,Alpha,Supervisor
E106120,2025-03-01 07:59:00,MX-202,Line-C,morning,Safety,AreaBreach,medium,13,12,16,Delta,Technician
E106151,2025-03-01 08:51:00,MX-102,Line-A,morning,Warning,TempTrend,low,3,0,0,Bravo,AutoReset
E106126,2025-03-01 08:57:00,MX-201,Line-C,morning,Alarm,SensorFailure,low,93,43,47,Charlie,AutoReset
E106140,2025-03-01 09:30:00,MX-201,Line-C,morning,Maintenance,FilterChange,medium,70,52,28,Delta,Operator
E106145,2025-03-01 09:43:00,MX-102,Line-A,morning,Warning,PressureTrend,low,15,2,0,Charlie,Operator
E106112,2025-03-01 09:57:00,MX-101,Line-A,morning,Maintenance,BearingReplacement,low,111,79,45,Alpha,Technician
E106130,2025-03-01 10:10:00,MX-101,Line-A,morning,Warning,PressureTrend,low,5,0,0,Delta,Operator
E106123,2025-03-01 10:14:00,MX-202,Line-C,morning,Alarm,HighVibration,high,27,24,30,Alpha,Technician
E106147,2025-03-01 10:43:00,MX-202,Line-C,morning,Setup,ToolChange,medium,64,58,27,Alpha,AutoReset
E106155,2025-03-01 10:46:00,MX-103,Line-B,morning,Quality,MaterialMismatch,high,2,0,10,Alpha,Technician
E106152,2025-03-01 10:56:00,MX-202,Line-C,morning,Alarm,PressureDrop,medium,20,15,29,Alpha,Technician
E106142,2025-03-01 11:00:00,MX-202,Line-C,morning,Maintenance,FilterChange,low,27,10,5,Delta,Technician
E106153,2025-03-01 11:22:00,MX-101,Line-A,morning,Maintenance,Calibration,medium,114,59,58,Alpha,Operator
E106139,2025-03-01 12:25:00,MX-103,Line-B,morning,Warning,EnergySpike,medium,7,0,0,Charlie,Operator
E106148,2025-03-01 12:56:00,MX-201,Line-C,morning,Warning,PressureTrend,low,6,0,0,Delta,AutoReset
E106129,2025-03-01 13:21:00,MX-202,Line-C,morning,Setup,ToolChange,low,17,13,13,Alpha,Operator
E106113,2025-03-01 13:26:00,MX-201,Line-C,morning,Alarm,HighVibration,medium,20,19,18,Charlie,Engineer
E106115,2025-03-01 13:37:00,MX-102,Line-A,morning,Maintenance,Inspection,low,179,76,75,Charlie,Engineer
E106121,2025-03-01 13:40:00,MX-201,Line-C,morning,Safety,AreaBreach,medium,17,10,13,Bravo,Engineer
E106157,2025-03-01 14:43:00,MX-101,Line-A,evening,Setup,FixtureAdjustment,low,38,30,7,Bravo,Supervisor
E106111,2025-03-01 16:29:00,MX-101,Line-A,evening,Setup,ToolChange,medium,45,44,8,Delta,Engineer
E106127,2025-03-01 16:57:00,MX-103,Line-B,evening,Maintenance,Inspection,medium,43,15,13,Charlie,Technician
E106122,2025-03-01 17:17:00,MX-201,Line-C,evening,Setup,ToolChange,low,60,45,23,Alpha,Operator
E106154,2025-03-01 17:26:00,MX-102,Line-A,evening,Safety,EStop,medium,8,4,1,Charlie,Operator
E106114,2025-03-01 18:52:00,MX-202,Line-C,evening,Warning,EnergySpike,low,7,0,0,Bravo,Technician
E106146,2025-03-01 19:13:00,MX-101,Line-A,evening,Warning,TempTrend,high,6,0,0,Bravo,Technician
E106137,2025-03-01 20:10:00,MX-101,Line-A,evening,Setup,FixtureAdjustment,medium,38,29,14,Alpha,Technician
E106116,2025-03-01 20:39:00,MX-202,Line-C,evening,Quality,DimensionDrift,high,14,4,49,Delta,Operator
E106125,2025-03-01 21:46:00,MX-201,Line-C,evening,Quality,VisionReject,low,7,0,19,Alpha,Operator
E106156,2025-03-01 22:04:00,MX-102,Line-A,night,Maintenance,Calibration,medium,104,55,44,Alpha,Technician
E106144,2025-03-01 22:55:00,MX-102,Line-A,night,Warning,TempTrend,low,3,0,0,Bravo,Technician
E106118,2025-03-01 22:56:00,MX-102,Line-A,night,Warning,TempTrend,low,5,0,0,Delta,Operator
E106136,2025-03-01 23:11:00,MX-201,Line-C,night,Warning,EnergySpike,low,1,0,0,Charlie,Technician
E106143,2025-03-01 23:41:00,MX-103,Line-B,night,Maintenance,Inspection,medium,84,63,58,Bravo,Operator
E106158,2025-03-01 23:47:00,MX-102,Line-A,night,Warning,VibrationTrend,low,6,0,0,Charlie,Technician
E106133,2025-03-01 23:49:00,MX-101,Line-A,night,Safety,GuardOpen,medium,27,16,7,Delta,Supervisor
E106165,2025-03-02 00:09:00,MX-103,Line-B,night,Safety,DoorInterlock,high,34,24,30,Alpha,Engineer
E106243,2025-03-02 00:33:00,MX-102,Line-A,night,Maintenance,FilterChange,low,197,65,60,Delta,Supervisor
E106189,2025-03-02 00:44:00,MX-201,Line-C,night,Quality,VisionReject,medium,14,2,59,Delta,Supervisor
E106244,2025-03-02 00:45:00,MX-201,Line-C,night,Warning,VibrationTrend,low,13,0,0,Delta,Supervisor
E106233,2025-03-02 00:55:00,MX-102,Line-A,night,Setup,FixtureAdjustment,medium,34,23,18,Delta,Engineer
E106203,2025-03-02 01:07:00,MX-101,Line-A,night,Warning,TempTrend,low,14,0,0,Bravo,Engineer
E106210,2025-03-02 01:35:00,MX-201,Line-C,night,Warning,VibrationTrend,low,12,0,0,Delta,Engineer
E106225,2025-03-02 01:37:00,MX-101,Line-A,night,Safety,EStop,high,20,13,7,Alpha,Technician
E106175,2025-03-02 01:39:00,MX-103,Line-B,night,Warning,TempTrend,medium,5,0,0,Bravo,Engineer
E106234,2025-03-02 02:16:00,MX-102,Line-A,night,Setup,ToolChange,low,64,50,25,Alpha,Operator
E106188,2025-03-02 02:47:00,MX-202,Line-C,night,Warning,TempTrend,low,29,0,0,Delta,Engineer
E106196,2025-03-02 03:14:00,MX-201,Line-C,night,Safety,AreaBreach,critical,37,21,22,Bravo,AutoReset
E106238,2025-03-02 03:25:00,MX-101,Line-A,night,Alarm,SensorFailure,medium,63,39,32,Charlie,Technician
E106185,2025-03-02 03:52:00,MX-202,Line-C,night,Safety,DoorInterlock,high,36,25,13,Charlie,Operator
E106198,2025-03-02 04:45:00,MX-103,Line-B,night,Warning,PressureTrend,low,6,0,0,Charlie,Engineer
E106242,2025-03-02 04:50:00,MX-202,Line-C,night,Setup,RecipeChange,medium,43,31,26,Delta,Technician
E106190,2025-03-02 05:01:00,MX-202,Line-C,night,Maintenance,FilterChange,medium,127,34,9,Bravo,Operator
E106247,2025-03-02 05:12:00,MX-103,Line-B,night,Alarm,HighVibration,high,8,6,5,Bravo,Engineer
E106221,2025-03-02 05:21:00,MX-101,Line-A,night,Setup,ToolChange,medium,40,32,16,Delta,AutoReset
E106250,2025-03-02 06:22:00,MX-103,Line-B,morning,Warning,TempTrend,low,6,0,0,Delta,AutoReset
E106182,2025-03-02 06:22:00,MX-102,Line-A,morning,Alarm,HighVibration,medium,138,117,152,Charlie,Engineer
E106212,2025-03-02 06:26:00,MX-102,Line-A,morning,Warning,TempTrend,high,1,0,0,Charlie,Engineer
E106228,2025-03-02 06:47:00,MX-202,Line-C,morning,Alarm,PressureDrop,high,12,7,8,Bravo,AutoReset
E106164,2025-03-02 07:12:00,MX-103,Line-B,morning,Quality,VisionReject,medium,4,0,11,Bravo,Technician
E106235,2025-03-02 07:45:00,MX-202,Line-C,morning,Alarm,HighVibration,high,57,49,42,Charlie,Engineer
E106205,2025-03-02 07:55:00,MX-102,Line-A,morning,Maintenance,FilterChange,low,74,26,5,Delta,Supervisor
E106168,2025-03-02 08:11:00,MX-103,Line-B,morning,Alarm,HighVibration,critical,13,10,15,Bravo,Operator
E106199,2025-03-02 08:12:00,MX-201,Line-C,morning,Maintenance,Calibration,high,56,30,16,Alpha,AutoReset
E106239,2025-03-02 08:17:00,MX-102,Line-A,morning,Alarm,HighVibration,medium,111,98,147,Bravo,AutoReset
E106176,2025-03-02 09:05:00,MX-101,Line-A,morning,Setup,FixtureAdjustment,medium,51,43,20,Alpha,Engineer
E106163,2025-03-02 09:30:00,MX-202,Line-C,morning,Quality,SurfaceDefect,medium,23,4,131,Bravo,Operator
E106172,2025-03-02 09:32:00,MX-103,Line-B,morning,Setup,ToolChange,low,42,30,31,Delta,Engineer
E106237,2025-03-02 10:18:00,MX-101,Line-A,morning,Maintenance,Calibration,medium,101,48,11,Delta,Technician
E106171,2025-03-02 10:18:00,MX-103,Line-B,morning,Maintenance,Lubrication,low,149,39,35,Bravo,Engineer
E106173,2025-03-02 10:34:00,MX-103,Line-B,morning,Warning,EnergySpike,high,14,0,0,Delta,AutoReset
E106167,2025-03-02 11:25:00,MX-101,Line-A,morning,Quality,VisionReject,medium,15,1,103,Alpha,AutoReset
E106160,2025-03-02 11:57:00,MX-202,Line-C,morning,Setup,RecipeChange,low,31,30,30,Alpha,Engineer
E106181,2025-03-02 12:11:00,MX-102,Line-A,morning,Alarm,PressureDrop,low,79,73,154,Delta,Operator
E106201,2025-03-02 12:15:00,MX-102,Line-A,morning,Setup,FixtureAdjustment,low,25,23,16,Bravo,Supervisor
E106179,2025-03-02 12:32:00,MX-201,Line-C,morning,Alarm,MotorOverload,medium,62,53,39,Bravo,Supervisor
E106222,2025-03-02 12:34:00,MX-103,Line-B,morning,Setup,FixtureAdjustment,low,35,25,13,Charlie,Technician
E106180,2025-03-02 12:35:00,MX-103,Line-B,morning,Maintenance,FilterChange,medium,109,65,55,Charlie,Technician
E106184,2025-03-02 12:46:00,MX-201,Line-C,morning,Setup,ToolChange,low,45,32,13,Bravo,Technician
E106231,2025-03-02 13:19:00,MX-103,Line-B,morning,Quality,SurfaceDefect,medium,36,8,192,Alpha,Operator
E106194,2025-03-02 13:58:00,MX-201,Line-C,morning,Warning,VibrationTrend,medium,6,0,0,Alpha,Engineer
E106202,2025-03-02 13:59:00,MX-101,Line-A,morning,Alarm,MotorOverload,low,37,23,27,Bravo,Technician
E106217,2025-03-02 14:11:00,MX-202,Line-C,evening,Maintenance,BearingReplacement,medium,132,100,80,Delta,Engineer
E106178,2025-03-02 14:26:00,MX-103,Line-B,evening,Warning,VibrationTrend,medium,9,0,0,Delta,Operator
E106249,2025-03-02 14:56:00,MX-202,Line-C,evening,Quality,DimensionDrift,medium,18,2,108,Charlie,Operator
E106219,2025-03-02 15:05:00,MX-103,Line-B,evening,Maintenance,FilterChange,medium,29,15,4,Delta,Engineer
E106170,2025-03-02 15:23:00,MX-201,Line-C,evening,Setup,ToolChange,low,28,24,14,Bravo,Operator
E106224,2025-03-02 16:00:00,MX-202,Line-C,evening,Warning,PressureTrend,low,15,0,0,Charlie,Operator
E106220,2025-03-02 16:23:00,MX-102,Line-A,evening,Safety,GuardOpen,high,13,8,3,Bravo,Technician
E106206,2025-03-02 16:33:00,MX-103,Line-B,evening,Maintenance,BearingReplacement,low,84,60,36,Charlie,Supervisor
E106213,2025-03-02 16:45:00,MX-201,Line-C,evening,Quality,MaterialMismatch,medium,13,0,64,Charlie,Engineer
E106248,2025-03-02 17:44:00,MX-102,Line-A,evening,Quality,SurfaceDefect,medium,28,1,113,Alpha,Engineer
E106159,2025-03-02 17:47:00,MX-202,Line-C,evening,Alarm,Overheat,low,20,12,10,Delta,Technician
E106229,2025-03-02 17:47:00,MX-202,Line-C,evening,Maintenance,FilterChange,low,82,53,23,Alpha,Engineer
E106187,2025-03-02 17:51:00,MX-201,Line-C,evening,Alarm,SensorFailure,medium,6,3,5,Bravo,AutoReset
E106240,2025-03-02 17:54:00,MX-103,Line-B,evening,Maintenance,Calibration,low,130,47,28,Alpha,Supervisor
E106162,2025-03-02 17:56:00,MX-102,Line-A,evening,Setup,ToolChange,low,24,20,5,Delta,Supervisor
E106226,2025-03-02 18:02:00,MX-202,Line-C,evening,Alarm,SensorFailure,high,16,12,18,Charlie,AutoReset
E106191,2025-03-02 18:09:00,MX-202,Line-C,evening,Quality,SurfaceDefect,medium,16,0,70,Alpha,Operator
E106195,2025-03-02 18:12:00,MX-101,Line-A,evening,Alarm,Overheat,high,13,6,12,Delta,Engineer
E106245,2025-03-02 18:29:00,MX-103,Line-B,evening,Warning,VibrationTrend,low,2,0,0,Alpha,Operator
E106218,2025-03-02 18:48:00,MX-102,Line-A,evening,Maintenance,Calibration,medium,80,53,31,Bravo,Operator
E106232,2025-03-02 18:49:00,MX-101,Line-A,evening,Quality,SurfaceDefect,high,7,0,37,Bravo,Technician
E106161,2025-03-02 18:51:00,MX-103,Line-B,evening,Maintenance,FilterChange,medium,43,11,4,Delta,Engineer
E106241,2025-03-02 19:13:00,MX-101,Line-A,evening,Setup,ToolChange,medium,21,17,3,Delta,Operator
E106214,2025-03-02 19:20:00,MX-201,Line-C,evening,Alarm,SensorFailure,critical,85,61,88,Bravo,AutoReset
E106197,2025-03-02 19:28:00,MX-201,Line-C,evening,Warning,EnergySpike,low,4,0,0,Bravo,Technician
E106223,2025-03-02 19:30:00,MX-101,Line-A,evening,Setup,FixtureAdjustment,low,96,86,74,Alpha,Technician
E106174,2025-03-02 19:31:00,MX-202,Line-C,evening,Maintenance,Inspection,low,44,21,7,Bravo,Technician
E106207,2025-03-02 19:35:00,MX-201,Line-C,evening,Maintenance,Calibration,low,77,44,22,Charlie,Technician
E106169,2025-03-02 19:44:00,MX-103,Line-B,evening,Warning,PressureTrend,medium,15,0,0,Bravo,Engineer
E106204,2025-03-02 19:55:00,MX-102,Line-A,evening,Alarm,SensorFailure,critical,34,25,18,Bravo,AutoReset
E106177,2025-03-02 20:07:00,MX-201,Line-C,evening,Warning,TempTrend,medium,1,0,0,Delta,Supervisor
E106166,2025-03-02 20:11:00,MX-103,Line-B,evening,Maintenance,FilterChange,medium,69,21,13,Delta,AutoReset
E106216,2025-03-02 21:27:00,MX-201,Line-C,evening,Maintenance,Lubrication,medium,119,31,28,Bravo,Operator
E106183,2025-03-02 21:34:00,MX-103,Line-B,evening,Alarm,Overheat,medium,32,18,32,Bravo,Operator
E106209,2025-03-02 21:40:00,MX-101,Line-A,evening,Quality,MaterialMismatch,medium,33,9,88,Alpha,Supervisor
E106236,2025-03-02 21:55:00,MX-101,Line-A,evening,Quality,DimensionDrift,medium,3,0,11,Alpha,Operator
E106193,2025-03-02 21:55:00,MX-201,Line-C,evening,Warning,VibrationTrend,low,6,0,0,Delta,Engineer
E106186,2025-03-02 22:22:00,MX-102,Line-A,night,Maintenance,Calibration,medium,134,59,17,Alpha,Technician
E106192,2025-03-02 22:25:00,MX-101,Line-A,night,Maintenance,Calibration,medium,38,28,17,Charlie,Engineer
E106246,2025-03-02 23:14:00,MX-202,Line-C,night,Warning,VibrationTrend,high,15,0,0,Alpha,AutoReset
E106227,2025-03-02 23:17:00,MX-202,Line-C,night,Alarm,PressureDrop,medium,60,29,31,Delta,Technician
E106230,2025-03-02 23:24:00,MX-101,Line-A,night,Warning,PressureTrend,medium,16,2,0,Alpha,AutoReset
E106200,2025-03-02 23:39:00,MX-102,Line-A,night,Quality,VisionReject,high,23,2,135,Bravo,AutoReset
E106208,2025-03-02 23:43:00,MX-201,Line-C,night,Alarm,Overheat,critical,55,34,49,Bravo,AutoReset
E106215,2025-03-02 23:49:00,MX-102,Line-A,night,Alarm,SensorFailure,high,4,3,5,Alpha,Technician
E106211,2025-03-02 23:58:00,MX-101,Line-A,night,Maintenance,Inspection,medium,158,61,33,Charlie,Supervisor
E106347,2025-03-03 00:07:00,MX-103,Line-B,night,Alarm,MotorOverload,high,42,29,23,Alpha,AutoReset
E106259,2025-03-03 00:27:00,MX-101,Line-A,night,Maintenance,Calibration,low,78,43,36,Delta,AutoReset
E106326,2025-03-03 00:30:00,MX-201,Line-C,night,Warning,TempTrend,low,13,1,0,Charlie,Technician
E106343,2025-03-03 00:39:00,MX-101,Line-A,night,Alarm,MotorOverload,medium,25,20,39,Bravo,AutoReset
E106312,2025-03-03 00:40:00,MX-102,Line-A,night,Alarm,MotorOverload,medium,11,10,9,Delta,Supervisor
E106251,2025-03-03 00:50:00,MX-201,Line-C,night,Maintenance,Inspection,medium,93,39,19,Bravo,AutoReset
E106300,2025-03-03 00:53:00,MX-101,Line-A,night,Quality,SurfaceDefect,high,28,6,119,Bravo,Supervisor
E106329,2025-03-03 00:57:00,MX-201,Line-C,night,Setup,RecipeChange,low,46,44,46,Bravo,Operator
E106261,2025-03-03 01:00:00,MX-202,Line-C,night,Maintenance,Calibration,medium,113,77,36,Charlie,Technician
E106257,2025-03-03 01:06:00,MX-103,Line-B,night,Alarm,Overheat,medium,19,10,18,Alpha,Technician
E106270,2025-03-03 01:14:00,MX-102,Line-A,night,Alarm,HighVibration,high,98,62,106,Bravo,Operator
E106268,2025-03-03 01:17:00,MX-101,Line-A,night,Warning,PressureTrend,low,2,0,0,Charlie,Supervisor
E106325,2025-03-03 01:35:00,MX-201,Line-C,night,Maintenance,Calibration,low,39,10,5,Alpha,Engineer
E106362,2025-03-03 01:43:00,MX-202,Line-C,night,Safety,EStop,high,10,9,6,Charlie,Supervisor
E106316,2025-03-03 01:50:00,MX-101,Line-A,night,Alarm,HighVibration,critical,11,8,13,Charlie,Technician
E106299,2025-03-03 01:52:00,MX-202,Line-C,night,Quality,MaterialMismatch,medium,9,0,24,Alpha,Technician
E106281,2025-03-03 02:04:00,MX-102,Line-A,night,Quality,VisionReject,medium,23,5,71,Charlie,Engineer
E106351,2025-03-03 02:09:00,MX-202,Line-C,night,Safety,GuardOpen,critical,25,15,15,Alpha,Engineer
E106306,2025-03-03 02:11:00,MX-103,Line-B,night,Maintenance,BearingReplacement,high,112,41,19,Charlie,Engineer
E106364,2025-03-03 02:23:00,MX-202,Line-C,night,Setup,RecipeChange,low,51,46,49,Delta,Supervisor
E106322,2025-03-03 02:35:00,MX-101,Line-A,night,Maintenance,BearingReplacement,medium,67,37,20,Alpha,Operator
E106267,2025-03-03 02:35:00,MX-102,Line-A,night,Warning,EnergySpike,medium,6,0,0,Alpha,Technician
E106289,2025-03-03 03:29:00,MX-101,Line-A,night,Quality,DimensionDrift,high,3,0,13,Charlie,AutoReset
E106291,2025-03-03 03:35:00,MX-103,Line-B,night,Safety,DoorInterlock,high,21,15,8,Delta,AutoReset
E106284,2025-03-03 03:41:00,MX-102,Line-A,night,Alarm,HighVibration,critical,10,8,9,Alpha,Engineer
E106297,2025-03-03 03:43:00,MX-101,Line-A,night,Quality,SurfaceDefect,medium,18,4,67,Delta,AutoReset
E106321,2025-03-03 03:53:00,MX-202,Line-C,night,Quality,VisionReject,medium,26,0,65,Bravo,Operator
E106331,2025-03-03 04:37:00,MX-101,Line-A,night,Warning,VibrationTrend,high,9,1,0,Alpha,AutoReset
E106311,2025-03-03 04:52:00,MX-202,Line-C,night,Alarm,SensorFailure,critical,29,15,31,Charlie,Supervisor
E106256,2025-03-03 05:27:00,MX-202,Line-C,night,Warning,VibrationTrend,low,6,0,0,Bravo,AutoReset
E106376,2025-03-03 05:34:00,MX-202,Line-C,night,Alarm,Overheat,medium,42,31,36,Alpha,Operator
E106369,2025-03-03 05:37:00,MX-103,Line-B,night,Alarm,Overheat,high,64,54,74,Bravo,Technician
E106320,2025-03-03 05:39:00,MX-101,Line-A,night,Quality,VisionReject,low,5,0,17,Delta,Technician
E106283,2025-03-03 05:44:00,MX-103,Line-B,night,Alarm,MotorOverload,critical,5,3,2,Alpha,AutoReset
E106365,2025-03-03 05:56:00,MX-101,Line-A,night,Maintenance,FilterChange,low,34,14,4,Bravo,Technician
E106348,2025-03-03 06:15:00,MX-102,Line-A,morning,Safety,GuardOpen,medium,17,10,7,Delta,Operator
E106383,2025-03-03 06:19:00,MX-102,Line-A,morning,Warning,PressureTrend,medium,22,0,0,Bravo,Operator
E106354,2025-03-03 06:22:00,MX-102,Line-A,morning,Alarm,SensorFailure,high,97,44,80,Charlie,Supervisor
E106303,2025-03-03 06:50:00,MX-201,Line-C,morning,Alarm,Overheat,high,40,21,42,Delta,Operator
E106319,2025-03-03 06:54:00,MX-102,Line-A,morning,Maintenance,FilterChange,medium,80,44,20,Bravo,AutoReset
E106338,2025-03-03 07:04:00,MX-201,Line-C,morning,Maintenance,Lubrication,low,111,70,18,Alpha,AutoReset
E106336,2025-03-03 07:10:00,MX-101,Line-A,morning,Warning,PressureTrend,low,12,0,0,Delta,Engineer
E106266,2025-03-03 07:47:00,MX-201,Line-C,morning,Quality,DimensionDrift,medium,6,1,17,Delta,Technician
E106285,2025-03-03 07:58:00,MX-201,Line-C,morning,Setup,RecipeChange,low,60,46,37,Bravo,Technician
E106253,2025-03-03 08:11:00,MX-103,Line-B,morning,Maintenance,Inspection,medium,25,8,5,Bravo,Supervisor
E106352,2025-03-03 08:29:00,MX-103,Line-B,morning,Warning,PressureTrend,medium,9,0,0,Bravo,Operator
E106378,2025-03-03 08:33:00,MX-202,Line-C,morning,Quality,SurfaceDefect,medium,23,6,141,Bravo,Engineer
E106295,2025-03-03 08:44:00,MX-101,Line-A,morning,Alarm,HighVibration,medium,84,46,32,Charlie,Technician
E106335,2025-03-03 08:45:00,MX-202,Line-C,morning,Warning,TempTrend,low,14,0,0,Bravo,AutoReset
E106330,2025-03-03 08:58:00,MX-102,Line-A,morning,Warning,VibrationTrend,low,9,0,0,Delta,Technician
E106358,2025-03-03 09:01:00,MX-201,Line-C,morning,Setup,RecipeChange,low,31,29,31,Bravo,AutoReset
E106290,2025-03-03 09:06:00,MX-101,Line-A,morning,Quality,VisionReject,low,27,3,137,Alpha,Supervisor
E106377,2025-03-03 09:06:00,MX-102,Line-A,morning,Warning,EnergySpike,medium,7,0,0,Alpha,Operator
E106366,2025-03-03 09:16:00,MX-103,Line-B,morning,Alarm,PressureDrop,medium,89,46,93,Delta,AutoReset
E106356,2025-03-03 09:28:00,MX-201,Line-C,morning,Safety,AreaBreach,critical,16,8,4,Bravo,Technician
E106373,2025-03-03 09:32:00,MX-102,Line-A,morning,Maintenance,FilterChange,medium,65,39,11,Delta,Technician
E106287,2025-03-03 09:35:00,MX-103,Line-B,morning,Setup,RecipeChange,low,25,20,10,Alpha,Engineer
E106310,2025-03-03 09:36:00,MX-102,Line-A,morning,Setup,FixtureAdjustment,low,14,12,3,Charlie,Technician
E106340,2025-03-03 09:54:00,MX-103,Line-B,morning,Warning,TempTrend,low,4,0,0,Alpha,Engineer
E106275,2025-03-03 10:00:00,MX-103,Line-B,morning,Maintenance,Lubrication,low,55,13,8,Alpha,Supervisor
E106264,2025-03-03 10:05:00,MX-201,Line-C,morning,Alarm,MotorOverload,medium,47,23,46,Delta,Engineer
E106346,2025-03-03 10:09:00,MX-202,Line-C,morning,Alarm,Overheat,critical,124,102,196,Charlie,Technician
E106345,2025-03-03 10:25:00,MX-202,Line-C,morning,Quality,MaterialMismatch,medium,6,0,16,Bravo,Technician
E106309,2025-03-03 10:35:00,MX-103,Line-B,morning,Warning,PressureTrend,medium,11,1,0,Bravo,Technician
E106273,2025-03-03 10:50:00,MX-201,Line-C,morning,Warning,PressureTrend,low,3,0,0,Bravo,Operator
E106269,2025-03-03 10:52:00,MX-103,Line-B,morning,Quality,SurfaceDefect,high,38,8,106,Alpha,Technician
E106278,2025-03-03 10:55:00,MX-102,Line-A,morning,Warning,VibrationTrend,low,26,0,0,Bravo,Operator
E106379,2025-03-03 10:59:00,MX-103,Line-B,morning,Alarm,PressureDrop,low,55,38,52,Charlie,Supervisor
E106349,2025-03-03 11:24:00,MX-201,Line-C,morning,Quality,SurfaceDefect,medium,1,0,5,Charlie,Engineer
E106385,2025-03-03 11:25:00,MX-202,Line-C,morning,Maintenance,FilterChange,medium,47,19,10,Alpha,Operator
E106384,2025-03-03 11:36:00,MX-202,Line-C,morning,Warning,TempTrend,low,8,0,0,Alpha,Supervisor
E106301,2025-03-03 11:45:00,MX-201,Line-C,morning,Warning,PressureTrend,high,29,2,0,Delta,Technician
E106288,2025-03-03 11:49:00,MX-101,Line-A,morning,Maintenance,Calibration,low,95,39,35,Alpha,Operator
E106357,2025-03-03 12:08:00,MX-103,Line-B,morning,Quality,MaterialMismatch,high,22,0,118,Alpha,Technician
E106302,2025-03-03 12:15:00,MX-201,Line-C,morning,Alarm,PressureDrop,low,3,1,1,Alpha,Engineer
E106372,2025-03-03 12:22:00,MX-101,Line-A,morning,Alarm,MotorOverload,high,26,21,22,Charlie,Engineer
E106292,2025-03-03 12:49:00,MX-102,Line-A,morning,Warning,VibrationTrend,low,16,2,1,Bravo,Engineer
E106314,2025-03-03 13:01:00,MX-102,Line-A,morning,Alarm,SensorFailure,medium,117,85,88,Alpha,Engineer
E106262,2025-03-03 13:14:00,MX-102,Line-A,morning,Warning,EnergySpike,low,10,0,0,Bravo,Engineer
E106254,2025-03-03 13:20:00,MX-201,Line-C,morning,Warning,PressureTrend,low,11,1,0,Charlie,Engineer
E106363,2025-03-03 13:29:00,MX-102,Line-A,morning,Setup,FixtureAdjustment,medium,39,28,6,Charlie,Technician
E106282,2025-03-03 13:30:00,MX-102,Line-A,morning,Setup,RecipeChange,medium,56,43,28,Alpha,Technician
E106380,2025-03-03 13:44:00,MX-202,Line-C,morning,Alarm,Overheat,medium,20,11,8,Charlie,Operator
E106382,2025-03-03 14:01:00,MX-103,Line-B,evening,Warning,VibrationTrend,medium,1,0,0,Delta,Technician
E106272,2025-03-03 14:22:00,MX-102,Line-A,evening,Safety,EStop,medium,36,33,8,Bravo,Operator
E106317,2025-03-03 14:37:00,MX-201,Line-C,evening,Warning,VibrationTrend,medium,28,1,0,Delta,Technician
E106328,2025-03-03 14:37:00,MX-102,Line-A,evening,Safety,AreaBreach,critical,50,37,14,Charlie,Technician
E106296,2025-03-03 14:39:00,MX-103,Line-B,evening,Warning,EnergySpike,medium,16,2,1,Delta,Technician
E106360,2025-03-03 14:46:00,MX-201,Line-C,evening,Warning,VibrationTrend,low,3,0,0,Charlie,Technician
E106361,2025-03-03 15:01:00,MX-101,Line-A,evening,Setup,RecipeChange,medium,23,22,5,Charlie,Technician
E106374,2025-03-03 15:11:00,MX-103,Line-B,evening,Quality,VisionReject,high,2,0,4,Bravo,AutoReset
E106304,2025-03-03 15:27:00,MX-102,Line-A,evening,Safety,GuardOpen,high,10,5,1,Delta,Supervisor
E106344,2025-03-03 16:15:00,MX-102,Line-A,evening,Maintenance,Lubrication,low,33,14,8,Charlie,Engineer
E106260,2025-03-03 16:27:00,MX-102,Line-A,evening,Quality,MaterialMismatch,medium,1,0,4,Charlie,Operator
E106339,2025-03-03 16:45:00,MX-202,Line-C,evening,Warning,PressureTrend,medium,6,0,0,Alpha,AutoReset
E106342,2025-03-03 16:48:00,MX-101,Line-A,evening,Setup,ToolChange,medium,36,33,17,Bravo,Technician
E106271,2025-03-03 16:49:00,MX-201,Line-C,evening,Warning,TempTrend,low,10,0,0,Delta,Operator
E106255,2025-03-03 17:03:00,MX-202,Line-C,evening,Warning,PressureTrend,low,19,0,0,Charlie,AutoReset
E106274,2025-03-03 17:48:00,MX-103,Line-B,evening,Alarm,PressureDrop,critical,14,9,7,Alpha,AutoReset
E106359,2025-03-03 18:22:00,MX-201,Line-C,evening,Maintenance,FilterChange,low,143,70,32,Charlie,Engineer
E106375,2025-03-03 18:25:00,MX-102,Line-A,evening,Warning,VibrationTrend,low,1,0,0,Bravo,AutoReset
E106293,2025-03-03 18:39:00,MX-201,Line-C,evening,Maintenance,Lubrication,medium,33,25,16,Delta,Operator
E106298,2025-03-03 18:48:00,MX-202,Line-C,evening,Alarm,HighVibration,critical,43,22,43,Alpha,Technician
E106279,2025-03-03 19:16:00,MX-103,Line-B,evening,Warning,PressureTrend,low,2,0,0,Alpha,Technician
E106294,2025-03-03 19:18:00,MX-101,Line-A,evening,Setup,ToolChange,medium,23,17,13,Charlie,Operator
E106324,2025-03-03 19:44:00,MX-102,Line-A,evening,Warning,TempTrend,low,1,0,0,Charlie,AutoReset
E106381,2025-03-03 19:46:00,MX-102,Line-A,evening,Warning,TempTrend,medium,3,0,0,Delta,AutoReset
E106353,2025-03-03 19:58:00,MX-102,Line-A,evening,Warning,TempTrend,medium,3,0,0,Charlie,Technician
E106355,2025-03-03 20:26:00,MX-201,Line-C,evening,Safety,DoorInterlock,medium,29,28,27,Charlie,Engineer
E106263,2025-03-03 20:30:00,MX-201,Line-C,evening,Warning,EnergySpike,medium,5,0,0,Alpha,Technician
E106313,2025-03-03 20:53:00,MX-101,Line-A,evening,Warning,EnergySpike,low,11,0,0,Alpha,Technician
E106315,2025-03-03 21:07:00,MX-201,Line-C,evening,Maintenance,Lubrication,high,70,28,15,Charlie,Technician
E106307,2025-03-03 21:10:00,MX-101,Line-A,evening,Safety,EStop,medium,17,11,15,Alpha,Operator
E106277,2025-03-03 21:17:00,MX-101,Line-A,evening,Maintenance,Calibration,high,16,7,2,Charlie,Operator
E106276,2025-03-03 21:23:00,MX-201,Line-C,evening,Quality,DimensionDrift,medium,19,3,93,Delta,Operator
E106327,2025-03-03 21:34:00,MX-102,Line-A,evening,Alarm,MotorOverload,critical,27,18,39,Charlie,Engineer
E106252,2025-03-03 21:39:00,MX-101,Line-A,evening,Warning,VibrationTrend,medium,13,1,0,Bravo,Operator
E106265,2025-03-03 21:42:00,MX-101,Line-A,evening,Alarm,Overheat,medium,69,35,76,Delta,Technician
E106341,2025-03-03 21:45:00,MX-102,Line-A,evening,Alarm,SensorFailure,medium,79,77,126,Alpha,Technician
E106333,2025-03-03 21:48:00,MX-201,Line-C,evening,Quality,SurfaceDefect,medium,16,2,54,Bravo,Supervisor
E106371,2025-03-03 21:52:00,MX-103,Line-B,evening,Warning,TempTrend,medium,8,1,0,Delta,Technician
E106305,2025-03-03 21:57:00,MX-201,Line-C,evening,Setup,FixtureAdjustment,medium,55,52,39,Delta,AutoReset
E106318,2025-03-03 22:01:00,MX-202,Line-C,night,Quality,DimensionDrift,medium,8,0,16,Charlie,Engineer
E106370,2025-03-03 22:02:00,MX-102,Line-A,night,Warning,PressureTrend,low,8,0,0,Alpha,Operator
E106280,2025-03-03 22:03:00,MX-101,Line-A,night,Quality,MaterialMismatch,medium,34,7,229,Delta,AutoReset
E106367,2025-03-03 22:17:00,MX-102,Line-A,night,Alarm,HighVibration,high,31,21,38,Delta,AutoReset
E106337,2025-03-03 22:36:00,MX-102,Line-A,night,Warning,PressureTrend,low,8,0,0,Alpha,Engineer
E106332,2025-03-03 22:45:00,MX-201,Line-C,night,Maintenance,Inspection,medium,63,40,9,Delta,Supervisor
E106368,2025-03-03 22:50:00,MX-201,Line-C,night,Alarm,HighVibration,medium,104,78,154,Bravo,AutoReset
E106334,2025-03-03 22:51:00,MX-101,Line-A,night,Maintenance,FilterChange,medium,80,60,43,Charlie,Operator
E106286,2025-03-03 23:08:00,MX-102,Line-A,night,Alarm,PressureDrop,high,46,37,45,Alpha,Engineer
E106308,2025-03-03 23:30:00,MX-202,Line-C,night,Maintenance,Calibration,medium,24,16,14,Bravo,Engineer
E106258,2025-03-03 23:52:00,MX-103,Line-B,night,Setup,FixtureAdjustment,low,157,142,60,Alpha,Supervisor
E106323,2025-03-03 23:53:00,MX-103,Line-B,night,Maintenance,FilterChange,low,129,95,69,Alpha,Supervisor
E106350,2025-03-03 23:56:00,MX-202,Line-C,night,Safety,AreaBreach,high,59,40,21,Delta,Operator
E106387,2025-03-04 00:05:00,MX-102,Line-A,night,Setup,RecipeChange,low,15,13,9,Alpha,Engineer
E106494,2025-03-04 00:23:00,MX-201,Line-C,night,Alarm,PressureDrop,high,62,61,58,Bravo,Operator
E106491,2025-03-04 00:36:00,MX-201,Line-C,night,Warning,TempTrend,low,2,0,0,Bravo,Technician
E106393,2025-03-04 00:55:00,MX-102,Line-A,night,Maintenance,Inspection,low,56,14,10,Alpha,Engineer
E106496,2025-03-04 00:59:00,MX-101,Line-A,night,Setup,FixtureAdjustment,low,95,71,67,Alpha,Technician
E106498,2025-03-04 01:02:00,MX-201,Line-C,night,Maintenance,FilterChange,low,118,69,36,Alpha,AutoReset
E106441,2025-03-04 01:11:00,MX-103,Line-B,night,Warning,EnergySpike,low,6,0,0,Delta,AutoReset
E106398,2025-03-04 01:15:00,MX-201,Line-C,night,Warning,PressureTrend,medium,8,0,0,Alpha,Engineer
E106495,2025-03-04 01:20:00,MX-102,Line-A,night,Maintenance,Lubrication,medium,79,46,18,Delta,Technician
E106476,2025-03-04 02:05:00,MX-103,Line-B,night,Quality,MaterialMismatch,medium,13,1,61,Charlie,AutoReset
E106507,2025-03-04 02:47:00,MX-103,Line-B,night,Alarm,SensorFailure,high,27,18,17,Delta,Technician
E106416,2025-03-04 02:51:00,MX-101,Line-A,night,Safety,EStop,high,15,11,15,Bravo,Engineer
E106452,2025-03-04 03:01:00,MX-201,Line-C,night,Maintenance,BearingReplacement,medium,22,15,5,Delta,Technician
E106497,2025-03-04 03:20:00,MX-103,Line-B,night,Quality,MaterialMismatch,medium,27,5,179,Alpha,Operator
E106454,2025-03-04 03:23:00,MX-102,Line-A,night,Maintenance,Inspection,high,53,16,9,Delta,Operator
E106424,2025-03-04 03:40:00,MX-102,Line-A,night,Maintenance,Calibration,low,99,68,57,Delta,Technician
E106413,2025-03-04 03:50:00,MX-101,Line-A,night,Warning,TempTrend,low,1,0,0,Charlie,Technician
E106465,2025-03-04 03:53:00,MX-202,Line-C,night,Maintenance,BearingReplacement,medium,67,26,13,Alpha,AutoReset
E106472,2025-03-04 03:58:00,MX-101,Line-A,night,Quality,MaterialMismatch,medium,18,4,87,Charlie,Engineer
E106431,2025-03-04 03:59:00,MX-202,Line-C,night,Warning,TempTrend,low,14,1,0,Charlie,Operator
E106466,2025-03-04 04:13:00,MX-202,Line-C,night,Warning,VibrationTrend,high,10,0,0,Alpha,AutoReset
E106446,2025-03-04 04:22:00,MX-202,Line-C,night,Warning,TempTrend,low,7,0,0,Alpha,Engineer
E106493,2025-03-04 04:28:00,MX-201,Line-C,night,Quality,VisionReject,low,16,1,78,Delta,Engineer
E106463,2025-03-04 04:36:00,MX-101,Line-A,night,Warning,PressureTrend,medium,6,0,0,Bravo,Technician
E106477,2025-03-04 04:52:00,MX-101,Line-A,night,Setup,FixtureAdjustment,low,48,43,11,Charlie,Technician
E106440,2025-03-04 04:53:00,MX-101,Line-A,night,Maintenance,BearingReplacement,medium,150,75,73,Alpha,Operator
E106506,2025-03-04 05:02:00,MX-201,Line-C,night,Warning,PressureTrend,medium,9,0,0,Alpha,Operator
E106514,2025-03-04 05:17:00,MX-101,Line-A,night,Warning,VibrationTrend,medium,11,0,0,Bravo,Technician
E106438,2025-03-04 05:20:00,MX-101,Line-A,night,Warning,PressureTrend,medium,7,0,0,Charlie,AutoReset
E106481,2025-03-04 05:37:00,MX-101,Line-A,night,Alarm,HighVibration,high,70,51,65,Bravo,Technician
E106420,2025-03-04 05:44:00,MX-202,Line-C,night,Alarm,HighVibration,high,86,47,73,Alpha,Technician
E106469,2025-03-04 06:07:00,MX-101,Line-A,morning,Maintenance,BearingReplacement,low,162,51,43,Delta,Engineer
E106394,2025-03-04 06:21:00,MX-202,Line-C,morning,Warning,EnergySpike,low,15,2,0,Charlie,AutoReset
E106490,2025-03-04 06:41:00,MX-202,Line-C,morning,Warning,TempTrend,low,8,0,0,Delta,AutoReset
E106480,2025-03-04 06:52:00,MX-103,Line-B,morning,Quality,SurfaceDefect,medium,3,0,8,Alpha,Operator
E106502,2025-03-04 06:52:00,MX-201,Line-C,morning,Quality,DimensionDrift,medium,10,2,37,Delta,Technician
E106499,2025-03-04 07:02:00,MX-201,Line-C,morning,Maintenance,FilterChange,medium,35,24,14,Bravo,AutoReset
E106414,2025-03-04 07:02:00,MX-201,Line-C,morning,Warning,VibrationTrend,low,7,0,0,Delta,AutoReset
E106402,2025-03-04 07:10:00,MX-102,Line-A,morning,Quality,VisionReject,low,24,2,154,Delta,Technician
E106406,2025-03-04 07:11:00,MX-103,Line-B,morning,Maintenance,Lubrication,low,38,23,18,Alpha,Engineer
E106392,2025-03-04 07:17:00,MX-202,Line-C,morning,Setup,RecipeChange,medium,58,46,47,Delta,Engineer
E106485,2025-03-04 07:25:00,MX-102,Line-A,morning,Setup,FixtureAdjustment,low,46,32,7,Bravo,Operator
E106500,2025-03-04 07:28:00,MX-101,Line-A,morning,Setup,RecipeChange,low,8,7,1,Alpha,Operator
E106421,2025-03-04 07:31:00,MX-202,Line-C,morning,Alarm,PressureDrop,low,39,32,32,Charlie,Technician
E106501,2025-03-04 07:32:00,MX-103,Line-B,morning,Setup,ToolChange,low,70,53,56,Charlie,Supervisor
E106412,2025-03-04 08:11:00,MX-201,Line-C,morning,Warning,PressureTrend,low,1,0,0,Bravo,Operator
E106471,2025-03-04 08:42:00,MX-202,Line-C,morning,Setup,FixtureAdjustment,medium,13,10,8,Delta,Supervisor
E106386,2025-03-04 08:45:00,MX-103,Line-B,morning,Setup,FixtureAdjustment,low,24,22,9,Bravo,Technician
E106456,2025-03-04 09:09:00,MX-201,Line-C,morning,Safety,AreaBreach,medium,43,25,20,Alpha,Operator
E106484,2025-03-04 09:21:00,MX-102,Line-A,morning,Alarm,SensorFailure,medium,57,41,39,Alpha,Engineer
E106464,2025-03-04 10:09:00,MX-101,Line-A,morning,Warning,EnergySpike,low,6,0,0,Charlie,AutoReset
E106427,2025-03-04 10:51:00,MX-202,Line-C,morning,Setup,ToolChange,medium,37,27,21,Alpha,AutoReset
E106411,2025-03-04 10:53:00,MX-101,Line-A,morning,Quality,MaterialMismatch,medium,11,3,68,Bravo,Operator
E106430,2025-03-04 11:01:00,MX-201,Line-C,morning,Alarm,MotorOverload,medium,48,37,78,Delta,Technician
E106478,2025-03-04 11:06:00,MX-201,Line-C,morning,Warning,PressureTrend,low,12,0,0,Charlie,Technician
E106492,2025-03-04 11:29:00,MX-101,Line-A,morning,Alarm,SensorFailure,high,71,46,38,Delta,Technician
E106515,2025-03-04 12:49:00,MX-202,Line-C,morning,Maintenance,FilterChange,high,75,21,9,Bravo,Supervisor
E106444,2025-03-04 13:19:00,MX-101,Line-A,morning,Maintenance,BearingReplacement,medium,46,29,28,Delta,Supervisor
E106428,2025-03-04 13:28:00,MX-202,Line-C,morning,Warning,TempTrend,medium,3,0,0,Delta,Technician
E106475,2025-03-04 13:38:00,MX-102,Line-A,morning,Alarm,PressureDrop,high,65,49,60,Delta,Technician
E106408,2025-03-04 13:39:00,MX-102,Line-A,morning,Quality,VisionReject,medium,12,1,56,Bravo,Engineer
E106510,2025-03-04 13:41:00,MX-201,Line-C,morning,Setup,RecipeChange,medium,29,28,27,Delta,Operator
E106442,2025-03-04 13:45:00,MX-201,Line-C,morning,Maintenance,Lubrication,low,15,9,8,Delta,Operator
E106462,2025-03-04 13:53:00,MX-102,Line-A,morning,Alarm,PressureDrop,low,80,60,116,Bravo,AutoReset
E106447,2025-03-04 14:01:00,MX-102,Line-A,evening,Warning,TempTrend,high,11,0,0,Delta,Technician
E106426,2025-03-04 14:06:00,MX-101,Line-A,evening,Setup,RecipeChange,low,58,57,27,Delta,Operator
E106460,2025-03-04 14:21:00,MX-103,Line-B,evening,Alarm,Overheat,medium,40,22,16,Delta,AutoReset
E106511,2025-03-04 14:33:00,MX-202,Line-C,evening,Setup,ToolChange,medium,51,41,23,Delta,Supervisor
E106410,2025-03-04 14:42:00,MX-102,Line-A,evening,Maintenance,FilterChange,low,90,29,13,Bravo,Operator
E106467,2025-03-04 14:53:00,MX-102,Line-A,evening,Warning,TempTrend,medium,1,0,0,Bravo,Operator
E106407,2025-03-04 15:10:00,MX-101,Line-A,evening,Alarm,HighVibration,critical,47,22,35,Alpha,Technician
E106512,2025-03-04 15:54:00,MX-201,Line-C,evening,Alarm,MotorOverload,high,21,12,19,Delta,Supervisor
E106391,2025-03-04 16:09:00,MX-102,Line-A,evening,Warning,VibrationTrend,medium,2,0,0,Delta,Engineer
E106516,2025-03-04 16:16:00,MX-202,Line-C,evening,Maintenance,Inspection,medium,72,27,18,Alpha,Technician
E106443,2025-03-04 16:39:00,MX-102,Line-A,evening,Alarm,SensorFailure,high,37,18,17,Delta,Technician
E106436,2025-03-04 16:45:00,MX-202,Line-C,evening,Maintenance,Lubrication,medium,58,14,4,Bravo,AutoReset
E106482,2025-03-04 16:46:00,MX-103,Line-B,evening,Alarm,HighVibration,high,4,3,5,Delta,Engineer
E106434,2025-03-04 16:48:00,MX-102,Line-A,evening,Warning,EnergySpike,low,1,0,0,Alpha,Operator
E106474,2025-03-04 16:50:00,MX-201,Line-C,evening,Safety,GuardOpen,critical,15,12,15,Charlie,Technician
E106418,2025-03-04 16:57:00,MX-103,Line-B,evening,Safety,GuardOpen,critical,4,3,1,Bravo,Engineer
E106395,2025-03-04 16:59:00,MX-101,Line-A,evening,Maintenance,Calibration,low,113,49,17,Bravo,Engineer
E106423,2025-03-04 17:01:00,MX-103,Line-B,evening,Warning,EnergySpike,low,4,0,0,Charlie,AutoReset
E106473,2025-03-04 17:02:00,MX-103,Line-B,evening,Alarm,HighVibration,high,88,63,71,Delta,AutoReset
E106404,2025-03-04 17:06:00,MX-103,Line-B,evening,Safety,EStop,high,14,7,6,Charlie,Technician
E106505,2025-03-04 17:30:00,MX-101,Line-A,evening,Alarm,SensorFailure,medium,43,19,37,Delta,Operator
E106397,2025-03-04 17:31:00,MX-103,Line-B,evening,Alarm,MotorOverload,high,25,20,14,Alpha,Operator
E106409,2025-03-04 17:33:00,MX-201,Line-C,evening,Maintenance,BearingReplacement,low,59,19,17,Bravo,Engineer
E106405,2025-03-04 18:18:00,MX-102,Line-A,evening,Maintenance,Calibration,high,65,44,34,Alpha,Technician
E106389,2025-03-04 18:21:00,MX-101,Line-A,evening,Alarm,HighVibration,medium,16,11,23,Charlie,AutoReset
E106461,2025-03-04 18:26:00,MX-103,Line-B,evening,Maintenance,Inspection,low,144,100,93,Charlie,Engineer
E106470,2025-03-04 18:47:00,MX-102,Line-A,evening,Setup,RecipeChange,low,67,63,58,Delta,Technician
E106432,2025-03-04 18:57:00,MX-101,Line-A,evening,Alarm,PressureDrop,critical,42,34,73,Delta,Supervisor
E106486,2025-03-04 19:03:00,MX-201,Line-C,evening,Warning,EnergySpike,low,6,0,0,Bravo,AutoReset
E106396,2025-03-04 19:11:00,MX-103,Line-B,evening,Warning,PressureTrend,low,9,1,0,Alpha,Technician
E106425,2025-03-04 19:17:00,MX-102,Line-A,evening,Safety,AreaBreach,critical,26,24,35,Alpha,Engineer
E106504,2025-03-04 19:19:00,MX-102,Line-A,evening,Alarm,PressureDrop,high,34,32,38,Charlie,Operator
E106419,2025-03-04 19:20:00,MX-101,Line-A,evening,Warning,VibrationTrend,low,9,0,0,Charlie,Technician
E106489,2025-03-04 19:20:00,MX-103,Line-B,evening,Alarm,SensorFailure,critical,38,31,37,Charlie,AutoReset
E106415,2025-03-04 19:35:00,MX-202,Line-C,evening,Maintenance,BearingReplacement,low,157,94,74,Delta,Operator
E106437,2025-03-04 19:39:00,MX-202,Line-C,evening,Warning,PressureTrend,low,10,1,0,Delta,Technician
E106487,2025-03-04 20:02:00,MX-102,Line-A,evening,Alarm,HighVibration,high,81,64,121,Charlie,Supervisor
E106403,2025-03-04 20:05:00,MX-101,Line-A,evening,Alarm,SensorFailure,medium,37,33,25,Alpha,Supervisor
E106455,2025-03-04 20:08:00,MX-102,Line-A,evening,Maintenance,Calibration,high,60,33,31,Delta,Technician
E106503,2025-03-04 20:13:00,MX-101,Line-A,evening,Warning,EnergySpike,low,4,0,0,Charlie,AutoReset
E106401,2025-03-04 20:15:00,MX-101,Line-A,evening,Warning,EnergySpike,low,4,0,0,Bravo,Technician
E106459,2025-03-04 20:18:00,MX-102,Line-A,evening,Warning,TempTrend,medium,10,1,0,Alpha,Operator
E106448,2025-03-04 20:24:00,MX-201,Line-C,evening,Quality,DimensionDrift,medium,19,3,60,Alpha,Operator
E106451,2025-03-04 20:32:00,MX-201,Line-C,evening,Maintenance,Calibration,high,137,41,39,Delta,Supervisor
E106483,2025-03-04 20:42:00,MX-201,Line-C,evening,Warning,TempTrend,low,7,0,0,Charlie,Technician
E106479,2025-03-04 20:42:00,MX-101,Line-A,evening,Alarm,MotorOverload,medium,39,35,36,Bravo,Supervisor
E106449,2025-03-04 21:06:00,MX-103,Line-B,evening,Safety,EStop,high,39,19,16,Alpha,AutoReset
E106400,2025-03-04 21:16:00,MX-101,Line-A,evening,Alarm,Overheat,high,33,16,35,Bravo,Technician
E106513,2025-03-04 21:24:00,MX-201,Line-C,evening,Maintenance,FilterChange,low,182,56,37,Bravo,Engineer
E106508,2025-03-04 21:40:00,MX-202,Line-C,evening,Warning,VibrationTrend,medium,7,0,0,Alpha,Technician
E106399,2025-03-04 21:49:00,MX-102,Line-A,evening,Warning,PressureTrend,low,13,1,0,Bravo,Engineer
E106433,2025-03-04 21:53:00,MX-101,Line-A,evening,Warning,EnergySpike,medium,11,0,0,Delta,AutoReset
E106453,2025-03-04 22:00:00,MX-103,Line-B,night,Warning,VibrationTrend,high,2,0,0,Charlie,Technician
E106445,2025-03-04 22:06:00,MX-202,Line-C,night,Quality,SurfaceDefect,low,23,5,46,Charlie,Operator
E106435,2025-03-04 22:08:00,MX-102,Line-A,night,Quality,VisionReject,medium,14,3,96,Charlie,AutoReset
E106488,2025-03-04 22:12:00,MX-102,Line-A,night,Warning,TempTrend,low,14,0,0,Charlie,Technician
E106422,2025-03-04 22:21:00,MX-202,Line-C,night,Alarm,MotorOverload,high,79,36,37,Delta,Supervisor
E106388,2025-03-04 22:24:00,MX-101,Line-A,night,Alarm,MotorOverload,high,38,37,34,Charlie,Operator
E106457,2025-03-04 22:41:00,MX-201,Line-C,night,Maintenance,Inspection,medium,49,22,14,Bravo,AutoReset
E106439,2025-03-04 22:41:00,MX-201,Line-C,night,Warning,PressureTrend,low,12,0,0,Alpha,AutoReset
E106468,2025-03-04 22:55:00,MX-201,Line-C,night,Warning,VibrationTrend,low,5,0,0,Alpha,Engineer
E106429,2025-03-04 22:59:00,MX-102,Line-A,night,Quality,DimensionDrift,medium,34,11,184,Charlie,Operator
E106458,2025-03-04 23:05:00,MX-101,Line-A,night,Alarm,HighVibration,high,25,23,34,Alpha,Engineer
E106450,2025-03-04 23:13:00,MX-201,Line-C,night,Setup,ToolChange,medium,50,42,23,Charlie,Engineer
E106509,2025-03-04 23:17:00,MX-102,Line-A,night,Setup,RecipeChange,medium,70,57,31,Delta,Supervisor
E106417,2025-03-04 23:28:00,MX-201,Line-C,night,Quality,SurfaceDefect,low,2,0,6,Delta,Engineer
E106390,2025-03-04 23:39:00,MX-102,Line-A,night,Alarm,MotorOverload,medium,60,51,36,Bravo,Operator
E106595,2025-03-05 00:10:00,MX-201,Line-C,night,Quality,SurfaceDefect,medium,29,6,154,Charlie,Operator
E106541,2025-03-05 00:16:00,MX-103,Line-B,night,Safety,GuardOpen,critical,7,6,1,Delta,Operator
E106524,2025-03-05 00:19:00,MX-103,Line-B,night,Warning,TempTrend,low,1,0,0,Delta,Technician
E106539,2025-03-05 00:19:00,MX-103,Line-B,night,Warning,TempTrend,low,3,0,0,Charlie,Operator
E106550,2025-03-05 00:23:00,MX-103,Line-B,night,Setup,ToolChange,low,75,54,59,Alpha,Operator
E106525,2025-03-05 00:25:00,MX-101,Line-A,night,Warning,TempTrend,medium,16,0,0,Alpha,AutoReset
E106563,2025-03-05 00:33:00,MX-102,Line-A,night,Alarm,MotorOverload,high,55,49,63,Charlie,AutoReset
E106600,2025-03-05 00:34:00,MX-102,Line-A,night,Warning,VibrationTrend,low,1,0,0,Delta,Engineer
E106552,2025-03-05 00:41:00,MX-101,Line-A,night,Maintenance,Inspection,low,102,25,24,Alpha,Technician
E106597,2025-03-05 00:52:00,MX-103,Line-B,night,Quality,SurfaceDefect,medium,16,3,43,Alpha,Technician
E106567,2025-03-05 01:04:00,MX-201,Line-C,night,Warning,VibrationTrend,medium,9,1,0,Bravo,Operator
E106599,2025-03-05 01:16:00,MX-102,Line-A,night,Warning,EnergySpike,medium,7,0,0,Bravo,Technician
E106554,2025-03-05 01:39:00,MX-201,Line-C,night,Maintenance,FilterChange,low,19,12,5,Bravo,Technician
E106587,2025-03-05 01:40:00,MX-201,Line-C,night,Setup,ToolChange,low,70,55,56,Alpha,Operator
E106569,2025-03-05 01:56:00,MX-201,Line-C,night,Warning,VibrationTrend,low,4,0,0,Alpha,Engineer
E106549,2025-03-05 02:26:00,MX-102,Line-A,night,Quality,MaterialMismatch,medium,11,1,63,Alpha,Engineer
E106562,2025-03-05 02:56:00,MX-202,Line-C,night,Quality,MaterialMismatch,medium,34,6,106,Delta,Engineer
E106560,2025-03-05 02:57:00,MX-202,Line-C,night,Maintenance,BearingReplacement,medium,13,9,5,Bravo,AutoReset
E106556,2025-03-05 02:59:00,MX-102,Line-A,night,Quality,VisionReject,low,13,2,51,Alpha,Operator
E106545,2025-03-05 03:25:00,MX-103,Line-B,night,Maintenance,Lubrication,low,58,18,8,Charlie,Technician
E106614,2025-03-05 03:37:00,MX-102,Line-A,night,Warning,TempTrend,medium,12,0,0,Alpha,Operator
E106570,2025-03-05 03:57:00,MX-201,Line-C,night,Setup,FixtureAdjustment,medium,40,33,26,Delta,Technician
E106606,2025-03-05 04:01:00,MX-101,Line-A,night,Maintenance,Calibration,low,156,70,28,Delta,Operator
E106598,2025-03-05 04:38:00,MX-103,Line-B,night,Setup,RecipeChange,medium,72,69,74,Charlie,AutoReset
E106585,2025-03-05 04:46:00,MX-103,Line-B,night,Maintenance,Inspection,low,134,41,12,Bravo,Engineer
E106558,2025-03-05 05:05:00,MX-201,Line-C,night,Quality,DimensionDrift,high,17,4,103,Alpha,Technician
E106618,2025-03-05 05:08:00,MX-101,Line-A,night,Setup,ToolChange,low,31,30,16,Delta,Operator
E106561,2025-03-05 05:14:00,MX-101,Line-A,night,Alarm,HighVibration,critical,24,11,16,Delta,Technician
E106532,2025-03-05 05:21:00,MX-101,Line-A,night,Alarm,PressureDrop,high,23,19,29,Bravo,Technician
E106623,2025-03-05 05:24:00,MX-201,Line-C,night,Alarm,SensorFailure,high,25,14,14,Charlie,Engineer
E106521,2025-03-05 05:31:00,MX-202,Line-C,night,Safety,GuardOpen,high,9,6,4,Charlie,Technician
E106622,2025-03-05 05:39:00,MX-201,Line-C,night,Warning,TempTrend,high,1,0,0,Delta,Operator
E106537,2025-03-05 06:08:00,MX-101,Line-A,morning,Warning,PressureTrend,low,11,0,0,Delta,Technician
E106628,2025-03-05 06:16:00,MX-202,Line-C,morning,Alarm,HighVibration,high,121,108,206,Delta,Supervisor
E106612,2025-03-05 06:17:00,MX-101,Line-A,morning,Alarm,HighVibration,medium,38,37,78,Charlie,Operator
E106533,2025-03-05 06:23:00,MX-101,Line-A,morning,Alarm,MotorOverload,high,58,46,87,Alpha,Supervisor
E106576,2025-03-05 06:33:00,MX-103,Line-B,morning,Alarm,HighVibration,high,13,8,9,Alpha,Operator
E106551,2025-03-05 06:48:00,MX-102,Line-A,morning,Maintenance,Calibration,medium,66,25,12,Bravo,Technician
E106626,2025-03-05 06:50:00,MX-101,Line-A,morning,Alarm,PressureDrop,medium,53,30,45,Alpha,Supervisor
E106540,2025-03-05 06:50:00,MX-101,Line-A,morning,Maintenance,Calibration,low,150,86,71,Charlie,Supervisor
E106588,2025-03-05 06:52:00,MX-101,Line-A,morning,Maintenance,BearingReplacement,low,74,57,27,Alpha,Supervisor
E106519,2025-03-05 06:52:00,MX-201,Line-C,morning,Alarm,HighVibration,high,10,6,4,Delta,Engineer
E106564,2025-03-05 06:54:00,MX-201,Line-C,morning,Setup,FixtureAdjustment,low,47,39,14,Charlie,AutoReset
E106627,2025-03-05 07:00:00,MX-102,Line-A,morning,Alarm,SensorFailure,high,75,43,55,Alpha,AutoReset
E106615,2025-03-05 07:02:00,MX-201,Line-C,morning,Maintenance,Inspection,low,52,28,24,Bravo,Technician
E106631,2025-03-05 07:11:00,MX-103,Line-B,morning,Warning,EnergySpike,medium,15,1,0,Charlie,Supervisor
E106637,2025-03-05 07:49:00,MX-101,Line-A,morning,Warning,TempTrend,low,4,0,0,Delta,Supervisor
E106530,2025-03-05 07:50:00,MX-103,Line-B,morning,Warning,TempTrend,high,27,4,2,Delta,Operator
E106582,2025-03-05 08:01:00,MX-102,Line-A,morning,Warning,TempTrend,low,2,0,0,Alpha,Supervisor
E106591,2025-03-05 08:15:00,MX-202,Line-C,morning,Alarm,PressureDrop,high,59,56,62,Delta,Technician
E106518,2025-03-05 08:15:00,MX-103,Line-B,morning,Warning,EnergySpike,low,26,0,0,Bravo,Operator
E106617,2025-03-05 08:19:00,MX-201,Line-C,morning,Quality,DimensionDrift,low,9,0,27,Bravo,Engineer
E106621,2025-03-05 08:26:00,MX-101,Line-A,morning,Maintenance,Calibration,low,100,52,27,Charlie,Operator
E106571,2025-03-05 09:01:00,MX-102,Line-A,morning,Alarm,PressureDrop,critical,63,60,72,Bravo,Technician
E106603,2025-03-05 09:06:00,MX-202,Line-C,morning,Setup,ToolChange,low,47,36,14,Bravo,Technician
E106573,2025-03-05 09:14:00,MX-202,Line-C,morning,Maintenance,FilterChange,high,79,45,41,Alpha,AutoReset
E106593,2025-03-05 09:22:00,MX-201,Line-C,morning,Maintenance,Lubrication,medium,34,14,10,Alpha,Technician
E106629,2025-03-05 09:26:00,MX-103,Line-B,morning,Quality,VisionReject,medium,24,2,160,Alpha,Engineer
E106528,2025-03-05 09:50:00,MX-202,Line-C,morning,Maintenance,Inspection,low,68,33,21,Delta,Technician
E106625,2025-03-05 10:16:00,MX-103,Line-B,morning,Setup,RecipeChange,low,30,27,26,Charlie,Operator
E106546,2025-03-05 10:16:00,MX-102,Line-A,morning,Warning,PressureTrend,low,5,0,0,Delta,Operator
E106610,2025-03-05 10:17:00,MX-101,Line-A,morning,Maintenance,Inspection,low,37,22,13,Delta,AutoReset
E106611,2025-03-05 10:18:00,MX-202,Line-C,morning,Quality,MaterialMismatch,medium,17,2,109,Charlie,Technician
E106589,2025-03-05 10:54:00,MX-102,Line-A,morning,Setup,FixtureAdjustment,medium,34,25,5,Bravo,AutoReset
E106575,2025-03-05 11:09:00,MX-101,Line-A,morning,Quality,VisionReject,medium,17,1,37,Charlie,Operator
E106522,2025-03-05 11:15:00,MX-202,Line-C,morning,Warning,EnergySpike,low,3,0,0,Delta,Engineer
E106608,2025-03-05 11:18:00,MX-101,Line-A,morning,Maintenance,BearingReplacement,medium,83,64,31,Delta,AutoReset
E106535,2025-03-05 11:21:00,MX-201,Line-C,morning,Quality,DimensionDrift,medium,12,3,58,Bravo,Technician
E106583,2025-03-05 11:24:00,MX-202,Line-C,morning,Warning,PressureTrend,medium,3,0,0,Bravo,Technician
E106578,2025-03-05 11:26:00,MX-102,Line-A,morning,Alarm,PressureDrop,critical,64,46,56,Delta,Operator
E106529,2025-03-05 11:27:00,MX-103,Line-B,morning,Quality,DimensionDrift,medium,51,16,154,Bravo,Technician
E106579,2025-03-05 11:34:00,MX-202,Line-C,morning,Safety,EStop,high,6,4,1,Alpha,Engineer
E106547,2025-03-05 11:38:00,MX-103,Line-B,morning,Warning,PressureTrend,low,5,0,0,Charlie,AutoReset
E106619,2025-03-05 11:41:00,MX-102,Line-A,morning,Alarm,PressureDrop,high,5,3,4,Bravo,Engineer
E106523,2025-03-05 12:05:00,MX-103,Line-B,morning,Safety,GuardOpen,critical,21,13,15,Delta,Technician
E106543,2025-03-05 12:15:00,MX-102,Line-A,morning,Alarm,Overheat,high,36,34,72,Alpha,Operator
E106635,2025-03-05 12:40:00,MX-102,Line-A,morning,Warning,EnergySpike,low,1,0,0,Delta,AutoReset
E106544,2025-03-05 12:59:00,MX-101,Line-A,morning,Quality,SurfaceDefect,high,28,9,180,Alpha,AutoReset
E106590,2025-03-05 13:02:00,MX-102,Line-A,morning,Alarm,HighVibration,high,35,31,66,Delta,Technician
E106580,2025-03-05 13:07:00,MX-103,Line-B,morning,Warning,VibrationTrend,low,5,0,0,Delta,Engineer
E106534,2025-03-05 13:10:00,MX-201,Line-C,morning,Setup,ToolChange,low,13,9,6,Charlie,Technician
E106557,2025-03-05 13:42:00,MX-202,Line-C,morning,Alarm,HighVibration,high,39,36,55,Delta,Engineer
E106559,2025-03-05 13:59:00,MX-103,Line-B,morning,Maintenance,BearingReplacement,medium,72,51,42,Charlie,Technician
E106566,2025-03-05 14:02:00,MX-201,Line-C,evening,Maintenance,FilterChange,medium,140,35,7,Alpha,Technician
E106613,2025-03-05 14:10:00,MX-101,Line-A,evening,Setup,ToolChange,low,128,108,99,Bravo,Engineer
E106604,2025-03-05 14:19:00,MX-101,Line-A,evening,Alarm,Overheat,high,48,45,37,Delta,Technician
E106630,2025-03-05 14:44:00,MX-103,Line-B,evening,Maintenance,Inspection,medium,73,35,15,Bravo,Operator
E106624,2025-03-05 14:45:00,MX-101,Line-A,evening,Maintenance,Lubrication,low,9,4,2,Bravo,Technician
E106636,2025-03-05 15:04:00,MX-202,Line-C,evening,Maintenance,BearingReplacement,medium,71,45,33,Charlie,Operator
E106572,2025-03-05 15:05:00,MX-102,Line-A,evening,Alarm,Overheat,low,90,46,60,Bravo,Technician
E106574,2025-03-05 15:22:00,MX-101,Line-A,evening,Maintenance,FilterChange,low,109,36,26,Alpha,Technician
E106520,2025-03-05 15:37:00,MX-201,Line-C,evening,Maintenance,Lubrication,low,146,116,95,Bravo,Technician
E106605,2025-03-05 15:41:00,MX-101,Line-A,evening,Warning,PressureTrend,medium,10,0,0,Charlie,Technician
E106607,2025-03-05 15:44:00,MX-103,Line-B,evening,Safety,EStop,critical,20,17,3,Alpha,AutoReset
E106620,2025-03-05 15:47:00,MX-102,Line-A,evening,Warning,PressureTrend,low,2,0,0,Charlie,Engineer
E106568,2025-03-05 17:23:00,MX-101,Line-A,evening,Alarm,SensorFailure,high,17,9,10,Bravo,AutoReset
E106517,2025-03-05 17:47:00,MX-103,Line-B,evening,Maintenance,Calibration,medium,52,28,18,Bravo,Technician
E106531,2025-03-05 17:51:00,MX-101,Line-A,evening,Quality,SurfaceDefect,medium,47,3,276,Charlie,Technician
E106634,2025-03-05 18:17:00,MX-102,Line-A,evening,Warning,PressureTrend,low,5,0,0,Alpha,AutoReset
E106594,2025-03-05 18:18:00,MX-101,Line-A,evening,Alarm,MotorOverload,high,42,22,28,Bravo,Engineer
E106616,2025-03-05 18:24:00,MX-102,Line-A,evening,Alarm,MotorOverload,medium,57,34,55,Delta,AutoReset
E106602,2025-03-05 18:28:00,MX-201,Line-C,evening,Setup,FixtureAdjustment,low,47,41,10,Alpha,Supervisor
E106538,2025-03-05 18:29:00,MX-101,Line-A,evening,Quality,DimensionDrift,medium,22,6,151,Alpha,Engineer
E106536,2025-03-05 19:08:00,MX-101,Line-A,evening,Alarm,SensorFailure,medium,15,14,17,Charlie,Engineer
E106581,2025-03-05 19:17:00,MX-103,Line-B,evening,Setup,FixtureAdjustment,low,30,26,21,Charlie,Operator
E106548,2025-03-05 19:38:00,MX-201,Line-C,evening,Alarm,PressureDrop,medium,57,52,36,Bravo,AutoReset
E106596,2025-03-05 19:54:00,MX-202,Line-C,evening,Maintenance,BearingReplacement,medium,70,22,8,Alpha,Technician
E106609,2025-03-05 19:58:00,MX-103,Line-B,evening,Alarm,Overheat,high,6,3,5,Bravo,Technician
E106586,2025-03-05 20:21:00,MX-201,Line-C,evening,Maintenance,Lubrication,low,90,64,39,Charlie,Operator
E106555,2025-03-05 20:25:00,MX-201,Line-C,evening,Setup,RecipeChange,medium,42,29,21,Charlie,Technician
E106527,2025-03-05 20:53:00,MX-103,Line-B,evening,Quality,MaterialMismatch,medium,17,0,92,Charlie,Supervisor
E106577,2025-03-05 20:53:00,MX-103,Line-B,evening,Safety,AreaBreach,medium,20,12,9,Bravo,AutoReset
E106526,2025-03-05 20:56:00,MX-103,Line-B,evening,Safety,GuardOpen,medium,4,2,0,Bravo,Technician
E106632,2025-03-05 22:00:00,MX-202,Line-C,night,Quality,VisionReject,high,18,4,117,Bravo,Technician
E106592,2025-03-05 22:02:00,MX-201,Line-C,night,Warning,EnergySpike,medium,4,0,0,Alpha,Technician
E106565,2025-03-05 22:17:00,MX-101,Line-A,night,Quality,DimensionDrift,low,3,0,14,Alpha,Technician
E106553,2025-03-05 22:21:00,MX-102,Line-A,night,Setup,ToolChange,low,50,48,33,Charlie,Technician
E106584,2025-03-05 22:24:00,MX-101,Line-A,night,Setup,ToolChange,low,18,15,9,Alpha,AutoReset
E106601,2025-03-05 23:03:00,MX-102,Line-A,night,Quality,MaterialMismatch,medium,11,3,26,Bravo,AutoReset
E106633,2025-03-05 23:37:00,MX-201,Line-C,night,Alarm,SensorFailure,medium,40,27,36,Bravo,Technician
E106542,2025-03-05 23:43:00,MX-103,Line-B,night,Maintenance,Inspection,low,52,13,4,Delta,Operator
E106650,2025-03-06 00:11:00,MX-103,Line-B,night,Maintenance,FilterChange,low,61,25,14,Delta,Operator
E106720,2025-03-06 00:14:00,MX-103,Line-B,night,Warning,TempTrend,medium,15,0,0,Alpha,AutoReset
E106711,2025-03-06 00:27:00,MX-101,Line-A,night,Warning,VibrationTrend,low,14,0,0,Bravo,AutoReset
E106732,2025-03-06 00:38:00,MX-102,Line-A,night,Quality,DimensionDrift,medium,23,0,58,Bravo,Operator
E106649,2025-03-06 00:51:00,MX-103,Line-B,night,Warning,VibrationTrend,low,12,0,0,Bravo,Technician
E106706,2025-03-06 00:52:00,MX-101,Line-A,night,Warning,PressureTrend,low,11,0,0,Alpha,Engineer
E106758,2025-03-06 01:09:00,MX-102,Line-A,night,Warning,PressureTrend,low,24,1,0,Bravo,AutoReset
E106676,2025-03-06 01:20:00,MX-201,Line-C,night,Warning,VibrationTrend,low,6,0,0,Delta,AutoReset
E106642,2025-03-06 01:21:00,MX-101,Line-A,night,Setup,RecipeChange,low,77,65,39,Alpha,AutoReset
E106740,2025-03-06 01:23:00,MX-102,Line-A,night,Alarm,HighVibration,high,27,23,25,Alpha,Operator
E106729,2025-03-06 01:57:00,MX-202,Line-C,night,Setup,RecipeChange,medium,50,46,41,Alpha,Operator
E106670,2025-03-06 02:17:00,MX-103,Line-B,night,Maintenance,Calibration,high,82,52,28,Bravo,Technician
E106743,2025-03-06 02:22:00,MX-202,Line-C,night,Setup,FixtureAdjustment,low,39,34,7,Bravo,Technician
E106726,2025-03-06 02:30:00,MX-201,Line-C,night,Setup,RecipeChange,low,24,22,18,Alpha,Supervisor
E106701,2025-03-06 02:46:00,MX-201,Line-C,night,Warning,TempTrend,low,5,0,0,Bravo,Engineer
E106651,2025-03-06 03:06:00,MX-201,Line-C,night,Setup,FixtureAdjustment,low,31,27,25,Charlie,Technician
E106755,2025-03-06 03:07:00,MX-101,Line-A,night,Alarm,PressureDrop,high,74,72,110,Charlie,Operator
E106663,2025-03-06 03:21:00,MX-201,Line-C,night,Warning,VibrationTrend,low,7,0,0,Alpha,Technician
E106691,2025-03-06 03:32:00,MX-103,Line-B,night,Quality,SurfaceDefect,medium,8,1,52,Bravo,Technician
E106696,2025-03-06 03:54:00,MX-202,Line-C,night,Safety,AreaBreach,high,2,1,1,Bravo,Engineer
E106675,2025-03-06 04:15:00,MX-103,Line-B,night,Alarm,SensorFailure,critical,76,57,113,Alpha,Technician
E106646,2025-03-06 04:34:00,MX-102,Line-A,night,Alarm,Overheat,low,68,46,73,Charlie,AutoReset
E106752,2025-03-06 04:49:00,MX-201,Line-C,night,Maintenance,BearingReplacement,medium,116,80,26,Charlie,Technician
E106697,2025-03-06 04:52:00,MX-103,Line-B,night,Alarm,MotorOverload,critical,85,60,104,Bravo,Engineer
E106719,2025-03-06 05:02:00,MX-202,Line-C,night,Safety,DoorInterlock,medium,20,18,4,Delta,Technician
E106667,2025-03-06 05:13:00,MX-102,Line-A,night,Alarm,SensorFailure,critical,39,23,42,Delta,Supervisor
E106677,2025-03-06 05:19:00,MX-201,Line-C,night,Warning,VibrationTrend,low,12,0,0,Delta,Technician
E106641,2025-03-06 05:44:00,MX-103,Line-B,night,Maintenance,Lubrication,medium,44,26,10,Delta,AutoReset
E106744,2025-03-06 05:49:00,MX-101,Line-A,night,Alarm,SensorFailure,high,62,60,58,Alpha,Technician
E106645,2025-03-06 05:50:00,MX-102,Line-A,night,Quality,SurfaceDefect,high,14,0,70,Alpha,AutoReset
E106703,2025-03-06 06:18:00,MX-102,Line-A,morning,Warning,PressureTrend,medium,7,0,0,Bravo,AutoReset
E106699,2025-03-06 07:13:00,MX-202,Line-C,morning,Warning,EnergySpike,medium,2,0,0,Alpha,Engineer
E106656,2025-03-06 07:13:00,MX-101,Line-A,morning,Maintenance,Calibration,low,112,43,12,Delta,Technician
E106687,2025-03-06 07:15:00,MX-202,Line-C,morning,Maintenance,Inspection,low,20,13,7,Delta,Technician
E106664,2025-03-06 07:41:00,MX-201,Line-C,morning,Maintenance,BearingReplacement,low,21,6,2,Charlie,AutoReset
E106655,2025-03-06 07:53:00,MX-202,Line-C,morning,Maintenance,Calibration,low,53,38,16,Delta,Engineer
E106730,2025-03-06 08:04:00,MX-103,Line-B,morning,Maintenance,FilterChange,medium,27,9,5,Charlie,Technician
E106685,2025-03-06 08:20:00,MX-103,Line-B,morning,Alarm,PressureDrop,high,18,11,17,Bravo,Operator
E106665,2025-03-06 08:20:00,MX-101,Line-A,morning,Maintenance,Inspection,medium,70,36,23,Charlie,Technician
E106717,2025-03-06 08:41:00,MX-202,Line-C,morning,Alarm,HighVibration,medium,86,81,80,Delta,AutoReset
E106690,2025-03-06 08:46:00,MX-102,Line-A,morning,Quality,SurfaceDefect,medium,20,3,60,Alpha,Operator
E106688,2025-03-06 08:56:00,MX-102,Line-A,morning,Alarm,HighVibration,critical,51,37,76,Alpha,Technician
E106710,2025-03-06 09:03:00,MX-102,Line-A,morning,Quality,VisionReject,low,16,2,49,Charlie,Technician
E106713,2025-03-06 09:21:00,MX-103,Line-B,morning,Alarm,HighVibration,medium,7,3,4,Charlie,AutoReset
E106643,2025-03-06 09:50:00,MX-202,Line-C,morning,Alarm,SensorFailure,critical,26,25,32,Alpha,Operator
E106689,2025-03-06 09:59:00,MX-103,Line-B,morning,Maintenance,Inspection,low,73,57,52,Charlie,Operator
E106742,2025-03-06 10:04:00,MX-201,Line-C,morning,Quality,DimensionDrift,low,9,1,39,Delta,Engineer
E106750,2025-03-06 10:11:00,MX-101,Line-A,morning,Maintenance,Lubrication,low,59,19,17,Delta,AutoReset
E106724,2025-03-06 10:17:00,MX-201,Line-C,morning,Warning,TempTrend,low,10,0,0,Delta,AutoReset
E106658,2025-03-06 10:18:00,MX-102,Line-A,morning,Alarm,SensorFailure,medium,50,30,54,Delta,Technician
E106731,2025-03-06 10:41:00,MX-102,Line-A,morning,Setup,ToolChange,low,41,33,17,Alpha,Supervisor
E106712,2025-03-06 10:46:00,MX-202,Line-C,morning,Warning,PressureTrend,medium,2,0,0,Bravo,Operator
E106714,2025-03-06 11:06:00,MX-101,Line-A,morning,Alarm,MotorOverload,high,39,36,66,Charlie,AutoReset
E106705,2025-03-06 11:08:00,MX-102,Line-A,morning,Safety,EStop,medium,25,15,15,Bravo,Operator
E106747,2025-03-06 11:10:00,MX-101,Line-A,morning,Alarm,MotorOverload,high,66,32,58,Alpha,Technician
E106686,2025-03-06 11:21:00,MX-202,Line-C,morning,Warning,TempTrend,low,8,0,0,Alpha,Engineer
E106672,2025-03-06 11:32:00,MX-102,Line-A,morning,Quality,VisionReject,high,41,3,286,Charlie,Operator
E106648,2025-03-06 11:32:00,MX-202,Line-C,morning,Safety,AreaBreach,medium,16,9,9,Charlie,Supervisor
E106707,2025-03-06 11:42:00,MX-101,Line-A,morning,Setup,FixtureAdjustment,low,48,45,16,Delta,Operator
E106746,2025-03-06 12:01:00,MX-102,Line-A,morning,Warning,TempTrend,medium,12,1,0,Bravo,AutoReset
E106681,2025-03-06 12:10:00,MX-102,Line-A,morning,Quality,VisionReject,low,20,6,87,Alpha,AutoReset
E106666,2025-03-06 12:29:00,MX-101,Line-A,morning,Setup,ToolChange,low,29,24,11,Charlie,Operator
E106692,2025-03-06 12:49:00,MX-201,Line-C,morning,Alarm,MotorOverload,critical,41,20,20,Delta,AutoReset
E106700,2025-03-06 13:02:00,MX-102,Line-A,morning,Alarm,SensorFailure,high,85,43,83,Alpha,Engineer
E106751,2025-03-06 13:12:00,MX-101,Line-A,morning,Setup,RecipeChange,low,44,31,12,Alpha,Operator
E106727,2025-03-06 13:25:00,MX-201,Line-C,morning,Alarm,Overheat,critical,52,37,70,Bravo,Technician
E106698,2025-03-06 13:29:00,MX-202,Line-C,morning,Alarm,PressureDrop,medium,36,26,54,Delta,AutoReset
E106718,2025-03-06 14:05:00,MX-202,Line-C,evening,Setup,ToolChange,medium,29,26,7,Alpha,Operator
E106748,2025-03-06 14:06:00,MX-202,Line-C,evening,Alarm,HighVibration,low,49,26,49,Charlie,Technician
E106736,2025-03-06 14:16:00,MX-102,Line-A,evening,Setup,FixtureAdjustment,low,24,23,5,Bravo,Operator
E106660,2025-03-06 14:25:00,MX-103,Line-B,evening,Warning,VibrationTrend,low,45,3,0,Bravo,Operator
E106657,2025-03-06 14:33:00,MX-101,Line-A,evening,Alarm,Overheat,high,59,32,47,Bravo,Technician
E106738,2025-03-06 14:42:00,MX-202,Line-C,evening,Warning,VibrationTrend,low,19,0,0,Bravo,AutoReset
E106695,2025-03-06 14:53:00,MX-201,Line-C,evening,Safety,AreaBreach,critical,16,13,12,Alpha,Technician
E106721,2025-03-06 14:58:00,MX-201,Line-C,evening,Alarm,MotorOverload,medium,14,9,8,Delta,Engineer
E106737,2025-03-06 15:00:00,MX-202,Line-C,evening,Alarm,HighVibration,medium,74,44,59,Bravo,AutoReset
E106644,2025-03-06 15:02:00,MX-201,Line-C,evening,Setup,RecipeChange,medium,23,18,17,Charlie,Engineer
E106678,2025-03-06 15:07:00,MX-201,Line-C,evening,Quality,MaterialMismatch,medium,20,5,122,Charlie,Supervisor
E106639,2025-03-06 15:13:00,MX-102,Line-A,evening,Alarm,SensorFailure,high,69,65,133,Alpha,Technician
E106741,2025-03-06 15:17:00,MX-202,Line-C,evening,Maintenance,Inspection,high,43,14,12,Delta,Technician
E106704,2025-03-06 15:21:00,MX-202,Line-C,evening,Quality,DimensionDrift,medium,12,0,38,Charlie,Supervisor
E106708,2025-03-06 15:22:00,MX-102,Line-A,evening,Warning,PressureTrend,low,4,0,0,Delta,Operator
E106723,2025-03-06 15:28:00,MX-201,Line-C,evening,Safety,DoorInterlock,high,32,25,33,Bravo,Engineer
E106749,2025-03-06 15:30:00,MX-103,Line-B,evening,Maintenance,Calibration,low,165,44,41,Delta,Operator
E106638,2025-03-06 15:30:00,MX-101,Line-A,evening,Alarm,Overheat,high,65,52,110,Bravo,Technician
E106756,2025-03-06 15:38:00,MX-201,Line-C,evening,Quality,DimensionDrift,low,13,1,71,Bravo,AutoReset
E106728,2025-03-06 15:39:00,MX-103,Line-B,evening,Warning,EnergySpike,medium,1,0,0,Charlie,Engineer
E106733,2025-03-06 15:44:00,MX-201,Line-C,evening,Alarm,PressureDrop,medium,46,35,49,Alpha,Engineer
E106684,2025-03-06 15:51:00,MX-102,Line-A,evening,Alarm,Overheat,low,43,22,39,Alpha,Technician
E106647,2025-03-06 15:53:00,MX-103,Line-B,evening,Alarm,SensorFailure,medium,24,20,19,Bravo,Engineer
E106640,2025-03-06 15:55:00,MX-102,Line-A,evening,Alarm,Overheat,critical,91,44,76,Delta,AutoReset
E106745,2025-03-06 16:07:00,MX-103,Line-B,evening,Setup,ToolChange,low,47,42,8,Bravo,AutoReset
E106652,2025-03-06 16:07:00,MX-102,Line-A,evening,Quality,MaterialMismatch,low,10,1,47,Charlie,Supervisor
E106683,2025-03-06 16:09:00,MX-202,Line-C,evening,Maintenance,Inspection,medium,44,34,28,Alpha,Engineer
E106674,2025-03-06 17:13:00,MX-202,Line-C,evening,Setup,RecipeChange,low,40,30,20,Charlie,AutoReset
E106715,2025-03-06 17:14:00,MX-102,Line-A,evening,Alarm,Overheat,critical,18,13,18,Charlie,Engineer
E106682,2025-03-06 17:19:00,MX-202,Line-C,evening,Warning,VibrationTrend,low,2,0,0,Bravo,Operator
E106725,2025-03-06 17:23:00,MX-102,Line-A,evening,Setup,ToolChange,low,37,26,19,Bravo,Engineer
E106659,2025-03-06 17:47:00,MX-101,Line-A,evening,Quality,MaterialMismatch,low,24,7,153,Delta,Operator
E106662,2025-03-06 18:09:00,MX-101,Line-A,evening,Alarm,Overheat,medium,50,49,43,Delta,Operator
E106673,2025-03-06 18:20:00,MX-101,Line-A,evening,Quality,MaterialMismatch,low,12,1,37,Charlie,Technician
E106668,2025-03-06 18:20:00,MX-102,Line-A,evening,Alarm,MotorOverload,high,28,20,42,Bravo,Engineer
E106702,2025-03-06 18:57:00,MX-202,Line-C,evening,Warning,EnergySpike,medium,18,1,0,Charlie,Technician
E106679,2025-03-06 19:41:00,MX-103,Line-B,evening,Setup,ToolChange,medium,47,35,13,Alpha,Technician
E106722,2025-03-06 20:27:00,MX-202,Line-C,evening,Alarm,HighVibration,medium,66,55,75,Bravo,Technician
E106653,2025-03-06 20:45:00,MX-201,Line-C,evening,Quality,DimensionDrift,medium,4,0,18,Charlie,AutoReset
E106716,2025-03-06 20:53:00,MX-202,Line-C,evening,Maintenance,Lubrication,medium,124,80,26,Bravo,Operator
E106694,2025-03-06 21:10:00,MX-202,Line-C,evening,Setup,FixtureAdjustment,medium,44,41,8,Charlie,AutoReset
E106709,2025-03-06 21:17:00,MX-102,Line-A,evening,Warning,EnergySpike,medium,10,0,0,Bravo,Technician
E106680,2025-03-06 21:31:00,MX-101,Line-A,evening,Maintenance,Inspection,low,74,43,16,Alpha,Engineer
E106693,2025-03-06 21:32:00,MX-101,Line-A,evening,Maintenance,FilterChange,medium,110,46,44,Alpha,Technician
E106661,2025-03-06 21:32:00,MX-201,Line-C,evening,Alarm,Overheat,critical,18,17,24,Charlie,Operator
E106734,2025-03-06 21:37:00,MX-201,Line-C,evening,Setup,ToolChange,low,18,17,15,Alpha,Operator
E106754,2025-03-06 21:37:00,MX-101,Line-A,evening,Maintenance,Calibration,high,68,44,19,Charlie,Operator
E106757,2025-03-06 22:09:00,MX-103,Line-B,night,Setup,RecipeChange,low,57,47,45,Delta,Technician
E106654,2025-03-06 22:13:00,MX-103,Line-B,night,Maintenance,Calibration,low,165,98,83,Delta,Technician
E106735,2025-03-06 22:49:00,MX-101,Line-A,night,Safety,AreaBreach,medium,29,21,14,Bravo,AutoReset
E106671,2025-03-06 23:07:00,MX-103,Line-B,night,Warning,VibrationTrend,medium,4,0,0,Alpha,AutoReset
E106739,2025-03-06 23:17:00,MX-103,Line-B,night,Maintenance,BearingReplacement,medium,44,32,16,Charlie,Engineer
E106753,2025-03-06 23:19:00,MX-103,Line-B,night,Warning,VibrationTrend,medium,10,1,0,Delta,Technician
E106669,2025-03-06 23:28:00,MX-202,Line-C,night,Quality,MaterialMismatch,high,22,3,120,Charlie,Technician
E106877,2025-03-07 00:02:00,MX-102,Line-A,night,Quality,SurfaceDefect,high,14,4,92,Alpha,Operator
E106847,2025-03-07 00:03:00,MX-102,Line-A,night,Maintenance,Calibration,low,42,21,7,Delta,AutoReset
E106897,2025-03-07 00:29:00,MX-102,Line-A,night,Maintenance,Inspection,low,74,25,17,Bravo,Technician
E106851,2025-03-07 00:36:00,MX-102,Line-A,night,Warning,EnergySpike,medium,4,0,0,Delta,Technician
E106807,2025-03-07 00:55:00,MX-102,Line-A,night,Alarm,SensorFailure,high,52,49,74,Alpha,Operator
E106764,2025-03-07 01:19:00,MX-201,Line-C,night,Warning,VibrationTrend,medium,8,0,0,Alpha,Engineer
E106832,2025-03-07 01:32:00,MX-201,Line-C,night,Alarm,MotorOverload,critical,31,25,53,Charlie,Supervisor
E106895,2025-03-07 01:33:00,MX-101,Line-A,night,Setup,FixtureAdjustment,low,38,32,12,Delta,Technician
E106907,2025-03-07 01:36:00,MX-103,Line-B,night,Quality,SurfaceDefect,low,31,2,81,Delta,Engineer
E106779,2025-03-07 01:59:00,MX-102,Line-A,night,Warning,PressureTrend,low,17,2,0,Alpha,AutoReset
E106835,2025-03-07 02:04:00,MX-201,Line-C,night,Warning,TempTrend,low,10,1,0,Charlie,Technician
E106788,2025-03-07 02:04:00,MX-201,Line-C,night,Alarm,Overheat,high,66,65,84,Alpha,Technician
E106803,2025-03-07 02:23:00,MX-201,Line-C,night,Maintenance,BearingReplacement,medium,98,55,21,Alpha,Engineer
E106780,2025-03-07 02:36:00,MX-102,Line-A,night,Setup,FixtureAdjustment,low,29,27,24,Charlie,Technician
E106843,2025-03-07 02:40:00,MX-101,Line-A,night,Setup,FixtureAdjustment,medium,99,85,20,Alpha,Technician
E106882,2025-03-07 02:48:00,MX-101,Line-A,night,Setup,ToolChange,medium,21,15,11,Delta,Technician
E106900,2025-03-07 02:57:00,MX-201,Line-C,night,Alarm,HighVibration,medium,45,24,36,Charlie,Operator
E106770,2025-03-07 03:07:00,MX-102,Line-A,night,Quality,VisionReject,high,24,7,127,Bravo,Operator
E106811,2025-03-07 03:09:00,MX-201,Line-C,night,Setup,FixtureAdjustment,low,30,27,27,Bravo,Technician
E106875,2025-03-07 03:10:00,MX-102,Line-A,night,Quality,MaterialMismatch,high,2,0,4,Charlie,AutoReset
E106776,2025-03-07 03:18:00,MX-202,Line-C,night,Alarm,MotorOverload,critical,49,44,81,Alpha,Technician
E106839,2025-03-07 03:20:00,MX-201,Line-C,night,Maintenance,FilterChange,low,46,36,10,Charlie,Technician
E106793,2025-03-07 03:35:00,MX-202,Line-C,night,Maintenance,Lubrication,low,34,16,4,Charlie,Operator
E106768,2025-03-07 03:44:00,MX-101,Line-A,night,Warning,EnergySpike,medium,24,1,0,Alpha,AutoReset
E106813,2025-03-07 03:52:00,MX-201,Line-C,night,Safety,AreaBreach,critical,32,30,27,Alpha,Technician
E106856,2025-03-07 04:05:00,MX-101,Line-A,night,Quality,DimensionDrift,medium,33,2,165,Delta,Technician
E106883,2025-03-07 04:09:00,MX-201,Line-C,night,Warning,VibrationTrend,low,9,1,0,Delta,Engineer
E106783,2025-03-07 04:21:00,MX-201,Line-C,night,Quality,SurfaceDefect,medium,11,1,52,Charlie,Operator
E106863,2025-03-07 04:30:00,MX-102,Line-A,night,Setup,RecipeChange,low,51,41,11,Alpha,Technician
E106860,2025-03-07 04:41:00,MX-102,Line-A,night,Warning,VibrationTrend,low,9,0,0,Charlie,Operator
E106901,2025-03-07 04:45:00,MX-103,Line-B,night,Quality,SurfaceDefect,medium,22,0,44,Charlie,Technician
E106785,2025-03-07 04:53:00,MX-103,Line-B,night,Warning,VibrationTrend,low,11,1,0,Bravo,Engineer
E106816,2025-03-07 05:09:00,MX-103,Line-B,night,Safety,GuardOpen,high,18,13,15,Bravo,Technician
E106804,2025-03-07 05:14:00,MX-201,Line-C,night,Maintenance,Calibration,medium,35,27,5,Alpha,Operator
E106874,2025-03-07 05:20:00,MX-201,Line-C,night,Maintenance,FilterChange,medium,74,48,45,Bravo,Operator
E106878,2025-03-07 05:21:00,MX-202,Line-C,night,Quality,VisionReject,high,18,0,80,Alpha,Technician
E106865,2025-03-07 05:24:00,MX-201,Line-C,night,Quality,MaterialMismatch,medium,10,2,44,Alpha,AutoReset
E106769,2025-03-07 05:50:00,MX-103,Line-B,night,Setup,ToolChange,low,57,52,22,Bravo,Operator
E106855,2025-03-07 05:50:00,MX-101,Line-A,night,Quality,DimensionDrift,medium,39,12,110,Delta,Technician
E106872,2025-03-07 05:52:00,MX-201,Line-C,night,Alarm,MotorOverload,high,20,15,25,Charlie,Technician
E106767,2025-03-07 05:58:00,MX-201,Line-C,night,Setup,RecipeChange,medium,16,12,12,Bravo,Technician
E106829,2025-03-07 06:13:00,MX-202,Line-C,morning,Quality,VisionReject,high,27,3,73,Delta,Engineer
E106766,2025-03-07 06:16:00,MX-201,Line-C,morning,Maintenance,Inspection,high,67,45,13,Charlie,AutoReset
E106848,2025-03-07 06:25:00,MX-201,Line-C,morning,Quality,DimensionDrift,medium,13,2,68,Delta,Technician
E106777,2025-03-07 06:31:00,MX-102,Line-A,morning,Quality,VisionReject,medium,8,2,48,Delta,Operator
E106868,2025-03-07 06:36:00,MX-103,Line-B,morning,Alarm,MotorOverload,critical,59,55,59,Delta,Technician
E106879,2025-03-07 06:46:00,MX-201,Line-C,morning,Warning,PressureTrend,high,4,0,0,Charlie,Technician
E106821,2025-03-07 06:52:00,MX-101,Line-A,morning,Maintenance,BearingReplacement,medium,106,63,18,Charlie,Operator
E106838,2025-03-07 06:55:00,MX-202,Line-C,morning,Alarm,Overheat,high,27,26,39,Charlie,Supervisor
E106884,2025-03-07 06:59:00,MX-102,Line-A,morning,Warning,EnergySpike,low,5,0,0,Charlie,AutoReset
E106820,2025-03-07 07:01:00,MX-103,Line-B,morning,Setup,RecipeChange,low,67,58,34,Alpha,Operator
E106859,2025-03-07 07:09:00,MX-101,Line-A,morning,Alarm,SensorFailure,low,132,83,148,Delta,Engineer
E106812,2025-03-07 07:15:00,MX-102,Line-A,morning,Maintenance,FilterChange,medium,74,47,23,Charlie,AutoReset
E106796,2025-03-07 07:31:00,MX-202,Line-C,morning,Warning,TempTrend,low,22,0,0,Alpha,Technician
E106896,2025-03-07 08:00:00,MX-103,Line-B,morning,Maintenance,FilterChange,medium,66,50,42,Bravo,Engineer
E106805,2025-03-07 08:01:00,MX-202,Line-C,morning,Quality,VisionReject,high,19,1,70,Alpha,Engineer
E106827,2025-03-07 08:03:00,MX-102,Line-A,morning,Quality,VisionReject,medium,29,1,68,Bravo,AutoReset
E106864,2025-03-07 08:04:00,MX-103,Line-B,morning,Warning,VibrationTrend,low,7,0,0,Alpha,Engineer
E106800,2025-03-07 08:08:00,MX-201,Line-C,morning,Warning,TempTrend,medium,1,0,0,Charlie,Technician
E106846,2025-03-07 08:08:00,MX-201,Line-C,morning,Warning,EnergySpike,medium,18,1,0,Alpha,Engineer
E106831,2025-03-07 08:13:00,MX-102,Line-A,morning,Alarm,Overheat,medium,55,25,34,Bravo,Engineer
E106844,2025-03-07 08:21:00,MX-201,Line-C,morning,Maintenance,Lubrication,medium,32,16,3,Alpha,Supervisor
E106869,2025-03-07 08:29:00,MX-101,Line-A,morning,Maintenance,Lubrication,medium,87,41,31,Alpha,AutoReset
E106791,2025-03-07 08:32:00,MX-103,Line-B,morning,Alarm,HighVibration,high,41,39,53,Delta,Technician
E106781,2025-03-07 08:50:00,MX-102,Line-A,morning,Alarm,Overheat,medium,111,81,141,Alpha,Operator
E106905,2025-03-07 08:51:00,MX-101,Line-A,morning,Setup,RecipeChange,low,91,65,59,Charlie,Technician
E106866,2025-03-07 08:56:00,MX-201,Line-C,morning,Warning,PressureTrend,low,2,0,0,Charlie,Technician
E106818,2025-03-07 09:26:00,MX-201,Line-C,morning,Maintenance,BearingReplacement,medium,57,21,6,Delta,Operator
E106885,2025-03-07 09:30:00,MX-101,Line-A,morning,Alarm,HighVibration,critical,41,31,49,Alpha,AutoReset
E106792,2025-03-07 09:39:00,MX-103,Line-B,morning,Safety,AreaBreach,high,14,9,4,Charlie,AutoReset
E106771,2025-03-07 09:39:00,MX-101,Line-A,morning,Warning,VibrationTrend,low,18,1,0,Alpha,Operator
E106761,2025-03-07 09:52:00,MX-102,Line-A,morning,Warning,PressureTrend,medium,10,0,0,Charlie,Operator
E106830,2025-03-07 09:57:00,MX-103,Line-B,morning,Alarm,SensorFailure,critical,13,10,12,Bravo,Technician
E106794,2025-03-07 10:01:00,MX-103,Line-B,morning,Warning,PressureTrend,low,9,0,0,Bravo,Engineer
E106814,2025-03-07 10:13:00,MX-102,Line-A,morning,Maintenance,Inspection,medium,38,16,8,Delta,Technician
E106790,2025-03-07 10:19:00,MX-201,Line-C,morning,Setup,RecipeChange,low,10,7,2,Delta,Technician
E106904,2025-03-07 10:33:00,MX-201,Line-C,morning,Quality,DimensionDrift,medium,34,0,168,Delta,Technician
E106862,2025-03-07 10:37:00,MX-201,Line-C,morning,Safety,AreaBreach,medium,7,6,1,Alpha,AutoReset
E106898,2025-03-07 10:40:00,MX-103,Line-B,morning,Alarm,MotorOverload,high,41,40,37,Bravo,Engineer
E106841,2025-03-07 10:41:00,MX-201,Line-C,morning,Quality,SurfaceDefect,high,16,1,49,Alpha,Technician
E106759,2025-03-07 10:48:00,MX-102,Line-A,morning,Setup,ToolChange,low,13,12,3,Delta,Operator
E106853,2025-03-07 10:53:00,MX-102,Line-A,morning,Safety,GuardOpen,critical,53,41,26,Charlie,AutoReset
E106774,2025-03-07 11:07:00,MX-103,Line-B,morning,Setup,FixtureAdjustment,medium,36,27,22,Bravo,Technician
E106782,2025-03-07 11:09:00,MX-102,Line-A,morning,Maintenance,BearingReplacement,low,109,79,63,Bravo,AutoReset
E106833,2025-03-07 11:26:00,MX-103,Line-B,morning,Warning,EnergySpike,low,1,0,0,Charlie,Technician
E106810,2025-03-07 11:26:00,MX-102,Line-A,morning,Maintenance,Lubrication,medium,55,14,8,Bravo,Engineer
E106786,2025-03-07 11:40:00,MX-201,Line-C,morning,Warning,PressureTrend,medium,2,0,0,Charlie,Supervisor
E106889,2025-03-07 11:45:00,MX-202,Line-C,morning,Maintenance,Lubrication,medium,157,56,46,Bravo,Operator
E106849,2025-03-07 11:55:00,MX-101,Line-A,morning,Alarm,SensorFailure,critical,29,26,41,Delta,Technician
E106799,2025-03-07 11:58:00,MX-101,Line-A,morning,Setup,ToolChange,low,38,30,21,Charlie,AutoReset
E106775,2025-03-07 12:07:00,MX-103,Line-B,morning,Maintenance,BearingReplacement,low,101,27,21,Alpha,Supervisor
E106892,2025-03-07 12:45:00,MX-101,Line-A,morning,Alarm,MotorOverload,critical,64,39,29,Delta,Operator
E106842,2025-03-07 12:45:00,MX-103,Line-B,morning,Quality,MaterialMismatch,medium,2,0,11,Charlie,Technician
E106852,2025-03-07 13:01:00,MX-103,Line-B,morning,Alarm,SensorFailure,medium,69,37,32,Bravo,Engineer
E106762,2025-03-07 13:03:00,MX-102,Line-A,morning,Warning,VibrationTrend,medium,8,0,0,Alpha,Technician
E106801,2025-03-07 13:03:00,MX-102,Line-A,morning,Warning,EnergySpike,high,5,0,0,Alpha,Supervisor
E106887,2025-03-07 13:21:00,MX-101,Line-A,morning,Quality,SurfaceDefect,low,4,0,25,Charlie,Operator
E106828,2025-03-07 13:36:00,MX-101,Line-A,morning,Setup,ToolChange,low,17,12,4,Bravo,Technician
E106798,2025-03-07 13:49:00,MX-202,Line-C,morning,Alarm,SensorFailure,high,32,17,29,Alpha,AutoReset
E106819,2025-03-07 14:03:00,MX-201,Line-C,evening,Maintenance,FilterChange,high,30,23,19,Bravo,Technician
E106873,2025-03-07 14:07:00,MX-103,Line-B,evening,Setup,RecipeChange,low,57,53,12,Alpha,Supervisor
E106773,2025-03-07 14:40:00,MX-103,Line-B,evening,Alarm,HighVibration,high,26,19,34,Alpha,AutoReset
E106760,2025-03-07 14:53:00,MX-103,Line-B,evening,Warning,VibrationTrend,low,6,0,0,Bravo,Operator
E106836,2025-03-07 14:59:00,MX-201,Line-C,evening,Quality,DimensionDrift,high,8,0,47,Delta,Technician
E106902,2025-03-07 15:13:00,MX-201,Line-C,evening,Alarm,SensorFailure,medium,49,23,21,Delta,Operator
E106824,2025-03-07 15:15:00,MX-103,Line-B,evening,Alarm,SensorFailure,critical,25,16,25,Alpha,AutoReset
E106784,2025-03-07 15:23:00,MX-202,Line-C,evening,Setup,FixtureAdjustment,low,53,42,13,Delta,Technician
E106910,2025-03-07 15:24:00,MX-201,Line-C,evening,Warning,EnergySpike,low,5,0,0,Bravo,AutoReset
E106840,2025-03-07 15:32:00,MX-102,Line-A,evening,Alarm,PressureDrop,medium,16,13,21,Charlie,AutoReset
E106850,2025-03-07 15:34:00,MX-202,Line-C,evening,Maintenance,FilterChange,low,139,102,34,Charlie,AutoReset
E106802,2025-03-07 16:08:00,MX-102,Line-A,evening,Warning,TempTrend,medium,16,0,0,Delta,Engineer
E106899,2025-03-07 16:10:00,MX-103,Line-B,evening,Quality,MaterialMismatch,medium,8,0,43,Alpha,Technician
E106806,2025-03-07 16:28:00,MX-101,Line-A,evening,Setup,RecipeChange,medium,20,19,19,Alpha,AutoReset
E106854,2025-03-07 17:03:00,MX-102,Line-A,evening,Alarm,PressureDrop,high,54,33,49,Alpha,AutoReset
E106858,2025-03-07 17:05:00,MX-201,Line-C,evening,Quality,DimensionDrift,medium,3,0,8,Alpha,AutoReset
E106894,2025-03-07 17:36:00,MX-101,Line-A,evening,Setup,FixtureAdjustment,medium,46,40,27,Charlie,AutoReset
E106765,2025-03-07 17:41:00,MX-103,Line-B,evening,Alarm,PressureDrop,high,3,2,4,Bravo,Technician
E106809,2025-03-07 18:06:00,MX-201,Line-C,evening,Alarm,Overheat,medium,58,42,31,Alpha,Operator
E106906,2025-03-07 18:14:00,MX-102,Line-A,evening,Setup,ToolChange,medium,60,56,28,Charlie,Engineer
E106787,2025-03-07 18:19:00,MX-102,Line-A,evening,Quality,VisionReject,medium,3,0,11,Bravo,Supervisor
E106891,2025-03-07 18:23:00,MX-103,Line-B,evening,Warning,TempTrend,medium,8,0,0,Alpha,AutoReset
E106789,2025-03-07 18:26:00,MX-101,Line-A,evening,Setup,ToolChange,medium,65,62,64,Charlie,Technician
E106825,2025-03-07 19:21:00,MX-201,Line-C,evening,Warning,TempTrend,high,6,0,0,Bravo,Technician
E106795,2025-03-07 19:28:00,MX-102,Line-A,evening,Warning,PressureTrend,medium,9,0,0,Charlie,Engineer
E106908,2025-03-07 19:29:00,MX-101,Line-A,evening,Alarm,Overheat,high,11,10,14,Delta,Operator
E106763,2025-03-07 19:40:00,MX-102,Line-A,evening,Warning,VibrationTrend,medium,1,0,0,Charlie,Engineer
E106834,2025-03-07 19:43:00,MX-201,Line-C,evening,Warning,PressureTrend,low,8,0,0,Delta,Operator
E106817,2025-03-07 20:10:00,MX-102,Line-A,evening,Maintenance,BearingReplacement,low,77,42,12,Charlie,AutoReset
E106808,2025-03-07 20:20:00,MX-201,Line-C,evening,Setup,ToolChange,low,57,48,41,Charlie,Operator
E106861,2025-03-07 20:20:00,MX-201,Line-C,evening,Alarm,MotorOverload,critical,9,7,7,Charlie,Technician
E106822,2025-03-07 20:21:00,MX-202,Line-C,evening,Quality,DimensionDrift,high,22,3,80,Delta,AutoReset
E106772,2025-03-07 20:48:00,MX-101,Line-A,evening,Alarm,HighVibration,high,72,59,62,Delta,Operator
E106890,2025-03-07 20:50:00,MX-102,Line-A,evening,Warning,VibrationTrend,low,1,0,0,Alpha,Operator
E106876,2025-03-07 20:53:00,MX-201,Line-C,evening,Warning,TempTrend,medium,3,0,0,Charlie,Technician
E106888,2025-03-07 20:59:00,MX-202,Line-C,evening,Warning,TempTrend,low,5,0,0,Delta,Engineer
E106845,2025-03-07 21:03:00,MX-103,Line-B,evening,Warning,EnergySpike,medium,1,0,0,Bravo,Technician
E106871,2025-03-07 21:31:00,MX-201,Line-C,evening,Maintenance,Inspection,medium,75,56,53,Bravo,Engineer
E106903,2025-03-07 21:39:00,MX-101,Line-A,evening,Quality,MaterialMismatch,medium,10,2,54,Alpha,Operator
E106815,2025-03-07 22:10:00,MX-103,Line-B,night,Warning,TempTrend,low,18,0,0,Charlie,Supervisor
E106837,2025-03-07 22:19:00,MX-103,Line-B,night,Alarm,Overheat,high,47,29,33,Alpha,Operator
E106826,2025-03-07 22:23:00,MX-103,Line-B,night,Setup,RecipeChange,low,105,89,84,Alpha,Engineer
E106857,2025-03-07 22:29:00,MX-201,Line-C,night,Maintenance,Lubrication,medium,71,18,8,Bravo,Operator
E106870,2025-03-07 22:50:00,MX-103,Line-B,night,Warning,EnergySpike,medium,8,0,0,Delta,Engineer
E106881,2025-03-07 23:16:00,MX-103,Line-B,night,Alarm,HighVibration,high,60,33,23,Charlie,AutoReset
E106880,2025-03-07 23:21:00,MX-103,Line-B,night,Alarm,PressureDrop,low,78,55,45,Delta,Engineer
E106867,2025-03-07 23:23:00,MX-102,Line-A,night,Quality,SurfaceDefect,low,1,0,4,Bravo,Technician
E106797,2025-03-07 23:27:00,MX-202,Line-C,night,Alarm,MotorOverload,medium,27,13,27,Delta,Engineer
E106893,2025-03-07 23:36:00,MX-101,Line-A,night,Alarm,MotorOverload,high,37,31,54,Charlie,Technician
E106886,2025-03-07 23:43:00,MX-103,Line-B,night,Alarm,MotorOverload,medium,50,28,23,Charlie,Engineer
E106778,2025-03-07 23:47:00,MX-201,Line-C,night,Warning,EnergySpike,low,4,0,0,Alpha,Technician
E106909,2025-03-07 23:48:00,MX-103,Line-B,night,Alarm,Overheat,high,40,28,25,Alpha,AutoReset
E106823,2025-03-07 23:53:00,MX-101,Line-A,night,Maintenance,BearingReplacement,medium,38,27,17,Delta,Technician
E106976,2025-03-08 00:04:00,MX-102,Line-A,night,Quality,SurfaceDefect,medium,6,1,25,Alpha,AutoReset
E106963,2025-03-08 00:19:00,MX-103,Line-B,night,Alarm,PressureDrop,high,19,8,16,Bravo,Operator
E106968,2025-03-08 00:31:00,MX-202,Line-C,night,Setup,FixtureAdjustment,low,39,30,29,Charlie,Technician
E106955,2025-03-08 01:00:00,MX-102,Line-A,night,Maintenance,BearingReplacement,medium,108,80,17,Bravo,Supervisor
E106915,2025-03-08 01:18:00,MX-102,Line-A,night,Warning,PressureTrend,low,12,0,0,Alpha,AutoReset
E106929,2025-03-08 01:27:00,MX-202,Line-C,night,Maintenance,Calibration,medium,33,11,10,Delta,Operator
E106949,2025-03-08 01:33:00,MX-201,Line-C,night,Alarm,PressureDrop,low,19,12,25,Alpha,Engineer
E106935,2025-03-08 02:20:00,MX-102,Line-A,night,Maintenance,FilterChange,low,86,40,36,Alpha,Technician
E106957,2025-03-08 02:32:00,MX-102,Line-A,night,Alarm,PressureDrop,medium,45,36,75,Bravo,Supervisor
E106944,2025-03-08 03:21:00,MX-101,Line-A,night,Warning,EnergySpike,low,6,0,0,Alpha,Technician
E106961,2025-03-08 03:28:00,MX-201,Line-C,night,Alarm,PressureDrop,low,17,11,10,Bravo,Technician
E106947,2025-03-08 03:45:00,MX-102,Line-A,night,Safety,EStop,critical,40,20,20,Charlie,Technician
E106942,2025-03-08 04:07:00,MX-202,Line-C,night,Alarm,PressureDrop,medium,23,21,21,Alpha,Supervisor
E106943,2025-03-08 04:45:00,MX-102,Line-A,night,Setup,RecipeChange,medium,16,12,7,Bravo,Supervisor
E106921,2025-03-08 05:08:00,MX-101,Line-A,night,Alarm,SensorFailure,critical,46,39,61,Delta,Supervisor
E106926,2025-03-08 05:30:00,MX-101,Line-A,night,Quality,SurfaceDefect,low,19,3,66,Bravo,AutoReset
E106913,2025-03-08 05:33:00,MX-103,Line-B,night,Setup,RecipeChange,low,21,19,14,Charlie,AutoReset
E106975,2025-03-08 05:34:00,MX-102,Line-A,night,Quality,SurfaceDefect,medium,10,3,61,Delta,Technician
E106927,2025-03-08 05:39:00,MX-201,Line-C,night,Alarm,PressureDrop,critical,56,44,39,Charlie,Supervisor
E106930,2025-03-08 05:43:00,MX-102,Line-A,night,Maintenance,BearingReplacement,medium,30,12,5,Charlie,Engineer
E106922,2025-03-08 05:54:00,MX-101,Line-A,night,Alarm,HighVibration,high,19,10,7,Bravo,Operator
E106916,2025-03-08 06:02:00,MX-103,Line-B,morning,Alarm,MotorOverload,high,21,11,12,Alpha,Operator
E106911,2025-03-08 06:12:00,MX-201,Line-C,morning,Alarm,SensorFailure,critical,31,21,26,Delta,Supervisor
E106925,2025-03-08 06:32:00,MX-101,Line-A,morning,Safety,AreaBreach,critical,34,19,13,Charlie,Supervisor
E106937,2025-03-08 07:00:00,MX-103,Line-B,morning,Alarm,Overheat,low,14,13,19,Charlie,AutoReset
E106924,2025-03-08 08:03:00,MX-103,Line-B,morning,Setup,ToolChange,medium,14,12,6,Bravo,Technician
E106923,2025-03-08 08:20:00,MX-202,Line-C,morning,Warning,VibrationTrend,high,17,2,0,Bravo,AutoReset
E106950,2025-03-08 08:49:00,MX-201,Line-C,morning,Setup,ToolChange,low,83,81,79,Bravo,Supervisor
E106919,2025-03-08 08:55:00,MX-202,Line-C,morning,Warning,EnergySpike,low,4,0,0,Delta,Engineer
E106966,2025-03-08 09:00:00,MX-202,Line-C,morning,Warning,EnergySpike,low,13,0,0,Bravo,Operator
E106948,2025-03-08 09:01:00,MX-102,Line-A,morning,Maintenance,BearingReplacement,medium,118,53,28,Alpha,Engineer
E106932,2025-03-08 09:03:00,MX-202,Line-C,morning,Alarm,HighVibration,critical,32,16,33,Alpha,Supervisor
E106970,2025-03-08 10:05:00,MX-102,Line-A,morning,Setup,FixtureAdjustment,low,41,39,36,Charlie,Engineer
E106918,2025-03-08 10:13:00,MX-201,Line-C,morning,Warning,EnergySpike,low,4,0,0,Bravo,Engineer
E106933,2025-03-08 10:33:00,MX-201,Line-C,morning,Setup,FixtureAdjustment,medium,53,46,22,Alpha,AutoReset
E106941,2025-03-08 11:26:00,MX-101,Line-A,morning,Alarm,MotorOverload,high,44,25,54,Bravo,AutoReset
E106958,2025-03-08 12:20:00,MX-102,Line-A,morning,Warning,EnergySpike,medium,5,0,0,Charlie,AutoReset
E106969,2025-03-08 13:15:00,MX-201,Line-C,morning,Alarm,SensorFailure,high,128,100,209,Bravo,Technician
E106971,2025-03-08 13:42:00,MX-101,Line-A,morning,Alarm,Overheat,medium,118,69,107,Delta,Technician
E106972,2025-03-08 13:58:00,MX-102,Line-A,morning,Quality,SurfaceDefect,medium,46,7,196,Charlie,Supervisor
E106951,2025-03-08 14:12:00,MX-103,Line-B,evening,Setup,FixtureAdjustment,low,44,39,40,Alpha,Technician
E106936,2025-03-08 14:14:00,MX-201,Line-C,evening,Warning,PressureTrend,medium,9,0,0,Alpha,Engineer
E106965,2025-03-08 14:25:00,MX-103,Line-B,evening,Quality,VisionReject,medium,1,0,3,Alpha,Technician
E106973,2025-03-08 15:01:00,MX-103,Line-B,evening,Alarm,MotorOverload,high,69,44,65,Charlie,Operator
E106931,2025-03-08 15:10:00,MX-103,Line-B,evening,Quality,MaterialMismatch,medium,18,4,76,Delta,Supervisor
E106914,2025-03-08 16:07:00,MX-201,Line-C,evening,Setup,FixtureAdjustment,low,23,17,7,Bravo,Engineer
E106920,2025-03-08 16:14:00,MX-202,Line-C,evening,Setup,FixtureAdjustment,low,48,38,19,Delta,Operator
E106928,2025-03-08 16:29:00,MX-201,Line-C,evening,Quality,SurfaceDefect,high,14,3,39,Delta,Operator
E106959,2025-03-08 16:35:00,MX-201,Line-C,evening,Setup,FixtureAdjustment,low,9,6,2,Bravo,Supervisor
E106960,2025-03-08 17:02:00,MX-201,Line-C,evening,Quality,VisionReject,medium,5,1,24,Bravo,Technician
E106953,2025-03-08 17:03:00,MX-202,Line-C,evening,Maintenance,Lubrication,medium,66,34,10,Alpha,Operator
E106954,2025-03-08 17:09:00,MX-202,Line-C,evening,Maintenance,BearingReplacement,medium,35,14,4,Alpha,Operator
E106912,2025-03-08 17:24:00,MX-103,Line-B,evening,Alarm,MotorOverload,medium,4,2,2,Alpha,AutoReset
E106945,2025-03-08 17:32:00,MX-102,Line-A,evening,Warning,VibrationTrend,low,1,0,0,Bravo,Operator
E106964,2025-03-08 17:52:00,MX-103,Line-B,evening,Warning,EnergySpike,medium,24,0,0,Delta,AutoReset
E106946,2025-03-08 18:29:00,MX-201,Line-C,evening,Safety,GuardOpen,medium,26,13,8,Bravo,Supervisor
E106934,2025-03-08 19:13:00,MX-103,Line-B,evening,Alarm,MotorOverload,high,33,29,34,Charlie,Engineer
E106952,2025-03-08 19:42:00,MX-102,Line-A,evening,Quality,SurfaceDefect,low,18,3,121,Bravo,Operator
E106956,2025-03-08 19:52:00,MX-102,Line-A,evening,Safety,EStop,high,17,11,9,Charlie,Engineer
E106940,2025-03-08 20:54:00,MX-103,Line-B,evening,Maintenance,FilterChange,medium,218,128,69,Alpha,AutoReset
E106967,2025-03-08 21:30:00,MX-201,Line-C,evening,Alarm,SensorFailure,critical,30,17,32,Bravo,Engineer
E106939,2025-03-08 22:02:00,MX-201,Line-C,night,Alarm,Overheat,medium,19,18,26,Bravo,Supervisor
E106917,2025-03-08 22:22:00,MX-103,Line-B,night,Alarm,Overheat,medium,86,83,106,Alpha,Operator
E106974,2025-03-08 22:37:00,MX-201,Line-C,night,Setup,RecipeChange,low,29,25,6,Bravo,AutoReset
E106938,2025-03-08 23:15:00,MX-103,Line-B,night,Setup,ToolChange,low,27,20,14,Delta,Engineer
E106962,2025-03-08 23:58:00,MX-103,Line-B,night,Alarm,Overheat,high,212,173,295,Bravo,Operator
E107009,2025-03-09 00:01:00,MX-101,Line-A,night,Setup,RecipeChange,low,26,21,10,Bravo,AutoReset
E106980,2025-03-09 00:03:00,MX-202,Line-C,night,Alarm,PressureDrop,medium,50,26,33,Charlie,Technician
E107053,2025-03-09 00:27:00,MX-201,Line-C,night,Quality,VisionReject,low,4,0,17,Charlie,Engineer
E107016,2025-03-09 00:40:00,MX-201,Line-C,night,Safety,DoorInterlock,medium,15,11,7,Alpha,Supervisor
E107005,2025-03-09 00:44:00,MX-202,Line-C,night,Warning,EnergySpike,low,4,0,0,Alpha,Technician
E107019,2025-03-09 00:56:00,MX-101,Line-A,night,Warning,VibrationTrend,medium,10,0,0,Charlie,Engineer
E106978,2025-03-09 01:06:00,MX-103,Line-B,night,Setup,ToolChange,low,90,70,25,Bravo,Engineer
E107004,2025-03-09 01:31:00,MX-202,Line-C,night,Safety,EStop,medium,46,34,24,Delta,Operator
E107013,2025-03-09 01:58:00,MX-101,Line-A,night,Safety,AreaBreach,medium,50,25,28,Delta,Supervisor
E107027,2025-03-09 02:13:00,MX-102,Line-A,night,Warning,VibrationTrend,high,4,0,0,Charlie,Supervisor
E106989,2025-03-09 02:13:00,MX-101,Line-A,night,Alarm,SensorFailure,medium,48,28,23,Delta,Technician
E107030,2025-03-09 02:41:00,MX-101,Line-A,night,Alarm,Overheat,critical,71,58,103,Charlie,Technician
E107008,2025-03-09 03:03:00,MX-102,Line-A,night,Warning,EnergySpike,high,1,0,0,Bravo,Technician
E107025,2025-03-09 03:09:00,MX-103,Line-B,night,Alarm,MotorOverload,high,27,13,23,Delta,Operator
E106988,2025-03-09 03:15:00,MX-202,Line-C,night,Warning,PressureTrend,medium,8,0,0,Alpha,Supervisor
E107046,2025-03-09 03:31:00,MX-102,Line-A,night,Maintenance,Lubrication,low,82,60,46,Charlie,Technician
E106995,2025-03-09 03:57:00,MX-101,Line-A,night,Warning,VibrationTrend,high,12,0,0,Charlie,Technician
E107042,2025-03-09 04:24:00,MX-103,Line-B,night,Quality,VisionReject,medium,4,0,24,Charlie,Engineer
E106977,2025-03-09 04:25:00,MX-101,Line-A,night,Alarm,SensorFailure,high,17,8,15,Bravo,AutoReset
E107071,2025-03-09 04:47:00,MX-103,Line-B,night,Alarm,Overheat,medium,42,35,55,Bravo,Operator
E107029,2025-03-09 04:55:00,MX-103,Line-B,night,Quality,SurfaceDefect,high,8,1,40,Delta,AutoReset
E107015,2025-03-09 05:24:00,MX-102,Line-A,night,Warning,EnergySpike,medium,10,0,0,Delta,Engineer
E107063,2025-03-09 05:27:00,MX-201,Line-C,night,Maintenance,BearingReplacement,low,64,32,13,Alpha,Operator
E107021,2025-03-09 05:28:00,MX-101,Line-A,night,Quality,MaterialMismatch,low,4,1,20,Charlie,Technician
E107034,2025-03-09 05:49:00,MX-202,Line-C,night,Setup,RecipeChange,low,15,12,8,Delta,Engineer
E106992,2025-03-09 06:20:00,MX-103,Line-B,morning,Warning,VibrationTrend,low,10,0,0,Charlie,Operator
E107007,2025-03-09 06:21:00,MX-201,Line-C,morning,Alarm,SensorFailure,medium,59,52,70,Alpha,AutoReset
E107012,2025-03-09 06:32:00,MX-101,Line-A,morning,Alarm,SensorFailure,medium,21,20,39,Bravo,Supervisor
E107047,2025-03-09 06:36:00,MX-101,Line-A,morning,Setup,ToolChange,low,20,16,4,Charlie,AutoReset
E106996,2025-03-09 06:37:00,MX-201,Line-C,morning,Safety,EStop,high,18,15,13,Alpha,Technician
E106991,2025-03-09 06:55:00,MX-202,Line-C,morning,Alarm,Overheat,high,34,16,22,Bravo,Operator
E107059,2025-03-09 07:07:00,MX-103,Line-B,morning,Quality,VisionReject,medium,8,2,26,Charlie,Technician
E106994,2025-03-09 07:19:00,MX-103,Line-B,morning,Alarm,SensorFailure,high,70,61,43,Bravo,Engineer
E107028,2025-03-09 07:20:00,MX-102,Line-A,morning,Setup,FixtureAdjustment,low,33,29,22,Alpha,Technician
E107011,2025-03-09 07:29:00,MX-201,Line-C,morning,Alarm,HighVibration,medium,73,53,96,Alpha,Engineer
E107024,2025-03-09 07:30:00,MX-201,Line-C,morning,Setup,RecipeChange,medium,59,48,14,Bravo,Operator
E107037,2025-03-09 08:00:00,MX-103,Line-B,morning,Setup,RecipeChange,low,16,14,14,Delta,Technician
E107020,2025-03-09 08:34:00,MX-103,Line-B,morning,Alarm,MotorOverload,high,4,3,6,Alpha,Technician
E107067,2025-03-09 08:44:00,MX-101,Line-A,morning,Quality,VisionReject,high,17,2,89,Alpha,Operator
E106985,2025-03-09 08:47:00,MX-202,Line-C,morning,Maintenance,BearingReplacement,medium,62,41,33,Delta,Engineer
E106993,2025-03-09 09:14:00,MX-201,Line-C,morning,Setup,RecipeChange,low,98,97,102,Alpha,Technician
E107041,2025-03-09 09:14:00,MX-102,Line-A,morning,Alarm,Overheat,high,44,22,15,Alpha,Engineer
E106979,2025-03-09 09:17:00,MX-103,Line-B,morning,Quality,SurfaceDefect,medium,14,3,58,Delta,AutoReset
E107050,2025-03-09 09:22:00,MX-103,Line-B,morning,Maintenance,FilterChange,medium,98,31,14,Delta,Operator
E106997,2025-03-09 09:46:00,MX-101,Line-A,morning,Alarm,SensorFailure,critical,65,34,37,Alpha,Supervisor
E106999,2025-03-09 09:46:00,MX-101,Line-A,morning,Safety,AreaBreach,high,14,11,5,Bravo,Engineer
E107003,2025-03-09 10:19:00,MX-101,Line-A,morning,Setup,ToolChange,low,10,8,7,Delta,Technician
E107026,2025-03-09 10:24:00,MX-101,Line-A,morning,Safety,GuardOpen,high,33,27,9,Charlie,Technician
E107038,2025-03-09 10:34:00,MX-101,Line-A,morning,Alarm,SensorFailure,low,38,22,47,Alpha,Technician
E107065,2025-03-09 10:35:00,MX-102,Line-A,morning,Alarm,SensorFailure,medium,31,18,14,Bravo,Engineer
E107044,2025-03-09 10:41:00,MX-102,Line-A,morning,Warning,EnergySpike,low,8,1,0,Charlie,Supervisor
E107032,2025-03-09 10:42:00,MX-103,Line-B,morning,Maintenance,Inspection,low,57,24,23,Bravo,Operator
E107052,2025-03-09 11:53:00,MX-102,Line-A,morning,Maintenance,Lubrication,low,28,16,15,Delta,Engineer
E107076,2025-03-09 12:39:00,MX-101,Line-A,morning,Warning,EnergySpike,low,2,0,0,Charlie,Engineer
E107057,2025-03-09 13:16:00,MX-102,Line-A,morning,Maintenance,Lubrication,medium,81,22,9,Alpha,Technician
E106987,2025-03-09 13:33:00,MX-202,Line-C,morning,Quality,MaterialMismatch,medium,7,2,40,Charlie,AutoReset
E107033,2025-03-09 13:35:00,MX-202,Line-C,morning,Alarm,Overheat,high,29,27,52,Charlie,AutoReset
E107006,2025-03-09 13:37:00,MX-102,Line-A,morning,Setup,FixtureAdjustment,low,59,42,36,Delta,Operator
E107078,2025-03-09 13:44:00,MX-102,Line-A,morning,Quality,VisionReject,high,7,1,15,Charlie,AutoReset
E107077,2025-03-09 14:04:00,MX-102,Line-A,evening,Alarm,Overheat,high,107,63,94,Charlie,AutoReset
E107068,2025-03-09 14:08:00,MX-201,Line-C,evening,Quality,VisionReject,high,7,1,23,Charlie,AutoReset
E107023,2025-03-09 14:14:00,MX-101,Line-A,evening,Warning,PressureTrend,medium,8,0,0,Charlie,Operator
E107000,2025-03-09 14:36:00,MX-202,Line-C,evening,Setup,ToolChange,low,69,61,35,Alpha,Engineer
E107069,2025-03-09 14:39:00,MX-201,Line-C,evening,Alarm,Overheat,medium,31,15,18,Alpha,AutoReset
E107001,2025-03-09 14:56:00,MX-101,Line-A,evening,Alarm,Overheat,high,16,8,14,Charlie,Engineer
E107035,2025-03-09 15:02:00,MX-201,Line-C,evening,Quality,SurfaceDefect,high,16,3,104,Delta,Engineer
E106986,2025-03-09 15:12:00,MX-101,Line-A,evening,Alarm,HighVibration,medium,47,46,82,Delta,Technician
E107056,2025-03-09 15:23:00,MX-101,Line-A,evening,Maintenance,FilterChange,medium,60,36,11,Alpha,Operator
E107072,2025-03-09 15:46:00,MX-102,Line-A,evening,Warning,TempTrend,low,13,0,0,Charlie,Technician
E107064,2025-03-09 15:54:00,MX-202,Line-C,evening,Warning,EnergySpike,low,8,0,0,Alpha,Technician
E106998,2025-03-09 16:06:00,MX-201,Line-C,evening,Quality,MaterialMismatch,high,17,2,79,Alpha,Technician
E107054,2025-03-09 16:06:00,MX-102,Line-A,evening,Alarm,MotorOverload,medium,57,51,60,Bravo,Technician
E107060,2025-03-09 16:22:00,MX-101,Line-A,evening,Setup,FixtureAdjustment,low,26,23,5,Alpha,Engineer
E107045,2025-03-09 16:48:00,MX-103,Line-B,evening,Warning,EnergySpike,high,11,1,0,Alpha,Operator
E107074,2025-03-09 16:49:00,MX-103,Line-B,evening,Warning,VibrationTrend,medium,1,0,0,Bravo,Technician
E107036,2025-03-09 16:49:00,MX-101,Line-A,evening,Maintenance,BearingReplacement,low,131,48,20,Delta,AutoReset
E107048,2025-03-09 16:58:00,MX-202,Line-C,evening,Alarm,MotorOverload,high,46,40,71,Charlie,Operator
E107002,2025-03-09 17:24:00,MX-102,Line-A,evening,Alarm,Overheat,high,29,22,46,Charlie,Supervisor
E107010,2025-03-09 17:27:00,MX-102,Line-A,evening,Maintenance,Calibration,low,34,18,17,Alpha,AutoReset
E107073,2025-03-09 18:11:00,MX-102,Line-A,evening,Warning,TempTrend,low,4,0,0,Delta,AutoReset
E107014,2025-03-09 19:01:00,MX-201,Line-C,evening,Quality,MaterialMismatch,medium,12,1,32,Charlie,Operator
E106982,2025-03-09 19:03:00,MX-103,Line-B,evening,Alarm,Overheat,high,37,17,14,Delta,Technician
E107040,2025-03-09 19:16:00,MX-202,Line-C,evening,Maintenance,Inspection,low,56,35,15,Charlie,Supervisor
E107051,2025-03-09 19:50:00,MX-102,Line-A,evening,Maintenance,BearingReplacement,high,88,36,24,Alpha,Engineer
E107055,2025-03-09 19:57:00,MX-101,Line-A,evening,Safety,AreaBreach,medium,25,18,17,Delta,Technician
E107062,2025-03-09 20:31:00,MX-201,Line-C,evening,Quality,DimensionDrift,low,18,4,39,Delta,Engineer
E107075,2025-03-09 20:42:00,MX-103,Line-B,evening,Warning,EnergySpike,medium,17,2,0,Alpha,Technician
E107022,2025-03-09 21:25:00,MX-201,Line-C,evening,Setup,ToolChange,medium,47,45,42,Alpha,Engineer
E107066,2025-03-09 21:27:00,MX-101,Line-A,evening,Safety,EStop,high,48,37,23,Alpha,Technician
E107043,2025-03-09 21:35:00,MX-102,Line-A,evening,Setup,RecipeChange,low,36,32,10,Delta,Operator
E107070,2025-03-09 22:00:00,MX-201,Line-C,night,Safety,AreaBreach,high,17,15,20,Charlie,Operator
E107039,2025-03-09 22:04:00,MX-202,Line-C,night,Warning,PressureTrend,low,10,1,0,Charlie,Engineer
E106984,2025-03-09 22:05:00,MX-101,Line-A,night,Setup,FixtureAdjustment,low,79,72,48,Delta,AutoReset
E107049,2025-03-09 22:32:00,MX-103,Line-B,night,Maintenance,Calibration,high,68,41,16,Charlie,Technician
E107079,2025-03-09 22:44:00,MX-202,Line-C,night,Maintenance,Lubrication,low,66,40,29,Charlie,Technician
E106990,2025-03-09 22:48:00,MX-102,Line-A,night,Quality,MaterialMismatch,high,24,5,110,Charlie,Technician
E106983,2025-03-09 22:51:00,MX-101,Line-A,night,Alarm,PressureDrop,high,41,30,27,Bravo,Technician
E107017,2025-03-09 23:06:00,MX-202,Line-C,night,Maintenance,BearingReplacement,medium,90,63,31,Charlie,Supervisor
E107061,2025-03-09 23:10:00,MX-202,Line-C,night,Alarm,MotorOverload,critical,58,53,99,Alpha,Supervisor
E106981,2025-03-09 23:27:00,MX-101,Line-A,night,Safety,AreaBreach,high,8,6,6,Alpha,AutoReset
E107018,2025-03-09 23:45:00,MX-101,Line-A,night,Alarm,SensorFailure,high,63,62,51,Bravo,Operator
E107058,2025-03-09 23:56:00,MX-201,Line-C,night,Warning,VibrationTrend,medium,23,0,0,Delta,Engineer
E107031,2025-03-09 23:57:00,MX-202,Line-C,night,Warning,PressureTrend,medium,2,0,0,Charlie,Supervisor
E107140,2025-03-10 00:08:00,MX-101,Line-A,night,Quality,DimensionDrift,medium,19,5,70,Charlie,Supervisor
E107163,2025-03-10 00:56:00,MX-103,Line-B,night,Quality,DimensionDrift,medium,35,10,88,Bravo,Technician
E107089,2025-03-10 01:46:00,MX-103,Line-B,night,Alarm,MotorOverload,medium,9,6,8,Alpha,Technician
E107135,2025-03-10 02:06:00,MX-201,Line-C,night,Quality,MaterialMismatch,medium,13,3,57,Delta,Operator
E107116,2025-03-10 03:12:00,MX-202,Line-C,night,Quality,VisionReject,high,10,1,52,Bravo,Supervisor
E107097,2025-03-10 03:30:00,MX-102,Line-A,night,Warning,EnergySpike,low,2,0,0,Delta,Technician
E107104,2025-03-10 03:31:00,MX-201,Line-C,night,Warning,TempTrend,medium,3,0,0,Alpha,Supervisor
E107169,2025-03-10 03:38:00,MX-103,Line-B,night,Alarm,PressureDrop,high,21,14,25,Bravo,Technician
E107184,2025-03-10 03:38:00,MX-103,Line-B,night,Warning,VibrationTrend,medium,2,0,0,Delta,Technician
E107159,2025-03-10 04:38:00,MX-102,Line-A,night,Safety,DoorInterlock,critical,79,62,37,Alpha,AutoReset
E107146,2025-03-10 04:42:00,MX-201,Line-C,night,Maintenance,Calibration,low,68,30,21,Bravo,Operator
E107091,2025-03-10 04:52:00,MX-101,Line-A,night,Alarm,PressureDrop,medium,26,12,17,Charlie,Technician
E107162,2025-03-10 04:55:00,MX-103,Line-B,night,Alarm,HighVibration,medium,15,9,11,Delta,Engineer
E107099,2025-03-10 04:56:00,MX-101,Line-A,night,Warning,EnergySpike,low,11,1,0,Delta,Technician
E107164,2025-03-10 05:08:00,MX-101,Line-A,night,Quality,MaterialMismatch,medium,41,9,121,Charlie,Technician
E107130,2025-03-10 05:26:00,MX-201,Line-C,night,Maintenance,BearingReplacement,low,44,18,6,Alpha,Technician
E107127,2025-03-10 05:28:00,MX-201,Line-C,night,Maintenance,Lubrication,medium,107,54,35,Alpha,Technician
E107125,2025-03-10 05:42:00,MX-101,Line-A,night,Warning,VibrationTrend,medium,16,2,0,Delta,Operator
E107139,2025-03-10 06:00:00,MX-202,Line-C,morning,Maintenance,Calibration,low,21,12,11,Charlie,Operator
E107093,2025-03-10 06:19:00,MX-201,Line-C,morning,Alarm,MotorOverload,high,146,137,146,Charlie,AutoReset
E107131,2025-03-10 06:23:00,MX-202,Line-C,morning,Warning,TempTrend,low,20,1,0,Bravo,Technician
E107110,2025-03-10 06:30:00,MX-102,Line-A,morning,Alarm,SensorFailure,high,46,29,25,Bravo,Technician
E107161,2025-03-10 07:07:00,MX-103,Line-B,morning,Setup,ToolChange,low,73,71,15,Delta,Operator
E107179,2025-03-10 07:37:00,MX-202,Line-C,morning,Warning,TempTrend,low,9,0,0,Delta,Supervisor
E107166,2025-03-10 07:54:00,MX-201,Line-C,morning,Warning,TempTrend,medium,13,0,0,Charlie,Operator
E107094,2025-03-10 08:09:00,MX-102,Line-A,morning,Alarm,Overheat,critical,14,8,10,Bravo,Technician
E107118,2025-03-10 08:16:00,MX-101,Line-A,morning,Setup,FixtureAdjustment,low,64,45,26,Delta,Engineer
E107142,2025-03-10 08:29:00,MX-101,Line-A,morning,Alarm,Overheat,critical,84,61,82,Delta,AutoReset
E107123,2025-03-10 08:34:00,MX-102,Line-A,morning,Setup,FixtureAdjustment,low,42,37,38,Charlie,Engineer
E107117,2025-03-10 08:36:00,MX-101,Line-A,morning,Maintenance,Calibration,high,57,26,16,Alpha,Supervisor
E107138,2025-03-10 08:47:00,MX-101,Line-A,morning,Setup,RecipeChange,low,44,40,40,Delta,Technician
E107109,2025-03-10 08:50:00,MX-103,Line-B,morning,Quality,MaterialMismatch,medium,25,2,66,Bravo,Technician
E107103,2025-03-10 09:01:00,MX-201,Line-C,morning,Quality,MaterialMismatch,high,15,4,33,Alpha,Technician
E107119,2025-03-10 09:03:00,MX-102,Line-A,morning,Setup,RecipeChange,low,13,10,6,Charlie,Operator
E107105,2025-03-10 09:17:00,MX-202,Line-C,morning,Alarm,PressureDrop,low,28,23,23,Alpha,Supervisor
E107176,2025-03-10 09:25:00,MX-103,Line-B,morning,Alarm,MotorOverload,medium,3,1,1,Charlie,Operator
E107152,2025-03-10 09:42:00,MX-103,Line-B,morning,Alarm,Overheat,medium,97,67,58,Alpha,Operator
E107136,2025-03-10 10:26:00,MX-102,Line-A,morning,Maintenance,Lubrication,low,77,36,35,Charlie,AutoReset
E107150,2025-03-10 10:31:00,MX-102,Line-A,morning,Safety,DoorInterlock,high,31,25,17,Charlie,Operator
E107168,2025-03-10 10:34:00,MX-101,Line-A,morning,Alarm,Overheat,medium,18,14,16,Bravo,Operator
E107144,2025-03-10 11:02:00,MX-201,Line-C,morning,Alarm,Overheat,medium,14,13,26,Bravo,Operator
E107134,2025-03-10 11:02:00,MX-102,Line-A,morning,Warning,TempTrend,low,7,0,0,Delta,Technician
E107084,2025-03-10 11:26:00,MX-103,Line-B,morning,Quality,MaterialMismatch,high,1,0,4,Bravo,Technician
E107149,2025-03-10 11:44:00,MX-201,Line-C,morning,Warning,EnergySpike,low,4,0,0,Charlie,Technician
E107081,2025-03-10 11:47:00,MX-101,Line-A,morning,Quality,SurfaceDefect,low,10,1,45,Bravo,AutoReset
E107112,2025-03-10 11:58:00,MX-101,Line-A,morning,Warning,PressureTrend,low,2,0,0,Alpha,Technician
E107156,2025-03-10 12:02:00,MX-102,Line-A,morning,Warning,VibrationTrend,low,12,1,0,Bravo,Operator
E107102,2025-03-10 12:04:00,MX-101,Line-A,morning,Setup,RecipeChange,medium,49,34,27,Charlie,Technician
E107183,2025-03-10 12:19:00,MX-103,Line-B,morning,Alarm,SensorFailure,critical,114,52,49,Charlie,Operator
E107165,2025-03-10 12:54:00,MX-101,Line-A,morning,Maintenance,FilterChange,high,89,30,24,Charlie,Operator
E107145,2025-03-10 13:01:00,MX-102,Line-A,morning,Warning,EnergySpike,low,8,0,0,Delta,Engineer
E107106,2025-03-10 13:10:00,MX-103,Line-B,morning,Warning,PressureTrend,low,8,0,0,Alpha,Engineer
E107177,2025-03-10 13:20:00,MX-201,Line-C,morning,Quality,DimensionDrift,medium,10,0,30,Delta,Technician
E107090,2025-03-10 13:29:00,MX-201,Line-C,morning,Warning,EnergySpike,low,15,1,0,Alpha,Operator
E107132,2025-03-10 13:34:00,MX-202,Line-C,morning,Alarm,SensorFailure,high,47,42,84,Alpha,Technician
E107181,2025-03-10 14:19:00,MX-102,Line-A,evening,Alarm,HighVibration,high,72,47,50,Delta,Technician
E107121,2025-03-10 14:33:00,MX-101,Line-A,evening,Quality,DimensionDrift,medium,12,1,43,Charlie,Supervisor
E107122,2025-03-10 14:38:00,MX-202,Line-C,evening,Warning,VibrationTrend,low,11,0,0,Alpha,Operator
E107180,2025-03-10 14:52:00,MX-202,Line-C,evening,Warning,EnergySpike,low,1,0,0,Bravo,AutoReset
E107167,2025-03-10 15:04:00,MX-103,Line-B,evening,Alarm,HighVibration,critical,50,31,31,Charlie,AutoReset
E107096,2025-03-10 15:26:00,MX-101,Line-A,evening,Maintenance,Lubrication,high,115,46,23,Alpha,Operator
E107111,2025-03-10 15:30:00,MX-102,Line-A,evening,Warning,EnergySpike,low,1,0,0,Delta,AutoReset
E107080,2025-03-10 15:54:00,MX-103,Line-B,evening,Warning,EnergySpike,medium,5,0,0,Delta,AutoReset
E107124,2025-03-10 15:59:00,MX-101,Line-A,evening,Quality,MaterialMismatch,medium,21,5,87,Charlie,Technician
E107171,2025-03-10 16:01:00,MX-102,Line-A,evening,Alarm,PressureDrop,high,36,24,27,Bravo,Engineer
E107098,2025-03-10 16:05:00,MX-201,Line-C,evening,Alarm,SensorFailure,medium,78,45,87,Alpha,AutoReset
E107083,2025-03-10 16:05:00,MX-102,Line-A,evening,Alarm,SensorFailure,medium,62,43,37,Bravo,Engineer
E107087,2025-03-10 16:10:00,MX-103,Line-B,evening,Quality,VisionReject,high,8,0,36,Bravo,Engineer
E107143,2025-03-10 16:15:00,MX-202,Line-C,evening,Quality,MaterialMismatch,low,11,0,41,Charlie,Engineer
E107100,2025-03-10 16:21:00,MX-202,Line-C,evening,Setup,RecipeChange,low,15,11,2,Delta,Technician
E107147,2025-03-10 16:55:00,MX-202,Line-C,evening,Alarm,PressureDrop,medium,117,70,100,Bravo,AutoReset
E107129,2025-03-10 17:20:00,MX-103,Line-B,evening,Alarm,HighVibration,medium,59,35,52,Alpha,Supervisor
E107086,2025-03-10 17:21:00,MX-103,Line-B,evening,Warning,VibrationTrend,low,7,0,0,Alpha,Operator
E107120,2025-03-10 17:22:00,MX-201,Line-C,evening,Warning,EnergySpike,medium,3,0,0,Bravo,AutoReset
E107114,2025-03-10 17:30:00,MX-202,Line-C,evening,Warning,PressureTrend,low,3,0,0,Delta,Technician
E107108,2025-03-10 17:42:00,MX-101,Line-A,evening,Quality,MaterialMismatch,high,38,7,141,Delta,Operator
E107170,2025-03-10 18:00:00,MX-201,Line-C,evening,Warning,VibrationTrend,medium,6,0,0,Bravo,Operator
E107088,2025-03-10 18:12:00,MX-202,Line-C,evening,Maintenance,FilterChange,medium,36,10,8,Charlie,Technician
E107148,2025-03-10 18:21:00,MX-103,Line-B,evening,Quality,SurfaceDefect,medium,18,3,50,Bravo,Operator
E107101,2025-03-10 18:31:00,MX-102,Line-A,evening,Alarm,HighVibration,medium,56,47,33,Delta,Technician
E107151,2025-03-10 19:32:00,MX-202,Line-C,evening,Alarm,PressureDrop,high,56,55,108,Charlie,AutoReset
E107092,2025-03-10 19:50:00,MX-102,Line-A,evening,Alarm,HighVibration,medium,124,77,98,Bravo,Engineer
E107160,2025-03-10 19:59:00,MX-201,Line-C,evening,Alarm,HighVibration,high,9,8,14,Charlie,Operator
E107173,2025-03-10 20:08:00,MX-102,Line-A,evening,Alarm,Overheat,medium,36,23,41,Charlie,Technician
E107172,2025-03-10 20:42:00,MX-201,Line-C,evening,Maintenance,Calibration,high,110,57,45,Bravo,Technician
E107133,2025-03-10 20:50:00,MX-101,Line-A,evening,Warning,EnergySpike,low,6,0,0,Alpha,AutoReset
E107157,2025-03-10 21:01:00,MX-102,Line-A,evening,Maintenance,Calibration,high,70,25,20,Charlie,Operator
E107115,2025-03-10 21:02:00,MX-201,Line-C,evening,Maintenance,FilterChange,low,95,58,42,Delta,Operator
E107128,2025-03-10 21:08:00,MX-101,Line-A,evening,Warning,TempTrend,low,3,0,0,Delta,AutoReset
E107182,2025-03-10 21:19:00,MX-101,Line-A,evening,Maintenance,Calibration,high,78,60,14,Charlie,Engineer
E107095,2025-03-10 21:24:00,MX-101,Line-A,evening,Alarm,PressureDrop,low,75,68,105,Delta,Operator
E107175,2025-03-10 21:37:00,MX-201,Line-C,evening,Safety,GuardOpen,medium,25,17,6,Delta,Supervisor
E107178,2025-03-10 21:40:00,MX-102,Line-A,evening,Warning,PressureTrend,medium,1,0,0,Delta,Technician
E107158,2025-03-10 22:22:00,MX-101,Line-A,night,Safety,EStop,critical,5,2,1,Bravo,Technician
E107174,2025-03-10 22:25:00,MX-202,Line-C,night,Warning,PressureTrend,medium,5,0,0,Bravo,Operator
E107185,2025-03-10 22:28:00,MX-102,Line-A,night,Setup,FixtureAdjustment,low,11,9,9,Charlie,Engineer
E107153,2025-03-10 22:32:00,MX-201,Line-C,night,Safety,GuardOpen,critical,31,19,10,Bravo,Operator
E107085,2025-03-10 22:39:00,MX-103,Line-B,night,Maintenance,Lubrication,medium,156,65,34,Bravo,Engineer
E107082,2025-03-10 22:45:00,MX-101,Line-A,night,Quality,VisionReject,high,20,0,134,Charlie,Engineer
E107126,2025-03-10 22:48:00,MX-102,Line-A,night,Warning,EnergySpike,medium,1,0,0,Delta,Operator
E107137,2025-03-10 22:50:00,MX-101,Line-A,night,Quality,MaterialMismatch,low,6,0,41,Charlie,AutoReset
E107155,2025-03-10 22:57:00,MX-202,Line-C,night,Setup,RecipeChange,low,31,29,26,Alpha,Engineer
E107113,2025-03-10 23:13:00,MX-201,Line-C,night,Maintenance,Lubrication,medium,110,75,17,Alpha,Operator
E107141,2025-03-10 23:28:00,MX-101,Line-A,night,Maintenance,BearingReplacement,low,41,20,6,Bravo,Operator
E107107,2025-03-10 23:40:00,MX-202,Line-C,night,Setup,RecipeChange,medium,65,60,43,Charlie,Technician
E107154,2025-03-10 23:46:00,MX-102,Line-A,night,Alarm,PressureDrop,medium,36,30,21,Alpha,Engineer
E107283,2025-03-11 00:15:00,MX-202,Line-C,night,Warning,TempTrend,low,3,0,0,Bravo,Engineer
E107258,2025-03-11 00:23:00,MX-101,Line-A,night,Warning,VibrationTrend,low,11,0,0,Charlie,Technician
E107294,2025-03-11 00:45:00,MX-102,Line-A,night,Alarm,SensorFailure,high,20,14,29,Delta,Supervisor
E107186,2025-03-11 00:49:00,MX-101,Line-A,night,Alarm,SensorFailure,low,61,44,68,Delta,AutoReset
E107190,2025-03-11 00:52:00,MX-201,Line-C,night,Setup,ToolChange,low,52,44,38,Charlie,Engineer
E107203,2025-03-11 00:56:00,MX-202,Line-C,night,Setup,FixtureAdjustment,low,85,64,24,Delta,AutoReset
E107206,2025-03-11 01:02:00,MX-201,Line-C,night,Quality,DimensionDrift,low,8,0,23,Charlie,Technician
E107208,2025-03-11 01:51:00,MX-102,Line-A,night,Alarm,SensorFailure,high,65,55,48,Delta,Supervisor
E107192,2025-03-11 02:17:00,MX-102,Line-A,night,Warning,EnergySpike,medium,8,0,0,Delta,Supervisor
E107193,2025-03-11 02:49:00,MX-103,Line-B,night,Warning,PressureTrend,low,2,0,0,Alpha,Technician
E107242,2025-03-11 03:37:00,MX-103,Line-B,night,Alarm,HighVibration,medium,31,18,23,Bravo,Engineer
E107260,2025-03-11 03:49:00,MX-201,Line-C,night,Maintenance,Lubrication,medium,92,47,29,Delta,AutoReset
E107224,2025-03-11 03:59:00,MX-102,Line-A,night,Maintenance,Calibration,low,36,25,19,Alpha,Engineer
E107279,2025-03-11 04:03:00,MX-101,Line-A,night,Warning,PressureTrend,low,18,0,0,Bravo,Operator
E107282,2025-03-11 04:21:00,MX-202,Line-C,night,Safety,GuardOpen,high,83,68,40,Delta,Operator
E107202,2025-03-11 04:58:00,MX-102,Line-A,night,Maintenance,BearingReplacement,medium,58,34,31,Charlie,Operator
E107253,2025-03-11 05:10:00,MX-202,Line-C,night,Maintenance,BearingReplacement,low,34,26,8,Charlie,Engineer
E107297,2025-03-11 05:18:00,MX-202,Line-C,night,Maintenance,BearingReplacement,high,56,34,25,Delta,Supervisor
E107244,2025-03-11 05:18:00,MX-101,Line-A,night,Alarm,HighVibration,high,42,27,55,Bravo,Operator
E107232,2025-03-11 05:20:00,MX-103,Line-B,night,Maintenance,FilterChange,medium,45,16,8,Bravo,Technician
E107213,2025-03-11 05:26:00,MX-101,Line-A,night,Quality,VisionReject,high,25,4,172,Bravo,Technician
E107262,2025-03-11 05:50:00,MX-202,Line-C,night,Warning,VibrationTrend,low,2,0,0,Alpha,Operator
E107215,2025-03-11 06:12:00,MX-102,Line-A,morning,Warning,TempTrend,low,2,0,0,Delta,Engineer
E107243,2025-03-11 06:56:00,MX-102,Line-A,morning,Warning,EnergySpike,low,4,0,0,Bravo,Operator
E107249,2025-03-11 07:21:00,MX-101,Line-A,morning,Quality,SurfaceDefect,high,9,1,51,Charlie,AutoReset
E107293,2025-03-11 07:23:00,MX-201,Line-C,morning,Maintenance,FilterChange,medium,45,17,4,Alpha,Technician
E107211,2025-03-11 07:28:00,MX-201,Line-C,morning,Alarm,SensorFailure,high,77,62,79,Alpha,Technician
E107191,2025-03-11 07:34:00,MX-201,Line-C,morning,Maintenance,Inspection,low,103,38,10,Alpha,Technician
E107301,2025-03-11 07:42:00,MX-202,Line-C,morning,Alarm,SensorFailure,critical,36,26,39,Bravo,Technician
E107229,2025-03-11 07:47:00,MX-201,Line-C,morning,Quality,SurfaceDefect,medium,25,1,165,Alpha,Supervisor
E107289,2025-03-11 07:55:00,MX-201,Line-C,morning,Warning,PressureTrend,medium,12,1,0,Alpha,AutoReset
E107210,2025-03-11 08:00:00,MX-201,Line-C,morning,Warning,VibrationTrend,medium,6,0,0,Charlie,Technician
E107263,2025-03-11 08:03:00,MX-201,Line-C,morning,Quality,MaterialMismatch,medium,9,3,60,Alpha,Technician
E107223,2025-03-11 08:04:00,MX-201,Line-C,morning,Safety,AreaBreach,critical,9,6,3,Alpha,Engineer
E107255,2025-03-11 08:59:00,MX-202,Line-C,morning,Alarm,SensorFailure,high,43,31,30,Charlie,Engineer
E107256,2025-03-11 09:03:00,MX-201,Line-C,morning,Setup,ToolChange,medium,14,11,9,Charlie,Supervisor
E107240,2025-03-11 09:08:00,MX-102,Line-A,morning,Maintenance,Lubrication,low,29,18,4,Bravo,Operator
E107228,2025-03-11 09:10:00,MX-102,Line-A,morning,Safety,DoorInterlock,medium,8,7,4,Bravo,Engineer
E107246,2025-03-11 09:15:00,MX-102,Line-A,morning,Alarm,Overheat,critical,104,63,96,Alpha,Engineer
E107287,2025-03-11 09:19:00,MX-201,Line-C,morning,Warning,EnergySpike,low,4,0,0,Alpha,Technician
E107270,2025-03-11 09:22:00,MX-101,Line-A,morning,Maintenance,Lubrication,low,39,24,21,Delta,Engineer
E107261,2025-03-11 09:26:00,MX-202,Line-C,morning,Quality,DimensionDrift,low,19,5,72,Delta,Operator
E107295,2025-03-11 09:34:00,MX-101,Line-A,morning,Warning,EnergySpike,low,7,0,0,Alpha,Operator
E107266,2025-03-11 09:45:00,MX-201,Line-C,morning,Warning,PressureTrend,low,6,0,0,Bravo,Technician
E107221,2025-03-11 10:14:00,MX-202,Line-C,morning,Maintenance,Calibration,low,98,67,17,Delta,Technician
E107276,2025-03-11 10:25:00,MX-202,Line-C,morning,Maintenance,Inspection,low,28,12,11,Delta,AutoReset
E107268,2025-03-11 10:51:00,MX-103,Line-B,morning,Quality,VisionReject,medium,11,1,46,Delta,Technician
E107204,2025-03-11 10:58:00,MX-101,Line-A,morning,Warning,TempTrend,low,7,0,0,Bravo,Operator
E107239,2025-03-11 10:58:00,MX-202,Line-C,morning,Quality,DimensionDrift,medium,8,0,24,Charlie,Operator
E107205,2025-03-11 12:01:00,MX-201,Line-C,morning,Alarm,HighVibration,high,14,12,24,Alpha,AutoReset
E107214,2025-03-11 12:15:00,MX-102,Line-A,morning,Warning,EnergySpike,low,11,1,0,Charlie,Technician
E107273,2025-03-11 12:30:00,MX-202,Line-C,morning,Quality,SurfaceDefect,low,6,1,40,Charlie,Technician
E107188,2025-03-11 12:35:00,MX-103,Line-B,morning,Alarm,PressureDrop,high,34,31,32,Charlie,AutoReset
E107225,2025-03-11 12:36:00,MX-101,Line-A,morning,Alarm,Overheat,critical,45,44,66,Charlie,Engineer
E107278,2025-03-11 13:15:00,MX-102,Line-A,morning,Safety,DoorInterlock,high,25,15,8,Charlie,Technician
E107235,2025-03-11 13:25:00,MX-101,Line-A,morning,Quality,MaterialMismatch,medium,4,1,23,Bravo,Technician
E107286,2025-03-11 13:28:00,MX-103,Line-B,morning,Warning,VibrationTrend,low,4,0,0,Charlie,AutoReset
E107272,2025-03-11 13:31:00,MX-102,Line-A,morning,Maintenance,BearingReplacement,high,76,40,19,Charlie,Operator
E107241,2025-03-11 13:38:00,MX-101,Line-A,morning,Maintenance,Lubrication,high,83,40,13,Alpha,Supervisor
E107209,2025-03-11 13:49:00,MX-201,Line-C,morning,Maintenance,Calibration,medium,140,49,43,Alpha,Technician
E107187,2025-03-11 13:51:00,MX-101,Line-A,morning,Warning,VibrationTrend,low,6,0,0,Bravo,Technician
E107198,2025-03-11 13:58:00,MX-103,Line-B,morning,Maintenance,Calibration,medium,29,14,13,Charlie,Technician
E107290,2025-03-11 14:17:00,MX-201,Line-C,evening,Alarm,Overheat,high,131,108,107,Charlie,AutoReset
E107220,2025-03-11 14:22:00,MX-103,Line-B,evening,Quality,DimensionDrift,medium,63,20,270,Alpha,Engineer
E107277,2025-03-11 14:56:00,MX-101,Line-A,evening,Alarm,HighVibration,low,57,39,30,Bravo,AutoReset
E107238,2025-03-11 14:57:00,MX-102,Line-A,evening,Quality,SurfaceDefect,medium,46,14,216,Charlie,Supervisor
E107197,2025-03-11 15:01:00,MX-202,Line-C,evening,Alarm,HighVibration,critical,60,49,89,Charlie,Engineer
E107265,2025-03-11 15:02:00,MX-201,Line-C,evening,Warning,VibrationTrend,low,17,0,0,Bravo,Engineer
E107222,2025-03-11 15:08:00,MX-103,Line-B,evening,Warning,TempTrend,medium,6,0,0,Alpha,AutoReset
E107252,2025-03-11 15:22:00,MX-201,Line-C,evening,Warning,VibrationTrend,low,10,1,0,Alpha,Engineer
E107296,2025-03-11 15:22:00,MX-102,Line-A,evening,Setup,ToolChange,low,23,16,16,Delta,Technician
E107259,2025-03-11 15:53:00,MX-103,Line-B,evening,Warning,PressureTrend,medium,17,1,0,Delta,Operator
E107218,2025-03-11 15:56:00,MX-103,Line-B,evening,Alarm,Overheat,medium,56,26,24,Bravo,Operator
E107271,2025-03-11 16:06:00,MX-201,Line-C,evening,Maintenance,Inspection,low,73,18,11,Alpha,Technician
E107269,2025-03-11 16:26:00,MX-101,Line-A,evening,Quality,VisionReject,medium,9,0,51,Charlie,Technician
E107219,2025-03-11 16:34:00,MX-101,Line-A,evening,Warning,VibrationTrend,low,18,0,0,Delta,Technician
E107292,2025-03-11 16:44:00,MX-101,Line-A,evening,Alarm,HighVibration,medium,52,46,78,Alpha,Operator
E107230,2025-03-11 16:50:00,MX-102,Line-A,evening,Alarm,HighVibration,high,7,3,4,Alpha,AutoReset
E107237,2025-03-11 16:52:00,MX-102,Line-A,evening,Setup,FixtureAdjustment,medium,16,15,15,Delta,Technician
E107281,2025-03-11 17:03:00,MX-102,Line-A,evening,Maintenance,FilterChange,low,58,27,15,Alpha,Technician
E107250,2025-03-11 17:41:00,MX-103,Line-B,evening,Maintenance,Lubrication,low,146,109,78,Alpha,Technician
E107231,2025-03-11 17:48:00,MX-102,Line-A,evening,Alarm,Overheat,high,59,31,37,Charlie,AutoReset
E107288,2025-03-11 17:49:00,MX-102,Line-A,evening,Warning,PressureTrend,high,7,0,0,Bravo,Technician
E107300,2025-03-11 17:52:00,MX-102,Line-A,evening,Warning,PressureTrend,low,9,0,0,Delta,AutoReset
E107251,2025-03-11 17:52:00,MX-102,Line-A,evening,Warning,EnergySpike,low,17,1,0,Alpha,Technician
E107285,2025-03-11 18:00:00,MX-101,Line-A,evening,Warning,EnergySpike,low,9,0,0,Charlie,Technician
E107207,2025-03-11 18:06:00,MX-102,Line-A,evening,Warning,EnergySpike,low,4,0,0,Delta,Technician
E107254,2025-03-11 18:17:00,MX-103,Line-B,evening,Warning,VibrationTrend,medium,7,0,0,Alpha,Operator
E107199,2025-03-11 18:28:00,MX-101,Line-A,evening,Alarm,MotorOverload,high,98,88,71,Delta,Technician
E107267,2025-03-11 18:30:00,MX-101,Line-A,evening,Warning,TempTrend,high,18,0,0,Alpha,AutoReset
E107274,2025-03-11 18:33:00,MX-101,Line-A,evening,Quality,VisionReject,high,5,0,11,Charlie,AutoReset
E107264,2025-03-11 18:45:00,MX-102,Line-A,evening,Alarm,HighVibration,critical,5,4,5,Alpha,Operator
E107248,2025-03-11 18:51:00,MX-101,Line-A,evening,Maintenance,FilterChange,high,93,52,50,Alpha,Engineer
E107226,2025-03-11 19:02:00,MX-103,Line-B,evening,Setup,FixtureAdjustment,medium,8,6,3,Delta,Engineer
E107291,2025-03-11 19:17:00,MX-201,Line-C,evening,Alarm,SensorFailure,medium,7,3,4,Alpha,Technician
E107217,2025-03-11 19:18:00,MX-102,Line-A,evening,Safety,DoorInterlock,high,12,11,13,Charlie,Technician
E107212,2025-03-11 19:33:00,MX-101,Line-A,evening,Alarm,PressureDrop,medium,14,9,11,Delta,AutoReset
E107284,2025-03-11 19:54:00,MX-101,Line-A,evening,Setup,RecipeChange,low,31,25,10,Bravo,Technician
E107257,2025-03-11 19:56:00,MX-101,Line-A,evening,Alarm,Overheat,high,88,43,42,Alpha,AutoReset
E107200,2025-03-11 19:57:00,MX-201,Line-C,evening,Setup,FixtureAdjustment,low,61,49,50,Charlie,AutoReset
E107275,2025-03-11 20:01:00,MX-101,Line-A,evening,Alarm,HighVibration,high,43,26,51,Charlie,AutoReset
E107227,2025-03-11 20:01:00,MX-202,Line-C,evening,Quality,MaterialMismatch,high,1,0,5,Charlie,Technician
E107196,2025-03-11 20:20:00,MX-103,Line-B,evening,Setup,ToolChange,medium,11,8,6,Delta,AutoReset
E107298,2025-03-11 20:23:00,MX-103,Line-B,evening,Maintenance,FilterChange,low,63,48,44,Bravo,Supervisor
E107195,2025-03-11 20:46:00,MX-102,Line-A,evening,Safety,DoorInterlock,high,11,9,13,Bravo,Operator
E107234,2025-03-11 20:48:00,MX-201,Line-C,evening,Warning,PressureTrend,low,9,1,0,Delta,Engineer
E107216,2025-03-11 21:01:00,MX-103,Line-B,evening,Warning,PressureTrend,medium,5,0,0,Alpha,Engineer
E107233,2025-03-11 21:09:00,MX-102,Line-A,evening,Setup,ToolChange,low,34,31,15,Delta,Technician
E107201,2025-03-11 21:59:00,MX-201,Line-C,evening,Warning,EnergySpike,low,12,1,0,Charlie,Engineer
E107245,2025-03-11 22:14:00,MX-101,Line-A,night,Alarm,PressureDrop,critical,6,2,2,Bravo,Engineer
E107247,2025-03-11 22:19:00,MX-103,Line-B,night,Maintenance,Lubrication,low,38,16,9,Delta,AutoReset
E107299,2025-03-11 22:24:00,MX-103,Line-B,night,Warning,EnergySpike,medium,22,2,0,Delta,Technician
E107189,2025-03-11 23:12:00,MX-102,Line-A,night,Alarm,HighVibration,medium,34,22,47,Charlie,Operator
E107236,2025-03-11 23:34:00,MX-103,Line-B,night,Maintenance,Calibration,low,86,37,35,Delta,Technician
E107194,2025-03-11 23:38:00,MX-103,Line-B,night,Maintenance,Inspection,low,26,16,3,Charlie,Technician
E107280,2025-03-11 23:42:00,MX-201,Line-C,night,Maintenance,FilterChange,medium,199,120,72,Charlie,Technician
E107302,2025-03-11 23:47:00,MX-101,Line-A,night,Maintenance,Lubrication,medium,47,21,8,Delta,AutoReset
E107310,2025-03-12 00:08:00,MX-102,Line-A,night,Alarm,PressureDrop,high,57,26,20,Alpha,Operator
E107306,2025-03-12 00:35:00,MX-202,Line-C,night,Warning,VibrationTrend,medium,14,0,0,Bravo,Supervisor
E107356,2025-03-12 00:36:00,MX-201,Line-C,night,Quality,DimensionDrift,medium,26,9,95,Charlie,Engineer
E107377,2025-03-12 00:38:00,MX-102,Line-A,night,Warning,EnergySpike,low,1,0,0,Delta,Operator
E107350,2025-03-12 01:22:00,MX-103,Line-B,night,Maintenance,FilterChange,low,64,27,15,Alpha,Operator
E107395,2025-03-12 01:25:00,MX-201,Line-C,night,Warning,VibrationTrend,medium,1,0,0,Alpha,AutoReset
E107351,2025-03-12 01:33:00,MX-202,Line-C,night,Warning,VibrationTrend,low,7,0,0,Charlie,Technician
E107381,2025-03-12 01:57:00,MX-201,Line-C,night,Setup,FixtureAdjustment,low,36,33,23,Charlie,AutoReset
E107428,2025-03-12 02:03:00,MX-202,Line-C,night,Alarm,MotorOverload,medium,33,21,28,Bravo,Technician
E107391,2025-03-12 02:15:00,MX-201,Line-C,night,Quality,VisionReject,medium,5,0,14,Charlie,AutoReset
E107394,2025-03-12 02:36:00,MX-103,Line-B,night,Quality,VisionReject,medium,26,5,135,Bravo,Technician
E107352,2025-03-12 02:41:00,MX-101,Line-A,night,Warning,TempTrend,medium,38,0,0,Bravo,AutoReset
E107369,2025-03-12 02:52:00,MX-101,Line-A,night,Alarm,HighVibration,high,29,26,39,Charlie,Operator
E107379,2025-03-12 03:32:00,MX-103,Line-B,night,Setup,FixtureAdjustment,low,24,19,6,Alpha,Technician
E107406,2025-03-12 03:44:00,MX-103,Line-B,night,Setup,RecipeChange,low,70,55,25,Bravo,Technician
E107405,2025-03-12 04:04:00,MX-201,Line-C,night,Maintenance,FilterChange,low,137,99,40,Charlie,Technician
E107407,2025-03-12 04:15:00,MX-103,Line-B,night,Alarm,HighVibration,high,26,18,37,Charlie,Engineer
E107389,2025-03-12 04:21:00,MX-101,Line-A,night,Safety,DoorInterlock,high,14,9,10,Bravo,Operator
E107331,2025-03-12 04:42:00,MX-101,Line-A,night,Alarm,MotorOverload,high,126,97,142,Charlie,AutoReset
E107313,2025-03-12 05:06:00,MX-102,Line-A,night,Warning,TempTrend,medium,8,1,0,Charlie,Operator
E107364,2025-03-12 05:17:00,MX-101,Line-A,night,Safety,EStop,high,13,6,6,Delta,AutoReset
E107305,2025-03-12 05:21:00,MX-103,Line-B,night,Warning,VibrationTrend,high,15,0,0,Charlie,Technician
E107430,2025-03-12 05:28:00,MX-102,Line-A,night,Setup,FixtureAdjustment,low,33,30,11,Alpha,Supervisor
E107338,2025-03-12 05:29:00,MX-101,Line-A,night,Maintenance,Calibration,low,85,34,32,Charlie,Technician
E107409,2025-03-12 05:32:00,MX-102,Line-A,night,Quality,MaterialMismatch,medium,7,2,19,Bravo,AutoReset
E107384,2025-03-12 05:48:00,MX-201,Line-C,night,Alarm,SensorFailure,high,60,33,24,Charlie,Engineer
E107312,2025-03-12 06:02:00,MX-102,Line-A,morning,Quality,VisionReject,medium,25,1,114,Charlie,AutoReset
E107335,2025-03-12 06:11:00,MX-201,Line-C,morning,Warning,VibrationTrend,low,2,0,0,Delta,Operator
E107375,2025-03-12 06:18:00,MX-102,Line-A,morning,Setup,FixtureAdjustment,low,38,26,18,Charlie,Engineer
E107368,2025-03-12 06:39:00,MX-103,Line-B,morning,Setup,FixtureAdjustment,medium,71,60,19,Charlie,AutoReset
E107362,2025-03-12 06:51:00,MX-102,Line-A,morning,Quality,SurfaceDefect,low,23,3,47,Delta,Engineer
E107370,2025-03-12 07:08:00,MX-202,Line-C,morning,Alarm,MotorOverload,critical,10,5,10,Delta,Operator
E107347,2025-03-12 07:43:00,MX-101,Line-A,morning,Alarm,MotorOverload,high,12,9,17,Delta,Operator
E107342,2025-03-12 07:49:00,MX-103,Line-B,morning,Maintenance,Inspection,low,58,30,15,Bravo,Technician
E107329,2025-03-12 07:51:00,MX-101,Line-A,morning,Maintenance,Lubrication,low,233,79,36,Bravo,Operator
E107412,2025-03-12 07:53:00,MX-103,Line-B,morning,Warning,EnergySpike,low,17,2,0,Alpha,AutoReset
E107334,2025-03-12 08:05:00,MX-202,Line-C,morning,Warning,EnergySpike,low,7,0,0,Alpha,Technician
E107318,2025-03-12 08:29:00,MX-101,Line-A,morning,Maintenance,Calibration,low,52,30,20,Delta,Engineer
E107330,2025-03-12 08:36:00,MX-102,Line-A,morning,Alarm,Overheat,high,39,35,29,Bravo,Operator
E107336,2025-03-12 08:43:00,MX-102,Line-A,morning,Safety,AreaBreach,high,11,9,5,Bravo,Engineer
E107422,2025-03-12 08:47:00,MX-202,Line-C,morning,Warning,PressureTrend,low,6,0,0,Delta,Engineer
E107321,2025-03-12 09:01:00,MX-202,Line-C,morning,Quality,DimensionDrift,medium,9,3,57,Delta,Engineer
E107373,2025-03-12 09:04:00,MX-101,Line-A,morning,Quality,MaterialMismatch,high,19,2,100,Charlie,Engineer
E107341,2025-03-12 09:07:00,MX-202,Line-C,morning,Maintenance,BearingReplacement,low,26,12,6,Bravo,Technician
E107411,2025-03-12 09:14:00,MX-202,Line-C,morning,Maintenance,BearingReplacement,medium,162,114,25,Charlie,Engineer
E107425,2025-03-12 09:26:00,MX-103,Line-B,morning,Maintenance,Calibration,low,120,88,56,Bravo,Technician
E107429,2025-03-12 09:32:00,MX-102,Line-A,morning,Warning,PressureTrend,low,11,0,0,Alpha,Technician
E107413,2025-03-12 09:42:00,MX-101,Line-A,morning,Quality,VisionReject,medium,17,0,98,Delta,Technician
E107316,2025-03-12 09:45:00,MX-201,Line-C,morning,Quality,SurfaceDefect,high,29,1,185,Charlie,Technician
E107358,2025-03-12 09:55:00,MX-202,Line-C,morning,Quality,SurfaceDefect,medium,16,0,53,Bravo,Technician
E107414,2025-03-12 10:04:00,MX-202,Line-C,morning,Safety,EStop,critical,57,54,64,Delta,Operator
E107418,2025-03-12 10:05:00,MX-202,Line-C,morning,Safety,EStop,high,72,51,67,Charlie,Technician
E107383,2025-03-12 10:42:00,MX-202,Line-C,morning,Safety,GuardOpen,critical,38,31,28,Bravo,Operator
E107374,2025-03-12 10:48:00,MX-101,Line-A,morning,Maintenance,BearingReplacement,low,106,71,44,Charlie,Supervisor
E107303,2025-03-12 10:59:00,MX-201,Line-C,morning,Setup,RecipeChange,low,86,75,26,Alpha,Technician
E107380,2025-03-12 10:59:00,MX-201,Line-C,morning,Quality,VisionReject,low,20,5,111,Bravo,Technician
E107426,2025-03-12 11:02:00,MX-102,Line-A,morning,Alarm,HighVibration,high,66,51,82,Bravo,AutoReset
E107431,2025-03-12 11:07:00,MX-103,Line-B,morning,Alarm,SensorFailure,medium,32,20,36,Bravo,Engineer
E107308,2025-03-12 11:36:00,MX-202,Line-C,morning,Maintenance,Inspection,low,105,55,44,Delta,Technician
E107324,2025-03-12 11:46:00,MX-201,Line-C,morning,Quality,SurfaceDefect,medium,8,2,45,Charlie,Operator
E107387,2025-03-12 11:54:00,MX-102,Line-A,morning,Setup,ToolChange,low,18,14,12,Alpha,AutoReset
E107408,2025-03-12 11:55:00,MX-102,Line-A,morning,Quality,MaterialMismatch,high,3,0,6,Alpha,Supervisor
E107432,2025-03-12 12:08:00,MX-202,Line-C,morning,Warning,EnergySpike,low,10,0,0,Alpha,Technician
E107357,2025-03-12 12:10:00,MX-202,Line-C,morning,Alarm,MotorOverload,medium,17,15,24,Alpha,Supervisor
E107309,2025-03-12 12:13:00,MX-102,Line-A,morning,Alarm,HighVibration,medium,27,15,25,Bravo,AutoReset
E107363,2025-03-12 12:31:00,MX-102,Line-A,morning,Maintenance,FilterChange,medium,78,27,8,Bravo,Engineer
E107343,2025-03-12 12:36:00,MX-101,Line-A,morning,Maintenance,Lubrication,medium,9,5,3,Charlie,Technician
E107385,2025-03-12 12:39:00,MX-201,Line-C,morning,Maintenance,Inspection,medium,76,22,12,Alpha,AutoReset
E107404,2025-03-12 12:51:00,MX-101,Line-A,morning,Setup,ToolChange,medium,61,58,17,Bravo,Technician
E107346,2025-03-12 12:52:00,MX-101,Line-A,morning,Warning,EnergySpike,low,5,0,0,Bravo,Engineer
E107348,2025-03-12 13:02:00,MX-103,Line-B,morning,Alarm,Overheat,critical,1,0,0,Bravo,Operator
E107382,2025-03-12 13:09:00,MX-102,Line-A,morning,Alarm,PressureDrop,high,27,19,39,Delta,Operator
E107353,2025-03-12 13:15:00,MX-102,Line-A,morning,Maintenance,Inspection,medium,122,53,52,Bravo,Technician
E107359,2025-03-12 13:22:00,MX-101,Line-A,morning,Quality,MaterialMismatch,medium,11,1,32,Delta,Engineer
E107390,2025-03-12 13:37:00,MX-202,Line-C,morning,Quality,DimensionDrift,low,6,0,21,Alpha,Technician
E107378,2025-03-12 13:44:00,MX-201,Line-C,morning,Alarm,MotorOverload,high,22,18,26,Bravo,Engineer
E107323,2025-03-12 13:46:00,MX-103,Line-B,morning,Alarm,PressureDrop,medium,45,23,31,Delta,Engineer
E107314,2025-03-12 13:57:00,MX-202,Line-C,morning,Alarm,MotorOverload,medium,48,42,64,Delta,Operator
E107333,2025-03-12 13:58:00,MX-102,Line-A,morning,Setup,RecipeChange,low,70,64,46,Alpha,Technician
E107392,2025-03-12 14:08:00,MX-103,Line-B,evening,Safety,AreaBreach,high,13,12,12,Alpha,AutoReset
E107427,2025-03-12 14:49:00,MX-102,Line-A,evening,Maintenance,FilterChange,low,62,21,20,Delta,Technician
E107397,2025-03-12 14:54:00,MX-102,Line-A,evening,Warning,PressureTrend,low,10,1,0,Alpha,Technician
E107400,2025-03-12 15:10:00,MX-103,Line-B,evening,Alarm,HighVibration,medium,22,20,16,Bravo,Supervisor
E107403,2025-03-12 15:14:00,MX-103,Line-B,evening,Alarm,Overheat,low,32,22,30,Bravo,Engineer
E107332,2025-03-12 15:29:00,MX-102,Line-A,evening,Quality,DimensionDrift,medium,12,0,57,Alpha,Technician
E107372,2025-03-12 15:36:00,MX-101,Line-A,evening,Alarm,HighVibration,high,13,9,12,Delta,Technician
E107340,2025-03-12 15:48:00,MX-102,Line-A,evening,Setup,FixtureAdjustment,low,13,12,7,Alpha,Engineer
E107396,2025-03-12 15:50:00,MX-202,Line-C,evening,Warning,TempTrend,low,20,0,0,Charlie,Engineer
E107393,2025-03-12 15:52:00,MX-101,Line-A,evening,Setup,RecipeChange,medium,24,22,22,Charlie,Technician
E107401,2025-03-12 16:02:00,MX-103,Line-B,evening,Maintenance,Inspection,low,146,53,16,Charlie,Supervisor
E107433,2025-03-12 16:18:00,MX-201,Line-C,evening,Warning,VibrationTrend,high,5,0,0,Delta,Technician
E107327,2025-03-12 16:19:00,MX-103,Line-B,evening,Alarm,PressureDrop,critical,35,19,20,Bravo,AutoReset
E107416,2025-03-12 16:22:00,MX-102,Line-A,evening,Maintenance,BearingReplacement,medium,90,34,21,Delta,Engineer
E107415,2025-03-12 16:43:00,MX-101,Line-A,evening,Alarm,MotorOverload,medium,26,16,18,Charlie,Supervisor
E107367,2025-03-12 16:48:00,MX-202,Line-C,evening,Warning,PressureTrend,medium,11,1,0,Delta,Technician
E107322,2025-03-12 16:49:00,MX-202,Line-C,evening,Maintenance,FilterChange,high,79,50,26,Delta,Operator
E107420,2025-03-12 17:11:00,MX-101,Line-A,evening,Alarm,SensorFailure,critical,47,39,74,Delta,Technician
E107339,2025-03-12 17:55:00,MX-201,Line-C,evening,Warning,PressureTrend,low,21,0,0,Bravo,Engineer
E107326,2025-03-12 18:06:00,MX-202,Line-C,evening,Alarm,PressureDrop,low,29,27,20,Alpha,Technician
E107371,2025-03-12 18:12:00,MX-201,Line-C,evening,Alarm,PressureDrop,high,24,16,17,Delta,AutoReset
E107328,2025-03-12 18:33:00,MX-201,Line-C,evening,Alarm,MotorOverload,high,33,31,41,Bravo,Technician
E107386,2025-03-12 18:35:00,MX-202,Line-C,evening,Alarm,MotorOverload,high,108,50,86,Bravo,Technician
E107419,2025-03-12 18:35:00,MX-201,Line-C,evening,Warning,EnergySpike,low,3,0,0,Delta,Technician
E107421,2025-03-12 18:38:00,MX-201,Line-C,evening,Setup,FixtureAdjustment,medium,68,53,51,Alpha,AutoReset
E107424,2025-03-12 18:56:00,MX-202,Line-C,evening,Maintenance,Calibration,low,137,47,28,Charlie,Operator
E107315,2025-03-12 19:05:00,MX-201,Line-C,evening,Warning,TempTrend,medium,28,0,0,Charlie,Engineer
E107360,2025-03-12 19:12:00,MX-101,Line-A,evening,Safety,EStop,critical,26,25,32,Bravo,AutoReset
E107361,2025-03-12 19:31:00,MX-102,Line-A,evening,Setup,RecipeChange,medium,27,19,16,Alpha,AutoReset
E107417,2025-03-12 19:39:00,MX-202,Line-C,evening,Quality,MaterialMismatch,high,22,5,104,Charlie,Operator
E107311,2025-03-12 19:59:00,MX-202,Line-C,evening,Warning,PressureTrend,low,2,0,0,Charlie,AutoReset
E107345,2025-03-12 20:07:00,MX-102,Line-A,evening,Warning,PressureTrend,low,6,0,0,Delta,AutoReset
E107366,2025-03-12 20:09:00,MX-201,Line-C,evening,Maintenance,Lubrication,medium,38,28,12,Delta,Operator
E107402,2025-03-12 20:31:00,MX-201,Line-C,evening,Warning,VibrationTrend,high,3,0,0,Alpha,Operator
E107423,2025-03-12 20:42:00,MX-102,Line-A,evening,Setup,ToolChange,low,47,40,26,Delta,AutoReset
E107355,2025-03-12 20:53:00,MX-202,Line-C,evening,Warning,EnergySpike,medium,10,1,0,Alpha,AutoReset
E107354,2025-03-12 20:57:00,MX-103,Line-B,evening,Maintenance,Calibration,medium,70,30,20,Charlie,Technician
E107337,2025-03-12 21:03:00,MX-103,Line-B,evening,Quality,VisionReject,medium,5,0,25,Bravo,Engineer
E107307,2025-03-12 21:17:00,MX-101,Line-A,evening,Alarm,Overheat,critical,37,17,33,Charlie,Technician
E107317,2025-03-12 21:32:00,MX-202,Line-C,evening,Warning,PressureTrend,low,10,1,0,Alpha,Engineer
E107349,2025-03-12 21:43:00,MX-201,Line-C,evening,Alarm,SensorFailure,medium,29,18,17,Charlie,Supervisor
E107376,2025-03-12 21:48:00,MX-201,Line-C,evening,Warning,PressureTrend,high,11,0,0,Bravo,Technician
E107399,2025-03-12 21:54:00,MX-101,Line-A,evening,Alarm,HighVibration,high,101,68,94,Alpha,Operator
E107344,2025-03-12 22:17:00,MX-102,Line-A,night,Maintenance,Calibration,high,63,49,31,Bravo,Operator
E107388,2025-03-12 22:28:00,MX-103,Line-B,night,Quality,DimensionDrift,high,10,2,26,Charlie,Technician
E107320,2025-03-12 22:45:00,MX-102,Line-A,night,Warning,EnergySpike,medium,1,0,0,Alpha,AutoReset
E107304,2025-03-12 22:59:00,MX-102,Line-A,night,Warning,EnergySpike,low,5,0,0,Alpha,AutoReset
E107319,2025-03-12 23:05:00,MX-101,Line-A,night,Setup,FixtureAdjustment,low,27,25,26,Charlie,AutoReset
E107398,2025-03-12 23:05:00,MX-201,Line-C,night,Quality,VisionReject,high,8,0,22,Bravo,Technician
E107325,2025-03-12 23:15:00,MX-202,Line-C,night,Alarm,Overheat,high,56,46,59,Delta,Operator
E107410,2025-03-12 23:23:00,MX-202,Line-C,night,Warning,VibrationTrend,medium,9,0,0,Delta,AutoReset
E107365,2025-03-12 23:37:00,MX-102,Line-A,night,Warning,TempTrend,medium,8,1,0,Alpha,Supervisor
E107440,2025-03-13 00:17:00,MX-101,Line-A,night,Safety,AreaBreach,high,12,6,3,Delta,Technician
E107540,2025-03-13 00:24:00,MX-102,Line-A,night,Setup,ToolChange,low,25,19,17,Charlie,AutoReset
E107442,2025-03-13 00:43:00,MX-202,Line-C,night,Warning,TempTrend,high,5,0,0,Charlie,Engineer
E107437,2025-03-13 00:52:00,MX-101,Line-A,night,Warning,TempTrend,medium,1,0,0,Bravo,Operator
E107460,2025-03-13 01:21:00,MX-201,Line-C,night,Warning,TempTrend,low,7,0,0,Charlie,Technician
E107541,2025-03-13 01:24:00,MX-101,Line-A,night,Warning,TempTrend,medium,22,0,0,Delta,Technician
E107482,2025-03-13 01:36:00,MX-202,Line-C,night,Warning,TempTrend,low,3,0,0,Charlie,AutoReset
E107554,2025-03-13 02:30:00,MX-103,Line-B,night,Quality,DimensionDrift,medium,12,3,35,Charlie,Technician
E107470,2025-03-13 02:32:00,MX-201,Line-C,night,Maintenance,FilterChange,medium,31,23,7,Alpha,Technician
E107494,2025-03-13 02:41:00,MX-102,Line-A,night,Quality,SurfaceDefect,high,17,3,41,Charlie,Operator
E107446,2025-03-13 02:47:00,MX-101,Line-A,night,Warning,PressureTrend,low,6,0,0,Delta,Engineer
E107462,2025-03-13 02:48:00,MX-202,Line-C,night,Setup,FixtureAdjustment,low,33,32,26,Delta,Supervisor
E107471,2025-03-13 02:54:00,MX-201,Line-C,night,Quality,VisionReject,medium,3,0,14,Charlie,AutoReset
E107516,2025-03-13 02:57:00,MX-201,Line-C,night,Safety,AreaBreach,medium,24,14,14,Delta,Engineer
E107504,2025-03-13 03:40:00,MX-102,Line-A,night,Alarm,PressureDrop,high,23,19,33,Charlie,Operator
E107544,2025-03-13 03:53:00,MX-202,Line-C,night,Setup,ToolChange,low,10,9,3,Delta,Technician
E107488,2025-03-13 04:18:00,MX-201,Line-C,night,Safety,AreaBreach,critical,19,15,19,Charlie,AutoReset
E107461,2025-03-13 04:19:00,MX-101,Line-A,night,Warning,VibrationTrend,high,10,1,0,Delta,Operator
E107455,2025-03-13 04:23:00,MX-102,Line-A,night,Maintenance,Lubrication,medium,70,33,11,Bravo,AutoReset
E107474,2025-03-13 04:43:00,MX-101,Line-A,night,Setup,RecipeChange,low,22,15,8,Bravo,Technician
E107519,2025-03-13 05:05:00,MX-101,Line-A,night,Setup,FixtureAdjustment,medium,8,5,2,Delta,Technician
E107480,2025-03-13 05:10:00,MX-103,Line-B,night,Alarm,MotorOverload,medium,44,39,39,Bravo,Operator
E107459,2025-03-13 05:24:00,MX-101,Line-A,night,Alarm,HighVibration,low,94,91,90,Alpha,AutoReset
E107534,2025-03-13 05:29:00,MX-103,Line-B,night,Alarm,Overheat,high,53,45,47,Bravo,AutoReset
E107489,2025-03-13 05:39:00,MX-201,Line-C,night,Setup,RecipeChange,low,29,25,16,Delta,Operator
E107475,2025-03-13 05:41:00,MX-202,Line-C,night,Warning,TempTrend,low,3,0,0,Charlie,Technician
E107492,2025-03-13 05:55:00,MX-103,Line-B,night,Quality,MaterialMismatch,medium,7,1,43,Charlie,AutoReset
E107506,2025-03-13 06:04:00,MX-201,Line-C,morning,Quality,DimensionDrift,medium,8,2,41,Charlie,Technician
E107485,2025-03-13 06:23:00,MX-101,Line-A,morning,Maintenance,Lubrication,medium,141,74,51,Delta,Technician
E107524,2025-03-13 06:45:00,MX-103,Line-B,morning,Quality,SurfaceDefect,high,4,1,27,Alpha,AutoReset
E107445,2025-03-13 06:46:00,MX-101,Line-A,morning,Maintenance,Calibration,medium,84,28,16,Bravo,Engineer
E107533,2025-03-13 06:50:00,MX-101,Line-A,morning,Warning,PressureTrend,high,9,0,0,Delta,Operator
E107434,2025-03-13 06:58:00,MX-202,Line-C,morning,Setup,RecipeChange,low,41,34,9,Charlie,AutoReset
E107435,2025-03-13 07:34:00,MX-202,Line-C,morning,Maintenance,Inspection,medium,67,18,9,Alpha,Operator
E107467,2025-03-13 08:11:00,MX-202,Line-C,morning,Maintenance,BearingReplacement,low,39,19,3,Charlie,Technician
E107465,2025-03-13 08:20:00,MX-101,Line-A,morning,Maintenance,Inspection,medium,87,61,60,Bravo,Supervisor
E107508,2025-03-13 08:37:00,MX-201,Line-C,morning,Setup,RecipeChange,low,21,15,3,Delta,Technician
E107549,2025-03-13 08:38:00,MX-102,Line-A,morning,Quality,DimensionDrift,medium,11,3,58,Bravo,Engineer
E107452,2025-03-13 08:58:00,MX-201,Line-C,morning,Warning,EnergySpike,low,6,0,0,Charlie,Operator
E107545,2025-03-13 09:08:00,MX-201,Line-C,morning,Setup,RecipeChange,low,23,18,4,Delta,Technician
E107513,2025-03-13 09:12:00,MX-202,Line-C,morning,Alarm,SensorFailure,medium,45,43,37,Delta,Operator
E107495,2025-03-13 09:26:00,MX-201,Line-C,morning,Quality,VisionReject,high,9,0,43,Charlie,Operator
E107528,2025-03-13 09:40:00,MX-101,Line-A,morning,Safety,GuardOpen,medium,19,11,3,Delta,AutoReset
E107483,2025-03-13 09:57:00,MX-102,Line-A,morning,Alarm,MotorOverload,high,73,42,86,Alpha,Supervisor
E107438,2025-03-13 10:03:00,MX-103,Line-B,morning,Alarm,MotorOverload,medium,109,59,102,Alpha,AutoReset
E107473,2025-03-13 10:38:00,MX-103,Line-B,morning,Maintenance,FilterChange,low,138,102,63,Bravo,Operator
E107526,2025-03-13 10:44:00,MX-201,Line-C,morning,Warning,VibrationTrend,medium,3,0,0,Delta,Supervisor
E107468,2025-03-13 10:47:00,MX-101,Line-A,morning,Warning,VibrationTrend,medium,3,0,0,Charlie,Engineer
E107501,2025-03-13 10:50:00,MX-102,Line-A,morning,Alarm,Overheat,high,17,10,14,Alpha,Technician
E107537,2025-03-13 10:50:00,MX-101,Line-A,morning,Alarm,MotorOverload,low,67,31,36,Delta,AutoReset
E107542,2025-03-13 11:09:00,MX-201,Line-C,morning,Warning,EnergySpike,low,8,0,0,Delta,Engineer
E107453,2025-03-13 11:14:00,MX-202,Line-C,morning,Alarm,SensorFailure,medium,99,67,97,Charlie,Operator
E107532,2025-03-13 11:20:00,MX-103,Line-B,morning,Maintenance,BearingReplacement,low,129,52,47,Alpha,Technician
E107458,2025-03-13 11:21:00,MX-101,Line-A,morning,Maintenance,Lubrication,low,139,96,38,Delta,Technician
E107510,2025-03-13 11:31:00,MX-101,Line-A,morning,Alarm,HighVibration,low,55,36,31,Alpha,Supervisor
E107547,2025-03-13 11:56:00,MX-202,Line-C,morning,Warning,PressureTrend,low,9,0,0,Alpha,Technician
E107553,2025-03-13 12:00:00,MX-202,Line-C,morning,Warning,EnergySpike,low,10,0,0,Bravo,Engineer
E107478,2025-03-13 12:01:00,MX-103,Line-B,morning,Warning,PressureTrend,medium,9,0,0,Charlie,Operator
E107523,2025-03-13 12:11:00,MX-103,Line-B,morning,Quality,DimensionDrift,high,9,0,36,Alpha,Engineer
E107493,2025-03-13 12:18:00,MX-202,Line-C,morning,Maintenance,Lubrication,medium,85,56,38,Charlie,Supervisor
E107490,2025-03-13 12:27:00,MX-202,Line-C,morning,Alarm,PressureDrop,high,16,15,10,Delta,AutoReset
E107496,2025-03-13 12:51:00,MX-101,Line-A,morning,Warning,TempTrend,low,12,0,0,Alpha,Technician
E107556,2025-03-13 12:55:00,MX-102,Line-A,morning,Quality,MaterialMismatch,medium,17,1,65,Bravo,Engineer
E107477,2025-03-13 13:03:00,MX-102,Line-A,morning,Warning,PressureTrend,medium,5,0,0,Charlie,Engineer
E107505,2025-03-13 13:16:00,MX-103,Line-B,morning,Alarm,Overheat,high,38,19,18,Charlie,Technician
E107444,2025-03-13 13:36:00,MX-101,Line-A,morning,Maintenance,Inspection,medium,170,61,17,Delta,Technician
E107536,2025-03-13 13:36:00,MX-103,Line-B,morning,Maintenance,Lubrication,medium,97,57,49,Alpha,AutoReset
E107484,2025-03-13 13:38:00,MX-101,Line-A,morning,Maintenance,BearingReplacement,medium,55,41,10,Alpha,AutoReset
E107521,2025-03-13 13:38:00,MX-202,Line-C,morning,Alarm,PressureDrop,high,62,38,74,Charlie,Engineer
E107525,2025-03-13 13:50:00,MX-101,Line-A,morning,Alarm,Overheat,high,30,18,26,Alpha,Operator
E107464,2025-03-13 14:03:00,MX-101,Line-A,evening,Warning,TempTrend,medium,7,0,0,Bravo,Technician
E107499,2025-03-13 14:14:00,MX-101,Line-A,evening,Alarm,PressureDrop,high,40,37,37,Charlie,Engineer
E107500,2025-03-13 14:15:00,MX-102,Line-A,evening,Quality,VisionReject,medium,20,4,123,Bravo,AutoReset
E107548,2025-03-13 14:28:00,MX-201,Line-C,evening,Alarm,SensorFailure,medium,22,20,26,Bravo,Technician
E107503,2025-03-13 14:30:00,MX-202,Line-C,evening,Setup,RecipeChange,medium,73,63,32,Alpha,Supervisor
E107511,2025-03-13 14:32:00,MX-102,Line-A,evening,Quality,DimensionDrift,medium,22,0,137,Charlie,Technician
E107479,2025-03-13 14:34:00,MX-201,Line-C,evening,Warning,PressureTrend,low,6,0,0,Charlie,Operator
E107551,2025-03-13 14:48:00,MX-202,Line-C,evening,Maintenance,Inspection,low,48,31,23,Alpha,Engineer
E107466,2025-03-13 14:52:00,MX-103,Line-B,evening,Setup,FixtureAdjustment,low,75,68,20,Charlie,Operator
E107472,2025-03-13 14:55:00,MX-101,Line-A,evening,Maintenance,FilterChange,medium,134,50,47,Alpha,Operator
E107457,2025-03-13 15:11:00,MX-102,Line-A,evening,Safety,DoorInterlock,critical,11,5,1,Bravo,Technician
E107451,2025-03-13 15:14:00,MX-101,Line-A,evening,Setup,FixtureAdjustment,medium,37,32,31,Alpha,AutoReset
E107538,2025-03-13 15:16:00,MX-101,Line-A,evening,Warning,VibrationTrend,low,2,0,0,Delta,Supervisor
E107447,2025-03-13 15:31:00,MX-103,Line-B,evening,Alarm,PressureDrop,critical,28,21,26,Delta,Operator
E107507,2025-03-13 15:40:00,MX-103,Line-B,evening,Warning,TempTrend,medium,3,0,0,Charlie,Operator
E107512,2025-03-13 15:50:00,MX-101,Line-A,evening,Warning,PressureTrend,high,2,0,0,Charlie,Supervisor
E107539,2025-03-13 15:57:00,MX-102,Line-A,evening,Maintenance,BearingReplacement,low,18,7,2,Charlie,Operator
E107552,2025-03-13 16:13:00,MX-201,Line-C,evening,Maintenance,Inspection,medium,19,12,7,Charlie,Technician
E107454,2025-03-13 17:15:00,MX-101,Line-A,evening,Quality,DimensionDrift,low,43,6,296,Alpha,Engineer
E107509,2025-03-13 17:41:00,MX-101,Line-A,evening,Maintenance,BearingReplacement,medium,113,50,11,Charlie,Supervisor
E107439,2025-03-13 17:44:00,MX-103,Line-B,evening,Maintenance,Calibration,medium,78,43,24,Bravo,Engineer
E107498,2025-03-13 17:49:00,MX-201,Line-C,evening,Maintenance,Calibration,medium,61,15,7,Charlie,AutoReset
E107530,2025-03-13 17:56:00,MX-201,Line-C,evening,Quality,DimensionDrift,medium,9,0,60,Alpha,Technician
E107546,2025-03-13 17:58:00,MX-101,Line-A,evening,Safety,AreaBreach,critical,6,3,1,Alpha,Technician
E107449,2025-03-13 18:14:00,MX-103,Line-B,evening,Warning,TempTrend,medium,3,0,0,Charlie,Engineer
E107463,2025-03-13 18:15:00,MX-201,Line-C,evening,Alarm,PressureDrop,high,39,38,75,Bravo,Operator
E107476,2025-03-13 18:28:00,MX-101,Line-A,evening,Alarm,SensorFailure,high,76,72,101,Charlie,Technician
E107522,2025-03-13 18:29:00,MX-102,Line-A,evening,Alarm,SensorFailure,low,48,38,68,Alpha,Technician
E107486,2025-03-13 18:30:00,MX-202,Line-C,evening,Maintenance,Lubrication,low,10,6,1,Bravo,Operator
E107517,2025-03-13 18:36:00,MX-103,Line-B,evening,Alarm,PressureDrop,high,18,17,33,Alpha,Engineer
E107502,2025-03-13 18:49:00,MX-101,Line-A,evening,Setup,FixtureAdjustment,medium,31,23,23,Bravo,Supervisor
E107497,2025-03-13 19:05:00,MX-202,Line-C,evening,Alarm,MotorOverload,high,72,42,75,Charlie,Operator
E107527,2025-03-13 19:23:00,MX-101,Line-A,evening,Setup,FixtureAdjustment,low,80,61,49,Bravo,Operator
E107529,2025-03-13 19:26:00,MX-202,Line-C,evening,Setup,FixtureAdjustment,low,33,24,23,Charlie,Engineer
E107520,2025-03-13 19:36:00,MX-102,Line-A,evening,Warning,TempTrend,low,5,0,0,Bravo,Operator
E107448,2025-03-13 19:43:00,MX-102,Line-A,evening,Alarm,PressureDrop,critical,36,25,29,Delta,Technician
E107487,2025-03-13 19:47:00,MX-103,Line-B,evening,Warning,PressureTrend,medium,18,1,0,Charlie,AutoReset
E107443,2025-03-13 19:53:00,MX-102,Line-A,evening,Warning,VibrationTrend,low,14,0,0,Bravo,Engineer
E107518,2025-03-13 19:59:00,MX-103,Line-B,evening,Alarm,SensorFailure,high,30,14,22,Bravo,Engineer
E107531,2025-03-13 20:30:00,MX-101,Line-A,evening,Alarm,SensorFailure,high,18,10,11,Charlie,Technician
E107441,2025-03-13 20:40:00,MX-101,Line-A,evening,Warning,VibrationTrend,low,8,0,0,Bravo,AutoReset
E107514,2025-03-13 20:46:00,MX-201,Line-C,evening,Maintenance,Inspection,low,108,42,25,Charlie,AutoReset
E107555,2025-03-13 21:26:00,MX-202,Line-C,evening,Warning,PressureTrend,medium,12,1,0,Charlie,Operator
E107543,2025-03-13 21:50:00,MX-102,Line-A,evening,Maintenance,Calibration,low,78,33,30,Delta,Operator
E107515,2025-03-13 22:21:00,MX-101,Line-A,night,Setup,FixtureAdjustment,medium,41,33,16,Delta,Supervisor
E107550,2025-03-13 22:34:00,MX-101,Line-A,night,Maintenance,Lubrication,medium,117,74,34,Alpha,Operator
E107535,2025-03-13 22:36:00,MX-102,Line-A,night,Setup,ToolChange,low,39,34,13,Delta,Engineer
E107469,2025-03-13 23:10:00,MX-201,Line-C,night,Setup,ToolChange,low,25,24,11,Charlie,Operator
E107436,2025-03-13 23:13:00,MX-201,Line-C,night,Warning,EnergySpike,low,1,0,0,Bravo,Operator
E107491,2025-03-13 23:15:00,MX-101,Line-A,night,Warning,TempTrend,low,11,0,0,Delta,Engineer
E107450,2025-03-13 23:23:00,MX-102,Line-A,night,Maintenance,Lubrication,medium,22,13,3,Charlie,AutoReset
E107481,2025-03-13 23:33:00,MX-202,Line-C,night,Quality,VisionReject,medium,8,0,35,Charlie,Operator
E107456,2025-03-13 23:56:00,MX-202,Line-C,night,Quality,VisionReject,low,3,0,14,Alpha,AutoReset
E107594,2025-03-14 00:15:00,MX-201,Line-C,night,Maintenance,BearingReplacement,high,103,32,28,Charlie,Operator
E107562,2025-03-14 00:16:00,MX-103,Line-B,night,Quality,SurfaceDefect,medium,12,2,74,Bravo,Technician
E107658,2025-03-14 00:17:00,MX-202,Line-C,night,Alarm,PressureDrop,high,42,37,60,Delta,Engineer
E107661,2025-03-14 00:36:00,MX-201,Line-C,night,Maintenance,Calibration,medium,7,4,2,Delta,Technician
E107613,2025-03-14 00:43:00,MX-201,Line-C,night,Safety,GuardOpen,high,19,13,18,Alpha,Engineer
E107597,2025-03-14 00:48:00,MX-102,Line-A,night,Maintenance,BearingReplacement,medium,58,43,27,Bravo,Operator
E107657,2025-03-14 00:58:00,MX-202,Line-C,night,Alarm,Overheat,high,52,49,97,Charlie,Operator
E107584,2025-03-14 01:15:00,MX-102,Line-A,night,Quality,SurfaceDefect,high,1,0,6,Delta,Technician
E107670,2025-03-14 01:15:00,MX-201,Line-C,night,Alarm,SensorFailure,high,20,18,19,Bravo,Operator
E107640,2025-03-14 01:20:00,MX-103,Line-B,night,Warning,EnergySpike,low,6,0,0,Alpha,Technician
E107664,2025-03-14 01:23:00,MX-102,Line-A,night,Warning,EnergySpike,high,1,0,0,Charlie,Operator
E107567,2025-03-14 01:41:00,MX-201,Line-C,night,Maintenance,Lubrication,low,57,45,41,Bravo,Engineer
E107610,2025-03-14 02:09:00,MX-103,Line-B,night,Warning,PressureTrend,low,25,3,0,Charlie,AutoReset
E107654,2025-03-14 02:17:00,MX-101,Line-A,night,Safety,GuardOpen,high,16,10,12,Bravo,Technician
E107600,2025-03-14 02:17:00,MX-202,Line-C,night,Warning,VibrationTrend,low,8,0,0,Alpha,AutoReset
E107592,2025-03-14 02:31:00,MX-201,Line-C,night,Maintenance,FilterChange,low,27,10,7,Delta,AutoReset
E107566,2025-03-14 02:32:00,MX-102,Line-A,night,Alarm,SensorFailure,low,44,31,58,Alpha,Technician
E107578,2025-03-14 02:52:00,MX-102,Line-A,night,Alarm,PressureDrop,medium,40,38,80,Delta,Engineer
E107671,2025-03-14 03:13:00,MX-102,Line-A,night,Quality,SurfaceDefect,medium,3,0,10,Alpha,AutoReset
E107608,2025-03-14 03:13:00,MX-202,Line-C,night,Alarm,Overheat,medium,17,10,19,Charlie,AutoReset
E107646,2025-03-14 03:14:00,MX-102,Line-A,night,Warning,TempTrend,high,40,1,0,Bravo,Technician
E107635,2025-03-14 03:18:00,MX-102,Line-A,night,Alarm,MotorOverload,critical,82,59,81,Charlie,Engineer
E107665,2025-03-14 03:47:00,MX-102,Line-A,night,Maintenance,Calibration,low,110,32,7,Delta,Operator
E107628,2025-03-14 03:51:00,MX-102,Line-A,night,Setup,ToolChange,medium,36,35,7,Delta,Technician
E107582,2025-03-14 03:54:00,MX-101,Line-A,night,Quality,MaterialMismatch,medium,16,4,109,Bravo,Engineer
E107656,2025-03-14 04:02:00,MX-201,Line-C,night,Alarm,PressureDrop,low,13,6,6,Bravo,Engineer
E107588,2025-03-14 04:24:00,MX-202,Line-C,night,Alarm,MotorOverload,critical,65,64,102,Alpha,Engineer
E107623,2025-03-14 04:39:00,MX-202,Line-C,night,Setup,ToolChange,medium,17,15,4,Alpha,Engineer
E107604,2025-03-14 05:01:00,MX-202,Line-C,night,Alarm,PressureDrop,critical,50,23,43,Delta,Technician
E107652,2025-03-14 05:07:00,MX-103,Line-B,night,Alarm,SensorFailure,high,45,22,33,Bravo,Operator
E107569,2025-03-14 05:07:00,MX-101,Line-A,night,Warning,EnergySpike,medium,1,0,0,Delta,Engineer
E107558,2025-03-14 05:13:00,MX-101,Line-A,night,Alarm,HighVibration,high,22,14,14,Alpha,Engineer
E107659,2025-03-14 05:33:00,MX-103,Line-B,night,Maintenance,BearingReplacement,medium,181,86,58,Alpha,Technician
E107631,2025-03-14 05:54:00,MX-202,Line-C,night,Alarm,Overheat,critical,60,30,44,Alpha,Operator
E107607,2025-03-14 05:59:00,MX-101,Line-A,night,Setup,ToolChange,medium,23,22,17,Alpha,Engineer
E107624,2025-03-14 06:01:00,MX-101,Line-A,morning,Setup,RecipeChange,low,76,71,31,Bravo,Engineer
E107601,2025-03-14 06:05:00,MX-103,Line-B,morning,Quality,SurfaceDefect,medium,1,0,2,Alpha,AutoReset
E107649,2025-03-14 06:26:00,MX-201,Line-C,morning,Maintenance,Calibration,medium,62,33,23,Delta,AutoReset
E107653,2025-03-14 06:34:00,MX-103,Line-B,morning,Maintenance,Inspection,low,31,13,2,Bravo,Operator
E107596,2025-03-14 06:50:00,MX-103,Line-B,morning,Alarm,HighVibration,medium,42,32,67,Alpha,Operator
E107639,2025-03-14 07:10:00,MX-101,Line-A,morning,Quality,SurfaceDefect,medium,22,4,93,Bravo,AutoReset
E107590,2025-03-14 07:26:00,MX-202,Line-C,morning,Safety,AreaBreach,medium,34,23,22,Delta,Technician
E107641,2025-03-14 07:33:00,MX-103,Line-B,morning,Warning,VibrationTrend,medium,1,0,0,Bravo,Engineer
E107666,2025-03-14 07:56:00,MX-103,Line-B,morning,Warning,PressureTrend,low,12,0,0,Alpha,Technician
E107579,2025-03-14 09:35:00,MX-202,Line-C,morning,Warning,VibrationTrend,medium,14,0,0,Charlie,AutoReset
E107643,2025-03-14 10:15:00,MX-102,Line-A,morning,Setup,FixtureAdjustment,low,14,11,6,Charlie,Supervisor
E107557,2025-03-14 10:18:00,MX-102,Line-A,morning,Warning,TempTrend,low,9,1,0,Bravo,Engineer
E107617,2025-03-14 10:18:00,MX-102,Line-A,morning,Maintenance,Lubrication,low,138,74,50,Bravo,Engineer
E107634,2025-03-14 10:25:00,MX-103,Line-B,morning,Setup,FixtureAdjustment,low,33,28,9,Alpha,Engineer
E107644,2025-03-14 10:33:00,MX-101,Line-A,morning,Alarm,SensorFailure,high,49,44,76,Bravo,Operator
E107559,2025-03-14 10:42:00,MX-103,Line-B,morning,Warning,EnergySpike,medium,2,0,0,Alpha,Engineer
E107622,2025-03-14 10:44:00,MX-201,Line-C,morning,Alarm,SensorFailure,high,111,61,47,Bravo,Operator
E107618,2025-03-14 10:54:00,MX-103,Line-B,morning,Alarm,MotorOverload,high,9,5,3,Alpha,Engineer
E107637,2025-03-14 11:41:00,MX-201,Line-C,morning,Warning,EnergySpike,medium,10,1,0,Alpha,Technician
E107583,2025-03-14 11:47:00,MX-101,Line-A,morning,Quality,SurfaceDefect,medium,2,0,13,Alpha,AutoReset
E107647,2025-03-14 12:17:00,MX-102,Line-A,morning,Alarm,HighVibration,medium,29,17,16,Alpha,Operator
E107660,2025-03-14 12:23:00,MX-101,Line-A,morning,Maintenance,Lubrication,low,184,62,15,Charlie,Supervisor
E107625,2025-03-14 12:43:00,MX-103,Line-B,morning,Warning,EnergySpike,medium,5,0,0,Alpha,Supervisor
E107602,2025-03-14 12:46:00,MX-101,Line-A,morning,Maintenance,Calibration,low,77,56,54,Alpha,Supervisor
E107574,2025-03-14 12:56:00,MX-202,Line-C,morning,Quality,MaterialMismatch,medium,28,1,153,Delta,Operator
E107636,2025-03-14 13:14:00,MX-102,Line-A,morning,Warning,TempTrend,low,2,0,0,Delta,Operator
E107560,2025-03-14 13:19:00,MX-201,Line-C,morning,Alarm,SensorFailure,high,31,26,21,Charlie,Supervisor
E107615,2025-03-14 13:32:00,MX-201,Line-C,morning,Quality,MaterialMismatch,medium,10,0,64,Bravo,Supervisor
E107603,2025-03-14 13:41:00,MX-102,Line-A,morning,Setup,RecipeChange,low,8,7,2,Delta,Engineer
E107563,2025-03-14 13:54:00,MX-202,Line-C,morning,Quality,SurfaceDefect,medium,7,1,42,Alpha,AutoReset
E107629,2025-03-14 13:57:00,MX-101,Line-A,morning,Alarm,SensorFailure,critical,129,128,110,Bravo,AutoReset
E107655,2025-03-14 14:03:00,MX-201,Line-C,evening,Maintenance,Calibration,low,85,30,17,Alpha,Operator
E107627,2025-03-14 14:24:00,MX-202,Line-C,evening,Alarm,HighVibration,critical,28,13,17,Charlie,Operator
E107633,2025-03-14 14:30:00,MX-101,Line-A,evening,Setup,FixtureAdjustment,medium,32,29,24,Alpha,Technician
E107572,2025-03-14 14:31:00,MX-102,Line-A,evening,Maintenance,FilterChange,low,80,56,42,Alpha,Technician
E107581,2025-03-14 14:31:00,MX-103,Line-B,evening,Setup,FixtureAdjustment,low,52,45,27,Charlie,Technician
E107673,2025-03-14 14:36:00,MX-101,Line-A,evening,Alarm,PressureDrop,high,14,11,15,Charlie,Technician
E107638,2025-03-14 14:36:00,MX-101,Line-A,evening,Alarm,Overheat,critical,36,22,24,Bravo,AutoReset
E107568,2025-03-14 15:02:00,MX-202,Line-C,evening,Alarm,HighVibration,high,93,77,147,Alpha,Operator
E107611,2025-03-14 15:19:00,MX-201,Line-C,evening,Quality,DimensionDrift,medium,17,0,75,Alpha,Engineer
E107651,2025-03-14 15:36:00,MX-103,Line-B,evening,Maintenance,FilterChange,medium,88,38,8,Charlie,Supervisor
E107642,2025-03-14 15:45:00,MX-103,Line-B,evening,Setup,RecipeChange,low,8,5,3,Bravo,Supervisor
E107585,2025-03-14 15:53:00,MX-201,Line-C,evening,Alarm,HighVibration,high,19,12,16,Delta,Technician
E107612,2025-03-14 15:54:00,MX-202,Line-C,evening,Setup,ToolChange,low,35,32,34,Bravo,Technician
E107619,2025-03-14 16:05:00,MX-201,Line-C,evening,Alarm,Overheat,medium,89,87,83,Charlie,Supervisor
E107609,2025-03-14 16:08:00,MX-102,Line-A,evening,Warning,EnergySpike,high,3,0,0,Alpha,Technician
E107599,2025-03-14 16:08:00,MX-101,Line-A,evening,Maintenance,FilterChange,medium,88,64,17,Delta,AutoReset
E107668,2025-03-14 16:13:00,MX-201,Line-C,evening,Warning,VibrationTrend,high,6,0,0,Charlie,Operator
E107565,2025-03-14 16:15:00,MX-101,Line-A,evening,Setup,FixtureAdjustment,low,11,8,8,Delta,AutoReset
E107605,2025-03-14 16:16:00,MX-201,Line-C,evening,Maintenance,Lubrication,low,38,16,6,Charlie,AutoReset
E107663,2025-03-14 16:19:00,MX-101,Line-A,evening,Safety,AreaBreach,high,14,8,11,Bravo,Technician
E107648,2025-03-14 16:46:00,MX-102,Line-A,evening,Quality,MaterialMismatch,medium,20,5,58,Delta,Technician
E107589,2025-03-14 17:05:00,MX-101,Line-A,evening,Warning,EnergySpike,medium,23,1,0,Charlie,AutoReset
E107571,2025-03-14 17:08:00,MX-102,Line-A,evening,Alarm,PressureDrop,high,61,42,31,Charlie,Supervisor
E107593,2025-03-14 17:31:00,MX-103,Line-B,evening,Safety,EStop,medium,46,23,29,Charlie,Engineer
E107575,2025-03-14 17:46:00,MX-201,Line-C,evening,Maintenance,BearingReplacement,low,54,41,17,Bravo,Operator
E107662,2025-03-14 17:48:00,MX-102,Line-A,evening,Alarm,HighVibration,medium,68,60,109,Alpha,Engineer
E107564,2025-03-14 17:52:00,MX-102,Line-A,evening,Warning,PressureTrend,low,2,0,0,Alpha,Technician
E107675,2025-03-14 18:01:00,MX-101,Line-A,evening,Alarm,Overheat,high,55,37,74,Bravo,Engineer
E107650,2025-03-14 18:13:00,MX-202,Line-C,evening,Quality,VisionReject,medium,4,1,23,Bravo,Operator
E107674,2025-03-14 18:20:00,MX-202,Line-C,evening,Maintenance,Inspection,low,14,5,3,Bravo,AutoReset
E107630,2025-03-14 18:24:00,MX-201,Line-C,evening,Alarm,PressureDrop,critical,57,48,92,Alpha,Operator
E107577,2025-03-14 18:34:00,MX-101,Line-A,evening,Alarm,PressureDrop,medium,38,18,16,Alpha,AutoReset
E107606,2025-03-14 18:36:00,MX-102,Line-A,evening,Maintenance,Lubrication,medium,142,46,41,Alpha,Engineer
E107580,2025-03-14 19:14:00,MX-101,Line-A,evening,Quality,DimensionDrift,high,13,1,88,Delta,Supervisor
E107616,2025-03-14 19:26:00,MX-102,Line-A,evening,Maintenance,Lubrication,high,163,124,116,Alpha,Supervisor
E107586,2025-03-14 20:05:00,MX-101,Line-A,evening,Warning,VibrationTrend,high,2,0,0,Alpha,Technician
E107621,2025-03-14 20:41:00,MX-101,Line-A,evening,Quality,MaterialMismatch,low,16,0,89,Delta,Engineer
E107672,2025-03-14 20:51:00,MX-103,Line-B,evening,Quality,MaterialMismatch,medium,21,2,74,Charlie,Supervisor
E107598,2025-03-14 21:01:00,MX-101,Line-A,evening,Maintenance,Calibration,medium,58,34,8,Charlie,Supervisor
E107632,2025-03-14 21:07:00,MX-202,Line-C,evening,Alarm,SensorFailure,critical,10,6,9,Bravo,Technician
E107587,2025-03-14 21:18:00,MX-102,Line-A,evening,Maintenance,FilterChange,low,57,20,13,Alpha,Technician
E107620,2025-03-14 21:37:00,MX-102,Line-A,evening,Warning,PressureTrend,low,9,0,0,Charlie,Supervisor
E107645,2025-03-14 21:40:00,MX-201,Line-C,evening,Setup,ToolChange,low,25,20,18,Alpha,Operator
E107591,2025-03-14 22:07:00,MX-101,Line-A,night,Quality,MaterialMismatch,medium,8,1,46,Alpha,Engineer
E107573,2025-03-14 22:13:00,MX-201,Line-C,night,Warning,TempTrend,medium,15,0,0,Charlie,Technician
E107570,2025-03-14 22:17:00,MX-102,Line-A,night,Setup,ToolChange,low,57,56,11,Bravo,AutoReset
E107595,2025-03-14 22:20:00,MX-201,Line-C,night,Setup,RecipeChange,medium,16,14,5,Bravo,Operator
E107669,2025-03-14 22:23:00,MX-202,Line-C,night,Safety,DoorInterlock,high,48,38,10,Alpha,Supervisor
E107667,2025-03-14 22:34:00,MX-202,Line-C,night,Setup,RecipeChange,low,27,25,25,Charlie,Technician
E107614,2025-03-14 22:42:00,MX-201,Line-C,night,Warning,PressureTrend,low,32,1,0,Charlie,Engineer
E107626,2025-03-14 23:04:00,MX-201,Line-C,night,Warning,TempTrend,medium,5,0,0,Bravo,Operator
E107561,2025-03-14 23:04:00,MX-102,Line-A,night,Maintenance,BearingReplacement,low,39,24,18,Bravo,Engineer
E107576,2025-03-14 23:37:00,MX-201,Line-C,night,Quality,MaterialMismatch,high,42,3,105,Alpha,Operator
E107688,2025-03-15 00:03:00,MX-102,Line-A,night,Alarm,Overheat,high,22,10,13,Bravo,Technician
E107718,2025-03-15 00:47:00,MX-103,Line-B,night,Alarm,Overheat,high,68,45,38,Alpha,Technician
E107748,2025-03-15 00:47:00,MX-201,Line-C,night,Warning,EnergySpike,high,7,0,0,Alpha,Operator
E107749,2025-03-15 01:12:00,MX-202,Line-C,night,Maintenance,Lubrication,medium,42,20,15,Alpha,AutoReset
E107732,2025-03-15 01:39:00,MX-201,Line-C,night,Warning,PressureTrend,low,18,0,0,Bravo,Engineer
E107760,2025-03-15 01:47:00,MX-103,Line-B,night,Alarm,MotorOverload,critical,21,18,37,Delta,Operator
E107717,2025-03-15 01:55:00,MX-102,Line-A,night,Maintenance,Lubrication,medium,44,25,19,Charlie,Technician
E107720,2025-03-15 02:08:00,MX-103,Line-B,night,Quality,DimensionDrift,medium,14,3,48,Bravo,AutoReset
E107682,2025-03-15 02:17:00,MX-201,Line-C,night,Warning,EnergySpike,low,11,1,0,Charlie,Supervisor
E107737,2025-03-15 02:25:00,MX-202,Line-C,night,Maintenance,FilterChange,low,55,35,15,Delta,Engineer
E107712,2025-03-15 03:10:00,MX-202,Line-C,night,Alarm,MotorOverload,low,58,33,54,Alpha,Engineer
E107676,2025-03-15 03:15:00,MX-103,Line-B,night,Alarm,SensorFailure,high,86,42,33,Alpha,AutoReset
E107705,2025-03-15 03:31:00,MX-201,Line-C,night,Alarm,HighVibration,low,41,40,48,Alpha,Operator
E107750,2025-03-15 03:31:00,MX-202,Line-C,night,Warning,TempTrend,medium,19,2,0,Delta,AutoReset
E107715,2025-03-15 03:53:00,MX-201,Line-C,night,Alarm,MotorOverload,low,51,31,32,Alpha,AutoReset
E107687,2025-03-15 04:04:00,MX-101,Line-A,night,Warning,EnergySpike,medium,9,0,0,Delta,Engineer
E107725,2025-03-15 04:04:00,MX-101,Line-A,night,Alarm,MotorOverload,high,57,28,41,Charlie,Supervisor
E107755,2025-03-15 04:38:00,MX-103,Line-B,night,Alarm,PressureDrop,high,62,36,66,Bravo,Technician
E107727,2025-03-15 04:39:00,MX-201,Line-C,night,Setup,FixtureAdjustment,low,33,32,21,Bravo,Operator
E107707,2025-03-15 05:11:00,MX-201,Line-C,night,Maintenance,BearingReplacement,medium,42,27,18,Charlie,Engineer
E107738,2025-03-15 05:26:00,MX-102,Line-A,night,Safety,EStop,high,11,8,3,Bravo,Engineer
E107735,2025-03-15 05:33:00,MX-101,Line-A,night,Maintenance,Calibration,medium,133,46,33,Charlie,Technician
E107678,2025-03-15 06:42:00,MX-103,Line-B,morning,Warning,VibrationTrend,medium,4,0,0,Bravo,AutoReset
E107761,2025-03-15 06:46:00,MX-201,Line-C,morning,Warning,VibrationTrend,low,11,1,0,Delta,Supervisor
E107714,2025-03-15 07:06:00,MX-202,Line-C,morning,Maintenance,Inspection,medium,45,30,10,Delta,Supervisor
E107736,2025-03-15 07:26:00,MX-201,Line-C,morning,Warning,VibrationTrend,low,1,0,0,Delta,Technician
E107722,2025-03-15 07:57:00,MX-103,Line-B,morning,Maintenance,BearingReplacement,medium,144,56,44,Alpha,Engineer
E107696,2025-03-15 08:04:00,MX-103,Line-B,morning,Warning,TempTrend,high,4,0,0,Charlie,AutoReset
E107694,2025-03-15 08:40:00,MX-101,Line-A,morning,Safety,AreaBreach,medium,20,15,20,Delta,Operator
E107744,2025-03-15 08:42:00,MX-101,Line-A,morning,Alarm,HighVibration,high,7,3,5,Alpha,Technician
E107743,2025-03-15 09:29:00,MX-101,Line-A,morning,Warning,EnergySpike,low,7,0,0,Bravo,Engineer
E107753,2025-03-15 10:02:00,MX-102,Line-A,morning,Alarm,Overheat,low,16,14,11,Charlie,AutoReset
E107710,2025-03-15 10:10:00,MX-102,Line-A,morning,Alarm,PressureDrop,critical,20,19,18,Delta,Technician
E107719,2025-03-15 10:13:00,MX-101,Line-A,morning,Alarm,MotorOverload,critical,8,5,9,Delta,Technician
E107684,2025-03-15 10:45:00,MX-201,Line-C,morning,Quality,SurfaceDefect,high,27,5,186,Delta,Operator
E107741,2025-03-15 10:48:00,MX-101,Line-A,morning,Warning,TempTrend,low,20,1,0,Bravo,Technician
E107679,2025-03-15 11:08:00,MX-102,Line-A,morning,Alarm,MotorOverload,medium,37,35,42,Bravo,Operator
E107704,2025-03-15 11:18:00,MX-101,Line-A,morning,Setup,FixtureAdjustment,low,17,14,12,Delta,AutoReset
E107762,2025-03-15 11:34:00,MX-102,Line-A,morning,Quality,SurfaceDefect,high,8,2,17,Bravo,Technician
E107745,2025-03-15 11:50:00,MX-101,Line-A,morning,Setup,RecipeChange,low,34,26,9,Alpha,Supervisor
E107759,2025-03-15 11:54:00,MX-101,Line-A,morning,Alarm,SensorFailure,critical,72,48,104,Charlie,Engineer
E107724,2025-03-15 12:18:00,MX-103,Line-B,morning,Safety,DoorInterlock,high,33,29,35,Bravo,Engineer
E107681,2025-03-15 12:30:00,MX-103,Line-B,morning,Alarm,SensorFailure,high,17,14,24,Charlie,Engineer
E107729,2025-03-15 12:31:00,MX-202,Line-C,morning,Alarm,PressureDrop,medium,31,14,19,Alpha,Technician
E107726,2025-03-15 12:33:00,MX-201,Line-C,morning,Alarm,SensorFailure,high,40,33,69,Charlie,AutoReset
E107716,2025-03-15 12:38:00,MX-101,Line-A,morning,Warning,PressureTrend,low,5,0,0,Alpha,Engineer
E107689,2025-03-15 13:06:00,MX-101,Line-A,morning,Warning,VibrationTrend,medium,4,0,0,Alpha,Technician
E107702,2025-03-15 13:10:00,MX-102,Line-A,morning,Alarm,HighVibration,medium,69,42,57,Delta,Technician
E107695,2025-03-15 13:16:00,MX-101,Line-A,morning,Quality,SurfaceDefect,high,21,2,100,Charlie,Technician
E107746,2025-03-15 13:30:00,MX-202,Line-C,morning,Warning,PressureTrend,low,5,0,0,Alpha,Engineer
E107701,2025-03-15 13:36:00,MX-101,Line-A,morning,Warning,VibrationTrend,low,12,0,0,Delta,Operator
E107734,2025-03-15 13:39:00,MX-202,Line-C,morning,Alarm,MotorOverload,high,54,45,86,Bravo,Supervisor
E107703,2025-03-15 14:00:00,MX-103,Line-B,evening,Warning,VibrationTrend,medium,3,0,0,Alpha,AutoReset
E107698,2025-03-15 14:27:00,MX-103,Line-B,evening,Alarm,MotorOverload,high,42,29,42,Charlie,AutoReset
E107709,2025-03-15 15:01:00,MX-101,Line-A,evening,Warning,EnergySpike,low,20,1,0,Charlie,Engineer
E107677,2025-03-15 15:02:00,MX-201,Line-C,evening,Warning,VibrationTrend,low,2,0,0,Bravo,Technician
E107758,2025-03-15 15:44:00,MX-102,Line-A,evening,Setup,ToolChange,medium,43,38,22,Alpha,AutoReset
E107708,2025-03-15 15:54:00,MX-201,Line-C,evening,Alarm,HighVibration,high,29,19,36,Bravo,AutoReset
E107747,2025-03-15 16:03:00,MX-103,Line-B,evening,Maintenance,Calibration,high,46,32,22,Delta,Supervisor
E107693,2025-03-15 16:17:00,MX-201,Line-C,evening,Maintenance,Inspection,low,71,17,4,Alpha,Technician
E107713,2025-03-15 16:19:00,MX-202,Line-C,evening,Warning,PressureTrend,low,30,1,0,Charlie,AutoReset
E107757,2025-03-15 16:20:00,MX-102,Line-A,evening,Setup,ToolChange,low,32,23,20,Charlie,Technician
E107721,2025-03-15 16:49:00,MX-201,Line-C,evening,Quality,DimensionDrift,medium,14,1,39,Bravo,Technician
E107742,2025-03-15 16:58:00,MX-202,Line-C,evening,Alarm,SensorFailure,high,55,52,54,Delta,Technician
E107706,2025-03-15 17:00:00,MX-201,Line-C,evening,Alarm,MotorOverload,high,89,83,71,Charlie,Engineer
E107685,2025-03-15 17:37:00,MX-103,Line-B,evening,Quality,DimensionDrift,medium,3,0,16,Charlie,AutoReset
E107686,2025-03-15 17:38:00,MX-102,Line-A,evening,Alarm,Overheat,medium,31,26,51,Delta,Technician
E107733,2025-03-15 17:41:00,MX-101,Line-A,evening,Maintenance,Calibration,low,88,36,32,Alpha,Operator
E107683,2025-03-15 17:46:00,MX-101,Line-A,evening,Setup,ToolChange,low,29,23,14,Bravo,AutoReset
E107723,2025-03-15 17:50:00,MX-101,Line-A,evening,Setup,ToolChange,medium,47,44,37,Delta,Technician
E107752,2025-03-15 17:50:00,MX-101,Line-A,evening,Maintenance,BearingReplacement,high,89,39,30,Bravo,Technician
E107739,2025-03-15 18:19:00,MX-102,Line-A,evening,Maintenance,Inspection,medium,38,26,14,Delta,AutoReset
E107754,2025-03-15 18:46:00,MX-201,Line-C,evening,Quality,DimensionDrift,medium,7,0,23,Alpha,Technician
E107700,2025-03-15 19:42:00,MX-202,Line-C,evening,Alarm,HighVibration,high,31,22,28,Delta,AutoReset
E107691,2025-03-15 19:43:00,MX-201,Line-C,evening,Maintenance,BearingReplacement,low,73,44,33,Bravo,Technician
E107740,2025-03-15 19:50:00,MX-201,Line-C,evening,Setup,RecipeChange,low,66,50,26,Alpha,Operator
E107730,2025-03-15 20:16:00,MX-201,Line-C,evening,Warning,VibrationTrend,medium,1,0,0,Bravo,Technician
E107697,2025-03-15 20:31:00,MX-201,Line-C,evening,Setup,ToolChange,low,54,47,45,Charlie,AutoReset
E107690,2025-03-15 20:31:00,MX-103,Line-B,evening,Alarm,Overheat,critical,74,42,42,Alpha,AutoReset
E107699,2025-03-15 21:07:00,MX-202,Line-C,evening,Quality,SurfaceDefect,high,8,2,21,Charlie,AutoReset
E107680,2025-03-15 21:51:00,MX-102,Line-A,evening,Alarm,MotorOverload,critical,37,24,23,Delta,Operator
E107711,2025-03-15 21:54:00,MX-103,Line-B,evening,Alarm,SensorFailure,low,22,13,18,Delta,Technician
E107728,2025-03-15 21:59:00,MX-201,Line-C,evening,Maintenance,Lubrication,low,90,29,12,Charlie,Operator
E107751,2025-03-15 22:17:00,MX-201,Line-C,night,Setup,ToolChange,low,81,70,32,Delta,Operator
E107692,2025-03-15 22:23:00,MX-201,Line-C,night,Quality,SurfaceDefect,high,41,10,213,Bravo,Operator
E107756,2025-03-15 23:02:00,MX-101,Line-A,night,Warning,EnergySpike,medium,2,0,0,Charlie,Supervisor
E107731,2025-03-15 23:35:00,MX-102,Line-A,night,Setup,ToolChange,medium,11,9,8,Bravo,Operator
E107773,2025-03-16 00:09:00,MX-103,Line-B,night,Maintenance,BearingReplacement,high,85,34,22,Bravo,AutoReset
E107771,2025-03-16 00:24:00,MX-103,Line-B,night,Alarm,HighVibration,medium,21,13,26,Charlie,Operator
E107824,2025-03-16 00:55:00,MX-102,Line-A,night,Maintenance,Calibration,low,78,23,6,Delta,Technician
E107789,2025-03-16 01:04:00,MX-202,Line-C,night,Alarm,PressureDrop,medium,26,18,22,Bravo,Technician
E107798,2025-03-16 01:07:00,MX-103,Line-B,night,Safety,GuardOpen,high,13,10,5,Bravo,Technician
E107820,2025-03-16 01:15:00,MX-101,Line-A,night,Alarm,Overheat,high,62,31,29,Charlie,Technician
E107809,2025-03-16 01:25:00,MX-103,Line-B,night,Warning,PressureTrend,low,9,0,0,Alpha,Technician
E107767,2025-03-16 01:49:00,MX-103,Line-B,night,Maintenance,Lubrication,low,112,32,18,Bravo,AutoReset
E107793,2025-03-16 02:30:00,MX-103,Line-B,night,Alarm,PressureDrop,critical,26,21,16,Delta,Technician
E107825,2025-03-16 04:33:00,MX-202,Line-C,night,Maintenance,FilterChange,medium,162,73,53,Charlie,Supervisor
E107766,2025-03-16 04:37:00,MX-101,Line-A,night,Quality,SurfaceDefect,high,22,0,132,Delta,Engineer
E107763,2025-03-16 04:46:00,MX-102,Line-A,night,Safety,DoorInterlock,medium,11,8,4,Delta,AutoReset
E107794,2025-03-16 05:00:00,MX-201,Line-C,night,Alarm,MotorOverload,high,22,12,12,Delta,Technician
E107814,2025-03-16 05:02:00,MX-103,Line-B,night,Maintenance,BearingReplacement,medium,13,6,2,Charlie,Operator
E107780,2025-03-16 05:13:00,MX-102,Line-A,night,Maintenance,Lubrication,high,47,17,8,Delta,Engineer
E107774,2025-03-16 05:18:00,MX-101,Line-A,night,Maintenance,BearingReplacement,high,114,65,42,Charlie,Operator
E107779,2025-03-16 05:24:00,MX-101,Line-A,night,Quality,DimensionDrift,medium,19,2,65,Charlie,Technician
E107790,2025-03-16 05:32:00,MX-201,Line-C,night,Quality,DimensionDrift,medium,18,1,49,Delta,Engineer
E107796,2025-03-16 05:35:00,MX-201,Line-C,night,Alarm,HighVibration,critical,38,34,29,Charlie,Operator
E107810,2025-03-16 05:58:00,MX-102,Line-A,night,Maintenance,Lubrication,low,28,12,4,Bravo,Engineer
E107821,2025-03-16 06:01:00,MX-103,Line-B,morning,Maintenance,FilterChange,medium,127,41,17,Alpha,Technician
E107799,2025-03-16 06:11:00,MX-202,Line-C,morning,Setup,FixtureAdjustment,low,67,65,46,Alpha,Technician
E107823,2025-03-16 06:17:00,MX-101,Line-A,morning,Quality,DimensionDrift,low,25,1,63,Alpha,Operator
E107786,2025-03-16 06:28:00,MX-201,Line-C,morning,Setup,ToolChange,low,30,27,13,Bravo,Engineer
E107775,2025-03-16 06:38:00,MX-201,Line-C,morning,Quality,SurfaceDefect,medium,2,0,4,Charlie,AutoReset
E107776,2025-03-16 07:07:00,MX-201,Line-C,morning,Warning,EnergySpike,medium,5,0,0,Charlie,Operator
E107795,2025-03-16 07:21:00,MX-102,Line-A,morning,Maintenance,Inspection,low,74,40,10,Delta,AutoReset
E107788,2025-03-16 07:23:00,MX-101,Line-A,morning,Alarm,SensorFailure,low,66,40,37,Delta,Technician
E107772,2025-03-16 08:34:00,MX-202,Line-C,morning,Quality,MaterialMismatch,low,23,2,78,Bravo,Engineer
E107808,2025-03-16 10:58:00,MX-102,Line-A,morning,Warning,PressureTrend,medium,16,0,0,Charlie,AutoReset
E107785,2025-03-16 11:12:00,MX-102,Line-A,morning,Alarm,PressureDrop,high,66,62,110,Bravo,Technician
E107811,2025-03-16 11:16:00,MX-201,Line-C,morning,Maintenance,Inspection,low,127,74,58,Charlie,Operator
E107787,2025-03-16 11:27:00,MX-201,Line-C,morning,Maintenance,Lubrication,medium,117,61,19,Bravo,Operator
E107815,2025-03-16 11:31:00,MX-101,Line-A,morning,Quality,VisionReject,low,1,0,4,Bravo,Supervisor
E107778,2025-03-16 11:38:00,MX-101,Line-A,morning,Quality,VisionReject,medium,13,3,59,Bravo,Technician
E107822,2025-03-16 12:00:00,MX-103,Line-B,morning,Warning,EnergySpike,low,7,0,0,Alpha,AutoReset
E107792,2025-03-16 12:07:00,MX-202,Line-C,morning,Maintenance,Calibration,high,66,19,6,Delta,Technician
E107777,2025-03-16 12:20:00,MX-101,Line-A,morning,Setup,FixtureAdjustment,medium,19,17,14,Bravo,AutoReset
E107781,2025-03-16 12:39:00,MX-202,Line-C,morning,Quality,VisionReject,medium,8,1,33,Alpha,Technician
E107826,2025-03-16 12:42:00,MX-101,Line-A,morning,Alarm,MotorOverload,high,65,35,52,Charlie,AutoReset
E107801,2025-03-16 13:11:00,MX-101,Line-A,morning,Warning,VibrationTrend,medium,4,0,0,Alpha,Supervisor
E107797,2025-03-16 13:38:00,MX-202,Line-C,morning,Safety,AreaBreach,medium,27,24,32,Alpha,AutoReset
E107770,2025-03-16 14:59:00,MX-202,Line-C,evening,Maintenance,Inspection,low,11,3,1,Alpha,Technician
E107804,2025-03-16 15:24:00,MX-101,Line-A,evening,Alarm,SensorFailure,low,86,60,70,Charlie,Technician
E107769,2025-03-16 16:03:00,MX-103,Line-B,evening,Safety,GuardOpen,high,10,8,11,Alpha,Operator
E107819,2025-03-16 16:11:00,MX-202,Line-C,evening,Alarm,MotorOverload,high,30,27,27,Delta,Engineer
E107806,2025-03-16 16:17:00,MX-201,Line-C,evening,Safety,AreaBreach,medium,39,23,10,Delta,Operator
E107818,2025-03-16 17:14:00,MX-202,Line-C,evening,Maintenance,FilterChange,medium,63,49,43,Charlie,AutoReset
E107783,2025-03-16 17:18:00,MX-101,Line-A,evening,Maintenance,Lubrication,medium,100,66,64,Charlie,AutoReset
E107807,2025-03-16 17:20:00,MX-103,Line-B,evening,Setup,ToolChange,low,49,40,43,Bravo,Engineer
E107765,2025-03-16 17:36:00,MX-201,Line-C,evening,Alarm,PressureDrop,high,21,14,15,Bravo,AutoReset
E107817,2025-03-16 18:08:00,MX-202,Line-C,evening,Maintenance,Lubrication,low,109,30,10,Alpha,Technician
E107791,2025-03-16 18:10:00,MX-102,Line-A,evening,Setup,ToolChange,medium,18,14,13,Delta,Operator
E107812,2025-03-16 18:19:00,MX-202,Line-C,evening,Safety,DoorInterlock,high,24,20,10,Charlie,Supervisor
E107803,2025-03-16 18:31:00,MX-201,Line-C,evening,Safety,EStop,critical,33,28,15,Charlie,Engineer
E107813,2025-03-16 19:10:00,MX-103,Line-B,evening,Safety,GuardOpen,critical,15,8,10,Delta,Engineer
E107800,2025-03-16 20:05:00,MX-201,Line-C,evening,Maintenance,Calibration,low,98,48,39,Delta,Technician
E107782,2025-03-16 20:16:00,MX-102,Line-A,evening,Quality,MaterialMismatch,medium,12,3,83,Charlie,Operator
E107764,2025-03-16 20:34:00,MX-102,Line-A,evening,Quality,VisionReject,high,5,0,25,Charlie,Technician
E107802,2025-03-16 21:04:00,MX-101,Line-A,evening,Warning,PressureTrend,low,13,1,0,Bravo,Engineer
E107768,2025-03-16 22:07:00,MX-102,Line-A,night,Alarm,MotorOverload,high,22,14,26,Charlie,AutoReset
E107827,2025-03-16 22:10:00,MX-103,Line-B,night,Quality,VisionReject,medium,22,6,55,Bravo,Operator
E107816,2025-03-16 22:19:00,MX-202,Line-C,night,Quality,VisionReject,medium,16,3,70,Charlie,Operator
E107805,2025-03-16 23:23:00,MX-101,Line-A,night,Alarm,MotorOverload,critical,42,31,57,Charlie,Technician
E107784,2025-03-16 23:26:00,MX-201,Line-C,night,Maintenance,Inspection,high,151,78,33,Charlie,Technician
E107861,2025-03-17 00:12:00,MX-103,Line-B,night,Warning,TempTrend,low,7,0,0,Delta,Technician
E107836,2025-03-17 00:44:00,MX-102,Line-A,night,Warning,PressureTrend,low,5,0,0,Delta,AutoReset
E107840,2025-03-17 00:49:00,MX-102,Line-A,night,Maintenance,BearingReplacement,high,74,39,15,Bravo,AutoReset
E107844,2025-03-17 00:51:00,MX-101,Line-A,night,Warning,TempTrend,low,5,0,0,Alpha,Supervisor
E107857,2025-03-17 00:54:00,MX-101,Line-A,night,Warning,EnergySpike,high,11,1,0,Delta,Engineer
E107896,2025-03-17 01:03:00,MX-201,Line-C,night,Setup,FixtureAdjustment,medium,57,49,23,Alpha,Operator
E107850,2025-03-17 01:05:00,MX-102,Line-A,night,Quality,MaterialMismatch,medium,26,3,55,Delta,AutoReset
E107870,2025-03-17 01:16:00,MX-101,Line-A,night,Warning,TempTrend,low,7,0,0,Charlie,Engineer
E107863,2025-03-17 01:25:00,MX-103,Line-B,night,Warning,TempTrend,low,1,0,0,Alpha,Engineer
E107875,2025-03-17 01:50:00,MX-201,Line-C,night,Quality,VisionReject,high,20,0,78,Delta,Technician
E107846,2025-03-17 02:07:00,MX-201,Line-C,night,Warning,VibrationTrend,low,18,0,0,Bravo,AutoReset
E107839,2025-03-17 02:26:00,MX-102,Line-A,night,Quality,DimensionDrift,medium,6,1,17,Bravo,Technician
E107845,2025-03-17 02:42:00,MX-101,Line-A,night,Alarm,HighVibration,high,46,42,47,Delta,Engineer
E107893,2025-03-17 02:46:00,MX-101,Line-A,night,Warning,VibrationTrend,low,11,1,0,Alpha,Operator
E107894,2025-03-17 02:46:00,MX-102,Line-A,night,Safety,EStop,medium,19,13,19,Charlie,Engineer
E107914,2025-03-17 03:30:00,MX-102,Line-A,night,Quality,DimensionDrift,medium,27,6,153,Alpha,AutoReset
E107916,2025-03-17 03:36:00,MX-101,Line-A,night,Alarm,SensorFailure,medium,119,68,70,Bravo,Operator
E107922,2025-03-17 03:41:00,MX-103,Line-B,night,Maintenance,Calibration,low,77,31,24,Charlie,Engineer
E107900,2025-03-17 03:43:00,MX-102,Line-A,night,Quality,MaterialMismatch,low,34,3,202,Charlie,Engineer
E107835,2025-03-17 04:25:00,MX-201,Line-C,night,Setup,ToolChange,low,20,16,16,Bravo,Technician
E107862,2025-03-17 04:30:00,MX-101,Line-A,night,Safety,EStop,high,46,23,29,Charlie,Technician
E107859,2025-03-17 04:31:00,MX-202,Line-C,night,Alarm,PressureDrop,medium,68,50,58,Delta,Supervisor
E107918,2025-03-17 04:34:00,MX-103,Line-B,night,Setup,FixtureAdjustment,medium,54,46,46,Charlie,Technician
E107873,2025-03-17 04:39:00,MX-103,Line-B,night,Maintenance,Lubrication,low,64,41,37,Alpha,Supervisor
E107838,2025-03-17 04:51:00,MX-103,Line-B,night,Warning,TempTrend,medium,25,1,0,Charlie,Operator
E107892,2025-03-17 05:03:00,MX-103,Line-B,night,Warning,VibrationTrend,low,1,0,0,Alpha,Supervisor
E107886,2025-03-17 05:26:00,MX-103,Line-B,night,Safety,EStop,medium,47,43,36,Bravo,Operator
E107867,2025-03-17 05:27:00,MX-103,Line-B,night,Warning,PressureTrend,medium,11,0,0,Alpha,Supervisor
E107902,2025-03-17 05:44:00,MX-103,Line-B,night,Maintenance,Inspection,low,117,82,41,Charlie,Supervisor
E107843,2025-03-17 05:52:00,MX-101,Line-A,night,Quality,VisionReject,medium,9,2,40,Bravo,Engineer
E107884,2025-03-17 06:18:00,MX-102,Line-A,morning,Safety,EStop,high,64,32,38,Bravo,Engineer
E107869,2025-03-17 06:21:00,MX-102,Line-A,morning,Safety,DoorInterlock,high,43,27,26,Bravo,AutoReset
E107895,2025-03-17 06:43:00,MX-101,Line-A,morning,Maintenance,Calibration,medium,42,13,8,Delta,Engineer
E107907,2025-03-17 06:47:00,MX-102,Line-A,morning,Warning,EnergySpike,high,11,1,0,Alpha,AutoReset
E107880,2025-03-17 07:43:00,MX-103,Line-B,morning,Warning,VibrationTrend,low,8,0,0,Charlie,Engineer
E107917,2025-03-17 07:44:00,MX-201,Line-C,morning,Alarm,HighVibration,low,55,25,32,Delta,Technician
E107866,2025-03-17 07:47:00,MX-103,Line-B,morning,Warning,EnergySpike,low,19,1,0,Delta,Technician
E107920,2025-03-17 07:58:00,MX-201,Line-C,morning,Alarm,MotorOverload,high,30,13,9,Charlie,Technician
E107913,2025-03-17 08:29:00,MX-202,Line-C,morning,Alarm,SensorFailure,high,76,69,65,Alpha,Supervisor
E107887,2025-03-17 09:11:00,MX-202,Line-C,morning,Warning,TempTrend,high,3,0,0,Alpha,Operator
E107854,2025-03-17 09:13:00,MX-101,Line-A,morning,Maintenance,Lubrication,low,10,5,2,Delta,Technician
E107874,2025-03-17 09:21:00,MX-102,Line-A,morning,Quality,VisionReject,high,9,1,55,Charlie,Supervisor
E107904,2025-03-17 10:08:00,MX-101,Line-A,morning,Quality,MaterialMismatch,high,12,2,44,Delta,AutoReset
E107915,2025-03-17 10:23:00,MX-202,Line-C,morning,Warning,PressureTrend,low,2,0,0,Bravo,Engineer
E107860,2025-03-17 10:39:00,MX-201,Line-C,morning,Setup,FixtureAdjustment,low,39,35,15,Alpha,Operator
E107877,2025-03-17 10:51:00,MX-103,Line-B,morning,Quality,SurfaceDefect,medium,10,0,41,Delta,Technician
E107879,2025-03-17 10:53:00,MX-202,Line-C,morning,Warning,TempTrend,low,5,0,0,Bravo,AutoReset
E107888,2025-03-17 11:21:00,MX-102,Line-A,morning,Maintenance,Inspection,medium,76,53,18,Bravo,Operator
E107901,2025-03-17 11:37:00,MX-101,Line-A,morning,Quality,MaterialMismatch,medium,23,6,102,Charlie,Supervisor
E107890,2025-03-17 11:41:00,MX-101,Line-A,morning,Quality,DimensionDrift,medium,7,0,41,Delta,Technician
E107834,2025-03-17 12:29:00,MX-101,Line-A,morning,Maintenance,Lubrication,medium,74,31,19,Alpha,AutoReset
E107837,2025-03-17 12:37:00,MX-202,Line-C,morning,Alarm,PressureDrop,medium,29,22,25,Charlie,AutoReset
E107923,2025-03-17 12:47:00,MX-101,Line-A,morning,Setup,ToolChange,low,48,36,39,Bravo,Engineer
E107848,2025-03-17 12:51:00,MX-102,Line-A,morning,Alarm,PressureDrop,medium,67,42,44,Delta,Engineer
E107851,2025-03-17 12:53:00,MX-202,Line-C,morning,Alarm,HighVibration,high,16,11,21,Alpha,AutoReset
E107865,2025-03-17 13:27:00,MX-101,Line-A,morning,Warning,PressureTrend,low,6,0,0,Alpha,Technician
E107883,2025-03-17 13:52:00,MX-101,Line-A,morning,Alarm,PressureDrop,medium,37,26,21,Bravo,Technician
E107885,2025-03-17 13:54:00,MX-103,Line-B,morning,Maintenance,Lubrication,medium,61,16,15,Charlie,AutoReset
E107853,2025-03-17 13:58:00,MX-102,Line-A,morning,Warning,PressureTrend,low,6,0,0,Delta,Technician
E107828,2025-03-17 14:03:00,MX-103,Line-B,evening,Alarm,MotorOverload,high,56,42,77,Charlie,Technician
E107924,2025-03-17 14:09:00,MX-201,Line-C,evening,Alarm,SensorFailure,medium,48,30,34,Alpha,Operator
E107906,2025-03-17 14:09:00,MX-103,Line-B,evening,Warning,EnergySpike,medium,6,0,0,Charlie,Engineer
E107832,2025-03-17 14:30:00,MX-103,Line-B,evening,Setup,ToolChange,low,21,20,6,Charlie,Technician
E107871,2025-03-17 14:58:00,MX-101,Line-A,evening,Warning,PressureTrend,medium,6,0,0,Bravo,AutoReset
E107842,2025-03-17 15:22:00,MX-103,Line-B,evening,Maintenance,Calibration,low,226,134,61,Alpha,Operator
E107868,2025-03-17 15:25:00,MX-102,Line-A,evening,Setup,ToolChange,medium,38,27,13,Alpha,Technician
E107919,2025-03-17 16:25:00,MX-101,Line-A,evening,Warning,VibrationTrend,low,10,0,0,Charlie,AutoReset
E107833,2025-03-17 16:38:00,MX-202,Line-C,evening,Maintenance,BearingReplacement,medium,51,32,10,Bravo,AutoReset
E107829,2025-03-17 16:52:00,MX-202,Line-C,evening,Quality,VisionReject,high,16,5,107,Delta,Operator
E107849,2025-03-17 17:01:00,MX-202,Line-C,evening,Quality,DimensionDrift,high,17,0,65,Alpha,Operator
E107872,2025-03-17 17:23:00,MX-103,Line-B,evening,Maintenance,Lubrication,low,101,45,30,Charlie,Operator
E107921,2025-03-17 17:31:00,MX-202,Line-C,evening,Quality,DimensionDrift,high,10,3,51,Alpha,Operator
E107864,2025-03-17 17:56:00,MX-102,Line-A,evening,Quality,MaterialMismatch,low,12,0,32,Alpha,AutoReset
E107903,2025-03-17 18:11:00,MX-102,Line-A,evening,Alarm,HighVibration,medium,38,37,68,Alpha,Supervisor
E107830,2025-03-17 18:38:00,MX-201,Line-C,evening,Quality,MaterialMismatch,medium,27,4,184,Bravo,AutoReset
E107856,2025-03-17 19:14:00,MX-201,Line-C,evening,Safety,DoorInterlock,critical,12,11,2,Delta,Engineer
E107909,2025-03-17 19:34:00,MX-201,Line-C,evening,Alarm,Overheat,medium,90,56,70,Alpha,Technician
E107881,2025-03-17 19:42:00,MX-102,Line-A,evening,Warning,PressureTrend,low,9,0,0,Charlie,Operator
E107889,2025-03-17 20:29:00,MX-201,Line-C,evening,Setup,RecipeChange,low,84,81,16,Charlie,Supervisor
E107876,2025-03-17 20:43:00,MX-102,Line-A,evening,Setup,RecipeChange,low,34,31,30,Charlie,AutoReset
E107852,2025-03-17 20:54:00,MX-103,Line-B,evening,Setup,ToolChange,low,13,11,6,Charlie,Operator
E107910,2025-03-17 20:59:00,MX-102,Line-A,evening,Maintenance,BearingReplacement,high,57,15,8,Charlie,AutoReset
E107847,2025-03-17 21:09:00,MX-202,Line-C,evening,Setup,RecipeChange,medium,41,37,29,Delta,Operator
E107855,2025-03-17 21:12:00,MX-102,Line-A,evening,Maintenance,BearingReplacement,high,36,19,12,Delta,Technician
E107911,2025-03-17 21:33:00,MX-202,Line-C,evening,Safety,AreaBreach,critical,10,6,3,Bravo,Engineer
E107841,2025-03-17 21:36:00,MX-102,Line-A,evening,Quality,MaterialMismatch,low,1,0,3,Charlie,Technician
E107882,2025-03-17 21:42:00,MX-102,Line-A,evening,Safety,AreaBreach,high,23,20,25,Alpha,Technician
E107908,2025-03-17 21:59:00,MX-101,Line-A,evening,Quality,SurfaceDefect,low,17,3,115,Alpha,Operator
E107912,2025-03-17 22:02:00,MX-101,Line-A,night,Alarm,MotorOverload,high,21,12,25,Alpha,Supervisor
E107899,2025-03-17 22:03:00,MX-201,Line-C,night,Alarm,MotorOverload,medium,57,55,111,Alpha,Operator
E107898,2025-03-17 22:39:00,MX-201,Line-C,night,Quality,DimensionDrift,low,6,1,26,Charlie,Operator
E107858,2025-03-17 22:50:00,MX-201,Line-C,night,Alarm,MotorOverload,medium,21,11,20,Delta,Technician
E107905,2025-03-17 22:53:00,MX-103,Line-B,night,Safety,AreaBreach,medium,8,4,5,Delta,Technician
E107897,2025-03-17 23:03:00,MX-201,Line-C,night,Setup,RecipeChange,low,59,47,41,Delta,Operator
E107878,2025-03-17 23:17:00,MX-201,Line-C,night,Maintenance,Calibration,low,120,83,82,Bravo,Operator
E107891,2025-03-17 23:38:00,MX-101,Line-A,night,Maintenance,BearingReplacement,low,66,20,6,Delta,AutoReset
E107831,2025-03-17 23:51:00,MX-201,Line-C,night,Setup,ToolChange,low,61,59,55,Delta,AutoReset
E107967,2025-03-18 00:14:00,MX-202,Line-C,night,Setup,RecipeChange,medium,20,19,5,Delta,Engineer
E107972,2025-03-18 00:19:00,MX-102,Line-A,night,Safety,EStop,critical,38,35,39,Alpha,Technician
E108008,2025-03-18 00:24:00,MX-201,Line-C,night,Safety,AreaBreach,critical,30,20,28,Alpha,Engineer
E108001,2025-03-18 00:44:00,MX-201,Line-C,night,Safety,AreaBreach,critical,20,10,5,Delta,Operator
E108030,2025-03-18 01:00:00,MX-101,Line-A,night,Safety,AreaBreach,high,8,4,5,Delta,Operator
E107988,2025-03-18 01:09:00,MX-202,Line-C,night,Warning,PressureTrend,low,24,1,0,Charlie,Operator
E108031,2025-03-18 01:18:00,MX-102,Line-A,night,Setup,ToolChange,medium,31,29,15,Bravo,Engineer
E107965,2025-03-18 02:07:00,MX-102,Line-A,night,Quality,SurfaceDefect,low,19,4,69,Bravo,Engineer
E107961,2025-03-18 02:07:00,MX-102,Line-A,night,Maintenance,Lubrication,low,84,61,58,Alpha,AutoReset
E107966,2025-03-18 02:23:00,MX-101,Line-A,night,Warning,EnergySpike,medium,9,0,0,Delta,Technician
E107995,2025-03-18 02:24:00,MX-103,Line-B,night,Warning,VibrationTrend,low,11,1,0,Bravo,AutoReset
E108003,2025-03-18 02:43:00,MX-101,Line-A,night,Alarm,HighVibration,high,19,13,21,Delta,Technician
E107955,2025-03-18 02:45:00,MX-202,Line-C,night,Alarm,Overheat,high,118,99,142,Alpha,Supervisor
E107980,2025-03-18 03:38:00,MX-102,Line-A,night,Warning,PressureTrend,low,5,0,0,Charlie,Operator
E107997,2025-03-18 03:43:00,MX-202,Line-C,night,Alarm,Overheat,critical,110,89,123,Bravo,AutoReset
E107990,2025-03-18 03:54:00,MX-202,Line-C,night,Quality,VisionReject,medium,5,1,16,Delta,Operator
E108020,2025-03-18 04:25:00,MX-201,Line-C,night,Warning,TempTrend,medium,3,0,0,Alpha,AutoReset
E107943,2025-03-18 04:49:00,MX-201,Line-C,night,Warning,PressureTrend,low,16,1,0,Delta,Technician
E107969,2025-03-18 05:07:00,MX-101,Line-A,night,Alarm,Overheat,medium,35,19,32,Delta,Operator
E107983,2025-03-18 05:17:00,MX-101,Line-A,night,Maintenance,Calibration,low,68,32,23,Alpha,Supervisor
E108011,2025-03-18 05:17:00,MX-103,Line-B,night,Warning,VibrationTrend,low,9,0,0,Alpha,Technician
E107992,2025-03-18 05:40:00,MX-201,Line-C,night,Warning,TempTrend,medium,3,0,0,Alpha,Supervisor
E107996,2025-03-18 05:51:00,MX-102,Line-A,night,Warning,PressureTrend,low,4,0,0,Charlie,Engineer
E107968,2025-03-18 05:53:00,MX-101,Line-A,night,Warning,VibrationTrend,low,10,1,0,Alpha,Operator
E108002,2025-03-18 05:55:00,MX-103,Line-B,night,Setup,ToolChange,low,25,24,18,Delta,Operator
E107940,2025-03-18 06:06:00,MX-202,Line-C,morning,Setup,FixtureAdjustment,low,41,35,29,Alpha,Technician
E107964,2025-03-18 06:22:00,MX-102,Line-A,morning,Setup,RecipeChange,medium,26,22,9,Bravo,Operator
E108023,2025-03-18 06:23:00,MX-201,Line-C,morning,Maintenance,Lubrication,medium,70,54,30,Delta,Engineer
E108026,2025-03-18 06:30:00,MX-101,Line-A,morning,Warning,TempTrend,medium,5,0,0,Alpha,Technician
E107951,2025-03-18 07:02:00,MX-202,Line-C,morning,Warning,VibrationTrend,low,13,1,0,Delta,Supervisor
E107970,2025-03-18 07:32:00,MX-102,Line-A,morning,Setup,ToolChange,low,25,17,12,Charlie,AutoReset
E107936,2025-03-18 08:09:00,MX-201,Line-C,morning,Maintenance,Calibration,medium,46,29,8,Alpha,Technician
E107934,2025-03-18 08:25:00,MX-202,Line-C,morning,Warning,PressureTrend,medium,6,0,0,Charlie,Technician
E107942,2025-03-18 08:28:00,MX-102,Line-A,morning,Quality,MaterialMismatch,high,23,1,79,Bravo,Technician
E107945,2025-03-18 08:32:00,MX-201,Line-C,morning,Warning,PressureTrend,medium,2,0,0,Delta,Engineer
E108034,2025-03-18 08:41:00,MX-101,Line-A,morning,Warning,TempTrend,low,6,0,0,Charlie,Supervisor
E107928,2025-03-18 08:46:00,MX-102,Line-A,morning,Maintenance,Lubrication,low,60,41,37,Charlie,Technician
E107984,2025-03-18 09:09:00,MX-103,Line-B,morning,Quality,MaterialMismatch,medium,18,3,115,Bravo,Technician
E107960,2025-03-18 09:12:00,MX-201,Line-C,morning,Warning,EnergySpike,low,7,0,0,Charlie,Technician
E107938,2025-03-18 09:13:00,MX-201,Line-C,morning,Quality,SurfaceDefect,medium,6,1,14,Bravo,Technician
E107974,2025-03-18 09:18:00,MX-101,Line-A,morning,Warning,PressureTrend,low,1,0,0,Bravo,Technician
E107958,2025-03-18 09:32:00,MX-101,Line-A,morning,Maintenance,Calibration,low,129,94,44,Bravo,Technician
E107956,2025-03-18 09:55:00,MX-101,Line-A,morning,Alarm,SensorFailure,critical,80,56,98,Bravo,Engineer
E107994,2025-03-18 10:23:00,MX-101,Line-A,morning,Alarm,SensorFailure,high,44,26,50,Charlie,Supervisor
E107971,2025-03-18 10:45:00,MX-201,Line-C,morning,Maintenance,Lubrication,low,114,32,16,Alpha,Technician
E107931,2025-03-18 10:48:00,MX-101,Line-A,morning,Maintenance,BearingReplacement,medium,135,64,16,Alpha,Engineer
E107926,2025-03-18 11:45:00,MX-202,Line-C,morning,Maintenance,Lubrication,low,26,7,5,Alpha,Operator
E107977,2025-03-18 11:58:00,MX-102,Line-A,morning,Maintenance,Lubrication,medium,152,84,63,Delta,Operator
E107954,2025-03-18 12:10:00,MX-201,Line-C,morning,Alarm,HighVibration,low,12,11,21,Delta,Operator
E108029,2025-03-18 12:11:00,MX-103,Line-B,morning,Warning,VibrationTrend,low,2,0,0,Bravo,Operator
E108025,2025-03-18 12:20:00,MX-103,Line-B,morning,Maintenance,Inspection,low,54,31,10,Alpha,Technician
E107937,2025-03-18 12:20:00,MX-201,Line-C,morning,Quality,VisionReject,medium,11,2,23,Bravo,AutoReset
E108016,2025-03-18 12:23:00,MX-103,Line-B,morning,Alarm,SensorFailure,low,128,122,215,Delta,Engineer
E107978,2025-03-18 12:32:00,MX-101,Line-A,morning,Safety,EStop,high,10,7,6,Delta,AutoReset
E107927,2025-03-18 12:36:00,MX-103,Line-B,morning,Setup,ToolChange,low,41,34,32,Charlie,Operator
E107979,2025-03-18 13:13:00,MX-103,Line-B,morning,Alarm,PressureDrop,medium,116,64,124,Bravo,Technician
E107948,2025-03-18 13:35:00,MX-103,Line-B,morning,Setup,ToolChange,low,73,68,30,Alpha,Technician
E107941,2025-03-18 13:36:00,MX-202,Line-C,morning,Alarm,Overheat,high,35,34,63,Charlie,AutoReset
E108035,2025-03-18 13:47:00,MX-102,Line-A,morning,Setup,ToolChange,low,33,27,6,Alpha,Engineer
E107929,2025-03-18 14:02:00,MX-103,Line-B,evening,Warning,PressureTrend,low,4,0,0,Charlie,Technician
E107949,2025-03-18 14:23:00,MX-201,Line-C,evening,Warning,VibrationTrend,low,1,0,0,Delta,Engineer
E107952,2025-03-18 14:43:00,MX-102,Line-A,evening,Alarm,Overheat,high,44,40,31,Bravo,Operator
E108007,2025-03-18 14:47:00,MX-101,Line-A,evening,Maintenance,Calibration,medium,80,59,16,Charlie,Operator
E108022,2025-03-18 15:01:00,MX-103,Line-B,evening,Setup,FixtureAdjustment,low,52,51,45,Delta,Operator
E108033,2025-03-18 15:35:00,MX-103,Line-B,evening,Warning,PressureTrend,low,8,1,0,Charlie,Technician
E107959,2025-03-18 15:37:00,MX-102,Line-A,evening,Alarm,PressureDrop,low,18,9,18,Charlie,Technician
E108009,2025-03-18 15:44:00,MX-201,Line-C,evening,Alarm,Overheat,medium,35,16,31,Charlie,Operator
E107946,2025-03-18 15:48:00,MX-201,Line-C,evening,Maintenance,BearingReplacement,medium,59,35,29,Delta,Engineer
E107939,2025-03-18 15:54:00,MX-202,Line-C,evening,Warning,EnergySpike,low,7,0,0,Delta,Supervisor
E108028,2025-03-18 15:55:00,MX-103,Line-B,evening,Maintenance,BearingReplacement,low,90,39,11,Charlie,AutoReset
E107925,2025-03-18 16:01:00,MX-201,Line-C,evening,Alarm,SensorFailure,medium,22,15,26,Delta,Engineer
E107933,2025-03-18 16:01:00,MX-102,Line-A,evening,Maintenance,FilterChange,high,24,14,12,Bravo,Technician
E107935,2025-03-18 16:09:00,MX-103,Line-B,evening,Warning,TempTrend,medium,1,0,0,Alpha,Operator
E107981,2025-03-18 16:31:00,MX-103,Line-B,evening,Warning,PressureTrend,low,13,1,0,Bravo,Supervisor
E107999,2025-03-18 17:18:00,MX-201,Line-C,evening,Warning,TempTrend,medium,1,0,0,Delta,Technician
E107982,2025-03-18 17:23:00,MX-201,Line-C,evening,Warning,EnergySpike,low,4,0,0,Alpha,Supervisor
E107989,2025-03-18 17:27:00,MX-201,Line-C,evening,Warning,VibrationTrend,high,16,0,0,Charlie,Technician
E107947,2025-03-18 17:32:00,MX-202,Line-C,evening,Alarm,Overheat,high,35,24,25,Charlie,Engineer
E108019,2025-03-18 17:36:00,MX-102,Line-A,evening,Quality,MaterialMismatch,medium,33,6,222,Bravo,Operator
E108018,2025-03-18 17:44:00,MX-101,Line-A,evening,Maintenance,BearingReplacement,medium,60,23,11,Delta,AutoReset
E108004,2025-03-18 17:51:00,MX-103,Line-B,evening,Warning,TempTrend,low,1,0,0,Alpha,Operator
E108021,2025-03-18 17:52:00,MX-103,Line-B,evening,Alarm,PressureDrop,high,66,42,40,Charlie,Engineer
E107993,2025-03-18 18:02:00,MX-202,Line-C,evening,Alarm,PressureDrop,high,13,6,11,Delta,Supervisor
E107976,2025-03-18 18:13:00,MX-102,Line-A,evening,Warning,EnergySpike,high,2,0,0,Alpha,Operator
E108013,2025-03-18 18:36:00,MX-201,Line-C,evening,Setup,ToolChange,medium,82,71,71,Alpha,Engineer
E107950,2025-03-18 18:40:00,MX-103,Line-B,evening,Alarm,MotorOverload,medium,19,12,24,Charlie,Supervisor
E107991,2025-03-18 18:52:00,MX-101,Line-A,evening,Warning,TempTrend,medium,3,0,0,Delta,Supervisor
E107998,2025-03-18 19:14:00,MX-202,Line-C,evening,Maintenance,Inspection,medium,128,100,76,Delta,AutoReset
E108036,2025-03-18 19:21:00,MX-103,Line-B,evening,Safety,EStop,medium,33,27,24,Bravo,Technician
E107987,2025-03-18 19:35:00,MX-101,Line-A,evening,Setup,ToolChange,low,67,65,21,Delta,Technician
E107985,2025-03-18 19:43:00,MX-102,Line-A,evening,Alarm,Overheat,high,20,19,16,Charlie,AutoReset
E108006,2025-03-18 19:51:00,MX-201,Line-C,evening,Safety,AreaBreach,high,49,39,31,Delta,Technician
E107930,2025-03-18 19:52:00,MX-102,Line-A,evening,Alarm,SensorFailure,low,53,50,41,Bravo,Operator
E108024,2025-03-18 19:53:00,MX-201,Line-C,evening,Warning,PressureTrend,low,5,0,0,Alpha,Technician
E107963,2025-03-18 20:33:00,MX-202,Line-C,evening,Warning,TempTrend,medium,3,0,0,Alpha,Operator
E108005,2025-03-18 20:50:00,MX-101,Line-A,evening,Setup,RecipeChange,medium,40,39,35,Charlie,AutoReset
E107986,2025-03-18 20:51:00,MX-202,Line-C,evening,Alarm,PressureDrop,critical,23,20,27,Charlie,AutoReset
E107944,2025-03-18 21:06:00,MX-103,Line-B,evening,Alarm,MotorOverload,high,137,74,158,Bravo,Operator
E108000,2025-03-18 21:38:00,MX-102,Line-A,evening,Safety,EStop,critical,48,38,26,Alpha,AutoReset
E107957,2025-03-18 21:51:00,MX-201,Line-C,evening,Alarm,SensorFailure,high,48,23,35,Alpha,Operator
E108012,2025-03-18 21:53:00,MX-102,Line-A,evening,Setup,ToolChange,low,56,43,9,Alpha,Operator
E108015,2025-03-18 22:05:00,MX-103,Line-B,night,Safety,EStop,high,7,4,5,Charlie,Technician
E107973,2025-03-18 22:07:00,MX-103,Line-B,night,Maintenance,Calibration,low,93,64,56,Delta,Technician
E107953,2025-03-18 22:23:00,MX-102,Line-A,night,Warning,PressureTrend,low,7,0,0,Charlie,AutoReset
E107932,2025-03-18 22:33:00,MX-201,Line-C,night,Quality,VisionReject,medium,20,5,115,Delta,Operator
E108032,2025-03-18 22:37:00,MX-201,Line-C,night,Alarm,HighVibration,high,37,21,18,Alpha,Technician
E107975,2025-03-18 22:42:00,MX-103,Line-B,night,Quality,DimensionDrift,high,1,0,4,Bravo,AutoReset
E107962,2025-03-18 22:51:00,MX-201,Line-C,night,Setup,ToolChange,medium,42,39,19,Bravo,Engineer
E108027,2025-03-18 22:54:00,MX-201,Line-C,night,Maintenance,Lubrication,low,38,16,14,Charlie,Engineer
E108014,2025-03-18 22:56:00,MX-202,Line-C,night,Quality,MaterialMismatch,high,33,0,133,Alpha,AutoReset
E108017,2025-03-18 22:59:00,MX-102,Line-A,night,Alarm,SensorFailure,medium,43,39,33,Alpha,Operator
E108010,2025-03-18 23:50:00,MX-202,Line-C,night,Safety,GuardOpen,medium,27,23,13,Delta,Supervisor
E108107,2025-03-19 00:00:00,MX-101,Line-A,night,Alarm,MotorOverload,high,12,10,12,Alpha,AutoReset
E108041,2025-03-19 00:04:00,MX-103,Line-B,night,Alarm,MotorOverload,medium,47,33,64,Delta,Supervisor
E108144,2025-03-19 00:06:00,MX-101,Line-A,night,Quality,MaterialMismatch,medium,8,2,55,Alpha,Technician
E108062,2025-03-19 00:18:00,MX-201,Line-C,night,Quality,VisionReject,high,1,0,4,Delta,Technician
E108044,2025-03-19 01:26:00,MX-101,Line-A,night,Maintenance,FilterChange,low,60,31,30,Delta,AutoReset
E108089,2025-03-19 01:27:00,MX-201,Line-C,night,Alarm,MotorOverload,high,26,18,32,Charlie,AutoReset
E108134,2025-03-19 01:43:00,MX-103,Line-B,night,Quality,SurfaceDefect,low,8,0,31,Delta,Operator
E108055,2025-03-19 01:59:00,MX-101,Line-A,night,Warning,PressureTrend,low,5,0,0,Bravo,Technician
E108050,2025-03-19 02:27:00,MX-202,Line-C,night,Setup,RecipeChange,low,31,23,24,Delta,AutoReset
E108106,2025-03-19 02:33:00,MX-202,Line-C,night,Safety,DoorInterlock,medium,20,10,4,Alpha,Technician
E108094,2025-03-19 02:40:00,MX-202,Line-C,night,Quality,VisionReject,high,27,1,85,Bravo,Technician
E108145,2025-03-19 02:52:00,MX-202,Line-C,night,Setup,FixtureAdjustment,medium,11,9,1,Bravo,Operator
E108082,2025-03-19 03:06:00,MX-102,Line-A,night,Alarm,Overheat,medium,40,28,48,Bravo,AutoReset
E108152,2025-03-19 03:09:00,MX-101,Line-A,night,Setup,RecipeChange,medium,24,16,13,Alpha,Technician
E108074,2025-03-19 03:16:00,MX-202,Line-C,night,Warning,VibrationTrend,low,3,0,0,Delta,Technician
E108122,2025-03-19 03:17:00,MX-102,Line-A,night,Alarm,SensorFailure,high,47,38,34,Alpha,AutoReset
E108088,2025-03-19 03:30:00,MX-202,Line-C,night,Warning,TempTrend,low,8,0,0,Charlie,Engineer
E108045,2025-03-19 03:44:00,MX-103,Line-B,night,Quality,VisionReject,high,7,0,35,Charlie,Technician
E108064,2025-03-19 04:27:00,MX-102,Line-A,night,Setup,FixtureAdjustment,low,28,21,9,Bravo,Technician
E108061,2025-03-19 04:46:00,MX-102,Line-A,night,Safety,EStop,high,1,0,0,Bravo,Technician
E108096,2025-03-19 05:25:00,MX-101,Line-A,night,Alarm,HighVibration,medium,3,1,1,Charlie,Technician
E108112,2025-03-19 05:42:00,MX-102,Line-A,night,Safety,DoorInterlock,high,9,5,2,Delta,Technician
E108148,2025-03-19 05:43:00,MX-101,Line-A,night,Quality,DimensionDrift,medium,18,0,49,Alpha,Technician
E108084,2025-03-19 05:46:00,MX-101,Line-A,night,Quality,MaterialMismatch,medium,11,2,53,Bravo,Operator
E108143,2025-03-19 05:48:00,MX-201,Line-C,night,Maintenance,Calibration,low,44,18,9,Delta,AutoReset
E108060,2025-03-19 06:03:00,MX-201,Line-C,morning,Quality,SurfaceDefect,medium,6,0,26,Delta,AutoReset
E108105,2025-03-19 06:31:00,MX-201,Line-C,morning,Safety,DoorInterlock,critical,13,6,4,Bravo,AutoReset
E108136,2025-03-19 06:32:00,MX-103,Line-B,morning,Maintenance,Lubrication,low,60,19,11,Delta,AutoReset
E108067,2025-03-19 06:34:00,MX-202,Line-C,morning,Alarm,HighVibration,medium,85,53,49,Delta,AutoReset
E108066,2025-03-19 06:58:00,MX-103,Line-B,morning,Setup,RecipeChange,low,14,13,6,Bravo,Operator
E108042,2025-03-19 06:59:00,MX-103,Line-B,morning,Setup,FixtureAdjustment,medium,23,16,8,Alpha,Engineer
E108115,2025-03-19 07:08:00,MX-102,Line-A,morning,Alarm,SensorFailure,high,34,29,37,Charlie,Supervisor
E108092,2025-03-19 07:11:00,MX-101,Line-A,morning,Maintenance,Lubrication,medium,107,74,69,Charlie,Operator
E108118,2025-03-19 07:12:00,MX-101,Line-A,morning,Quality,DimensionDrift,high,6,2,41,Delta,Operator
E108056,2025-03-19 07:13:00,MX-202,Line-C,morning,Warning,EnergySpike,low,1,0,0,Alpha,Operator
E108058,2025-03-19 07:17:00,MX-201,Line-C,morning,Setup,RecipeChange,low,59,45,15,Charlie,Technician
E108102,2025-03-19 07:22:00,MX-202,Line-C,morning,Quality,MaterialMismatch,low,16,0,38,Bravo,Technician
E108046,2025-03-19 07:24:00,MX-101,Line-A,morning,Maintenance,BearingReplacement,high,158,101,73,Charlie,Operator
E108108,2025-03-19 07:32:00,MX-201,Line-C,morning,Setup,RecipeChange,low,29,26,21,Charlie,Operator
E108069,2025-03-19 07:42:00,MX-101,Line-A,morning,Maintenance,Inspection,low,41,21,10,Alpha,Operator
E108120,2025-03-19 07:45:00,MX-202,Line-C,morning,Alarm,MotorOverload,medium,62,51,104,Alpha,AutoReset
E108116,2025-03-19 07:47:00,MX-201,Line-C,morning,Maintenance,Lubrication,medium,36,10,7,Charlie,Technician
E108133,2025-03-19 07:50:00,MX-101,Line-A,morning,Setup,RecipeChange,low,62,53,31,Bravo,Operator
E108132,2025-03-19 07:57:00,MX-103,Line-B,morning,Maintenance,Inspection,medium,44,20,5,Charlie,Technician
E108104,2025-03-19 08:38:00,MX-101,Line-A,morning,Safety,AreaBreach,critical,36,18,15,Charlie,Engineer
E108101,2025-03-19 08:50:00,MX-101,Line-A,morning,Quality,DimensionDrift,medium,6,0,14,Delta,Supervisor
E108043,2025-03-19 08:54:00,MX-102,Line-A,morning,Safety,EStop,medium,4,3,3,Alpha,AutoReset
E108037,2025-03-19 09:17:00,MX-103,Line-B,morning,Quality,VisionReject,medium,45,5,97,Alpha,Supervisor
E108051,2025-03-19 09:23:00,MX-201,Line-C,morning,Maintenance,Calibration,low,16,12,10,Alpha,Operator
E108091,2025-03-19 09:33:00,MX-102,Line-A,morning,Alarm,MotorOverload,medium,32,20,23,Delta,Engineer
E108111,2025-03-19 09:48:00,MX-103,Line-B,morning,Alarm,PressureDrop,high,51,48,95,Delta,Supervisor
E108128,2025-03-19 09:49:00,MX-103,Line-B,morning,Maintenance,FilterChange,high,66,49,47,Delta,Engineer
E108040,2025-03-19 09:55:00,MX-202,Line-C,morning,Warning,PressureTrend,low,8,0,0,Bravo,Engineer
E108047,2025-03-19 10:05:00,MX-103,Line-B,morning,Maintenance,Lubrication,low,82,46,34,Delta,Supervisor
E108114,2025-03-19 10:13:00,MX-201,Line-C,morning,Quality,DimensionDrift,medium,20,5,53,Charlie,Technician
E108093,2025-03-19 10:21:00,MX-101,Line-A,morning,Setup,ToolChange,low,23,18,12,Charlie,Operator
E108113,2025-03-19 10:23:00,MX-101,Line-A,morning,Warning,TempTrend,low,2,0,0,Bravo,Technician
E108131,2025-03-19 11:06:00,MX-101,Line-A,morning,Setup,FixtureAdjustment,low,89,88,41,Bravo,Supervisor
E108117,2025-03-19 11:06:00,MX-201,Line-C,morning,Alarm,PressureDrop,medium,100,83,68,Delta,Operator
E108072,2025-03-19 11:12:00,MX-102,Line-A,morning,Safety,DoorInterlock,high,8,4,4,Alpha,Technician
E108086,2025-03-19 11:14:00,MX-201,Line-C,morning,Warning,PressureTrend,low,13,0,0,Charlie,Engineer
E108075,2025-03-19 11:31:00,MX-202,Line-C,morning,Maintenance,BearingReplacement,medium,57,39,13,Charlie,Technician
E108109,2025-03-19 11:37:00,MX-103,Line-B,morning,Warning,VibrationTrend,low,3,0,0,Delta,Technician
E108054,2025-03-19 11:54:00,MX-201,Line-C,morning,Warning,EnergySpike,medium,1,0,0,Delta,Engineer
E108078,2025-03-19 12:09:00,MX-101,Line-A,morning,Alarm,MotorOverload,critical,42,34,44,Charlie,Operator
E108090,2025-03-19 12:19:00,MX-103,Line-B,morning,Warning,PressureTrend,medium,17,1,0,Delta,Supervisor
E108130,2025-03-19 12:26:00,MX-103,Line-B,morning,Safety,EStop,high,42,26,8,Bravo,Technician
E108038,2025-03-19 12:44:00,MX-102,Line-A,morning,Warning,VibrationTrend,low,5,0,0,Charlie,Engineer
E108068,2025-03-19 12:48:00,MX-201,Line-C,morning,Maintenance,Inspection,medium,44,13,5,Charlie,Technician
E108065,2025-03-19 13:05:00,MX-201,Line-C,morning,Maintenance,FilterChange,medium,92,54,30,Alpha,Technician
E108151,2025-03-19 13:12:00,MX-201,Line-C,morning,Warning,VibrationTrend,medium,10,0,0,Bravo,Operator
E108119,2025-03-19 13:26:00,MX-201,Line-C,morning,Setup,ToolChange,low,31,22,21,Alpha,Technician
E108083,2025-03-19 13:30:00,MX-202,Line-C,morning,Alarm,SensorFailure,low,37,17,37,Bravo,AutoReset
E108052,2025-03-19 13:31:00,MX-202,Line-C,morning,Quality,VisionReject,low,69,12,300,Charlie,Technician
E108140,2025-03-19 13:55:00,MX-101,Line-A,morning,Alarm,MotorOverload,high,35,30,50,Alpha,Technician
E108048,2025-03-19 14:22:00,MX-101,Line-A,evening,Quality,MaterialMismatch,low,9,2,24,Delta,Technician
E108126,2025-03-19 14:41:00,MX-202,Line-C,evening,Alarm,SensorFailure,medium,67,50,38,Charlie,AutoReset
E108077,2025-03-19 14:45:00,MX-103,Line-B,evening,Quality,SurfaceDefect,low,26,0,134,Delta,Operator
E108099,2025-03-19 15:03:00,MX-101,Line-A,evening,Setup,ToolChange,medium,47,42,28,Bravo,AutoReset
E108110,2025-03-19 16:04:00,MX-103,Line-B,evening,Setup,ToolChange,medium,33,29,10,Bravo,AutoReset
E108149,2025-03-19 16:08:00,MX-101,Line-A,evening,Maintenance,Lubrication,low,7,4,2,Bravo,Technician
E108095,2025-03-19 16:17:00,MX-103,Line-B,evening,Warning,EnergySpike,low,2,0,0,Alpha,Technician
E108098,2025-03-19 16:42:00,MX-102,Line-A,evening,Quality,VisionReject,medium,14,3,30,Bravo,Technician
E108139,2025-03-19 16:46:00,MX-201,Line-C,evening,Setup,RecipeChange,low,17,13,3,Delta,Operator
E108135,2025-03-19 17:12:00,MX-102,Line-A,evening,Warning,VibrationTrend,low,9,0,0,Charlie,AutoReset
E108141,2025-03-19 18:21:00,MX-101,Line-A,evening,Alarm,HighVibration,high,14,12,15,Delta,AutoReset
E108087,2025-03-19 18:30:00,MX-101,Line-A,evening,Setup,ToolChange,low,48,46,47,Charlie,Supervisor
E108071,2025-03-19 18:49:00,MX-103,Line-B,evening,Quality,MaterialMismatch,high,5,1,29,Alpha,Technician
E108053,2025-03-19 19:03:00,MX-102,Line-A,evening,Warning,TempTrend,medium,29,2,0,Charlie,Supervisor
E108085,2025-03-19 19:04:00,MX-103,Line-B,evening,Alarm,Overheat,low,99,69,67,Charlie,Engineer
E108137,2025-03-19 19:35:00,MX-102,Line-A,evening,Safety,GuardOpen,high,11,8,9,Charlie,Operator
E108146,2025-03-19 19:47:00,MX-202,Line-C,evening,Alarm,PressureDrop,medium,235,201,436,Bravo,Technician
E108142,2025-03-19 19:52:00,MX-202,Line-C,evening,Quality,VisionReject,low,17,1,79,Alpha,AutoReset
E108081,2025-03-19 19:53:00,MX-101,Line-A,evening,Alarm,Overheat,medium,45,44,94,Alpha,AutoReset
E108063,2025-03-19 19:54:00,MX-202,Line-C,evening,Maintenance,FilterChange,high,23,7,3,Alpha,AutoReset
E108049,2025-03-19 20:09:00,MX-201,Line-C,evening,Setup,FixtureAdjustment,medium,15,14,14,Delta,Technician
E108097,2025-03-19 20:19:00,MX-201,Line-C,evening,Quality,DimensionDrift,medium,11,0,67,Alpha,AutoReset
E108127,2025-03-19 20:22:00,MX-101,Line-A,evening,Warning,PressureTrend,low,4,0,0,Delta,Operator
E108150,2025-03-19 20:24:00,MX-103,Line-B,evening,Alarm,HighVibration,high,25,12,24,Charlie,Engineer
E108100,2025-03-19 20:30:00,MX-102,Line-A,evening,Setup,FixtureAdjustment,low,78,58,38,Bravo,Technician
E108080,2025-03-19 20:37:00,MX-102,Line-A,evening,Warning,PressureTrend,medium,15,0,0,Bravo,Technician
E108057,2025-03-19 21:10:00,MX-102,Line-A,evening,Warning,EnergySpike,low,11,1,0,Alpha,Engineer
E108059,2025-03-19 21:11:00,MX-201,Line-C,evening,Quality,SurfaceDefect,high,19,3,73,Bravo,Technician
E108073,2025-03-19 21:42:00,MX-101,Line-A,evening,Alarm,MotorOverload,medium,58,45,68,Delta,Technician
E108124,2025-03-19 21:47:00,MX-103,Line-B,evening,Warning,VibrationTrend,low,7,0,0,Bravo,Engineer
E108039,2025-03-19 22:18:00,MX-103,Line-B,night,Alarm,MotorOverload,high,57,39,64,Alpha,Technician
E108129,2025-03-19 22:25:00,MX-101,Line-A,night,Safety,EStop,medium,13,12,12,Alpha,Technician
E108079,2025-03-19 22:34:00,MX-202,Line-C,night,Quality,DimensionDrift,high,6,0,24,Charlie,Technician
E108076,2025-03-19 22:58:00,MX-201,Line-C,night,Warning,PressureTrend,high,1,0,0,Delta,Technician
E108138,2025-03-19 23:14:00,MX-102,Line-A,night,Setup,RecipeChange,medium,12,11,8,Bravo,Engineer
E108070,2025-03-19 23:15:00,MX-101,Line-A,night,Alarm,HighVibration,medium,36,22,34,Alpha,Engineer
E108147,2025-03-19 23:19:00,MX-102,Line-A,night,Setup,ToolChange,low,24,18,5,Charlie,AutoReset
E108103,2025-03-19 23:40:00,MX-202,Line-C,night,Maintenance,BearingReplacement,medium,66,24,23,Alpha,Engineer
E108123,2025-03-19 23:43:00,MX-103,Line-B,night,Warning,EnergySpike,medium,18,0,0,Bravo,Technician
E108125,2025-03-19 23:48:00,MX-101,Line-A,night,Alarm,MotorOverload,high,65,42,67,Alpha,Operator
E108121,2025-03-19 23:50:00,MX-102,Line-A,night,Warning,PressureTrend,low,16,0,0,Delta,Engineer
E108214,2025-03-20 00:02:00,MX-201,Line-C,night,Maintenance,FilterChange,high,35,21,7,Charlie,AutoReset
E108247,2025-03-20 00:35:00,MX-101,Line-A,night,Quality,MaterialMismatch,high,49,5,167,Alpha,Operator
E108228,2025-03-20 00:36:00,MX-101,Line-A,night,Quality,DimensionDrift,medium,22,0,136,Alpha,AutoReset
E108198,2025-03-20 01:42:00,MX-102,Line-A,night,Quality,SurfaceDefect,medium,4,0,12,Delta,Technician
E108262,2025-03-20 02:14:00,MX-102,Line-A,night,Alarm,PressureDrop,low,15,11,16,Alpha,Operator
E108166,2025-03-20 02:18:00,MX-101,Line-A,night,Setup,FixtureAdjustment,medium,43,39,8,Bravo,Operator
E108240,2025-03-20 02:30:00,MX-103,Line-B,night,Quality,VisionReject,high,22,2,106,Alpha,Technician
E108186,2025-03-20 03:11:00,MX-102,Line-A,night,Maintenance,Lubrication,low,121,91,46,Charlie,Engineer
E108217,2025-03-20 03:18:00,MX-103,Line-B,night,Safety,DoorInterlock,medium,6,5,2,Charlie,Technician
E108246,2025-03-20 03:26:00,MX-103,Line-B,night,Safety,DoorInterlock,medium,18,15,7,Alpha,Operator
E108211,2025-03-20 03:54:00,MX-101,Line-A,night,Setup,FixtureAdjustment,low,39,32,9,Bravo,AutoReset
E108170,2025-03-20 04:06:00,MX-102,Line-A,night,Maintenance,FilterChange,low,68,20,17,Charlie,Supervisor
E108182,2025-03-20 04:08:00,MX-202,Line-C,night,Setup,FixtureAdjustment,low,20,15,8,Alpha,Technician
E108156,2025-03-20 04:19:00,MX-201,Line-C,night,Warning,PressureTrend,low,8,0,0,Bravo,Technician
E108184,2025-03-20 04:22:00,MX-201,Line-C,night,Maintenance,FilterChange,medium,73,48,34,Bravo,Engineer
E108235,2025-03-20 04:49:00,MX-103,Line-B,night,Alarm,PressureDrop,high,88,81,122,Charlie,Supervisor
E108160,2025-03-20 04:53:00,MX-101,Line-A,night,Maintenance,Calibration,high,37,13,11,Delta,Engineer
E108277,2025-03-20 04:57:00,MX-201,Line-C,night,Alarm,Overheat,high,24,12,22,Alpha,Operator
E108239,2025-03-20 05:02:00,MX-103,Line-B,night,Maintenance,BearingReplacement,medium,90,48,39,Bravo,AutoReset
E108254,2025-03-20 05:02:00,MX-103,Line-B,night,Quality,DimensionDrift,low,2,0,7,Charlie,Operator
E108173,2025-03-20 05:06:00,MX-102,Line-A,night,Setup,RecipeChange,low,67,58,46,Delta,Operator
E108188,2025-03-20 05:11:00,MX-102,Line-A,night,Maintenance,Lubrication,high,47,17,12,Delta,AutoReset
E108187,2025-03-20 05:47:00,MX-201,Line-C,night,Setup,FixtureAdjustment,low,65,51,47,Charlie,Supervisor
E108213,2025-03-20 05:49:00,MX-201,Line-C,night,Warning,TempTrend,low,3,0,0,Charlie,Supervisor
E108183,2025-03-20 05:49:00,MX-201,Line-C,night,Alarm,SensorFailure,medium,37,22,40,Bravo,Operator
E108258,2025-03-20 05:55:00,MX-101,Line-A,night,Setup,ToolChange,low,33,23,17,Delta,AutoReset
E108195,2025-03-20 05:56:00,MX-201,Line-C,night,Warning,EnergySpike,low,3,0,0,Alpha,AutoReset
E108155,2025-03-20 05:56:00,MX-101,Line-A,night,Warning,TempTrend,low,3,0,0,Bravo,Operator
E108241,2025-03-20 06:04:00,MX-102,Line-A,morning,Quality,MaterialMismatch,medium,7,2,46,Bravo,AutoReset
E108205,2025-03-20 06:15:00,MX-202,Line-C,morning,Warning,PressureTrend,low,24,0,0,Alpha,AutoReset
E108168,2025-03-20 06:20:00,MX-202,Line-C,morning,Alarm,MotorOverload,medium,41,35,69,Charlie,Engineer
E108159,2025-03-20 06:34:00,MX-101,Line-A,morning,Maintenance,Inspection,low,67,27,16,Delta,Technician
E108250,2025-03-20 06:44:00,MX-101,Line-A,morning,Quality,DimensionDrift,high,1,0,3,Charlie,Technician
E108242,2025-03-20 06:44:00,MX-102,Line-A,morning,Alarm,SensorFailure,high,39,25,43,Charlie,AutoReset
E108220,2025-03-20 06:50:00,MX-103,Line-B,morning,Warning,TempTrend,low,9,0,0,Bravo,Technician
E108245,2025-03-20 07:08:00,MX-201,Line-C,morning,Maintenance,Inspection,low,62,30,25,Alpha,AutoReset
E108233,2025-03-20 07:26:00,MX-103,Line-B,morning,Safety,GuardOpen,high,15,13,19,Charlie,Operator
E108255,2025-03-20 07:38:00,MX-202,Line-C,morning,Quality,MaterialMismatch,medium,8,2,29,Bravo,Operator
E108191,2025-03-20 07:48:00,MX-202,Line-C,morning,Setup,ToolChange,low,61,51,41,Delta,Technician
E108274,2025-03-20 07:53:00,MX-202,Line-C,morning,Alarm,Overheat,high,9,8,8,Bravo,Supervisor
E108210,2025-03-20 08:11:00,MX-201,Line-C,morning,Quality,MaterialMismatch,medium,16,4,104,Charlie,Engineer
E108261,2025-03-20 08:15:00,MX-201,Line-C,morning,Quality,MaterialMismatch,high,16,0,100,Bravo,AutoReset
E108215,2025-03-20 08:18:00,MX-102,Line-A,morning,Safety,EStop,medium,54,27,26,Delta,Engineer
E108193,2025-03-20 09:06:00,MX-201,Line-C,morning,Setup,RecipeChange,low,50,43,15,Bravo,Technician
E108178,2025-03-20 09:19:00,MX-102,Line-A,morning,Setup,RecipeChange,medium,83,74,57,Bravo,Engineer
E108154,2025-03-20 09:35:00,MX-103,Line-B,morning,Setup,RecipeChange,low,27,24,11,Alpha,Operator
E108216,2025-03-20 09:42:00,MX-202,Line-C,morning,Warning,EnergySpike,low,18,2,0,Bravo,Operator
E108269,2025-03-20 10:03:00,MX-103,Line-B,morning,Warning,VibrationTrend,low,25,2,1,Alpha,Technician
E108181,2025-03-20 10:04:00,MX-202,Line-C,morning,Warning,EnergySpike,medium,9,1,0,Delta,Engineer
E108196,2025-03-20 10:07:00,MX-202,Line-C,morning,Alarm,SensorFailure,high,89,55,42,Bravo,AutoReset
E108162,2025-03-20 10:07:00,MX-103,Line-B,morning,Quality,DimensionDrift,high,9,2,60,Alpha,Technician
E108270,2025-03-20 10:12:00,MX-201,Line-C,morning,Alarm,Overheat,critical,27,19,37,Charlie,Operator
E108197,2025-03-20 10:17:00,MX-103,Line-B,morning,Alarm,PressureDrop,low,73,40,76,Delta,Engineer
E108219,2025-03-20 10:42:00,MX-202,Line-C,morning,Alarm,Overheat,high,72,58,115,Bravo,Technician
E108218,2025-03-20 10:44:00,MX-201,Line-C,morning,Setup,ToolChange,low,75,73,51,Charlie,Supervisor
E108266,2025-03-20 10:50:00,MX-202,Line-C,morning,Maintenance,Lubrication,low,88,52,47,Charlie,AutoReset
E108273,2025-03-20 10:59:00,MX-103,Line-B,morning,Alarm,PressureDrop,high,20,12,12,Alpha,Technician
E108259,2025-03-20 11:22:00,MX-201,Line-C,morning,Maintenance,BearingReplacement,high,96,58,13,Bravo,Engineer
E108232,2025-03-20 11:25:00,MX-202,Line-C,morning,Warning,PressureTrend,low,4,0,0,Alpha,Engineer
E108158,2025-03-20 11:29:00,MX-102,Line-A,morning,Alarm,PressureDrop,high,35,17,32,Bravo,Technician
E108169,2025-03-20 11:30:00,MX-102,Line-A,morning,Warning,VibrationTrend,high,15,1,0,Alpha,Supervisor
E108179,2025-03-20 11:34:00,MX-103,Line-B,morning,Maintenance,Lubrication,low,42,17,6,Bravo,Operator
E108189,2025-03-20 11:49:00,MX-101,Line-A,morning,Maintenance,FilterChange,low,40,22,12,Delta,Operator
E108248,2025-03-20 11:58:00,MX-101,Line-A,morning,Quality,SurfaceDefect,medium,11,3,28,Bravo,AutoReset
E108175,2025-03-20 11:58:00,MX-101,Line-A,morning,Setup,FixtureAdjustment,medium,71,57,12,Delta,AutoReset
E108251,2025-03-20 12:37:00,MX-202,Line-C,morning,Warning,VibrationTrend,low,10,0,0,Alpha,Operator
E108185,2025-03-20 12:43:00,MX-102,Line-A,morning,Alarm,HighVibration,high,16,10,9,Charlie,AutoReset
E108202,2025-03-20 12:45:00,MX-101,Line-A,morning,Alarm,HighVibration,medium,48,41,64,Alpha,Supervisor
E108227,2025-03-20 12:54:00,MX-103,Line-B,morning,Alarm,HighVibration,medium,60,51,68,Bravo,Engineer
E108221,2025-03-20 13:22:00,MX-101,Line-A,morning,Alarm,MotorOverload,low,88,72,74,Delta,Engineer
E108176,2025-03-20 13:24:00,MX-201,Line-C,morning,Warning,EnergySpike,low,18,2,0,Charlie,Supervisor
E108263,2025-03-20 13:33:00,MX-103,Line-B,morning,Maintenance,Inspection,medium,52,30,25,Delta,Engineer
E108157,2025-03-20 13:54:00,MX-201,Line-C,morning,Setup,RecipeChange,low,28,23,22,Alpha,Technician
E108249,2025-03-20 14:21:00,MX-103,Line-B,evening,Maintenance,Calibration,low,36,21,20,Delta,Operator
E108192,2025-03-20 14:21:00,MX-102,Line-A,evening,Setup,ToolChange,medium,33,23,21,Delta,Operator
E108194,2025-03-20 14:39:00,MX-103,Line-B,evening,Quality,VisionReject,low,51,4,304,Delta,AutoReset
E108265,2025-03-20 15:15:00,MX-103,Line-B,evening,Warning,EnergySpike,low,25,2,1,Alpha,Operator
E108267,2025-03-20 15:27:00,MX-201,Line-C,evening,Alarm,MotorOverload,medium,39,32,61,Alpha,Operator
E108252,2025-03-20 15:33:00,MX-103,Line-B,evening,Quality,DimensionDrift,high,1,0,4,Delta,Supervisor
E108268,2025-03-20 16:02:00,MX-201,Line-C,evening,Setup,RecipeChange,medium,71,55,31,Alpha,AutoReset
E108209,2025-03-20 16:18:00,MX-101,Line-A,evening,Maintenance,BearingReplacement,low,102,70,35,Alpha,Supervisor
E108238,2025-03-20 16:29:00,MX-103,Line-B,evening,Warning,EnergySpike,low,1,0,0,Alpha,Engineer
E108256,2025-03-20 16:35:00,MX-101,Line-A,evening,Warning,EnergySpike,low,20,2,1,Bravo,Engineer
E108230,2025-03-20 16:39:00,MX-101,Line-A,evening,Alarm,SensorFailure,critical,78,43,43,Alpha,AutoReset
E108167,2025-03-20 16:56:00,MX-102,Line-A,evening,Maintenance,FilterChange,low,45,22,16,Charlie,Operator
E108206,2025-03-20 16:59:00,MX-202,Line-C,evening,Warning,EnergySpike,low,10,0,0,Bravo,AutoReset
E108276,2025-03-20 17:07:00,MX-103,Line-B,evening,Quality,VisionReject,medium,2,0,9,Bravo,Operator
E108231,2025-03-20 17:12:00,MX-102,Line-A,evening,Maintenance,Lubrication,high,67,42,38,Alpha,Technician
E108223,2025-03-20 17:31:00,MX-202,Line-C,evening,Maintenance,Calibration,high,56,41,31,Alpha,Supervisor
E108237,2025-03-20 17:57:00,MX-101,Line-A,evening,Quality,VisionReject,medium,24,6,124,Bravo,Engineer
E108200,2025-03-20 18:08:00,MX-201,Line-C,evening,Alarm,PressureDrop,critical,27,25,29,Bravo,Engineer
E108222,2025-03-20 18:15:00,MX-202,Line-C,evening,Warning,VibrationTrend,low,1,0,0,Delta,Technician
E108234,2025-03-20 18:22:00,MX-201,Line-C,evening,Quality,DimensionDrift,medium,27,4,180,Delta,Engineer
E108264,2025-03-20 18:28:00,MX-103,Line-B,evening,Warning,TempTrend,medium,14,0,0,Charlie,AutoReset
E108204,2025-03-20 18:32:00,MX-202,Line-C,evening,Setup,RecipeChange,low,50,40,29,Bravo,AutoReset
E108212,2025-03-20 18:40:00,MX-101,Line-A,evening,Quality,MaterialMismatch,low,35,3,235,Alpha,Technician
E108153,2025-03-20 18:43:00,MX-202,Line-C,evening,Warning,EnergySpike,low,6,0,0,Charlie,AutoReset
E108180,2025-03-20 19:00:00,MX-201,Line-C,evening,Maintenance,Inspection,low,22,7,6,Alpha,Engineer
E108279,2025-03-20 19:09:00,MX-202,Line-C,evening,Alarm,SensorFailure,critical,54,28,55,Bravo,Technician
E108226,2025-03-20 19:12:00,MX-103,Line-B,evening,Warning,EnergySpike,low,2,0,0,Bravo,Supervisor
E108161,2025-03-20 19:59:00,MX-201,Line-C,evening,Alarm,SensorFailure,critical,56,37,41,Alpha,Engineer
E108272,2025-03-20 20:00:00,MX-103,Line-B,evening,Warning,TempTrend,medium,27,0,0,Charlie,Supervisor
E108260,2025-03-20 20:06:00,MX-101,Line-A,evening,Setup,FixtureAdjustment,medium,29,20,4,Alpha,Technician
E108280,2025-03-20 20:28:00,MX-101,Line-A,evening,Alarm,MotorOverload,medium,53,50,36,Alpha,Operator
E108165,2025-03-20 20:29:00,MX-102,Line-A,evening,Maintenance,Lubrication,high,66,32,13,Bravo,AutoReset
E108278,2025-03-20 20:36:00,MX-103,Line-B,evening,Alarm,PressureDrop,high,38,26,48,Bravo,Technician
E108244,2025-03-20 20:50:00,MX-102,Line-A,evening,Quality,MaterialMismatch,high,33,0,185,Charlie,Engineer
E108236,2025-03-20 21:01:00,MX-103,Line-B,evening,Quality,MaterialMismatch,medium,2,0,10,Alpha,Supervisor
E108163,2025-03-20 21:16:00,MX-201,Line-C,evening,Maintenance,Inspection,medium,107,76,73,Charlie,AutoReset
E108271,2025-03-20 21:24:00,MX-201,Line-C,evening,Warning,VibrationTrend,low,9,1,0,Delta,AutoReset
E108199,2025-03-20 21:31:00,MX-201,Line-C,evening,Safety,DoorInterlock,high,21,18,6,Bravo,Operator
E108257,2025-03-20 21:35:00,MX-103,Line-B,evening,Alarm,SensorFailure,high,12,5,7,Alpha,Engineer
E108203,2025-03-20 21:37:00,MX-202,Line-C,evening,Maintenance,Calibration,low,88,69,66,Bravo,Technician
E108164,2025-03-20 21:37:00,MX-103,Line-B,evening,Setup,RecipeChange,medium,66,51,39,Bravo,Operator
E108174,2025-03-20 21:45:00,MX-101,Line-A,evening,Warning,VibrationTrend,low,2,0,0,Alpha,Operator
E108201,2025-03-20 21:55:00,MX-102,Line-A,evening,Alarm,MotorOverload,critical,33,25,27,Delta,Technician
E108190,2025-03-20 22:10:00,MX-202,Line-C,night,Alarm,PressureDrop,high,25,13,25,Alpha,AutoReset
E108253,2025-03-20 22:18:00,MX-202,Line-C,night,Maintenance,FilterChange,low,30,19,13,Delta,Technician
E108225,2025-03-20 22:23:00,MX-102,Line-A,night,Alarm,Overheat,medium,5,4,4,Alpha,Technician
E108275,2025-03-20 22:30:00,MX-201,Line-C,night,Maintenance,Calibration,medium,55,38,27,Delta,AutoReset
E108207,2025-03-20 22:54:00,MX-102,Line-A,night,Quality,VisionReject,medium,14,2,76,Charlie,AutoReset
E108172,2025-03-20 22:59:00,MX-102,Line-A,night,Warning,VibrationTrend,low,14,0,0,Alpha,Supervisor
E108208,2025-03-20 23:08:00,MX-101,Line-A,night,Warning,EnergySpike,low,13,1,0,Delta,AutoReset
E108177,2025-03-20 23:18:00,MX-101,Line-A,night,Quality,VisionReject,medium,11,1,68,Delta,Operator
E108224,2025-03-20 23:25:00,MX-101,Line-A,night,Alarm,Overheat,high,57,45,62,Charlie,Technician
E108243,2025-03-20 23:34:00,MX-102,Line-A,night,Setup,FixtureAdjustment,low,54,39,29,Delta,Operator
E108171,2025-03-20 23:46:00,MX-201,Line-C,night,Maintenance,Lubrication,medium,31,8,3,Bravo,Operator
E108229,2025-03-20 23:56:00,MX-102,Line-A,night,Quality,MaterialMismatch,medium,37,2,250,Alpha,Operator
E108363,2025-03-21 00:03:00,MX-101,Line-A,night,Setup,ToolChange,low,89,82,43,Charlie,Engineer
E108332,2025-03-21 00:20:00,MX-103,Line-B,night,Setup,RecipeChange,medium,29,20,14,Bravo,AutoReset
E108344,2025-03-21 00:50:00,MX-201,Line-C,night,Warning,EnergySpike,medium,7,0,0,Alpha,Engineer
E108318,2025-03-21 00:59:00,MX-103,Line-B,night,Warning,TempTrend,medium,13,0,0,Alpha,Engineer
E108290,2025-03-21 01:02:00,MX-202,Line-C,night,Alarm,MotorOverload,medium,33,20,19,Alpha,Engineer
E108301,2025-03-21 01:04:00,MX-101,Line-A,night,Maintenance,Lubrication,low,86,50,48,Alpha,Technician
E108358,2025-03-21 01:12:00,MX-103,Line-B,night,Warning,PressureTrend,low,1,0,0,Alpha,AutoReset
E108351,2025-03-21 01:19:00,MX-202,Line-C,night,Setup,ToolChange,medium,20,16,7,Delta,AutoReset
E108300,2025-03-21 01:26:00,MX-202,Line-C,night,Maintenance,Calibration,medium,43,26,15,Bravo,AutoReset
E108366,2025-03-21 01:29:00,MX-103,Line-B,night,Warning,PressureTrend,low,8,1,0,Alpha,AutoReset
E108282,2025-03-21 02:30:00,MX-103,Line-B,night,Warning,EnergySpike,medium,2,0,0,Alpha,Operator
E108302,2025-03-21 02:45:00,MX-202,Line-C,night,Alarm,MotorOverload,medium,44,37,47,Bravo,Supervisor
E108353,2025-03-21 03:11:00,MX-102,Line-A,night,Maintenance,FilterChange,low,102,46,23,Alpha,Operator
E108304,2025-03-21 03:16:00,MX-101,Line-A,night,Quality,MaterialMismatch,medium,9,2,25,Delta,Operator
E108370,2025-03-21 03:22:00,MX-103,Line-B,night,Warning,VibrationTrend,low,8,1,0,Bravo,AutoReset
E108386,2025-03-21 03:27:00,MX-202,Line-C,night,Warning,TempTrend,medium,12,0,0,Charlie,Technician
E108325,2025-03-21 03:55:00,MX-101,Line-A,night,Quality,DimensionDrift,low,21,1,133,Delta,AutoReset
E108346,2025-03-21 04:19:00,MX-201,Line-C,night,Maintenance,Calibration,medium,117,38,11,Delta,Supervisor
E108334,2025-03-21 04:20:00,MX-201,Line-C,night,Alarm,PressureDrop,high,97,45,61,Delta,Engineer
E108365,2025-03-21 04:32:00,MX-101,Line-A,night,Quality,VisionReject,high,14,1,79,Alpha,Supervisor
E108378,2025-03-21 05:00:00,MX-102,Line-A,night,Warning,VibrationTrend,low,4,0,0,Bravo,AutoReset
E108380,2025-03-21 05:00:00,MX-202,Line-C,night,Maintenance,Lubrication,low,59,41,37,Alpha,Technician
E108281,2025-03-21 05:15:00,MX-101,Line-A,night,Warning,VibrationTrend,low,1,0,0,Delta,Supervisor
E108323,2025-03-21 05:21:00,MX-102,Line-A,night,Maintenance,Inspection,high,68,21,16,Bravo,Technician
E108297,2025-03-21 05:23:00,MX-102,Line-A,night,Maintenance,Calibration,low,159,78,69,Delta,Technician
E108337,2025-03-21 05:29:00,MX-102,Line-A,night,Alarm,SensorFailure,high,180,139,133,Alpha,Technician
E108308,2025-03-21 06:02:00,MX-102,Line-A,morning,Alarm,MotorOverload,medium,8,6,10,Bravo,Technician
E108296,2025-03-21 06:23:00,MX-202,Line-C,morning,Maintenance,BearingReplacement,medium,38,20,5,Bravo,Engineer
E108291,2025-03-21 06:26:00,MX-102,Line-A,morning,Alarm,SensorFailure,high,72,39,51,Alpha,AutoReset
E108377,2025-03-21 06:36:00,MX-101,Line-A,morning,Maintenance,BearingReplacement,low,137,63,37,Delta,Engineer
E108352,2025-03-21 07:06:00,MX-101,Line-A,morning,Setup,ToolChange,low,35,32,7,Alpha,Operator
E108374,2025-03-21 07:33:00,MX-101,Line-A,morning,Warning,TempTrend,medium,1,0,0,Bravo,Technician
E108383,2025-03-21 07:51:00,MX-103,Line-B,morning,Setup,FixtureAdjustment,low,33,31,31,Alpha,Operator
E108316,2025-03-21 08:03:00,MX-101,Line-A,morning,Alarm,Overheat,critical,20,16,32,Bravo,Technician
E108319,2025-03-21 08:09:00,MX-103,Line-B,morning,Maintenance,BearingReplacement,high,159,114,47,Charlie,Operator
E108287,2025-03-21 08:11:00,MX-202,Line-C,morning,Quality,VisionReject,high,4,0,15,Bravo,Operator
E108329,2025-03-21 08:14:00,MX-201,Line-C,morning,Quality,DimensionDrift,low,6,1,26,Delta,AutoReset
E108373,2025-03-21 08:21:00,MX-201,Line-C,morning,Maintenance,BearingReplacement,low,91,52,26,Alpha,Operator
E108333,2025-03-21 08:24:00,MX-102,Line-A,morning,Alarm,SensorFailure,high,27,12,11,Delta,Engineer
E108349,2025-03-21 08:34:00,MX-101,Line-A,morning,Alarm,HighVibration,low,58,46,68,Bravo,Engineer
E108305,2025-03-21 08:43:00,MX-202,Line-C,morning,Warning,VibrationTrend,low,1,0,0,Bravo,AutoReset
E108317,2025-03-21 08:46:00,MX-202,Line-C,morning,Alarm,SensorFailure,critical,11,10,15,Bravo,Technician
E108364,2025-03-21 09:04:00,MX-103,Line-B,morning,Warning,EnergySpike,low,16,0,0,Charlie,Technician
E108309,2025-03-21 09:21:00,MX-201,Line-C,morning,Quality,MaterialMismatch,high,17,0,81,Delta,Technician
E108324,2025-03-21 09:40:00,MX-101,Line-A,morning,Warning,PressureTrend,medium,34,1,0,Alpha,Operator
E108284,2025-03-21 09:44:00,MX-101,Line-A,morning,Alarm,Overheat,medium,30,19,32,Charlie,Operator
E108368,2025-03-21 09:50:00,MX-101,Line-A,morning,Alarm,MotorOverload,high,10,5,5,Charlie,Engineer
E108362,2025-03-21 09:51:00,MX-101,Line-A,morning,Warning,VibrationTrend,medium,5,0,0,Delta,Technician
E108326,2025-03-21 09:59:00,MX-101,Line-A,morning,Maintenance,BearingReplacement,medium,90,47,27,Bravo,AutoReset
E108343,2025-03-21 10:06:00,MX-201,Line-C,morning,Setup,FixtureAdjustment,low,18,15,11,Alpha,Operator
E108328,2025-03-21 10:53:00,MX-102,Line-A,morning,Maintenance,BearingReplacement,low,110,36,22,Delta,Supervisor
E108367,2025-03-21 11:33:00,MX-101,Line-A,morning,Quality,SurfaceDefect,low,9,2,58,Charlie,AutoReset
E108312,2025-03-21 11:40:00,MX-201,Line-C,morning,Setup,ToolChange,medium,24,16,13,Bravo,Operator
E108341,2025-03-21 11:50:00,MX-101,Line-A,morning,Maintenance,Calibration,medium,35,25,23,Delta,Operator
E108288,2025-03-21 12:00:00,MX-202,Line-C,morning,Warning,PressureTrend,medium,1,0,0,Alpha,AutoReset
E108311,2025-03-21 12:07:00,MX-201,Line-C,morning,Safety,DoorInterlock,medium,20,19,10,Alpha,AutoReset
E108321,2025-03-21 12:18:00,MX-201,Line-C,morning,Maintenance,Calibration,low,120,66,61,Bravo,Technician
E108322,2025-03-21 12:25:00,MX-103,Line-B,morning,Maintenance,Inspection,low,25,8,3,Delta,Technician
E108306,2025-03-21 12:27:00,MX-102,Line-A,morning,Quality,DimensionDrift,low,1,0,4,Charlie,AutoReset
E108376,2025-03-21 12:33:00,MX-101,Line-A,morning,Quality,SurfaceDefect,low,4,0,22,Bravo,Operator
E108379,2025-03-21 12:46:00,MX-103,Line-B,morning,Alarm,SensorFailure,medium,106,73,102,Alpha,Supervisor
E108347,2025-03-21 12:51:00,MX-102,Line-A,morning,Alarm,SensorFailure,low,106,49,101,Delta,Operator
E108361,2025-03-21 13:30:00,MX-202,Line-C,morning,Safety,DoorInterlock,high,10,7,2,Delta,Engineer
E108371,2025-03-21 13:47:00,MX-101,Line-A,morning,Warning,EnergySpike,medium,4,0,0,Delta,Operator
E108339,2025-03-21 14:13:00,MX-201,Line-C,evening,Alarm,Overheat,medium,2,0,0,Charlie,Engineer
E108285,2025-03-21 14:19:00,MX-202,Line-C,evening,Setup,ToolChange,low,18,13,7,Alpha,Engineer
E108307,2025-03-21 14:21:00,MX-202,Line-C,evening,Warning,EnergySpike,low,5,0,0,Alpha,Engineer
E108381,2025-03-21 14:24:00,MX-201,Line-C,evening,Warning,TempTrend,medium,3,0,0,Bravo,Operator
E108289,2025-03-21 14:27:00,MX-101,Line-A,evening,Warning,TempTrend,high,9,0,0,Delta,Engineer
E108384,2025-03-21 14:55:00,MX-202,Line-C,evening,Quality,SurfaceDefect,medium,7,0,22,Alpha,AutoReset
E108299,2025-03-21 14:57:00,MX-202,Line-C,evening,Alarm,MotorOverload,high,15,8,14,Alpha,Technician
E108354,2025-03-21 15:37:00,MX-102,Line-A,evening,Alarm,HighVibration,critical,96,68,58,Delta,Supervisor
E108375,2025-03-21 15:38:00,MX-101,Line-A,evening,Safety,EStop,medium,25,20,20,Alpha,AutoReset
E108385,2025-03-21 16:01:00,MX-101,Line-A,evening,Quality,DimensionDrift,medium,20,1,91,Delta,Operator
E108356,2025-03-21 16:43:00,MX-101,Line-A,evening,Alarm,MotorOverload,high,14,9,8,Bravo,Technician
E108345,2025-03-21 17:13:00,MX-101,Line-A,evening,Setup,RecipeChange,low,42,40,31,Alpha,AutoReset
E108340,2025-03-21 17:17:00,MX-102,Line-A,evening,Quality,SurfaceDefect,medium,18,5,46,Alpha,Technician
E108303,2025-03-21 17:45:00,MX-101,Line-A,evening,Maintenance,Calibration,low,67,33,13,Delta,Operator
E108357,2025-03-21 18:32:00,MX-201,Line-C,evening,Alarm,MotorOverload,low,39,21,44,Bravo,Operator
E108283,2025-03-21 18:42:00,MX-102,Line-A,evening,Maintenance,FilterChange,medium,73,27,26,Delta,AutoReset
E108295,2025-03-21 18:42:00,MX-102,Line-A,evening,Maintenance,Lubrication,high,141,77,59,Alpha,Technician
E108286,2025-03-21 18:49:00,MX-102,Line-A,evening,Warning,EnergySpike,low,1,0,0,Delta,Technician
E108338,2025-03-21 19:09:00,MX-202,Line-C,evening,Alarm,SensorFailure,high,24,15,29,Delta,AutoReset
E108327,2025-03-21 19:26:00,MX-101,Line-A,evening,Maintenance,Inspection,low,138,90,39,Alpha,Engineer
E108382,2025-03-21 19:40:00,MX-103,Line-B,evening,Alarm,MotorOverload,high,20,18,13,Bravo,Operator
E108310,2025-03-21 19:47:00,MX-103,Line-B,evening,Warning,TempTrend,low,6,0,0,Delta,AutoReset
E108313,2025-03-21 19:58:00,MX-103,Line-B,evening,Quality,MaterialMismatch,medium,2,0,12,Bravo,Supervisor
E108292,2025-03-21 20:00:00,MX-101,Line-A,evening,Safety,AreaBreach,high,81,53,29,Bravo,Operator
E108293,2025-03-21 20:17:00,MX-101,Line-A,evening,Setup,FixtureAdjustment,medium,32,31,7,Delta,Technician
E108331,2025-03-21 20:32:00,MX-201,Line-C,evening,Maintenance,BearingReplacement,high,82,50,46,Bravo,AutoReset
E108330,2025-03-21 20:45:00,MX-103,Line-B,evening,Quality,SurfaceDefect,medium,37,2,125,Delta,Supervisor
E108294,2025-03-21 20:46:00,MX-102,Line-A,evening,Warning,PressureTrend,low,8,0,0,Alpha,AutoReset
E108369,2025-03-21 21:10:00,MX-102,Line-A,evening,Setup,RecipeChange,low,16,14,5,Bravo,Supervisor
E108298,2025-03-21 21:11:00,MX-101,Line-A,evening,Alarm,MotorOverload,medium,20,16,24,Bravo,Technician
E108355,2025-03-21 21:48:00,MX-102,Line-A,evening,Warning,EnergySpike,low,2,0,0,Bravo,AutoReset
E108320,2025-03-21 21:51:00,MX-103,Line-B,evening,Alarm,SensorFailure,medium,14,9,7,Bravo,Technician
E108359,2025-03-21 21:59:00,MX-202,Line-C,evening,Quality,DimensionDrift,high,31,9,105,Bravo,Technician
E108336,2025-03-21 22:01:00,MX-102,Line-A,night,Warning,PressureTrend,medium,8,0,0,Bravo,Engineer
E108335,2025-03-21 22:08:00,MX-201,Line-C,night,Alarm,PressureDrop,high,62,44,87,Delta,Technician
E108342,2025-03-21 22:10:00,MX-202,Line-C,night,Quality,VisionReject,high,4,1,20,Charlie,Technician
E108314,2025-03-21 22:37:00,MX-102,Line-A,night,Alarm,HighVibration,low,43,37,38,Alpha,Operator
E108315,2025-03-21 22:40:00,MX-101,Line-A,night,Maintenance,Lubrication,medium,102,67,46,Charlie,AutoReset
E108350,2025-03-21 22:49:00,MX-202,Line-C,night,Quality,DimensionDrift,low,7,2,39,Bravo,Supervisor
E108372,2025-03-21 23:06:00,MX-101,Line-A,night,Setup,FixtureAdjustment,low,54,53,12,Alpha,Operator
E108360,2025-03-21 23:58:00,MX-201,Line-C,night,Setup,ToolChange,low,37,36,28,Bravo,Technician
E108348,2025-03-21 23:59:00,MX-102,Line-A,night,Setup,ToolChange,medium,21,16,7,Alpha,Supervisor
E108433,2025-03-22 00:49:00,MX-103,Line-B,night,Quality,MaterialMismatch,low,17,0,96,Delta,Supervisor
E108418,2025-03-22 00:58:00,MX-201,Line-C,night,Warning,TempTrend,low,14,0,0,Alpha,AutoReset
E108419,2025-03-22 01:09:00,MX-103,Line-B,night,Alarm,MotorOverload,critical,42,34,29,Bravo,AutoReset
E108445,2025-03-22 01:30:00,MX-102,Line-A,night,Maintenance,Inspection,medium,55,28,21,Alpha,AutoReset
E108410,2025-03-22 01:36:00,MX-201,Line-C,night,Setup,FixtureAdjustment,low,20,17,16,Alpha,Technician
E108446,2025-03-22 01:44:00,MX-202,Line-C,night,Warning,TempTrend,high,10,0,0,Charlie,AutoReset
E108399,2025-03-22 02:12:00,MX-101,Line-A,night,Maintenance,Lubrication,low,46,14,12,Delta,Technician
E108431,2025-03-22 02:27:00,MX-202,Line-C,night,Quality,MaterialMismatch,low,16,0,80,Charlie,Operator
E108465,2025-03-22 02:41:00,MX-102,Line-A,night,Quality,MaterialMismatch,medium,8,2,21,Alpha,AutoReset
E108405,2025-03-22 03:18:00,MX-201,Line-C,night,Alarm,Overheat,high,34,17,24,Alpha,Operator
E108432,2025-03-22 03:29:00,MX-103,Line-B,night,Safety,EStop,medium,9,5,1,Charlie,Technician
E108394,2025-03-22 03:30:00,MX-101,Line-A,night,Alarm,MotorOverload,high,29,13,24,Bravo,Technician
E108443,2025-03-22 03:36:00,MX-102,Line-A,night,Setup,ToolChange,low,30,27,24,Delta,AutoReset
E108441,2025-03-22 04:02:00,MX-101,Line-A,night,Maintenance,Calibration,low,70,23,22,Charlie,Technician
E108436,2025-03-22 04:07:00,MX-101,Line-A,night,Setup,ToolChange,medium,58,45,32,Delta,Technician
E108451,2025-03-22 04:52:00,MX-103,Line-B,night,Maintenance,Lubrication,high,168,56,47,Alpha,Supervisor
E108455,2025-03-22 06:27:00,MX-102,Line-A,morning,Setup,FixtureAdjustment,low,57,43,29,Bravo,Engineer
E108458,2025-03-22 06:39:00,MX-103,Line-B,morning,Alarm,Overheat,high,82,77,122,Bravo,Operator
E108401,2025-03-22 06:49:00,MX-103,Line-B,morning,Maintenance,Inspection,low,90,63,52,Delta,AutoReset
E108444,2025-03-22 06:53:00,MX-103,Line-B,morning,Maintenance,FilterChange,low,52,16,8,Delta,AutoReset
E108409,2025-03-22 07:04:00,MX-201,Line-C,morning,Warning,VibrationTrend,low,20,1,0,Charlie,Engineer
E108425,2025-03-22 07:24:00,MX-101,Line-A,morning,Maintenance,FilterChange,low,49,27,22,Bravo,Operator
E108412,2025-03-22 08:00:00,MX-102,Line-A,morning,Warning,TempTrend,medium,5,0,0,Bravo,AutoReset
E108411,2025-03-22 08:10:00,MX-201,Line-C,morning,Maintenance,Calibration,medium,74,27,10,Delta,Engineer
E108423,2025-03-22 08:13:00,MX-201,Line-C,morning,Warning,TempTrend,low,9,0,0,Alpha,Technician
E108427,2025-03-22 08:17:00,MX-101,Line-A,morning,Maintenance,BearingReplacement,low,61,20,10,Delta,Technician
E108461,2025-03-22 08:38:00,MX-201,Line-C,morning,Setup,ToolChange,medium,57,48,27,Delta,AutoReset
E108390,2025-03-22 09:20:00,MX-202,Line-C,morning,Alarm,Overheat,medium,50,30,33,Charlie,Engineer
E108415,2025-03-22 09:21:00,MX-101,Line-A,morning,Quality,SurfaceDefect,medium,17,2,98,Delta,Technician
E108421,2025-03-22 09:28:00,MX-202,Line-C,morning,Setup,RecipeChange,medium,38,35,20,Alpha,Technician
E108408,2025-03-22 10:08:00,MX-102,Line-A,morning,Warning,TempTrend,low,1,0,0,Charlie,Operator
E108434,2025-03-22 10:36:00,MX-101,Line-A,morning,Alarm,PressureDrop,high,13,7,12,Delta,AutoReset
E108453,2025-03-22 10:49:00,MX-101,Line-A,morning,Maintenance,Calibration,low,64,41,33,Delta,AutoReset
E108404,2025-03-22 12:01:00,MX-102,Line-A,morning,Alarm,Overheat,medium,63,54,45,Charlie,Technician
E108417,2025-03-22 12:11:00,MX-103,Line-B,morning,Warning,PressureTrend,medium,4,0,0,Bravo,Supervisor
E108426,2025-03-22 13:32:00,MX-202,Line-C,morning,Maintenance,Inspection,medium,63,48,35,Alpha,Operator
E108396,2025-03-22 14:07:00,MX-202,Line-C,evening,Maintenance,FilterChange,low,146,38,8,Alpha,Technician
E108387,2025-03-22 14:25:00,MX-102,Line-A,evening,Setup,ToolChange,low,14,11,8,Alpha,Operator
E108393,2025-03-22 14:35:00,MX-101,Line-A,evening,Maintenance,FilterChange,medium,49,15,4,Bravo,Engineer
E108420,2025-03-22 14:43:00,MX-202,Line-C,evening,Warning,VibrationTrend,medium,12,1,0,Alpha,Operator
E108403,2025-03-22 14:57:00,MX-103,Line-B,evening,Maintenance,Inspection,low,77,23,15,Charlie,AutoReset
E108457,2025-03-22 15:01:00,MX-102,Line-A,evening,Setup,ToolChange,medium,18,16,5,Bravo,Technician
E108467,2025-03-22 15:05:00,MX-202,Line-C,evening,Alarm,PressureDrop,high,64,61,113,Delta,Technician
E108460,2025-03-22 15:05:00,MX-201,Line-C,evening,Alarm,Overheat,critical,62,36,26,Alpha,Operator
E108468,2025-03-22 15:08:00,MX-101,Line-A,evening,Maintenance,FilterChange,high,106,36,10,Alpha,Technician
E108459,2025-03-22 15:27:00,MX-102,Line-A,evening,Warning,PressureTrend,low,3,0,0,Alpha,AutoReset
E108449,2025-03-22 15:27:00,MX-103,Line-B,evening,Alarm,PressureDrop,high,53,49,36,Delta,AutoReset
E108456,2025-03-22 15:38:00,MX-103,Line-B,evening,Alarm,Overheat,high,14,12,19,Charlie,Operator
E108392,2025-03-22 16:04:00,MX-201,Line-C,evening,Quality,VisionReject,medium,7,2,25,Delta,AutoReset
E108464,2025-03-22 16:13:00,MX-202,Line-C,evening,Warning,VibrationTrend,low,10,0,0,Charlie,Engineer
E108414,2025-03-22 16:33:00,MX-102,Line-A,evening,Setup,FixtureAdjustment,medium,50,45,18,Delta,AutoReset
E108454,2025-03-22 16:41:00,MX-201,Line-C,evening,Warning,PressureTrend,high,22,0,0,Bravo,Operator
E108398,2025-03-22 16:45:00,MX-202,Line-C,evening,Alarm,SensorFailure,high,54,48,95,Charlie,Operator
E108400,2025-03-22 16:47:00,MX-201,Line-C,evening,Alarm,PressureDrop,high,96,79,146,Bravo,Operator
E108397,2025-03-22 17:02:00,MX-202,Line-C,evening,Warning,VibrationTrend,low,11,1,0,Charlie,AutoReset
E108462,2025-03-22 17:11:00,MX-202,Line-C,evening,Maintenance,Inspection,medium,71,55,37,Delta,Technician
E108413,2025-03-22 17:47:00,MX-201,Line-C,evening,Quality,VisionReject,high,10,0,52,Delta,Technician
E108395,2025-03-22 18:33:00,MX-101,Line-A,evening,Quality,DimensionDrift,high,27,5,98,Bravo,Engineer
E108447,2025-03-22 18:49:00,MX-202,Line-C,evening,Quality,SurfaceDefect,high,12,3,25,Alpha,Technician
E108391,2025-03-22 19:14:00,MX-202,Line-C,evening,Warning,TempTrend,low,3,0,0,Delta,Technician
E108406,2025-03-22 19:17:00,MX-103,Line-B,evening,Alarm,MotorOverload,critical,19,17,15,Charlie,Operator
E108389,2025-03-22 19:24:00,MX-102,Line-A,evening,Quality,SurfaceDefect,medium,8,2,42,Delta,AutoReset
E108437,2025-03-22 19:39:00,MX-103,Line-B,evening,Maintenance,Inspection,low,163,126,66,Bravo,Operator
E108452,2025-03-22 20:19:00,MX-101,Line-A,evening,Quality,DimensionDrift,low,4,0,9,Bravo,Technician
E108430,2025-03-22 20:28:00,MX-103,Line-B,evening,Alarm,Overheat,critical,32,25,52,Delta,AutoReset
E108442,2025-03-22 20:59:00,MX-102,Line-A,evening,Warning,PressureTrend,low,3,0,0,Alpha,AutoReset
E108428,2025-03-22 21:00:00,MX-103,Line-B,evening,Warning,PressureTrend,high,4,0,0,Delta,Supervisor
E108402,2025-03-22 21:07:00,MX-102,Line-A,evening,Quality,VisionReject,medium,36,7,177,Alpha,Technician
E108416,2025-03-22 21:07:00,MX-201,Line-C,evening,Safety,GuardOpen,high,20,15,9,Alpha,Engineer
E108424,2025-03-22 21:08:00,MX-103,Line-B,evening,Warning,VibrationTrend,medium,3,0,0,Delta,AutoReset
E108448,2025-03-22 21:43:00,MX-102,Line-A,evening,Maintenance,Inspection,medium,78,54,30,Charlie,Technician
E108440,2025-03-22 21:43:00,MX-102,Line-A,evening,Alarm,PressureDrop,high,15,10,12,Bravo,Supervisor
E108463,2025-03-22 22:20:00,MX-102,Line-A,night,Quality,MaterialMismatch,medium,12,3,56,Delta,AutoReset
E108450,2025-03-22 22:26:00,MX-101,Line-A,night,Warning,TempTrend,medium,1,0,0,Alpha,Operator
E108439,2025-03-22 22:28:00,MX-102,Line-A,night,Alarm,SensorFailure,medium,94,54,47,Charlie,Technician
E108388,2025-03-22 22:47:00,MX-102,Line-A,night,Alarm,SensorFailure,low,28,14,14,Bravo,AutoReset
E108435,2025-03-22 22:48:00,MX-102,Line-A,night,Setup,ToolChange,low,27,25,24,Alpha,Supervisor
E108438,2025-03-22 22:55:00,MX-201,Line-C,night,Warning,EnergySpike,high,1,0,0,Delta,Technician
E108429,2025-03-22 23:02:00,MX-101,Line-A,night,Maintenance,BearingReplacement,high,125,56,49,Charlie,Technician
E108407,2025-03-22 23:16:00,MX-201,Line-C,night,Warning,EnergySpike,low,2,0,0,Charlie,Technician
E108422,2025-03-22 23:18:00,MX-103,Line-B,night,Warning,VibrationTrend,medium,2,0,0,Bravo,Engineer
E108466,2025-03-22 23:37:00,MX-201,Line-C,night,Maintenance,Lubrication,medium,57,43,13,Bravo,Operator
E108480,2025-03-23 00:16:00,MX-202,Line-C,night,Maintenance,Calibration,medium,8,5,1,Alpha,Technician
E108510,2025-03-23 00:22:00,MX-102,Line-A,night,Warning,EnergySpike,high,18,2,0,Delta,AutoReset
E108523,2025-03-23 00:44:00,MX-103,Line-B,night,Quality,SurfaceDefect,medium,13,2,50,Bravo,Operator
E108518,2025-03-23 00:52:00,MX-202,Line-C,night,Maintenance,Inspection,low,136,56,53,Bravo,Engineer
E108471,2025-03-23 01:15:00,MX-103,Line-B,night,Quality,DimensionDrift,medium,6,0,26,Alpha,AutoReset
E108505,2025-03-23 02:24:00,MX-101,Line-A,night,Alarm,MotorOverload,high,14,11,10,Alpha,Technician
E108485,2025-03-23 02:27:00,MX-201,Line-C,night,Safety,DoorInterlock,critical,30,25,5,Alpha,Technician
E108475,2025-03-23 02:30:00,MX-201,Line-C,night,Maintenance,Lubrication,low,8,4,2,Bravo,Technician
E108524,2025-03-23 02:31:00,MX-201,Line-C,night,Alarm,SensorFailure,high,23,16,34,Charlie,AutoReset
E108504,2025-03-23 02:32:00,MX-202,Line-C,night,Setup,RecipeChange,medium,69,62,21,Charlie,Operator
E108502,2025-03-23 02:36:00,MX-102,Line-A,night,Setup,RecipeChange,low,13,12,8,Charlie,AutoReset
E108503,2025-03-23 02:41:00,MX-202,Line-C,night,Warning,VibrationTrend,low,4,0,0,Bravo,Supervisor
E108513,2025-03-23 02:55:00,MX-101,Line-A,night,Warning,EnergySpike,low,19,1,0,Charlie,Operator
E108479,2025-03-23 03:20:00,MX-202,Line-C,night,Alarm,PressureDrop,medium,18,10,10,Charlie,Technician
E108509,2025-03-23 03:26:00,MX-101,Line-A,night,Quality,MaterialMismatch,high,6,1,15,Charlie,Supervisor
E108520,2025-03-23 03:36:00,MX-101,Line-A,night,Maintenance,Inspection,high,62,41,37,Charlie,Technician
E108470,2025-03-23 03:42:00,MX-201,Line-C,night,Alarm,PressureDrop,high,15,10,13,Bravo,Technician
E108478,2025-03-23 03:50:00,MX-102,Line-A,night,Setup,FixtureAdjustment,medium,57,51,48,Bravo,Engineer
E108492,2025-03-23 04:06:00,MX-103,Line-B,night,Setup,FixtureAdjustment,low,18,15,9,Charlie,Operator
E108490,2025-03-23 04:35:00,MX-101,Line-A,night,Maintenance,FilterChange,medium,95,74,26,Bravo,Technician
E108527,2025-03-23 04:58:00,MX-102,Line-A,night,Setup,RecipeChange,low,54,45,41,Bravo,AutoReset
E108507,2025-03-23 05:01:00,MX-201,Line-C,night,Maintenance,BearingReplacement,medium,81,36,24,Charlie,Technician
E108532,2025-03-23 05:37:00,MX-103,Line-B,night,Setup,RecipeChange,medium,21,17,17,Delta,Engineer
E108547,2025-03-23 05:41:00,MX-102,Line-A,night,Quality,MaterialMismatch,medium,8,2,29,Alpha,Engineer
E108489,2025-03-23 05:50:00,MX-102,Line-A,night,Quality,VisionReject,high,1,0,4,Delta,Technician
E108508,2025-03-23 05:55:00,MX-103,Line-B,night,Warning,EnergySpike,low,3,0,0,Delta,Technician
E108542,2025-03-23 06:17:00,MX-102,Line-A,morning,Warning,PressureTrend,low,3,0,0,Delta,Operator
E108526,2025-03-23 06:28:00,MX-102,Line-A,morning,Maintenance,Lubrication,low,74,32,27,Delta,Engineer
E108476,2025-03-23 06:29:00,MX-202,Line-C,morning,Setup,ToolChange,medium,52,39,33,Charlie,AutoReset
E108538,2025-03-23 07:20:00,MX-102,Line-A,morning,Warning,PressureTrend,low,1,0,0,Delta,Supervisor
E108536,2025-03-23 07:21:00,MX-202,Line-C,morning,Safety,AreaBreach,high,5,4,3,Bravo,Operator
E108498,2025-03-23 07:58:00,MX-202,Line-C,morning,Quality,DimensionDrift,medium,1,0,5,Bravo,Operator
E108506,2025-03-23 08:13:00,MX-102,Line-A,morning,Safety,DoorInterlock,critical,8,4,2,Alpha,Technician
E108516,2025-03-23 08:22:00,MX-202,Line-C,morning,Quality,VisionReject,medium,51,2,337,Charlie,Operator
E108539,2025-03-23 08:33:00,MX-101,Line-A,morning,Warning,TempTrend,medium,3,0,0,Alpha,Technician
E108484,2025-03-23 09:05:00,MX-103,Line-B,morning,Warning,TempTrend,medium,1,0,0,Bravo,Engineer
E108477,2025-03-23 09:28:00,MX-101,Line-A,morning,Setup,RecipeChange,low,117,93,50,Alpha,Operator
E108533,2025-03-23 09:49:00,MX-103,Line-B,morning,Maintenance,Calibration,low,33,10,2,Delta,Technician
E108496,2025-03-23 10:40:00,MX-202,Line-C,morning,Alarm,MotorOverload,medium,42,30,34,Charlie,Engineer
E108537,2025-03-23 11:16:00,MX-201,Line-C,morning,Warning,TempTrend,medium,7,0,0,Bravo,Operator
E108499,2025-03-23 11:52:00,MX-102,Line-A,morning,Safety,AreaBreach,medium,80,44,18,Alpha,AutoReset
E108493,2025-03-23 12:02:00,MX-102,Line-A,morning,Safety,DoorInterlock,high,6,3,3,Bravo,AutoReset
E108541,2025-03-23 12:38:00,MX-101,Line-A,morning,Maintenance,BearingReplacement,low,30,20,15,Alpha,Supervisor
E108544,2025-03-23 12:46:00,MX-103,Line-B,morning,Maintenance,Lubrication,medium,138,102,37,Alpha,AutoReset
E108528,2025-03-23 12:53:00,MX-102,Line-A,morning,Quality,DimensionDrift,medium,64,18,184,Charlie,AutoReset
E108487,2025-03-23 13:22:00,MX-101,Line-A,morning,Maintenance,Calibration,low,33,22,6,Delta,Engineer
E108514,2025-03-23 13:32:00,MX-201,Line-C,morning,Maintenance,BearingReplacement,medium,38,29,24,Alpha,Supervisor
E108491,2025-03-23 13:38:00,MX-201,Line-C,morning,Setup,ToolChange,medium,71,69,58,Charlie,Supervisor
E108515,2025-03-23 14:17:00,MX-202,Line-C,evening,Setup,ToolChange,low,31,27,6,Delta,Operator
E108494,2025-03-23 14:35:00,MX-102,Line-A,evening,Maintenance,Calibration,low,65,50,32,Delta,Operator
E108501,2025-03-23 14:47:00,MX-102,Line-A,evening,Alarm,PressureDrop,high,28,21,42,Bravo,Engineer
E108511,2025-03-23 15:06:00,MX-102,Line-A,evening,Warning,VibrationTrend,low,2,0,0,Delta,Engineer
E108525,2025-03-23 15:19:00,MX-102,Line-A,evening,Maintenance,Inspection,low,32,23,13,Alpha,Technician
E108469,2025-03-23 15:29:00,MX-201,Line-C,evening,Alarm,SensorFailure,medium,97,73,62,Delta,Technician
E108546,2025-03-23 16:04:00,MX-202,Line-C,evening,Maintenance,Lubrication,low,54,38,26,Delta,Technician
E108512,2025-03-23 16:17:00,MX-102,Line-A,evening,Alarm,HighVibration,high,67,66,48,Delta,AutoReset
E108473,2025-03-23 16:23:00,MX-102,Line-A,evening,Setup,ToolChange,low,47,36,15,Alpha,AutoReset
E108481,2025-03-23 16:34:00,MX-102,Line-A,evening,Quality,SurfaceDefect,medium,4,0,9,Bravo,Technician
E108500,2025-03-23 16:37:00,MX-201,Line-C,evening,Quality,SurfaceDefect,high,13,2,45,Delta,AutoReset
E108497,2025-03-23 18:01:00,MX-201,Line-C,evening,Warning,EnergySpike,low,1,0,0,Alpha,AutoReset
E108488,2025-03-23 18:06:00,MX-103,Line-B,evening,Warning,VibrationTrend,low,8,0,0,Charlie,Engineer
E108519,2025-03-23 18:12:00,MX-102,Line-A,evening,Warning,PressureTrend,high,3,0,0,Delta,AutoReset
E108529,2025-03-23 18:52:00,MX-102,Line-A,evening,Maintenance,BearingReplacement,medium,92,30,15,Bravo,Operator
E108530,2025-03-23 19:04:00,MX-102,Line-A,evening,Setup,ToolChange,low,34,27,13,Alpha,AutoReset
E108548,2025-03-23 19:18:00,MX-103,Line-B,evening,Warning,VibrationTrend,low,19,0,0,Alpha,Supervisor
E108521,2025-03-23 19:47:00,MX-103,Line-B,evening,Setup,FixtureAdjustment,low,20,17,4,Charlie,AutoReset
E108486,2025-03-23 19:55:00,MX-202,Line-C,evening,Quality,VisionReject,medium,28,5,67,Charlie,Technician
E108534,2025-03-23 21:16:00,MX-202,Line-C,evening,Setup,ToolChange,medium,8,7,6,Charlie,Technician
E108540,2025-03-23 21:34:00,MX-102,Line-A,evening,Warning,PressureTrend,low,6,0,0,Charlie,Technician
E108522,2025-03-23 21:35:00,MX-103,Line-B,evening,Quality,MaterialMismatch,medium,5,0,10,Bravo,Technician
E108535,2025-03-23 21:39:00,MX-201,Line-C,evening,Setup,RecipeChange,low,48,46,22,Alpha,Technician
E108517,2025-03-23 21:39:00,MX-101,Line-A,evening,Alarm,PressureDrop,low,32,22,40,Alpha,Engineer
E108545,2025-03-23 21:39:00,MX-202,Line-C,evening,Maintenance,Lubrication,medium,53,31,12,Charlie,Operator
E108483,2025-03-23 21:53:00,MX-201,Line-C,evening,Maintenance,FilterChange,high,57,39,21,Bravo,Engineer
E108482,2025-03-23 22:03:00,MX-102,Line-A,night,Setup,ToolChange,low,54,42,40,Bravo,Engineer
E108543,2025-03-23 22:03:00,MX-202,Line-C,night,Setup,FixtureAdjustment,medium,31,24,11,Alpha,Operator
E108472,2025-03-23 22:11:00,MX-102,Line-A,night,Alarm,MotorOverload,low,65,39,58,Alpha,AutoReset
E108474,2025-03-23 22:15:00,MX-202,Line-C,night,Alarm,Overheat,high,56,46,71,Delta,AutoReset
E108531,2025-03-23 23:17:00,MX-103,Line-B,night,Setup,ToolChange,low,91,83,65,Delta,Operator
E108495,2025-03-23 23:23:00,MX-101,Line-A,night,Safety,GuardOpen,medium,29,21,25,Charlie,Technician
E108556,2025-03-24 00:02:00,MX-202,Line-C,night,Safety,DoorInterlock,medium,8,6,2,Charlie,Supervisor
E108651,2025-03-24 00:09:00,MX-103,Line-B,night,Alarm,SensorFailure,high,19,9,7,Bravo,AutoReset
E108592,2025-03-24 00:23:00,MX-202,Line-C,night,Alarm,Overheat,high,27,24,43,Alpha,AutoReset
E108568,2025-03-24 00:30:00,MX-102,Line-A,night,Alarm,MotorOverload,medium,13,10,11,Delta,AutoReset
E108551,2025-03-24 00:43:00,MX-201,Line-C,night,Maintenance,BearingReplacement,low,49,28,9,Bravo,Supervisor
E108614,2025-03-24 00:45:00,MX-103,Line-B,night,Setup,RecipeChange,low,20,15,5,Delta,Supervisor
E108584,2025-03-24 00:46:00,MX-201,Line-C,night,Safety,EStop,medium,16,11,8,Bravo,Engineer
E108572,2025-03-24 00:51:00,MX-102,Line-A,night,Warning,PressureTrend,low,5,0,0,Bravo,Operator
E108660,2025-03-24 00:57:00,MX-102,Line-A,night,Setup,FixtureAdjustment,low,82,81,74,Charlie,Supervisor
E108611,2025-03-24 01:43:00,MX-201,Line-C,night,Quality,MaterialMismatch,high,8,1,32,Delta,Technician
E108607,2025-03-24 02:14:00,MX-101,Line-A,night,Warning,PressureTrend,medium,1,0,0,Alpha,Operator
E108627,2025-03-24 02:14:00,MX-102,Line-A,night,Maintenance,FilterChange,medium,52,22,17,Bravo,Technician
E108666,2025-03-24 02:41:00,MX-202,Line-C,night,Maintenance,FilterChange,medium,107,71,69,Bravo,AutoReset
E108553,2025-03-24 03:07:00,MX-201,Line-C,night,Setup,FixtureAdjustment,medium,9,6,5,Alpha,Operator
E108586,2025-03-24 03:08:00,MX-201,Line-C,night,Alarm,HighVibration,medium,35,29,28,Bravo,AutoReset
E108606,2025-03-24 03:23:00,MX-101,Line-A,night,Setup,RecipeChange,medium,26,18,5,Bravo,Engineer
E108583,2025-03-24 03:25:00,MX-202,Line-C,night,Setup,RecipeChange,low,59,49,11,Delta,AutoReset
E108603,2025-03-24 03:26:00,MX-201,Line-C,night,Warning,EnergySpike,low,17,2,0,Charlie,Supervisor
E108571,2025-03-24 03:27:00,MX-103,Line-B,night,Alarm,HighVibration,low,21,15,28,Delta,Engineer
E108560,2025-03-24 03:34:00,MX-101,Line-A,night,Setup,FixtureAdjustment,low,42,34,18,Alpha,Operator
E108591,2025-03-24 03:51:00,MX-201,Line-C,night,Alarm,Overheat,high,16,7,11,Charlie,Engineer
E108658,2025-03-24 04:05:00,MX-201,Line-C,night,Maintenance,Inspection,medium,98,40,16,Bravo,Engineer
E108604,2025-03-24 04:10:00,MX-103,Line-B,night,Setup,FixtureAdjustment,medium,28,24,21,Bravo,AutoReset
E108652,2025-03-24 04:35:00,MX-202,Line-C,night,Alarm,Overheat,medium,71,67,118,Delta,Supervisor
E108569,2025-03-24 04:35:00,MX-202,Line-C,night,Maintenance,FilterChange,medium,79,46,13,Charlie,Supervisor
E108642,2025-03-24 04:37:00,MX-201,Line-C,night,Warning,VibrationTrend,medium,9,0,0,Alpha,Engineer
E108589,2025-03-24 05:04:00,MX-101,Line-A,night,Quality,SurfaceDefect,medium,8,1,22,Delta,Technician
E108638,2025-03-24 05:23:00,MX-103,Line-B,night,Maintenance,Inspection,low,46,11,8,Delta,Operator
E108649,2025-03-24 05:25:00,MX-102,Line-A,night,Maintenance,FilterChange,low,81,37,20,Alpha,AutoReset
E108643,2025-03-24 05:27:00,MX-202,Line-C,night,Safety,AreaBreach,critical,32,21,19,Delta,AutoReset
E108594,2025-03-24 05:31:00,MX-102,Line-A,night,Maintenance,Inspection,medium,91,49,29,Delta,Engineer
E108637,2025-03-24 05:59:00,MX-102,Line-A,night,Safety,AreaBreach,high,16,11,10,Bravo,Technician
E108563,2025-03-24 06:26:00,MX-101,Line-A,morning,Warning,TempTrend,high,17,0,0,Charlie,Operator
E108578,2025-03-24 06:28:00,MX-103,Line-B,morning,Warning,EnergySpike,medium,1,0,0,Bravo,AutoReset
E108576,2025-03-24 06:34:00,MX-101,Line-A,morning,Warning,VibrationTrend,low,11,1,0,Alpha,Supervisor
E108610,2025-03-24 06:35:00,MX-201,Line-C,morning,Quality,DimensionDrift,high,5,1,28,Bravo,Engineer
E108587,2025-03-24 07:11:00,MX-103,Line-B,morning,Warning,EnergySpike,medium,25,0,0,Alpha,Operator
E108554,2025-03-24 07:25:00,MX-201,Line-C,morning,Warning,PressureTrend,high,3,0,0,Alpha,Supervisor
E108609,2025-03-24 08:06:00,MX-102,Line-A,morning,Warning,VibrationTrend,low,2,0,0,Delta,Operator
E108662,2025-03-24 08:10:00,MX-202,Line-C,morning,Warning,TempTrend,medium,4,0,0,Delta,Technician
E108616,2025-03-24 08:12:00,MX-101,Line-A,morning,Maintenance,FilterChange,medium,90,52,33,Bravo,Engineer
E108644,2025-03-24 08:18:00,MX-201,Line-C,morning,Maintenance,Calibration,medium,137,91,87,Charlie,Supervisor
E108602,2025-03-24 09:22:00,MX-103,Line-B,morning,Warning,EnergySpike,low,10,0,0,Alpha,Technician
E108653,2025-03-24 09:29:00,MX-201,Line-C,morning,Alarm,SensorFailure,high,55,47,76,Bravo,Technician
E108581,2025-03-24 09:38:00,MX-101,Line-A,morning,Setup,RecipeChange,medium,72,53,20,Delta,AutoReset
E108620,2025-03-24 09:51:00,MX-102,Line-A,morning,Warning,PressureTrend,medium,3,0,0,Delta,Operator
E108567,2025-03-24 09:57:00,MX-201,Line-C,morning,Maintenance,Inspection,low,42,16,5,Charlie,Engineer
E108624,2025-03-24 10:04:00,MX-102,Line-A,morning,Safety,GuardOpen,critical,11,8,5,Alpha,Technician
E108665,2025-03-24 10:32:00,MX-101,Line-A,morning,Alarm,HighVibration,medium,31,22,45,Bravo,Supervisor
E108601,2025-03-24 10:40:00,MX-201,Line-C,morning,Alarm,MotorOverload,high,39,35,48,Bravo,Operator
E108654,2025-03-24 10:52:00,MX-101,Line-A,morning,Warning,PressureTrend,low,20,1,0,Bravo,Operator
E108615,2025-03-24 11:05:00,MX-102,Line-A,morning,Warning,PressureTrend,low,3,0,0,Delta,AutoReset
E108659,2025-03-24 11:15:00,MX-202,Line-C,morning,Alarm,MotorOverload,high,70,45,49,Alpha,Technician
E108629,2025-03-24 11:28:00,MX-102,Line-A,morning,Warning,PressureTrend,low,10,0,0,Alpha,Operator
E108619,2025-03-24 11:33:00,MX-102,Line-A,morning,Safety,GuardOpen,medium,103,66,97,Alpha,Operator
E108555,2025-03-24 11:42:00,MX-201,Line-C,morning,Quality,DimensionDrift,medium,51,6,102,Alpha,Technician
E108655,2025-03-24 11:48:00,MX-102,Line-A,morning,Maintenance,Lubrication,high,65,51,41,Charlie,Technician
E108585,2025-03-24 12:27:00,MX-102,Line-A,morning,Warning,TempTrend,medium,5,0,0,Delta,Technician
E108663,2025-03-24 12:36:00,MX-102,Line-A,morning,Quality,DimensionDrift,medium,5,1,30,Charlie,Operator
E108582,2025-03-24 12:49:00,MX-101,Line-A,morning,Quality,SurfaceDefect,high,36,7,240,Charlie,Engineer
E108562,2025-03-24 12:51:00,MX-102,Line-A,morning,Alarm,HighVibration,high,33,30,52,Delta,Engineer
E108557,2025-03-24 13:13:00,MX-101,Line-A,morning,Safety,DoorInterlock,medium,20,14,17,Bravo,Supervisor
E108612,2025-03-24 13:14:00,MX-102,Line-A,morning,Safety,AreaBreach,high,13,10,8,Charlie,Operator
E108590,2025-03-24 13:40:00,MX-101,Line-A,morning,Quality,VisionReject,low,14,4,85,Charlie,Operator
E108632,2025-03-24 13:43:00,MX-102,Line-A,morning,Quality,VisionReject,medium,23,1,89,Delta,Technician
E108605,2025-03-24 14:19:00,MX-201,Line-C,evening,Quality,SurfaceDefect,high,11,1,55,Bravo,Operator
E108575,2025-03-24 15:11:00,MX-103,Line-B,evening,Alarm,SensorFailure,medium,40,38,30,Charlie,Engineer
E108608,2025-03-24 15:23:00,MX-103,Line-B,evening,Warning,EnergySpike,medium,13,1,0,Charlie,Operator
E108617,2025-03-24 15:24:00,MX-101,Line-A,evening,Maintenance,FilterChange,low,44,16,10,Bravo,Engineer
E108588,2025-03-24 15:29:00,MX-201,Line-C,evening,Safety,AreaBreach,medium,31,30,8,Charlie,Technician
E108656,2025-03-24 15:31:00,MX-101,Line-A,evening,Warning,EnergySpike,low,4,0,0,Delta,Engineer
E108626,2025-03-24 15:59:00,MX-201,Line-C,evening,Quality,SurfaceDefect,medium,3,0,17,Charlie,Engineer
E108599,2025-03-24 16:10:00,MX-102,Line-A,evening,Warning,PressureTrend,high,3,0,0,Charlie,Engineer
E108650,2025-03-24 16:14:00,MX-201,Line-C,evening,Quality,MaterialMismatch,low,1,0,2,Charlie,Engineer
E108667,2025-03-24 16:24:00,MX-101,Line-A,evening,Setup,RecipeChange,medium,40,28,24,Bravo,AutoReset
E108628,2025-03-24 16:31:00,MX-201,Line-C,evening,Quality,DimensionDrift,high,9,1,34,Alpha,Technician
E108623,2025-03-24 16:35:00,MX-201,Line-C,evening,Alarm,Overheat,high,39,35,68,Charlie,AutoReset
E108657,2025-03-24 16:40:00,MX-103,Line-B,evening,Safety,AreaBreach,medium,19,13,2,Delta,Technician
E108596,2025-03-24 16:51:00,MX-202,Line-C,evening,Maintenance,FilterChange,low,66,49,36,Alpha,Technician
E108646,2025-03-24 17:00:00,MX-201,Line-C,evening,Warning,PressureTrend,low,8,0,0,Delta,Technician
E108647,2025-03-24 17:01:00,MX-201,Line-C,evening,Maintenance,Calibration,low,17,8,2,Charlie,Technician
E108621,2025-03-24 17:01:00,MX-201,Line-C,evening,Alarm,MotorOverload,high,59,40,65,Alpha,AutoReset
E108559,2025-03-24 17:42:00,MX-202,Line-C,evening,Alarm,Overheat,critical,7,5,5,Charlie,Technician
E108565,2025-03-24 17:46:00,MX-101,Line-A,evening,Setup,FixtureAdjustment,medium,15,13,6,Alpha,Operator
E108631,2025-03-24 17:49:00,MX-202,Line-C,evening,Quality,MaterialMismatch,high,10,1,52,Alpha,Operator
E108558,2025-03-24 18:01:00,MX-201,Line-C,evening,Warning,EnergySpike,high,9,1,0,Alpha,Technician
E108645,2025-03-24 18:04:00,MX-102,Line-A,evening,Alarm,SensorFailure,low,53,33,69,Bravo,Operator
E108595,2025-03-24 18:10:00,MX-201,Line-C,evening,Setup,ToolChange,medium,45,34,7,Charlie,AutoReset
E108552,2025-03-24 18:17:00,MX-102,Line-A,evening,Quality,SurfaceDefect,low,31,8,171,Charlie,Supervisor
E108648,2025-03-24 18:22:00,MX-103,Line-B,evening,Setup,FixtureAdjustment,low,34,33,9,Bravo,Technician
E108618,2025-03-24 18:24:00,MX-102,Line-A,evening,Setup,RecipeChange,low,8,6,3,Delta,Engineer
E108661,2025-03-24 18:32:00,MX-102,Line-A,evening,Alarm,MotorOverload,high,71,68,124,Bravo,Technician
E108600,2025-03-24 18:41:00,MX-101,Line-A,evening,Maintenance,BearingReplacement,medium,40,28,11,Delta,Operator
E108561,2025-03-24 18:42:00,MX-103,Line-B,evening,Alarm,Overheat,high,31,23,25,Charlie,Engineer
E108622,2025-03-24 19:14:00,MX-101,Line-A,evening,Maintenance,FilterChange,low,111,78,52,Bravo,Operator
E108574,2025-03-24 19:27:00,MX-101,Line-A,evening,Maintenance,FilterChange,low,74,55,42,Alpha,AutoReset
E108593,2025-03-24 20:00:00,MX-102,Line-A,evening,Warning,TempTrend,medium,2,0,0,Delta,Operator
E108630,2025-03-24 20:12:00,MX-201,Line-C,evening,Quality,MaterialMismatch,medium,31,3,121,Charlie,Technician
E108577,2025-03-24 20:13:00,MX-101,Line-A,evening,Setup,FixtureAdjustment,low,62,59,45,Charlie,Technician
E108580,2025-03-24 20:19:00,MX-103,Line-B,evening,Warning,EnergySpike,low,3,0,0,Bravo,Technician
E108564,2025-03-24 20:25:00,MX-101,Line-A,evening,Setup,RecipeChange,low,29,23,10,Bravo,Engineer
E108597,2025-03-24 20:31:00,MX-101,Line-A,evening,Warning,TempTrend,low,9,0,0,Delta,Technician
E108570,2025-03-24 20:35:00,MX-102,Line-A,evening,Warning,PressureTrend,high,8,0,0,Alpha,Technician
E108640,2025-03-24 20:40:00,MX-102,Line-A,evening,Maintenance,FilterChange,medium,50,37,21,Alpha,Operator
E108613,2025-03-24 20:41:00,MX-101,Line-A,evening,Quality,DimensionDrift,high,3,0,18,Bravo,Technician
E108549,2025-03-24 20:58:00,MX-103,Line-B,evening,Maintenance,Calibration,low,136,77,19,Bravo,Operator
E108639,2025-03-24 21:13:00,MX-101,Line-A,evening,Alarm,HighVibration,high,90,52,103,Alpha,Supervisor
E108566,2025-03-24 21:31:00,MX-102,Line-A,evening,Warning,PressureTrend,medium,3,0,0,Alpha,AutoReset
E108635,2025-03-24 22:00:00,MX-101,Line-A,night,Alarm,PressureDrop,high,59,30,42,Delta,Engineer
E108598,2025-03-24 22:03:00,MX-102,Line-A,night,Alarm,MotorOverload,medium,114,97,86,Charlie,AutoReset
E108579,2025-03-24 22:04:00,MX-102,Line-A,night,Warning,VibrationTrend,low,2,0,0,Alpha,Technician
E108573,2025-03-24 22:21:00,MX-201,Line-C,night,Warning,EnergySpike,medium,8,0,0,Bravo,Operator
E108625,2025-03-24 22:27:00,MX-202,Line-C,night,Warning,PressureTrend,low,5,0,0,Delta,Technician
E108636,2025-03-24 23:08:00,MX-202,Line-C,night,Warning,VibrationTrend,medium,20,0,0,Alpha,AutoReset
E108641,2025-03-24 23:16:00,MX-101,Line-A,night,Warning,PressureTrend,low,1,0,0,Alpha,Technician
E108634,2025-03-24 23:20:00,MX-202,Line-C,night,Maintenance,BearingReplacement,low,23,16,11,Delta,Engineer
E108664,2025-03-24 23:32:00,MX-101,Line-A,night,Quality,SurfaceDefect,high,4,1,8,Delta,Technician
E108633,2025-03-24 23:37:00,MX-202,Line-C,night,Setup,ToolChange,low,34,25,15,Charlie,Operator
E108550,2025-03-24 23:51:00,MX-103,Line-B,night,Setup,RecipeChange,low,54,44,36,Alpha,Operator
E108731,2025-03-25 00:08:00,MX-103,Line-B,night,Setup,ToolChange,low,24,22,22,Alpha,AutoReset
E108718,2025-03-25 00:13:00,MX-103,Line-B,night,Alarm,HighVibration,high,29,28,44,Bravo,Supervisor
E108690,2025-03-25 00:18:00,MX-102,Line-A,night,Warning,PressureTrend,low,19,1,0,Delta,Operator
E108764,2025-03-25 00:24:00,MX-202,Line-C,night,Maintenance,BearingReplacement,low,126,57,56,Delta,Technician
E108710,2025-03-25 00:26:00,MX-102,Line-A,night,Warning,TempTrend,medium,3,0,0,Charlie,Operator
E108698,2025-03-25 00:28:00,MX-102,Line-A,night,Warning,PressureTrend,low,5,0,0,Alpha,AutoReset
E108769,2025-03-25 00:37:00,MX-201,Line-C,night,Warning,PressureTrend,medium,1,0,0,Charlie,Technician
E108767,2025-03-25 00:46:00,MX-202,Line-C,night,Alarm,HighVibration,critical,71,51,80,Charlie,Technician
E108675,2025-03-25 01:26:00,MX-101,Line-A,night,Warning,VibrationTrend,medium,12,0,0,Charlie,Engineer
E108668,2025-03-25 01:44:00,MX-102,Line-A,night,Alarm,PressureDrop,high,66,64,63,Delta,Operator
E108711,2025-03-25 01:59:00,MX-101,Line-A,night,Maintenance,FilterChange,low,35,10,8,Delta,Technician
E108693,2025-03-25 02:09:00,MX-103,Line-B,night,Alarm,MotorOverload,high,62,36,51,Delta,Operator
E108712,2025-03-25 03:23:00,MX-102,Line-A,night,Alarm,Overheat,low,20,14,19,Alpha,AutoReset
E108751,2025-03-25 03:25:00,MX-101,Line-A,night,Alarm,SensorFailure,medium,78,66,64,Charlie,Engineer
E108770,2025-03-25 03:37:00,MX-201,Line-C,night,Maintenance,Inspection,medium,135,94,21,Charlie,Supervisor
E108716,2025-03-25 03:55:00,MX-102,Line-A,night,Setup,RecipeChange,low,45,33,26,Bravo,Engineer
E108703,2025-03-25 04:06:00,MX-201,Line-C,night,Setup,ToolChange,low,18,15,9,Delta,Operator
E108700,2025-03-25 04:10:00,MX-201,Line-C,night,Maintenance,Lubrication,medium,173,93,60,Charlie,Technician
E108686,2025-03-25 04:13:00,MX-101,Line-A,night,Warning,TempTrend,medium,6,0,0,Alpha,Operator
E108696,2025-03-25 04:21:00,MX-103,Line-B,night,Maintenance,FilterChange,high,166,58,35,Alpha,Operator
E108722,2025-03-25 04:24:00,MX-103,Line-B,night,Alarm,Overheat,medium,19,13,11,Alpha,Technician
E108705,2025-03-25 04:41:00,MX-202,Line-C,night,Alarm,Overheat,medium,55,33,66,Bravo,AutoReset
E108697,2025-03-25 04:49:00,MX-101,Line-A,night,Maintenance,FilterChange,medium,92,42,33,Charlie,AutoReset
E108742,2025-03-25 04:53:00,MX-202,Line-C,night,Safety,GuardOpen,high,71,55,15,Delta,Operator
E108745,2025-03-25 04:57:00,MX-102,Line-A,night,Safety,EStop,high,21,17,5,Delta,Operator
E108758,2025-03-25 05:12:00,MX-103,Line-B,night,Maintenance,FilterChange,medium,58,39,31,Charlie,Operator
E108754,2025-03-25 05:24:00,MX-101,Line-A,night,Maintenance,FilterChange,low,15,6,2,Delta,Engineer
E108729,2025-03-25 05:34:00,MX-201,Line-C,night,Warning,EnergySpike,low,7,0,0,Alpha,Supervisor
E108732,2025-03-25 05:40:00,MX-201,Line-C,night,Warning,TempTrend,low,20,1,0,Charlie,Technician
E108695,2025-03-25 05:53:00,MX-102,Line-A,night,Alarm,SensorFailure,low,53,37,69,Alpha,AutoReset
E108674,2025-03-25 06:00:00,MX-202,Line-C,morning,Alarm,MotorOverload,medium,16,10,9,Alpha,Engineer
E108749,2025-03-25 06:02:00,MX-201,Line-C,morning,Maintenance,Calibration,high,91,39,13,Charlie,Technician
E108755,2025-03-25 06:03:00,MX-103,Line-B,morning,Safety,EStop,high,6,4,5,Charlie,Operator
E108715,2025-03-25 06:03:00,MX-101,Line-A,morning,Warning,VibrationTrend,low,12,0,0,Bravo,AutoReset
E108744,2025-03-25 06:04:00,MX-201,Line-C,morning,Setup,RecipeChange,medium,101,72,29,Charlie,AutoReset
E108771,2025-03-25 06:43:00,MX-202,Line-C,morning,Setup,ToolChange,low,10,9,5,Alpha,Engineer
E108713,2025-03-25 07:22:00,MX-101,Line-A,morning,Alarm,PressureDrop,medium,18,12,19,Alpha,AutoReset
E108740,2025-03-25 07:34:00,MX-103,Line-B,morning,Alarm,PressureDrop,critical,16,9,18,Alpha,Operator
E108676,2025-03-25 07:40:00,MX-101,Line-A,morning,Quality,DimensionDrift,low,17,5,93,Charlie,Supervisor
E108779,2025-03-25 07:43:00,MX-103,Line-B,morning,Setup,ToolChange,medium,15,11,11,Bravo,Engineer
E108672,2025-03-25 08:03:00,MX-201,Line-C,morning,Alarm,SensorFailure,high,4,3,4,Alpha,Technician
E108727,2025-03-25 08:07:00,MX-103,Line-B,morning,Alarm,Overheat,high,36,16,22,Bravo,Supervisor
E108726,2025-03-25 08:18:00,MX-102,Line-A,morning,Setup,FixtureAdjustment,low,36,27,29,Alpha,Operator
E108702,2025-03-25 08:51:00,MX-102,Line-A,morning,Warning,VibrationTrend,medium,9,1,0,Delta,Technician
E108679,2025-03-25 08:55:00,MX-102,Line-A,morning,Safety,DoorInterlock,high,67,35,23,Delta,Operator
E108704,2025-03-25 08:58:00,MX-202,Line-C,morning,Quality,MaterialMismatch,low,13,0,87,Delta,AutoReset
E108733,2025-03-25 09:01:00,MX-102,Line-A,morning,Setup,ToolChange,medium,27,21,19,Charlie,Technician
E108759,2025-03-25 09:17:00,MX-103,Line-B,morning,Alarm,PressureDrop,medium,34,29,63,Charlie,AutoReset
E108714,2025-03-25 09:17:00,MX-103,Line-B,morning,Quality,SurfaceDefect,medium,4,0,23,Alpha,AutoReset
E108684,2025-03-25 09:19:00,MX-103,Line-B,morning,Warning,TempTrend,medium,5,0,0,Alpha,Technician
E108682,2025-03-25 09:21:00,MX-101,Line-A,morning,Quality,SurfaceDefect,medium,9,0,20,Alpha,Technician
E108734,2025-03-25 09:49:00,MX-101,Line-A,morning,Setup,FixtureAdjustment,low,34,25,21,Alpha,AutoReset
E108737,2025-03-25 09:56:00,MX-201,Line-C,morning,Warning,TempTrend,low,2,0,0,Bravo,AutoReset
E108694,2025-03-25 09:58:00,MX-102,Line-A,morning,Maintenance,Lubrication,medium,156,107,37,Delta,Supervisor
E108776,2025-03-25 10:03:00,MX-101,Line-A,morning,Warning,EnergySpike,high,12,0,0,Alpha,Supervisor
E108782,2025-03-25 10:06:00,MX-102,Line-A,morning,Warning,EnergySpike,low,16,1,0,Bravo,Engineer
E108761,2025-03-25 10:18:00,MX-102,Line-A,morning,Maintenance,FilterChange,high,154,81,27,Charlie,Technician
E108683,2025-03-25 10:30:00,MX-103,Line-B,morning,Alarm,PressureDrop,low,29,13,27,Alpha,Technician
E108721,2025-03-25 10:33:00,MX-202,Line-C,morning,Quality,VisionReject,low,6,0,35,Bravo,Technician
E108707,2025-03-25 10:43:00,MX-101,Line-A,morning,Alarm,SensorFailure,low,39,17,33,Charlie,Supervisor
E108777,2025-03-25 11:10:00,MX-103,Line-B,morning,Warning,TempTrend,low,4,0,0,Bravo,AutoReset
E108783,2025-03-25 11:33:00,MX-103,Line-B,morning,Setup,RecipeChange,low,10,9,5,Delta,Technician
E108724,2025-03-25 11:56:00,MX-103,Line-B,morning,Setup,FixtureAdjustment,medium,38,26,27,Bravo,AutoReset
E108778,2025-03-25 12:10:00,MX-101,Line-A,morning,Alarm,MotorOverload,high,25,12,11,Charlie,Supervisor
E108743,2025-03-25 12:11:00,MX-101,Line-A,morning,Maintenance,BearingReplacement,low,67,40,8,Delta,Engineer
E108680,2025-03-25 12:21:00,MX-201,Line-C,morning,Maintenance,Calibration,medium,44,27,21,Delta,Operator
E108699,2025-03-25 12:22:00,MX-202,Line-C,morning,Quality,MaterialMismatch,medium,13,0,48,Charlie,AutoReset
E108736,2025-03-25 12:23:00,MX-103,Line-B,morning,Alarm,SensorFailure,high,39,21,23,Charlie,Technician
E108685,2025-03-25 12:30:00,MX-101,Line-A,morning,Warning,VibrationTrend,medium,5,0,0,Delta,AutoReset
E108717,2025-03-25 12:35:00,MX-101,Line-A,morning,Alarm,PressureDrop,low,72,48,101,Alpha,Operator
E108709,2025-03-25 12:36:00,MX-201,Line-C,morning,Alarm,Overheat,medium,85,55,42,Delta,Engineer
E108688,2025-03-25 12:44:00,MX-103,Line-B,morning,Warning,EnergySpike,low,6,0,0,Alpha,Engineer
E108719,2025-03-25 12:56:00,MX-202,Line-C,morning,Warning,EnergySpike,low,3,0,0,Charlie,Engineer
E108763,2025-03-25 13:11:00,MX-101,Line-A,morning,Alarm,MotorOverload,high,94,69,93,Charlie,Operator
E108671,2025-03-25 13:18:00,MX-102,Line-A,morning,Setup,FixtureAdjustment,medium,46,43,23,Charlie,Engineer
E108757,2025-03-25 14:14:00,MX-202,Line-C,evening,Alarm,PressureDrop,high,31,25,39,Delta,AutoReset
E108766,2025-03-25 14:19:00,MX-202,Line-C,evening,Maintenance,FilterChange,medium,126,95,44,Delta,AutoReset
E108772,2025-03-25 14:20:00,MX-201,Line-C,evening,Warning,EnergySpike,medium,7,0,0,Bravo,Engineer
E108762,2025-03-25 14:26:00,MX-201,Line-C,evening,Alarm,PressureDrop,high,42,26,52,Charlie,Engineer
E108780,2025-03-25 14:44:00,MX-103,Line-B,evening,Alarm,HighVibration,low,47,43,86,Alpha,AutoReset
E108725,2025-03-25 15:22:00,MX-103,Line-B,evening,Quality,VisionReject,medium,5,0,24,Charlie,Technician
E108747,2025-03-25 15:47:00,MX-101,Line-A,evening,Warning,PressureTrend,low,19,1,0,Alpha,Operator
E108738,2025-03-25 15:48:00,MX-201,Line-C,evening,Quality,DimensionDrift,low,18,4,72,Delta,Operator
E108781,2025-03-25 16:16:00,MX-202,Line-C,evening,Maintenance,Calibration,low,21,8,3,Alpha,Engineer
E108760,2025-03-25 16:26:00,MX-103,Line-B,evening,Maintenance,Inspection,high,29,14,8,Bravo,Operator
E108748,2025-03-25 16:30:00,MX-103,Line-B,evening,Setup,FixtureAdjustment,low,17,16,9,Charlie,Technician
E108739,2025-03-25 16:37:00,MX-101,Line-A,evening,Alarm,HighVibration,low,13,10,8,Charlie,Engineer
E108720,2025-03-25 17:34:00,MX-201,Line-C,evening,Alarm,SensorFailure,high,34,30,32,Alpha,Operator
E108774,2025-03-25 17:52:00,MX-102,Line-A,evening,Quality,DimensionDrift,high,16,2,59,Delta,Engineer
E108706,2025-03-25 18:12:00,MX-101,Line-A,evening,Warning,PressureTrend,medium,9,1,0,Alpha,AutoReset
E108689,2025-03-25 18:16:00,MX-202,Line-C,evening,Warning,PressureTrend,low,11,0,0,Delta,Supervisor
E108756,2025-03-25 18:29:00,MX-102,Line-A,evening,Quality,SurfaceDefect,low,15,0,36,Charlie,Operator
E108773,2025-03-25 18:38:00,MX-103,Line-B,evening,Alarm,SensorFailure,medium,72,50,53,Charlie,Technician
E108775,2025-03-25 18:46:00,MX-202,Line-C,evening,Alarm,PressureDrop,critical,19,14,18,Bravo,Technician
E108750,2025-03-25 18:48:00,MX-201,Line-C,evening,Warning,TempTrend,low,11,0,0,Bravo,Engineer
E108673,2025-03-25 19:04:00,MX-103,Line-B,evening,Warning,VibrationTrend,medium,3,0,0,Charlie,Operator
E108681,2025-03-25 19:14:00,MX-101,Line-A,evening,Quality,VisionReject,medium,5,0,19,Bravo,Operator
E108765,2025-03-25 19:18:00,MX-102,Line-A,evening,Alarm,SensorFailure,high,75,51,82,Alpha,Engineer
E108677,2025-03-25 19:18:00,MX-202,Line-C,evening,Quality,DimensionDrift,high,21,3,63,Bravo,Operator
E108768,2025-03-25 19:20:00,MX-103,Line-B,evening,Alarm,HighVibration,low,95,47,101,Bravo,Technician
E108670,2025-03-25 19:20:00,MX-103,Line-B,evening,Alarm,PressureDrop,high,12,9,10,Charlie,Technician
E108692,2025-03-25 19:22:00,MX-201,Line-C,evening,Safety,EStop,medium,25,21,7,Delta,AutoReset
E108723,2025-03-25 19:25:00,MX-102,Line-A,evening,Warning,VibrationTrend,medium,15,2,0,Bravo,Operator
E108708,2025-03-25 20:03:00,MX-102,Line-A,evening,Setup,ToolChange,medium,50,41,17,Charlie,AutoReset
E108753,2025-03-25 20:12:00,MX-201,Line-C,evening,Alarm,Overheat,medium,5,3,5,Delta,Engineer
E108701,2025-03-25 20:24:00,MX-103,Line-B,evening,Maintenance,BearingReplacement,medium,50,18,17,Bravo,Technician
E108735,2025-03-25 20:29:00,MX-101,Line-A,evening,Setup,FixtureAdjustment,low,25,24,20,Delta,Operator
E108752,2025-03-25 21:03:00,MX-102,Line-A,evening,Alarm,HighVibration,high,24,18,24,Bravo,Engineer
E108687,2025-03-25 21:03:00,MX-102,Line-A,evening,Alarm,MotorOverload,medium,80,64,121,Bravo,Technician
E108741,2025-03-25 21:32:00,MX-201,Line-C,evening,Safety,GuardOpen,high,20,12,6,Bravo,Operator
E108730,2025-03-25 21:34:00,MX-101,Line-A,evening,Quality,VisionReject,medium,3,0,19,Delta,Operator
E108691,2025-03-25 22:06:00,MX-101,Line-A,night,Alarm,SensorFailure,high,41,39,55,Charlie,Supervisor
E108678,2025-03-25 22:15:00,MX-202,Line-C,night,Warning,EnergySpike,low,19,2,0,Charlie,Technician
E108746,2025-03-25 22:16:00,MX-101,Line-A,night,Maintenance,FilterChange,low,18,12,11,Delta,AutoReset
E108728,2025-03-25 23:04:00,MX-202,Line-C,night,Alarm,HighVibration,medium,22,17,30,Delta,Engineer
E108669,2025-03-25 23:04:00,MX-201,Line-C,night,Safety,DoorInterlock,high,4,3,2,Bravo,Technician
E108811,2025-03-26 00:05:00,MX-201,Line-C,night,Alarm,Overheat,low,27,25,30,Bravo,Technician
E108894,2025-03-26 00:06:00,MX-201,Line-C,night,Warning,EnergySpike,low,2,0,0,Charlie,AutoReset
E108897,2025-03-26 00:10:00,MX-201,Line-C,night,Warning,PressureTrend,low,5,0,0,Charlie,AutoReset
E108864,2025-03-26 00:26:00,MX-202,Line-C,night,Maintenance,FilterChange,low,60,24,13,Charlie,Operator
E108867,2025-03-26 00:54:00,MX-201,Line-C,night,Setup,ToolChange,medium,41,39,32,Delta,AutoReset
E108816,2025-03-26 01:30:00,MX-201,Line-C,night,Warning,VibrationTrend,medium,10,0,0,Charlie,Supervisor
E108873,2025-03-26 01:44:00,MX-101,Line-A,night,Warning,EnergySpike,medium,9,0,0,Bravo,Engineer
E108800,2025-03-26 02:06:00,MX-101,Line-A,night,Maintenance,BearingReplacement,high,70,24,13,Bravo,Technician
E108863,2025-03-26 02:09:00,MX-102,Line-A,night,Maintenance,Lubrication,high,70,34,32,Alpha,AutoReset
E108809,2025-03-26 02:10:00,MX-202,Line-C,night,Alarm,Overheat,high,74,59,112,Delta,Supervisor
E108885,2025-03-26 02:10:00,MX-103,Line-B,night,Alarm,SensorFailure,high,19,16,30,Alpha,Operator
E108904,2025-03-26 02:11:00,MX-103,Line-B,night,Quality,DimensionDrift,medium,6,0,14,Delta,Technician
E108788,2025-03-26 02:21:00,MX-101,Line-A,night,Maintenance,Inspection,low,31,16,3,Charlie,Technician
E108889,2025-03-26 02:22:00,MX-202,Line-C,night,Warning,PressureTrend,medium,9,0,0,Alpha,Operator
E108845,2025-03-26 02:23:00,MX-202,Line-C,night,Alarm,SensorFailure,critical,8,5,8,Delta,Engineer
E108870,2025-03-26 02:28:00,MX-201,Line-C,night,Warning,VibrationTrend,low,3,0,0,Alpha,Technician
E108881,2025-03-26 02:37:00,MX-103,Line-B,night,Quality,MaterialMismatch,low,21,4,63,Delta,Technician
E108836,2025-03-26 02:41:00,MX-103,Line-B,night,Maintenance,Calibration,medium,39,26,7,Delta,Operator
E108887,2025-03-26 02:43:00,MX-101,Line-A,night,Setup,RecipeChange,medium,11,10,9,Charlie,AutoReset
E108841,2025-03-26 03:13:00,MX-201,Line-C,night,Setup,FixtureAdjustment,medium,66,60,19,Charlie,Engineer
E108825,2025-03-26 03:16:00,MX-202,Line-C,night,Alarm,MotorOverload,critical,66,45,58,Delta,AutoReset
E108796,2025-03-26 03:21:00,MX-202,Line-C,night,Safety,GuardOpen,critical,18,10,8,Bravo,AutoReset
E108906,2025-03-26 03:29:00,MX-101,Line-A,night,Warning,TempTrend,high,1,0,0,Charlie,Technician
E108839,2025-03-26 03:34:00,MX-102,Line-A,night,Safety,EStop,high,8,7,8,Alpha,Engineer
E108822,2025-03-26 03:50:00,MX-202,Line-C,night,Alarm,PressureDrop,critical,32,18,26,Charlie,Operator
E108821,2025-03-26 03:55:00,MX-102,Line-A,night,Setup,FixtureAdjustment,low,31,26,7,Charlie,Engineer
E108899,2025-03-26 04:00:00,MX-103,Line-B,night,Alarm,PressureDrop,critical,46,26,26,Charlie,Engineer
E108794,2025-03-26 04:04:00,MX-103,Line-B,night,Quality,SurfaceDefect,medium,18,3,117,Alpha,Operator
E108806,2025-03-26 04:08:00,MX-202,Line-C,night,Setup,ToolChange,low,36,29,8,Charlie,Operator
E108850,2025-03-26 04:26:00,MX-102,Line-A,night,Warning,PressureTrend,high,14,0,0,Delta,Engineer
E108792,2025-03-26 04:46:00,MX-201,Line-C,night,Maintenance,Inspection,medium,102,62,50,Charlie,Operator
E108866,2025-03-26 04:59:00,MX-202,Line-C,night,Alarm,HighVibration,critical,54,48,54,Alpha,Technician
E108835,2025-03-26 05:16:00,MX-103,Line-B,night,Warning,TempTrend,medium,8,0,0,Alpha,Operator
E108789,2025-03-26 06:08:00,MX-202,Line-C,morning,Quality,MaterialMismatch,medium,23,0,55,Bravo,AutoReset
E108827,2025-03-26 06:24:00,MX-101,Line-A,morning,Setup,FixtureAdjustment,medium,71,61,25,Bravo,Engineer
E108895,2025-03-26 06:27:00,MX-202,Line-C,morning,Warning,PressureTrend,medium,26,1,0,Charlie,Supervisor
E108829,2025-03-26 06:29:00,MX-102,Line-A,morning,Alarm,Overheat,critical,6,4,4,Bravo,Technician
E108859,2025-03-26 06:40:00,MX-202,Line-C,morning,Warning,VibrationTrend,low,1,0,0,Alpha,Supervisor
E108893,2025-03-26 06:45:00,MX-101,Line-A,morning,Quality,MaterialMismatch,high,4,1,14,Alpha,Engineer
E108801,2025-03-26 06:47:00,MX-102,Line-A,morning,Warning,EnergySpike,medium,2,0,0,Bravo,Operator
E108852,2025-03-26 06:53:00,MX-201,Line-C,morning,Alarm,Overheat,high,38,19,24,Delta,Operator
E108908,2025-03-26 07:11:00,MX-202,Line-C,morning,Maintenance,BearingReplacement,low,61,32,29,Alpha,AutoReset
E108898,2025-03-26 07:42:00,MX-102,Line-A,morning,Warning,TempTrend,low,10,0,0,Alpha,Technician
E108807,2025-03-26 07:42:00,MX-102,Line-A,morning,Quality,DimensionDrift,high,4,0,15,Alpha,AutoReset
E108842,2025-03-26 07:43:00,MX-103,Line-B,morning,Maintenance,Lubrication,medium,62,22,11,Alpha,Technician
E108865,2025-03-26 07:51:00,MX-101,Line-A,morning,Alarm,HighVibration,high,63,41,55,Delta,Engineer
E108840,2025-03-26 08:16:00,MX-102,Line-A,morning,Setup,RecipeChange,low,41,30,29,Charlie,Operator
E108892,2025-03-26 08:35:00,MX-201,Line-C,morning,Warning,VibrationTrend,low,9,0,0,Alpha,Technician
E108890,2025-03-26 09:10:00,MX-101,Line-A,morning,Alarm,HighVibration,low,51,44,61,Delta,Technician
E108832,2025-03-26 09:30:00,MX-201,Line-C,morning,Warning,EnergySpike,medium,5,0,0,Delta,Technician
E108846,2025-03-26 09:34:00,MX-201,Line-C,morning,Warning,TempTrend,high,12,0,0,Alpha,Technician
E108879,2025-03-26 09:43:00,MX-101,Line-A,morning,Warning,PressureTrend,medium,10,1,0,Charlie,Operator
E108847,2025-03-26 09:49:00,MX-103,Line-B,morning,Warning,EnergySpike,low,5,0,0,Charlie,AutoReset
E108884,2025-03-26 10:15:00,MX-202,Line-C,morning,Safety,GuardOpen,high,39,29,34,Bravo,Engineer
E108838,2025-03-26 10:16:00,MX-201,Line-C,morning,Warning,PressureTrend,medium,1,0,0,Charlie,AutoReset
E108903,2025-03-26 10:20:00,MX-102,Line-A,morning,Alarm,HighVibration,medium,28,15,21,Bravo,Engineer
E108785,2025-03-26 10:46:00,MX-101,Line-A,morning,Maintenance,Inspection,low,53,28,8,Alpha,Operator
E108883,2025-03-26 11:10:00,MX-202,Line-C,morning,Quality,DimensionDrift,low,3,0,15,Alpha,AutoReset
E108831,2025-03-26 11:20:00,MX-102,Line-A,morning,Safety,EStop,high,49,44,32,Alpha,Technician
E108823,2025-03-26 11:24:00,MX-202,Line-C,morning,Warning,VibrationTrend,low,4,0,0,Delta,Supervisor
E108886,2025-03-26 11:44:00,MX-202,Line-C,morning,Alarm,Overheat,medium,36,22,41,Charlie,Engineer
E108860,2025-03-26 11:56:00,MX-101,Line-A,morning,Setup,FixtureAdjustment,medium,85,76,42,Charlie,AutoReset
E108877,2025-03-26 12:10:00,MX-102,Line-A,morning,Maintenance,FilterChange,low,37,18,13,Charlie,Technician
E108798,2025-03-26 12:26:00,MX-102,Line-A,morning,Maintenance,Calibration,medium,42,11,9,Bravo,Engineer
E108820,2025-03-26 12:30:00,MX-102,Line-A,morning,Maintenance,FilterChange,medium,60,33,14,Alpha,Supervisor
E108834,2025-03-26 13:10:00,MX-103,Line-B,morning,Safety,AreaBreach,critical,46,25,11,Charlie,Supervisor
E108808,2025-03-26 13:17:00,MX-201,Line-C,morning,Setup,RecipeChange,low,8,6,6,Charlie,Technician
E108828,2025-03-26 13:32:00,MX-202,Line-C,morning,Warning,VibrationTrend,medium,4,0,0,Charlie,Engineer
E108844,2025-03-26 13:57:00,MX-201,Line-C,morning,Setup,ToolChange,medium,60,48,28,Alpha,Technician
E108905,2025-03-26 14:04:00,MX-102,Line-A,evening,Safety,AreaBreach,critical,42,25,21,Alpha,Technician
E108826,2025-03-26 14:09:00,MX-202,Line-C,evening,Setup,RecipeChange,low,17,13,14,Bravo,Technician
E108802,2025-03-26 14:13:00,MX-201,Line-C,evening,Warning,EnergySpike,low,9,1,0,Bravo,Technician
E108803,2025-03-26 14:20:00,MX-103,Line-B,evening,Maintenance,Lubrication,low,23,11,3,Charlie,Technician
E108815,2025-03-26 14:26:00,MX-102,Line-A,evening,Alarm,MotorOverload,medium,83,72,124,Alpha,Operator
E108857,2025-03-26 14:33:00,MX-201,Line-C,evening,Alarm,SensorFailure,high,17,10,17,Delta,Technician
E108900,2025-03-26 14:45:00,MX-201,Line-C,evening,Alarm,PressureDrop,high,7,5,8,Delta,Engineer
E108787,2025-03-26 14:49:00,MX-202,Line-C,evening,Warning,PressureTrend,high,16,0,0,Delta,Technician
E108830,2025-03-26 15:03:00,MX-101,Line-A,evening,Maintenance,Lubrication,high,20,9,7,Alpha,AutoReset
E108853,2025-03-26 15:10:00,MX-103,Line-B,evening,Warning,TempTrend,low,6,0,0,Delta,Technician
E108813,2025-03-26 15:33:00,MX-101,Line-A,evening,Alarm,PressureDrop,high,23,14,21,Bravo,Technician
E108804,2025-03-26 15:35:00,MX-101,Line-A,evening,Maintenance,BearingReplacement,medium,95,44,43,Delta,Technician
E108878,2025-03-26 16:27:00,MX-101,Line-A,evening,Warning,VibrationTrend,low,6,0,0,Bravo,Technician
E108858,2025-03-26 16:28:00,MX-101,Line-A,evening,Setup,FixtureAdjustment,medium,112,90,90,Charlie,Operator
E108856,2025-03-26 16:30:00,MX-201,Line-C,evening,Alarm,HighVibration,critical,81,36,75,Bravo,Engineer
E108812,2025-03-26 16:40:00,MX-201,Line-C,evening,Maintenance,Inspection,low,74,31,8,Bravo,AutoReset
E108868,2025-03-26 16:46:00,MX-201,Line-C,evening,Safety,EStop,critical,48,26,17,Charlie,Engineer
E108833,2025-03-26 16:50:00,MX-202,Line-C,evening,Warning,VibrationTrend,low,1,0,0,Charlie,Technician
E108882,2025-03-26 16:52:00,MX-101,Line-A,evening,Alarm,PressureDrop,high,36,24,39,Delta,Engineer
E108817,2025-03-26 17:03:00,MX-201,Line-C,evening,Warning,VibrationTrend,low,15,0,0,Charlie,Supervisor
E108869,2025-03-26 17:06:00,MX-101,Line-A,evening,Maintenance,Inspection,low,76,49,14,Alpha,Engineer
E108791,2025-03-26 17:47:00,MX-102,Line-A,evening,Alarm,MotorOverload,medium,25,22,41,Bravo,Technician
E108872,2025-03-26 17:57:00,MX-201,Line-C,evening,Setup,FixtureAdjustment,low,121,115,107,Alpha,Operator
E108880,2025-03-26 17:57:00,MX-103,Line-B,evening,Setup,ToolChange,low,70,66,70,Bravo,Technician
E108875,2025-03-26 17:59:00,MX-101,Line-A,evening,Warning,VibrationTrend,low,16,1,0,Alpha,Technician
E108855,2025-03-26 18:16:00,MX-102,Line-A,evening,Safety,DoorInterlock,medium,62,36,32,Charlie,Engineer
E108790,2025-03-26 18:17:00,MX-201,Line-C,evening,Safety,GuardOpen,critical,39,36,11,Alpha,Operator
E108797,2025-03-26 18:41:00,MX-101,Line-A,evening,Warning,PressureTrend,low,1,0,0,Delta,Technician
E108818,2025-03-26 18:41:00,MX-101,Line-A,evening,Maintenance,BearingReplacement,low,75,25,19,Bravo,AutoReset
E108909,2025-03-26 18:44:00,MX-101,Line-A,evening,Quality,SurfaceDefect,low,42,0,200,Bravo,Engineer
E108843,2025-03-26 18:45:00,MX-202,Line-C,evening,Warning,VibrationTrend,low,16,0,0,Charlie,Engineer
E108854,2025-03-26 19:28:00,MX-102,Line-A,evening,Warning,EnergySpike,low,15,0,0,Alpha,Operator
E108784,2025-03-26 19:45:00,MX-202,Line-C,evening,Alarm,SensorFailure,high,43,40,43,Charlie,Technician
E108837,2025-03-26 19:48:00,MX-202,Line-C,evening,Warning,TempTrend,high,4,0,0,Bravo,Technician
E108888,2025-03-26 19:59:00,MX-103,Line-B,evening,Quality,VisionReject,low,4,1,23,Delta,Technician
E108805,2025-03-26 20:00:00,MX-101,Line-A,evening,Maintenance,Lubrication,medium,59,44,35,Delta,Operator
E108901,2025-03-26 20:18:00,MX-103,Line-B,evening,Maintenance,Calibration,high,174,56,55,Alpha,Operator
E108799,2025-03-26 20:24:00,MX-101,Line-A,evening,Safety,AreaBreach,medium,25,13,12,Charlie,AutoReset
E108862,2025-03-26 20:26:00,MX-201,Line-C,evening,Alarm,HighVibration,critical,16,9,7,Alpha,Technician
E108793,2025-03-26 20:52:00,MX-103,Line-B,evening,Quality,SurfaceDefect,medium,1,0,5,Charlie,Technician
E108795,2025-03-26 20:56:00,MX-102,Line-A,evening,Setup,FixtureAdjustment,low,50,48,43,Delta,Operator
E108907,2025-03-26 21:00:00,MX-101,Line-A,evening,Warning,EnergySpike,high,10,1,0,Bravo,Technician
E108849,2025-03-26 21:04:00,MX-202,Line-C,evening,Alarm,HighVibration,high,26,14,30,Delta,Technician
E108891,2025-03-26 21:22:00,MX-103,Line-B,evening,Warning,EnergySpike,low,9,0,0,Delta,Engineer
E108861,2025-03-26 21:23:00,MX-102,Line-A,evening,Warning,TempTrend,low,6,0,0,Bravo,AutoReset
E108874,2025-03-26 21:31:00,MX-201,Line-C,evening,Warning,TempTrend,low,7,0,0,Alpha,AutoReset
E108814,2025-03-26 22:03:00,MX-101,Line-A,night,Alarm,PressureDrop,medium,105,67,82,Alpha,Operator
E108786,2025-03-26 22:07:00,MX-202,Line-C,night,Alarm,HighVibration,high,31,16,29,Delta,Operator
E108819,2025-03-26 22:17:00,MX-102,Line-A,night,Alarm,PressureDrop,medium,109,101,123,Bravo,AutoReset
E108876,2025-03-26 22:27:00,MX-202,Line-C,night,Setup,FixtureAdjustment,medium,12,8,3,Charlie,Operator
E108871,2025-03-26 22:39:00,MX-101,Line-A,night,Alarm,MotorOverload,medium,30,28,58,Bravo,Operator
E108824,2025-03-26 23:08:00,MX-102,Line-A,night,Warning,EnergySpike,high,2,0,0,Bravo,Operator
E108810,2025-03-26 23:12:00,MX-101,Line-A,night,Quality,SurfaceDefect,medium,9,0,42,Bravo,Technician
E108848,2025-03-26 23:18:00,MX-202,Line-C,night,Alarm,SensorFailure,critical,45,33,62,Delta,AutoReset
E108896,2025-03-26 23:21:00,MX-102,Line-A,night,Quality,MaterialMismatch,medium,26,0,160,Charlie,Technician
E108902,2025-03-26 23:53:00,MX-101,Line-A,night,Setup,FixtureAdjustment,low,46,41,42,Charlie,Operator
E108851,2025-03-26 23:59:00,MX-201,Line-C,night,Maintenance,BearingReplacement,low,67,37,11,Delta,Engineer
E109011,2025-03-27 00:04:00,MX-101,Line-A,night,Alarm,PressureDrop,high,53,37,69,Charlie,Engineer
E108920,2025-03-27 00:36:00,MX-201,Line-C,night,Setup,RecipeChange,low,24,21,10,Charlie,Operator
E108934,2025-03-27 00:45:00,MX-202,Line-C,night,Alarm,SensorFailure,critical,44,38,41,Bravo,Engineer
E108947,2025-03-27 00:59:00,MX-102,Line-A,night,Safety,EStop,critical,41,40,47,Charlie,Technician
E109021,2025-03-27 01:00:00,MX-102,Line-A,night,Alarm,HighVibration,medium,64,50,57,Charlie,Technician
E109017,2025-03-27 01:01:00,MX-202,Line-C,night,Maintenance,BearingReplacement,low,73,27,7,Alpha,Engineer
E108983,2025-03-27 01:12:00,MX-103,Line-B,night,Warning,PressureTrend,low,22,0,0,Alpha,Technician
E108951,2025-03-27 01:13:00,MX-102,Line-A,night,Setup,RecipeChange,medium,68,65,60,Alpha,Operator
E108970,2025-03-27 01:22:00,MX-103,Line-B,night,Warning,TempTrend,medium,10,0,0,Bravo,Engineer
E108977,2025-03-27 01:34:00,MX-102,Line-A,night,Alarm,SensorFailure,medium,58,42,89,Delta,Technician
E108966,2025-03-27 01:44:00,MX-103,Line-B,night,Quality,SurfaceDefect,medium,19,5,68,Delta,Operator
E108918,2025-03-27 01:45:00,MX-101,Line-A,night,Setup,FixtureAdjustment,medium,18,14,9,Bravo,AutoReset
E109001,2025-03-27 01:46:00,MX-201,Line-C,night,Maintenance,BearingReplacement,low,60,38,7,Charlie,Technician
E108937,2025-03-27 01:50:00,MX-201,Line-C,night,Alarm,SensorFailure,medium,11,9,17,Delta,AutoReset
E108990,2025-03-27 02:04:00,MX-101,Line-A,night,Setup,RecipeChange,low,45,41,44,Charlie,Operator
E108950,2025-03-27 02:23:00,MX-102,Line-A,night,Warning,PressureTrend,low,32,2,0,Bravo,Technician
E108927,2025-03-27 02:33:00,MX-102,Line-A,night,Alarm,Overheat,critical,11,5,6,Bravo,Engineer
E108980,2025-03-27 02:34:00,MX-201,Line-C,night,Alarm,PressureDrop,medium,36,35,55,Alpha,Engineer
E109013,2025-03-27 02:42:00,MX-102,Line-A,night,Setup,ToolChange,medium,10,8,6,Alpha,Technician
E108956,2025-03-27 02:49:00,MX-202,Line-C,night,Alarm,HighVibration,critical,38,23,26,Bravo,AutoReset
E108984,2025-03-27 02:57:00,MX-102,Line-A,night,Alarm,SensorFailure,medium,25,23,22,Alpha,AutoReset
E108973,2025-03-27 03:26:00,MX-201,Line-C,night,Quality,VisionReject,medium,7,1,32,Bravo,AutoReset
E108936,2025-03-27 03:36:00,MX-202,Line-C,night,Warning,TempTrend,low,3,0,0,Delta,Technician
E108955,2025-03-27 04:07:00,MX-202,Line-C,night,Quality,DimensionDrift,medium,5,0,14,Alpha,Supervisor
E108988,2025-03-27 04:31:00,MX-102,Line-A,night,Setup,RecipeChange,low,28,22,19,Delta,Technician
E109009,2025-03-27 04:47:00,MX-201,Line-C,night,Warning,TempTrend,low,1,0,0,Delta,Engineer
E108930,2025-03-27 04:48:00,MX-103,Line-B,night,Quality,SurfaceDefect,medium,16,4,50,Bravo,Operator
E108928,2025-03-27 04:49:00,MX-103,Line-B,night,Setup,FixtureAdjustment,low,21,20,18,Alpha,Supervisor
E108944,2025-03-27 05:21:00,MX-102,Line-A,night,Alarm,Overheat,high,74,37,62,Delta,AutoReset
E108948,2025-03-27 05:59:00,MX-202,Line-C,night,Quality,SurfaceDefect,high,7,1,41,Charlie,Supervisor
E109000,2025-03-27 06:16:00,MX-201,Line-C,morning,Warning,VibrationTrend,medium,5,0,0,Charlie,Engineer
E109014,2025-03-27 06:28:00,MX-103,Line-B,morning,Maintenance,Inspection,medium,31,16,13,Alpha,Engineer
E109006,2025-03-27 06:45:00,MX-101,Line-A,morning,Warning,PressureTrend,low,6,0,0,Delta,Engineer
E108994,2025-03-27 06:52:00,MX-101,Line-A,morning,Quality,DimensionDrift,high,35,6,100,Delta,Operator
E108964,2025-03-27 06:57:00,MX-202,Line-C,morning,Warning,PressureTrend,low,1,0,0,Alpha,Technician
E108989,2025-03-27 07:41:00,MX-103,Line-B,morning,Setup,RecipeChange,low,90,89,64,Bravo,AutoReset
E108975,2025-03-27 07:43:00,MX-103,Line-B,morning,Setup,RecipeChange,low,79,68,68,Delta,Technician
E108946,2025-03-27 08:00:00,MX-103,Line-B,morning,Warning,VibrationTrend,low,6,0,0,Charlie,Operator
E108991,2025-03-27 08:34:00,MX-103,Line-B,morning,Warning,TempTrend,low,11,0,0,Bravo,AutoReset
E108925,2025-03-27 08:53:00,MX-103,Line-B,morning,Warning,EnergySpike,low,6,0,0,Charlie,Technician
E108932,2025-03-27 09:08:00,MX-102,Line-A,morning,Safety,DoorInterlock,medium,48,45,18,Bravo,AutoReset
E109015,2025-03-27 09:16:00,MX-103,Line-B,morning,Safety,DoorInterlock,high,11,10,8,Delta,Supervisor
E109007,2025-03-27 09:30:00,MX-202,Line-C,morning,Alarm,HighVibration,critical,41,31,26,Delta,Operator
E108962,2025-03-27 09:32:00,MX-101,Line-A,morning,Safety,DoorInterlock,medium,26,23,32,Delta,Operator
E108971,2025-03-27 09:34:00,MX-101,Line-A,morning,Alarm,PressureDrop,high,18,11,22,Bravo,Operator
E108926,2025-03-27 09:51:00,MX-201,Line-C,morning,Quality,DimensionDrift,medium,10,0,54,Alpha,Engineer
E109012,2025-03-27 09:54:00,MX-101,Line-A,morning,Quality,VisionReject,medium,16,2,40,Delta,Engineer
E108940,2025-03-27 10:12:00,MX-103,Line-B,morning,Maintenance,Inspection,low,72,55,33,Delta,Engineer
E109010,2025-03-27 10:25:00,MX-103,Line-B,morning,Warning,VibrationTrend,medium,7,0,0,Bravo,Technician
E108939,2025-03-27 10:26:00,MX-103,Line-B,morning,Warning,TempTrend,low,3,0,0,Alpha,AutoReset
E109019,2025-03-27 10:43:00,MX-103,Line-B,morning,Maintenance,Calibration,medium,66,26,18,Bravo,Operator
E108917,2025-03-27 10:43:00,MX-201,Line-C,morning,Safety,GuardOpen,high,25,23,14,Alpha,Engineer
E109005,2025-03-27 11:06:00,MX-102,Line-A,morning,Setup,FixtureAdjustment,medium,93,68,56,Alpha,Technician
E108929,2025-03-27 11:14:00,MX-101,Line-A,morning,Maintenance,Lubrication,medium,81,29,19,Delta,Operator
E108931,2025-03-27 11:43:00,MX-102,Line-A,morning,Quality,MaterialMismatch,medium,23,5,94,Delta,Technician
E108952,2025-03-27 11:52:00,MX-102,Line-A,morning,Alarm,HighVibration,medium,102,50,51,Delta,Operator
E108978,2025-03-27 11:57:00,MX-101,Line-A,morning,Setup,ToolChange,medium,15,14,14,Charlie,Operator
E108981,2025-03-27 12:04:00,MX-103,Line-B,morning,Alarm,PressureDrop,critical,76,64,93,Delta,Engineer
E108942,2025-03-27 12:09:00,MX-101,Line-A,morning,Maintenance,BearingReplacement,low,26,18,4,Charlie,Operator
E108945,2025-03-27 12:30:00,MX-202,Line-C,morning,Alarm,PressureDrop,high,55,52,62,Charlie,Technician
E108995,2025-03-27 12:40:00,MX-103,Line-B,morning,Warning,EnergySpike,low,2,0,0,Charlie,AutoReset
E108941,2025-03-27 12:44:00,MX-201,Line-C,morning,Setup,ToolChange,low,24,23,24,Delta,AutoReset
E108979,2025-03-27 12:44:00,MX-101,Line-A,morning,Quality,MaterialMismatch,high,6,1,15,Bravo,Engineer
E108976,2025-03-27 12:48:00,MX-101,Line-A,morning,Quality,SurfaceDefect,medium,27,4,144,Charlie,Engineer
E109003,2025-03-27 13:22:00,MX-102,Line-A,morning,Alarm,MotorOverload,critical,97,45,88,Bravo,Engineer
E108993,2025-03-27 13:44:00,MX-101,Line-A,morning,Warning,PressureTrend,low,4,0,0,Alpha,AutoReset
E108914,2025-03-27 14:19:00,MX-102,Line-A,evening,Setup,ToolChange,low,111,88,91,Charlie,Engineer
E108968,2025-03-27 14:19:00,MX-103,Line-B,evening,Alarm,Overheat,medium,5,4,3,Delta,AutoReset
E108960,2025-03-27 14:28:00,MX-202,Line-C,evening,Quality,DimensionDrift,medium,12,0,26,Delta,Supervisor
E108922,2025-03-27 14:29:00,MX-202,Line-C,evening,Setup,FixtureAdjustment,medium,51,48,14,Alpha,AutoReset
E108912,2025-03-27 14:31:00,MX-201,Line-C,evening,Maintenance,Inspection,medium,27,16,5,Bravo,Technician
E108924,2025-03-27 14:38:00,MX-101,Line-A,evening,Maintenance,Inspection,low,32,15,3,Alpha,Operator
E108959,2025-03-27 15:02:00,MX-201,Line-C,evening,Warning,EnergySpike,medium,5,0,0,Delta,Technician
E108982,2025-03-27 15:15:00,MX-101,Line-A,evening,Quality,DimensionDrift,medium,4,0,22,Charlie,Engineer
E108965,2025-03-27 15:24:00,MX-102,Line-A,evening,Alarm,HighVibration,medium,59,44,36,Charlie,Technician
E108911,2025-03-27 15:24:00,MX-101,Line-A,evening,Alarm,MotorOverload,medium,27,14,20,Delta,Operator
E108910,2025-03-27 15:26:00,MX-201,Line-C,evening,Warning,TempTrend,low,26,2,0,Charlie,Operator
E108943,2025-03-27 16:01:00,MX-103,Line-B,evening,Warning,PressureTrend,medium,9,0,0,Bravo,AutoReset
E109018,2025-03-27 16:21:00,MX-103,Line-B,evening,Alarm,Overheat,medium,8,5,5,Charlie,AutoReset
E108933,2025-03-27 16:45:00,MX-102,Line-A,evening,Maintenance,BearingReplacement,high,175,133,68,Alpha,Supervisor
E108969,2025-03-27 16:56:00,MX-202,Line-C,evening,Alarm,HighVibration,medium,40,29,21,Charlie,Engineer
E108972,2025-03-27 17:06:00,MX-102,Line-A,evening,Alarm,Overheat,high,33,15,17,Alpha,AutoReset
E108974,2025-03-27 17:22:00,MX-101,Line-A,evening,Alarm,MotorOverload,low,75,46,80,Delta,Operator
E108919,2025-03-27 17:39:00,MX-201,Line-C,evening,Alarm,MotorOverload,high,75,51,59,Alpha,Technician
E109008,2025-03-27 17:46:00,MX-103,Line-B,evening,Setup,FixtureAdjustment,low,10,9,5,Charlie,Technician
E109020,2025-03-27 18:05:00,MX-101,Line-A,evening,Safety,AreaBreach,high,22,21,13,Bravo,Operator
E108985,2025-03-27 18:23:00,MX-103,Line-B,evening,Warning,PressureTrend,low,4,0,0,Delta,AutoReset
E108923,2025-03-27 18:27:00,MX-103,Line-B,evening,Maintenance,Calibration,high,61,40,30,Delta,Operator
E108935,2025-03-27 18:28:00,MX-103,Line-B,evening,Setup,RecipeChange,low,13,11,8,Charlie,Engineer
E108998,2025-03-27 18:37:00,MX-103,Line-B,evening,Setup,RecipeChange,low,32,24,22,Bravo,Technician
E108916,2025-03-27 18:56:00,MX-103,Line-B,evening,Alarm,HighVibration,low,71,60,54,Alpha,Operator
E108958,2025-03-27 19:04:00,MX-202,Line-C,evening,Maintenance,Lubrication,low,28,12,9,Alpha,Technician
E108938,2025-03-27 19:10:00,MX-102,Line-A,evening,Quality,MaterialMismatch,medium,20,0,81,Charlie,Technician
E108986,2025-03-27 19:11:00,MX-201,Line-C,evening,Alarm,MotorOverload,medium,28,24,41,Bravo,Technician
E108921,2025-03-27 19:20:00,MX-102,Line-A,evening,Warning,TempTrend,low,3,0,0,Charlie,Technician
E108915,2025-03-27 19:30:00,MX-102,Line-A,evening,Setup,RecipeChange,low,32,27,25,Delta,Engineer
E108992,2025-03-27 19:43:00,MX-101,Line-A,evening,Quality,SurfaceDefect,medium,5,0,33,Delta,Engineer
E108954,2025-03-27 20:13:00,MX-101,Line-A,evening,Alarm,MotorOverload,medium,6,4,3,Charlie,Operator
E109016,2025-03-27 20:28:00,MX-202,Line-C,evening,Alarm,HighVibration,high,13,8,8,Bravo,Technician
E108963,2025-03-27 20:37:00,MX-201,Line-C,evening,Alarm,Overheat,high,53,39,67,Delta,Technician
E109002,2025-03-27 20:45:00,MX-102,Line-A,evening,Safety,EStop,high,30,27,26,Alpha,Technician
E109004,2025-03-27 20:49:00,MX-103,Line-B,evening,Warning,TempTrend,low,30,1,0,Bravo,Supervisor
E108913,2025-03-27 21:10:00,MX-201,Line-C,evening,Maintenance,Inspection,medium,118,57,12,Alpha,Supervisor
E108953,2025-03-27 21:13:00,MX-102,Line-A,evening,Setup,RecipeChange,low,83,76,75,Delta,Technician
E108949,2025-03-27 21:23:00,MX-103,Line-B,evening,Maintenance,FilterChange,low,120,51,47,Delta,Operator
E108987,2025-03-27 21:31:00,MX-202,Line-C,evening,Alarm,HighVibration,high,34,23,19,Delta,Technician
E108996,2025-03-27 21:41:00,MX-103,Line-B,evening,Alarm,MotorOverload,critical,34,17,29,Bravo,Technician
E108957,2025-03-27 21:45:00,MX-102,Line-A,evening,Setup,RecipeChange,medium,74,66,24,Delta,Operator
E108967,2025-03-27 21:58:00,MX-102,Line-A,evening,Setup,RecipeChange,low,24,20,19,Alpha,Operator
E108961,2025-03-27 23:09:00,MX-102,Line-A,night,Setup,FixtureAdjustment,low,51,36,28,Bravo,Engineer
E108999,2025-03-27 23:19:00,MX-201,Line-C,night,Setup,FixtureAdjustment,low,82,67,58,Delta,Operator
E108997,2025-03-27 23:37:00,MX-102,Line-A,night,Setup,FixtureAdjustment,low,53,47,25,Charlie,Technician
E109068,2025-03-28 00:46:00,MX-103,Line-B,night,Warning,EnergySpike,low,7,0,0,Alpha,Technician
E109107,2025-03-28 00:57:00,MX-102,Line-A,night,Alarm,PressureDrop,high,24,19,26,Delta,AutoReset
E109103,2025-03-28 01:05:00,MX-101,Line-A,night,Alarm,Overheat,low,96,45,95,Delta,Engineer
E109118,2025-03-28 01:11:00,MX-201,Line-C,night,Safety,EStop,critical,33,32,44,Charlie,Technician
E109059,2025-03-28 01:13:00,MX-201,Line-C,night,Safety,AreaBreach,high,27,21,24,Charlie,Operator
E109131,2025-03-28 01:21:00,MX-201,Line-C,night,Alarm,MotorOverload,medium,19,11,7,Alpha,AutoReset
E109071,2025-03-28 01:27:00,MX-201,Line-C,night,Maintenance,Inspection,high,147,89,62,Delta,Operator
E109088,2025-03-28 01:27:00,MX-202,Line-C,night,Warning,VibrationTrend,medium,24,3,2,Alpha,AutoReset
E109038,2025-03-28 01:32:00,MX-101,Line-A,night,Warning,EnergySpike,high,2,0,0,Charlie,Operator
E109055,2025-03-28 01:43:00,MX-102,Line-A,night,Alarm,Overheat,high,40,24,44,Delta,AutoReset
E109057,2025-03-28 01:59:00,MX-101,Line-A,night,Alarm,SensorFailure,critical,69,64,140,Delta,Engineer
E109082,2025-03-28 02:03:00,MX-103,Line-B,night,Maintenance,Inspection,medium,76,52,23,Alpha,Operator
E109054,2025-03-28 02:34:00,MX-202,Line-C,night,Warning,VibrationTrend,low,5,0,0,Alpha,Engineer
E109124,2025-03-28 02:49:00,MX-103,Line-B,night,Warning,PressureTrend,low,14,1,0,Charlie,Technician
E109066,2025-03-28 03:03:00,MX-103,Line-B,night,Maintenance,Inspection,medium,76,23,20,Bravo,Engineer
E109034,2025-03-28 03:09:00,MX-103,Line-B,night,Quality,DimensionDrift,high,6,1,28,Bravo,AutoReset
E109133,2025-03-28 03:28:00,MX-201,Line-C,night,Alarm,Overheat,low,81,49,72,Bravo,Operator
E109024,2025-03-28 03:32:00,MX-103,Line-B,night,Safety,GuardOpen,high,26,15,14,Charlie,Operator
E109086,2025-03-28 04:11:00,MX-101,Line-A,night,Setup,FixtureAdjustment,low,14,13,6,Charlie,Operator
E109047,2025-03-28 04:11:00,MX-102,Line-A,night,Setup,FixtureAdjustment,low,42,40,8,Alpha,Technician
E109109,2025-03-28 04:12:00,MX-201,Line-C,night,Safety,EStop,high,33,31,19,Delta,Engineer
E109140,2025-03-28 04:15:00,MX-101,Line-A,night,Alarm,Overheat,high,100,53,82,Bravo,Technician
E109075,2025-03-28 04:18:00,MX-101,Line-A,night,Alarm,PressureDrop,medium,30,21,29,Delta,Operator
E109129,2025-03-28 04:22:00,MX-101,Line-A,night,Quality,MaterialMismatch,medium,9,2,34,Bravo,Operator
E109147,2025-03-28 05:02:00,MX-101,Line-A,night,Quality,SurfaceDefect,low,9,1,46,Bravo,Engineer
E109117,2025-03-28 05:07:00,MX-201,Line-C,night,Quality,DimensionDrift,medium,14,1,63,Bravo,Technician
E109063,2025-03-28 05:24:00,MX-103,Line-B,night,Warning,VibrationTrend,medium,4,0,0,Charlie,Operator
E109081,2025-03-28 05:25:00,MX-103,Line-B,night,Alarm,Overheat,critical,65,42,36,Bravo,Operator
E109139,2025-03-28 05:26:00,MX-201,Line-C,night,Quality,VisionReject,low,1,0,3,Alpha,AutoReset
E109136,2025-03-28 05:26:00,MX-102,Line-A,night,Quality,DimensionDrift,low,12,4,64,Charlie,Technician
E109035,2025-03-28 05:27:00,MX-202,Line-C,night,Setup,ToolChange,medium,39,30,15,Alpha,Operator
E109039,2025-03-28 05:32:00,MX-101,Line-A,night,Quality,SurfaceDefect,medium,5,0,13,Alpha,Technician
E109127,2025-03-28 05:36:00,MX-101,Line-A,night,Maintenance,Lubrication,low,83,38,30,Charlie,AutoReset
E109097,2025-03-28 05:51:00,MX-101,Line-A,night,Maintenance,Lubrication,medium,134,48,22,Delta,Engineer
E109036,2025-03-28 05:55:00,MX-102,Line-A,night,Maintenance,Calibration,medium,51,12,5,Alpha,AutoReset
E109093,2025-03-28 06:00:00,MX-202,Line-C,morning,Warning,VibrationTrend,low,6,0,0,Charlie,Operator
E109144,2025-03-28 06:02:00,MX-101,Line-A,morning,Setup,ToolChange,medium,48,36,38,Bravo,Engineer
E109056,2025-03-28 06:11:00,MX-102,Line-A,morning,Alarm,HighVibration,high,75,52,111,Charlie,Technician
E109146,2025-03-28 06:33:00,MX-202,Line-C,morning,Warning,TempTrend,low,12,0,0,Alpha,AutoReset
E109051,2025-03-28 06:33:00,MX-202,Line-C,morning,Warning,PressureTrend,low,3,0,0,Bravo,Technician
E109101,2025-03-28 06:52:00,MX-103,Line-B,morning,Quality,MaterialMismatch,medium,2,0,6,Alpha,Technician
E109126,2025-03-28 07:11:00,MX-201,Line-C,morning,Alarm,HighVibration,high,49,40,79,Delta,Technician
E109098,2025-03-28 07:15:00,MX-101,Line-A,morning,Quality,VisionReject,high,14,3,31,Alpha,Operator
E109092,2025-03-28 07:31:00,MX-103,Line-B,morning,Warning,VibrationTrend,low,6,0,0,Bravo,AutoReset
E109073,2025-03-28 07:39:00,MX-103,Line-B,morning,Alarm,Overheat,high,24,18,31,Charlie,Technician
E109045,2025-03-28 07:44:00,MX-202,Line-C,morning,Alarm,MotorOverload,high,24,13,10,Alpha,Technician
E109022,2025-03-28 07:48:00,MX-201,Line-C,morning,Setup,FixtureAdjustment,medium,54,40,26,Charlie,Technician
E109042,2025-03-28 07:49:00,MX-103,Line-B,morning,Alarm,PressureDrop,medium,39,20,35,Bravo,Technician
E109070,2025-03-28 07:51:00,MX-102,Line-A,morning,Safety,DoorInterlock,medium,13,12,16,Delta,AutoReset
E109025,2025-03-28 07:53:00,MX-102,Line-A,morning,Warning,VibrationTrend,low,8,1,0,Charlie,Operator
E109052,2025-03-28 08:07:00,MX-103,Line-B,morning,Alarm,HighVibration,high,29,27,41,Charlie,AutoReset
E109076,2025-03-28 08:50:00,MX-202,Line-C,morning,Quality,MaterialMismatch,high,34,3,109,Alpha,Operator
E109049,2025-03-28 09:02:00,MX-102,Line-A,morning,Quality,MaterialMismatch,medium,49,14,243,Alpha,Engineer
E109083,2025-03-28 09:12:00,MX-103,Line-B,morning,Alarm,HighVibration,high,25,15,16,Alpha,Technician
E109029,2025-03-28 09:22:00,MX-101,Line-A,morning,Setup,FixtureAdjustment,low,35,29,25,Bravo,Supervisor
E109074,2025-03-28 09:33:00,MX-102,Line-A,morning,Quality,SurfaceDefect,high,8,1,32,Delta,Operator
E109026,2025-03-28 09:45:00,MX-102,Line-A,morning,Quality,DimensionDrift,medium,2,0,11,Bravo,Technician
E109030,2025-03-28 09:48:00,MX-102,Line-A,morning,Quality,VisionReject,high,14,3,86,Alpha,Operator
E109112,2025-03-28 10:43:00,MX-202,Line-C,morning,Maintenance,Inspection,high,65,22,14,Delta,Technician
E109061,2025-03-28 11:19:00,MX-202,Line-C,morning,Warning,PressureTrend,medium,20,0,0,Alpha,Operator
E109116,2025-03-28 11:23:00,MX-101,Line-A,morning,Alarm,PressureDrop,high,45,31,30,Charlie,Technician
E109110,2025-03-28 11:28:00,MX-201,Line-C,morning,Maintenance,BearingReplacement,medium,76,40,16,Charlie,Technician
E109091,2025-03-28 11:30:00,MX-201,Line-C,morning,Warning,EnergySpike,low,2,0,0,Alpha,AutoReset
E109120,2025-03-28 11:48:00,MX-201,Line-C,morning,Maintenance,FilterChange,medium,89,28,17,Bravo,Engineer
E109145,2025-03-28 12:33:00,MX-201,Line-C,morning,Warning,TempTrend,low,6,0,0,Alpha,Technician
E109122,2025-03-28 12:45:00,MX-201,Line-C,morning,Alarm,PressureDrop,high,18,12,26,Bravo,AutoReset
E109067,2025-03-28 13:00:00,MX-101,Line-A,morning,Maintenance,Calibration,medium,154,56,31,Charlie,Operator
E109104,2025-03-28 13:04:00,MX-202,Line-C,morning,Maintenance,Lubrication,medium,87,40,13,Delta,Supervisor
E109078,2025-03-28 13:07:00,MX-201,Line-C,morning,Quality,VisionReject,medium,27,9,120,Delta,AutoReset
E109031,2025-03-28 13:44:00,MX-102,Line-A,morning,Quality,DimensionDrift,high,29,9,68,Charlie,Operator
E109102,2025-03-28 13:55:00,MX-103,Line-B,morning,Quality,VisionReject,medium,12,0,43,Bravo,Technician
E109150,2025-03-28 14:11:00,MX-101,Line-A,evening,Quality,VisionReject,medium,25,0,92,Charlie,Engineer
E109085,2025-03-28 14:56:00,MX-102,Line-A,evening,Maintenance,Lubrication,medium,53,14,2,Alpha,Engineer
E109130,2025-03-28 14:59:00,MX-101,Line-A,evening,Quality,DimensionDrift,medium,15,1,35,Delta,Technician
E109040,2025-03-28 15:11:00,MX-202,Line-C,evening,Alarm,PressureDrop,medium,38,18,25,Alpha,Engineer
E109062,2025-03-28 15:29:00,MX-202,Line-C,evening,Maintenance,Inspection,low,55,42,12,Alpha,Engineer
E109095,2025-03-28 15:30:00,MX-103,Line-B,evening,Maintenance,Calibration,low,86,24,7,Charlie,Technician
E109135,2025-03-28 15:32:00,MX-201,Line-C,evening,Maintenance,BearingReplacement,medium,53,27,13,Charlie,AutoReset
E109069,2025-03-28 15:36:00,MX-103,Line-B,evening,Setup,ToolChange,medium,62,59,36,Delta,Engineer
E109096,2025-03-28 15:40:00,MX-202,Line-C,evening,Alarm,Overheat,medium,58,36,78,Charlie,Operator
E109087,2025-03-28 15:41:00,MX-103,Line-B,evening,Maintenance,Lubrication,low,53,42,37,Alpha,Engineer
E109041,2025-03-28 15:52:00,MX-101,Line-A,evening,Quality,VisionReject,medium,5,1,19,Delta,Engineer
E109080,2025-03-28 16:05:00,MX-201,Line-C,evening,Alarm,Overheat,critical,27,20,34,Charlie,Engineer
E109143,2025-03-28 16:11:00,MX-101,Line-A,evening,Setup,RecipeChange,medium,30,28,5,Charlie,Operator
E109027,2025-03-28 16:22:00,MX-201,Line-C,evening,Setup,FixtureAdjustment,low,101,90,31,Charlie,Operator
E109125,2025-03-28 16:25:00,MX-201,Line-C,evening,Alarm,Overheat,medium,70,44,75,Bravo,AutoReset
E109028,2025-03-28 16:36:00,MX-101,Line-A,evening,Alarm,PressureDrop,medium,9,6,9,Charlie,Technician
E109079,2025-03-28 16:36:00,MX-201,Line-C,evening,Maintenance,FilterChange,medium,138,95,40,Bravo,Engineer
E109121,2025-03-28 16:50:00,MX-103,Line-B,evening,Quality,VisionReject,high,3,0,10,Delta,AutoReset
E109119,2025-03-28 17:05:00,MX-201,Line-C,evening,Warning,EnergySpike,low,2,0,0,Bravo,Technician
E109090,2025-03-28 17:16:00,MX-101,Line-A,evening,Quality,MaterialMismatch,medium,7,0,46,Charlie,Supervisor
E109142,2025-03-28 17:45:00,MX-103,Line-B,evening,Setup,FixtureAdjustment,low,72,68,49,Delta,Supervisor
E109123,2025-03-28 17:49:00,MX-101,Line-A,evening,Quality,MaterialMismatch,medium,26,0,60,Charlie,Supervisor
E109065,2025-03-28 17:57:00,MX-201,Line-C,evening,Warning,PressureTrend,low,3,0,0,Charlie,Engineer
E109128,2025-03-28 18:03:00,MX-103,Line-B,evening,Safety,DoorInterlock,high,7,3,2,Delta,Operator
E109032,2025-03-28 18:08:00,MX-201,Line-C,evening,Maintenance,Lubrication,medium,39,29,6,Delta,Engineer
E109111,2025-03-28 18:10:00,MX-201,Line-C,evening,Alarm,HighVibration,critical,20,11,15,Alpha,AutoReset
E109100,2025-03-28 18:16:00,MX-202,Line-C,evening,Maintenance,Lubrication,low,197,157,86,Charlie,Engineer
E109114,2025-03-28 18:25:00,MX-202,Line-C,evening,Maintenance,BearingReplacement,low,44,32,28,Charlie,Supervisor
E109050,2025-03-28 18:29:00,MX-102,Line-A,evening,Alarm,Overheat,high,73,50,42,Charlie,Supervisor
E109132,2025-03-28 18:31:00,MX-101,Line-A,evening,Quality,DimensionDrift,medium,14,4,62,Charlie,AutoReset
E109094,2025-03-28 18:43:00,MX-202,Line-C,evening,Quality,DimensionDrift,high,4,0,17,Alpha,Technician
E109113,2025-03-28 18:46:00,MX-101,Line-A,evening,Maintenance,Calibration,low,72,24,21,Charlie,Supervisor
E109058,2025-03-28 18:47:00,MX-202,Line-C,evening,Setup,RecipeChange,medium,17,15,14,Alpha,AutoReset
E109043,2025-03-28 18:55:00,MX-102,Line-A,evening,Setup,FixtureAdjustment,low,13,11,4,Delta,Operator
E109108,2025-03-28 19:27:00,MX-201,Line-C,evening,Alarm,HighVibration,high,47,22,38,Alpha,Engineer
E109072,2025-03-28 19:29:00,MX-102,Line-A,evening,Alarm,PressureDrop,critical,5,3,3,Alpha,Operator
E109105,2025-03-28 19:42:00,MX-101,Line-A,evening,Warning,TempTrend,medium,6,0,0,Delta,Operator
E109077,2025-03-28 20:16:00,MX-103,Line-B,evening,Maintenance,Calibration,low,22,15,9,Delta,AutoReset
E109137,2025-03-28 20:26:00,MX-201,Line-C,evening,Warning,EnergySpike,medium,2,0,0,Alpha,AutoReset
E109134,2025-03-28 21:05:00,MX-202,Line-C,evening,Safety,DoorInterlock,high,54,39,9,Charlie,Operator
E109023,2025-03-28 21:08:00,MX-202,Line-C,evening,Maintenance,Inspection,medium,99,31,28,Charlie,Technician
E109099,2025-03-28 21:10:00,MX-201,Line-C,evening,Warning,PressureTrend,medium,1,0,0,Bravo,Operator
E109141,2025-03-28 21:23:00,MX-201,Line-C,evening,Warning,VibrationTrend,low,13,1,0,Alpha,Engineer
E109106,2025-03-28 21:43:00,MX-102,Line-A,evening,Setup,FixtureAdjustment,low,62,44,19,Bravo,Supervisor
E109064,2025-03-28 21:47:00,MX-101,Line-A,evening,Safety,AreaBreach,critical,23,17,15,Delta,Technician
E109138,2025-03-28 22:13:00,MX-101,Line-A,night,Alarm,PressureDrop,medium,74,42,82,Bravo,Supervisor
E109148,2025-03-28 22:28:00,MX-103,Line-B,night,Setup,RecipeChange,low,24,17,7,Charlie,Operator
E109084,2025-03-28 22:37:00,MX-102,Line-A,night,Warning,VibrationTrend,low,12,0,0,Delta,Operator
E109060,2025-03-28 22:43:00,MX-102,Line-A,night,Setup,ToolChange,low,31,29,15,Alpha,AutoReset
E109048,2025-03-28 22:44:00,MX-101,Line-A,night,Maintenance,Lubrication,medium,126,72,39,Alpha,Supervisor
E109033,2025-03-28 23:16:00,MX-101,Line-A,night,Warning,TempTrend,low,3,0,0,Charlie,Engineer
E109149,2025-03-28 23:19:00,MX-201,Line-C,night,Maintenance,BearingReplacement,high,64,16,13,Alpha,Supervisor
E109037,2025-03-28 23:22:00,MX-103,Line-B,night,Quality,VisionReject,high,12,0,77,Charlie,Technician
E109053,2025-03-28 23:34:00,MX-201,Line-C,night,Alarm,SensorFailure,high,33,28,56,Delta,Engineer
E109089,2025-03-28 23:34:00,MX-201,Line-C,night,Maintenance,Inspection,low,92,29,27,Delta,Engineer
E109046,2025-03-28 23:41:00,MX-102,Line-A,night,Alarm,PressureDrop,critical,13,8,15,Charlie,Engineer
E109115,2025-03-28 23:52:00,MX-202,Line-C,night,Warning,VibrationTrend,low,15,0,0,Charlie,Operator
E109044,2025-03-28 23:52:00,MX-202,Line-C,night,Quality,VisionReject,medium,11,1,46,Alpha,Supervisor
E109215,2025-03-29 00:37:00,MX-102,Line-A,night,Quality,SurfaceDefect,medium,10,1,32,Delta,Operator
E109210,2025-03-29 00:38:00,MX-103,Line-B,night,Alarm,HighVibration,critical,8,6,11,Alpha,Technician
E109186,2025-03-29 00:51:00,MX-201,Line-C,night,Warning,TempTrend,low,1,0,0,Alpha,AutoReset
E109192,2025-03-29 01:03:00,MX-101,Line-A,night,Warning,TempTrend,low,12,0,0,Charlie,Technician
E109154,2025-03-29 01:09:00,MX-101,Line-A,night,Warning,TempTrend,medium,5,0,0,Delta,Operator
E109193,2025-03-29 01:42:00,MX-101,Line-A,night,Setup,RecipeChange,low,65,48,43,Charlie,AutoReset
E109184,2025-03-29 02:15:00,MX-102,Line-A,night,Warning,PressureTrend,low,4,0,0,Bravo,Engineer
E109181,2025-03-29 02:29:00,MX-102,Line-A,night,Alarm,SensorFailure,high,6,2,3,Delta,Technician
E109158,2025-03-29 03:18:00,MX-103,Line-B,night,Alarm,Overheat,medium,62,59,128,Charlie,AutoReset
E109190,2025-03-29 03:28:00,MX-202,Line-C,night,Maintenance,Inspection,low,75,48,32,Delta,Operator
E109153,2025-03-29 03:38:00,MX-202,Line-C,night,Quality,MaterialMismatch,high,2,0,9,Alpha,Operator
E109213,2025-03-29 03:43:00,MX-102,Line-A,night,Quality,MaterialMismatch,high,18,1,55,Delta,Engineer
E109183,2025-03-29 04:10:00,MX-202,Line-C,night,Maintenance,Inspection,low,103,53,26,Delta,Supervisor
E109179,2025-03-29 04:25:00,MX-103,Line-B,night,Safety,GuardOpen,critical,17,16,8,Bravo,Engineer
E109169,2025-03-29 04:49:00,MX-202,Line-C,night,Setup,RecipeChange,low,46,36,36,Bravo,Engineer
E109185,2025-03-29 05:50:00,MX-202,Line-C,night,Alarm,SensorFailure,medium,39,19,15,Bravo,AutoReset
E109196,2025-03-29 05:57:00,MX-103,Line-B,night,Warning,TempTrend,high,10,0,0,Alpha,Engineer
E109189,2025-03-29 06:23:00,MX-101,Line-A,morning,Alarm,Overheat,medium,67,48,95,Charlie,Technician
E109161,2025-03-29 06:25:00,MX-201,Line-C,morning,Maintenance,Lubrication,medium,47,17,15,Alpha,Engineer
E109167,2025-03-29 06:27:00,MX-103,Line-B,morning,Alarm,MotorOverload,high,40,37,66,Charlie,Operator
E109204,2025-03-29 07:00:00,MX-103,Line-B,morning,Alarm,Overheat,high,13,9,9,Charlie,Engineer
E109182,2025-03-29 07:01:00,MX-202,Line-C,morning,Warning,VibrationTrend,medium,1,0,0,Alpha,Operator
E109159,2025-03-29 07:04:00,MX-202,Line-C,morning,Alarm,SensorFailure,medium,22,18,30,Charlie,AutoReset
E109152,2025-03-29 07:13:00,MX-102,Line-A,morning,Alarm,PressureDrop,high,20,15,22,Alpha,Engineer
E109175,2025-03-29 08:10:00,MX-102,Line-A,morning,Setup,RecipeChange,low,46,32,12,Delta,Supervisor
E109156,2025-03-29 08:28:00,MX-103,Line-B,morning,Warning,VibrationTrend,medium,3,0,0,Charlie,Operator
E109176,2025-03-29 09:11:00,MX-103,Line-B,morning,Quality,VisionReject,low,19,3,125,Charlie,Engineer
E109172,2025-03-29 09:37:00,MX-102,Line-A,morning,Warning,PressureTrend,low,29,1,0,Bravo,Technician
E109171,2025-03-29 09:53:00,MX-101,Line-A,morning,Warning,VibrationTrend,low,8,0,0,Delta,Operator
E109203,2025-03-29 10:32:00,MX-201,Line-C,morning,Quality,SurfaceDefect,medium,11,1,39,Charlie,Operator
E109201,2025-03-29 10:54:00,MX-102,Line-A,morning,Alarm,PressureDrop,high,125,67,60,Bravo,Engineer
E109197,2025-03-29 11:17:00,MX-101,Line-A,morning,Maintenance,FilterChange,medium,91,67,15,Charlie,AutoReset
E109187,2025-03-29 11:51:00,MX-201,Line-C,morning,Setup,ToolChange,medium,35,32,21,Charlie,Technician
E109214,2025-03-29 12:01:00,MX-103,Line-B,morning,Alarm,Overheat,medium,102,65,80,Charlie,Technician
E109220,2025-03-29 12:48:00,MX-201,Line-C,morning,Maintenance,Lubrication,low,31,8,4,Alpha,Operator
E109170,2025-03-29 12:53:00,MX-201,Line-C,morning,Warning,PressureTrend,medium,8,0,0,Bravo,Operator
E109164,2025-03-29 12:59:00,MX-101,Line-A,morning,Safety,EStop,medium,8,4,5,Charlie,AutoReset
E109160,2025-03-29 13:03:00,MX-201,Line-C,morning,Warning,EnergySpike,low,1,0,0,Alpha,Technician
E109211,2025-03-29 13:06:00,MX-101,Line-A,morning,Warning,EnergySpike,high,3,0,0,Alpha,Operator
E109174,2025-03-29 13:29:00,MX-102,Line-A,morning,Maintenance,Lubrication,medium,93,39,13,Delta,Operator
E109165,2025-03-29 13:32:00,MX-103,Line-B,morning,Warning,PressureTrend,medium,8,0,0,Bravo,Supervisor
E109155,2025-03-29 13:47:00,MX-201,Line-C,morning,Maintenance,Inspection,low,129,100,41,Charlie,Engineer
E109180,2025-03-29 14:03:00,MX-103,Line-B,evening,Maintenance,FilterChange,medium,86,34,29,Delta,Technician
E109188,2025-03-29 14:19:00,MX-101,Line-A,evening,Alarm,SensorFailure,low,13,10,15,Delta,Engineer
E109217,2025-03-29 14:34:00,MX-103,Line-B,evening,Warning,EnergySpike,low,18,0,0,Bravo,Technician
E109173,2025-03-29 14:36:00,MX-202,Line-C,evening,Quality,DimensionDrift,medium,6,1,34,Delta,Engineer
E109206,2025-03-29 14:37:00,MX-202,Line-C,evening,Maintenance,Lubrication,low,18,6,1,Delta,Technician
E109199,2025-03-29 15:22:00,MX-201,Line-C,evening,Quality,VisionReject,high,13,3,71,Delta,Engineer
E109200,2025-03-29 15:53:00,MX-102,Line-A,evening,Alarm,PressureDrop,high,57,26,21,Charlie,Operator
E109198,2025-03-29 15:55:00,MX-101,Line-A,evening,Warning,PressureTrend,high,9,0,0,Charlie,Engineer
E109202,2025-03-29 15:55:00,MX-101,Line-A,evening,Maintenance,Inspection,medium,67,33,32,Charlie,Operator
E109207,2025-03-29 16:11:00,MX-101,Line-A,evening,Alarm,PressureDrop,high,115,92,71,Charlie,Technician
E109151,2025-03-29 16:12:00,MX-101,Line-A,evening,Warning,PressureTrend,medium,1,0,0,Alpha,Operator
E109212,2025-03-29 16:28:00,MX-101,Line-A,evening,Alarm,HighVibration,medium,26,18,32,Delta,Operator
E109194,2025-03-29 16:40:00,MX-101,Line-A,evening,Warning,EnergySpike,low,3,0,0,Delta,Engineer
E109216,2025-03-29 17:31:00,MX-202,Line-C,evening,Maintenance,Lubrication,medium,78,43,19,Alpha,Operator
E109219,2025-03-29 17:32:00,MX-103,Line-B,evening,Warning,VibrationTrend,medium,12,1,0,Delta,AutoReset
E109191,2025-03-29 18:10:00,MX-102,Line-A,evening,Setup,ToolChange,low,44,41,13,Charlie,Technician
E109166,2025-03-29 18:17:00,MX-102,Line-A,evening,Alarm,SensorFailure,medium,32,24,39,Bravo,Operator
E109162,2025-03-29 18:44:00,MX-102,Line-A,evening,Setup,FixtureAdjustment,low,99,69,56,Alpha,Technician
E109195,2025-03-29 19:00:00,MX-201,Line-C,evening,Alarm,MotorOverload,medium,59,44,49,Charlie,AutoReset
E109168,2025-03-29 19:25:00,MX-101,Line-A,evening,Setup,RecipeChange,low,60,45,30,Charlie,AutoReset
E109177,2025-03-29 20:06:00,MX-102,Line-A,evening,Warning,EnergySpike,medium,15,1,0,Charlie,Technician
E109163,2025-03-29 20:22:00,MX-201,Line-C,evening,Alarm,PressureDrop,medium,72,45,92,Delta,Supervisor
E109157,2025-03-29 20:26:00,MX-201,Line-C,evening,Alarm,SensorFailure,medium,31,26,37,Delta,Operator
E109209,2025-03-29 20:29:00,MX-101,Line-A,evening,Maintenance,Inspection,low,70,51,48,Delta,Supervisor
E109205,2025-03-29 20:44:00,MX-202,Line-C,evening,Maintenance,BearingReplacement,medium,25,14,2,Charlie,Technician
E109218,2025-03-29 22:56:00,MX-102,Line-A,night,Quality,VisionReject,medium,16,4,65,Charlie,Operator
E109178,2025-03-29 23:39:00,MX-101,Line-A,night,Quality,SurfaceDefect,low,5,0,26,Delta,Engineer
E109208,2025-03-29 23:40:00,MX-201,Line-C,night,Alarm,SensorFailure,high,57,30,60,Alpha,AutoReset
E109241,2025-03-30 00:02:00,MX-102,Line-A,night,Maintenance,Inspection,low,49,34,24,Charlie,Engineer
E109256,2025-03-30 00:04:00,MX-102,Line-A,night,Setup,FixtureAdjustment,low,34,26,19,Bravo,Operator
E109247,2025-03-30 00:10:00,MX-202,Line-C,night,Quality,SurfaceDefect,high,36,6,172,Delta,AutoReset
E109290,2025-03-30 00:14:00,MX-103,Line-B,night,Alarm,HighVibration,critical,60,50,103,Bravo,Technician
E109314,2025-03-30 00:29:00,MX-101,Line-A,night,Alarm,Overheat,high,29,17,19,Bravo,Technician
E109313,2025-03-30 00:37:00,MX-103,Line-B,night,Alarm,PressureDrop,medium,32,30,47,Bravo,Technician
E109257,2025-03-30 00:50:00,MX-202,Line-C,night,Alarm,MotorOverload,high,55,26,34,Alpha,Technician
E109238,2025-03-30 01:18:00,MX-102,Line-A,night,Maintenance,Lubrication,medium,173,45,40,Bravo,Supervisor
E109265,2025-03-30 02:21:00,MX-103,Line-B,night,Setup,RecipeChange,medium,45,37,21,Charlie,Operator
E109285,2025-03-30 02:39:00,MX-103,Line-B,night,Maintenance,Inspection,medium,58,16,4,Delta,Operator
E109230,2025-03-30 02:47:00,MX-101,Line-A,night,Alarm,HighVibration,medium,59,41,41,Charlie,AutoReset
E109266,2025-03-30 02:53:00,MX-201,Line-C,night,Setup,RecipeChange,low,28,23,5,Alpha,AutoReset
E109279,2025-03-30 03:04:00,MX-102,Line-A,night,Alarm,Overheat,high,32,25,47,Charlie,AutoReset
E109270,2025-03-30 03:34:00,MX-102,Line-A,night,Alarm,Overheat,high,9,4,5,Delta,Supervisor
E109277,2025-03-30 04:33:00,MX-201,Line-C,night,Quality,SurfaceDefect,medium,22,4,109,Bravo,Technician
E109224,2025-03-30 04:50:00,MX-201,Line-C,night,Maintenance,BearingReplacement,medium,76,36,25,Alpha,Engineer
E109254,2025-03-30 04:56:00,MX-102,Line-A,night,Warning,VibrationTrend,low,2,0,0,Charlie,Engineer
E109245,2025-03-30 05:11:00,MX-103,Line-B,night,Setup,RecipeChange,low,10,7,4,Alpha,Technician
E109306,2025-03-30 05:23:00,MX-103,Line-B,night,Warning,PressureTrend,medium,17,1,0,Charlie,Technician
E109229,2025-03-30 05:41:00,MX-103,Line-B,night,Alarm,HighVibration,medium,51,32,65,Delta,Technician
E109222,2025-03-30 06:11:00,MX-101,Line-A,morning,Safety,EStop,high,44,33,44,Delta,Technician
E109300,2025-03-30 06:25:00,MX-103,Line-B,morning,Safety,DoorInterlock,critical,52,27,33,Charlie,Technician
E109223,2025-03-30 06:50:00,MX-103,Line-B,morning,Setup,RecipeChange,low,40,31,22,Charlie,AutoReset
E109293,2025-03-30 07:06:00,MX-103,Line-B,morning,Warning,PressureTrend,low,8,0,0,Alpha,Operator
E109228,2025-03-30 07:21:00,MX-103,Line-B,morning,Maintenance,BearingReplacement,medium,90,38,21,Charlie,Engineer
E109308,2025-03-30 07:24:00,MX-101,Line-A,morning,Quality,MaterialMismatch,medium,1,0,2,Bravo,Technician
E109275,2025-03-30 07:55:00,MX-102,Line-A,morning,Maintenance,Lubrication,medium,46,18,16,Bravo,Technician
E109242,2025-03-30 07:57:00,MX-101,Line-A,morning,Warning,VibrationTrend,low,1,0,0,Delta,Technician
E109255,2025-03-30 07:58:00,MX-102,Line-A,morning,Warning,PressureTrend,low,4,0,0,Bravo,Operator
E109307,2025-03-30 08:02:00,MX-201,Line-C,morning,Alarm,HighVibration,high,78,59,96,Alpha,Operator
E109289,2025-03-30 08:06:00,MX-201,Line-C,morning,Maintenance,Inspection,low,112,44,42,Bravo,Operator
E109233,2025-03-30 08:12:00,MX-103,Line-B,morning,Safety,EStop,medium,26,17,22,Delta,Technician
E109296,2025-03-30 08:52:00,MX-103,Line-B,morning,Quality,MaterialMismatch,medium,22,5,87,Delta,Operator
E109305,2025-03-30 08:58:00,MX-201,Line-C,morning,Alarm,MotorOverload,medium,35,20,30,Delta,Operator
E109221,2025-03-30 09:26:00,MX-102,Line-A,morning,Warning,TempTrend,low,36,0,0,Charlie,Technician
E109246,2025-03-30 09:47:00,MX-201,Line-C,morning,Setup,FixtureAdjustment,low,62,58,34,Bravo,AutoReset
E109274,2025-03-30 09:49:00,MX-201,Line-C,morning,Quality,MaterialMismatch,medium,7,1,33,Bravo,Technician
E109226,2025-03-30 09:52:00,MX-101,Line-A,morning,Warning,EnergySpike,low,12,0,0,Bravo,Operator
E109309,2025-03-30 10:06:00,MX-102,Line-A,morning,Alarm,Overheat,high,40,31,53,Bravo,AutoReset
E109280,2025-03-30 10:16:00,MX-102,Line-A,morning,Warning,PressureTrend,low,5,0,0,Delta,Supervisor
E109253,2025-03-30 10:26:00,MX-201,Line-C,morning,Alarm,SensorFailure,high,24,13,13,Delta,Operator
E109282,2025-03-30 10:31:00,MX-102,Line-A,morning,Safety,AreaBreach,medium,23,12,14,Bravo,AutoReset
E109258,2025-03-30 10:54:00,MX-201,Line-C,morning,Setup,FixtureAdjustment,low,55,40,37,Charlie,Operator
E109252,2025-03-30 11:20:00,MX-201,Line-C,morning,Warning,VibrationTrend,low,20,2,0,Alpha,AutoReset
E109287,2025-03-30 11:20:00,MX-201,Line-C,morning,Maintenance,FilterChange,high,188,125,72,Delta,AutoReset
E109271,2025-03-30 11:35:00,MX-101,Line-A,morning,Maintenance,Lubrication,medium,29,16,10,Charlie,AutoReset
E109281,2025-03-30 11:37:00,MX-101,Line-A,morning,Warning,EnergySpike,medium,7,0,0,Alpha,Operator
E109273,2025-03-30 12:07:00,MX-201,Line-C,morning,Alarm,Overheat,high,28,23,29,Charlie,Operator
E109299,2025-03-30 12:22:00,MX-103,Line-B,morning,Warning,TempTrend,medium,5,0,0,Alpha,Technician
E109303,2025-03-30 12:41:00,MX-101,Line-A,morning,Warning,PressureTrend,low,4,0,0,Bravo,Engineer
E109239,2025-03-30 12:57:00,MX-201,Line-C,morning,Maintenance,Inspection,low,71,48,25,Delta,Technician
E109249,2025-03-30 13:06:00,MX-202,Line-C,morning,Warning,VibrationTrend,low,7,0,0,Delta,Operator
E109286,2025-03-30 13:12:00,MX-202,Line-C,morning,Setup,FixtureAdjustment,low,48,47,42,Bravo,Technician
E109298,2025-03-30 14:07:00,MX-101,Line-A,evening,Alarm,HighVibration,medium,47,26,21,Charlie,Engineer
E109231,2025-03-30 14:13:00,MX-103,Line-B,evening,Alarm,SensorFailure,medium,24,14,19,Delta,Technician
E109283,2025-03-30 14:14:00,MX-102,Line-A,evening,Warning,PressureTrend,low,17,0,0,Charlie,Operator
E109240,2025-03-30 14:22:00,MX-201,Line-C,evening,Maintenance,BearingReplacement,medium,25,7,5,Alpha,Operator
E109264,2025-03-30 14:24:00,MX-201,Line-C,evening,Alarm,SensorFailure,medium,43,29,54,Alpha,Operator
E109225,2025-03-30 14:29:00,MX-202,Line-C,evening,Quality,SurfaceDefect,low,6,1,14,Charlie,Operator
E109250,2025-03-30 14:29:00,MX-103,Line-B,evening,Maintenance,Inspection,low,63,23,14,Charlie,Operator
E109268,2025-03-30 14:32:00,MX-202,Line-C,evening,Quality,DimensionDrift,low,13,0,63,Delta,AutoReset
E109227,2025-03-30 14:35:00,MX-101,Line-A,evening,Warning,TempTrend,high,5,0,0,Bravo,Supervisor
E109297,2025-03-30 15:38:00,MX-202,Line-C,evening,Maintenance,Lubrication,low,35,11,4,Charlie,Technician
E109243,2025-03-30 15:58:00,MX-101,Line-A,evening,Quality,MaterialMismatch,high,5,0,11,Bravo,Operator
E109235,2025-03-30 16:01:00,MX-101,Line-A,evening,Alarm,PressureDrop,high,42,23,35,Charlie,Engineer
E109302,2025-03-30 16:03:00,MX-103,Line-B,evening,Alarm,SensorFailure,medium,73,60,101,Charlie,AutoReset
E109312,2025-03-30 17:15:00,MX-201,Line-C,evening,Maintenance,BearingReplacement,low,118,39,24,Delta,Engineer
E109267,2025-03-30 17:33:00,MX-201,Line-C,evening,Setup,FixtureAdjustment,low,30,24,15,Charlie,AutoReset
E109237,2025-03-30 18:23:00,MX-103,Line-B,evening,Warning,VibrationTrend,low,8,1,0,Charlie,Operator
E109269,2025-03-30 18:24:00,MX-102,Line-A,evening,Maintenance,Lubrication,medium,35,17,5,Bravo,Engineer
E109232,2025-03-30 18:41:00,MX-101,Line-A,evening,Warning,PressureTrend,low,6,0,0,Bravo,Engineer
E109251,2025-03-30 19:07:00,MX-102,Line-A,evening,Maintenance,FilterChange,medium,38,19,10,Charlie,Technician
E109288,2025-03-30 19:20:00,MX-201,Line-C,evening,Setup,ToolChange,low,9,6,4,Delta,Operator
E109301,2025-03-30 19:23:00,MX-103,Line-B,evening,Alarm,Overheat,critical,43,38,56,Alpha,Technician
E109259,2025-03-30 19:39:00,MX-102,Line-A,evening,Alarm,MotorOverload,high,36,34,29,Alpha,AutoReset
E109294,2025-03-30 20:09:00,MX-101,Line-A,evening,Safety,DoorInterlock,high,18,16,14,Charlie,Engineer
E109278,2025-03-30 20:22:00,MX-202,Line-C,evening,Warning,PressureTrend,low,7,0,0,Bravo,Technician
E109311,2025-03-30 20:34:00,MX-201,Line-C,evening,Maintenance,Calibration,medium,38,19,10,Alpha,AutoReset
E109263,2025-03-30 20:40:00,MX-202,Line-C,evening,Quality,DimensionDrift,medium,24,5,105,Bravo,Engineer
E109295,2025-03-30 21:13:00,MX-101,Line-A,evening,Setup,FixtureAdjustment,medium,29,27,5,Bravo,Supervisor
E109261,2025-03-30 21:26:00,MX-201,Line-C,evening,Alarm,MotorOverload,high,65,38,78,Delta,AutoReset
E109284,2025-03-30 21:34:00,MX-202,Line-C,evening,Alarm,SensorFailure,high,77,45,79,Bravo,Supervisor
E109310,2025-03-30 21:41:00,MX-103,Line-B,evening,Setup,ToolChange,low,80,74,77,Alpha,Supervisor
E109248,2025-03-30 22:05:00,MX-102,Line-A,night,Maintenance,FilterChange,high,41,27,13,Charlie,Operator
E109244,2025-03-30 22:21:00,MX-101,Line-A,night,Maintenance,FilterChange,low,23,14,13,Delta,Technician
E109272,2025-03-30 22:28:00,MX-201,Line-C,night,Alarm,HighVibration,high,27,19,19,Bravo,Operator
E109291,2025-03-30 22:56:00,MX-103,Line-B,night,Maintenance,BearingReplacement,medium,250,76,72,Delta,AutoReset
E109260,2025-03-30 22:57:00,MX-103,Line-B,night,Setup,RecipeChange,medium,38,26,7,Charlie,Technician
E109304,2025-03-30 23:11:00,MX-102,Line-A,night,Alarm,PressureDrop,low,34,24,18,Delta,Technician
E109236,2025-03-30 23:18:00,MX-101,Line-A,night,Warning,TempTrend,low,8,0,0,Charlie,AutoReset
E109276,2025-03-30 23:44:00,MX-102,Line-A,night,Warning,EnergySpike,low,9,0,0,Bravo,AutoReset
E109292,2025-03-30 23:51:00,MX-102,Line-A,night,Maintenance,Calibration,low,77,43,42,Bravo,AutoReset
E109262,2025-03-30 23:52:00,MX-102,Line-A,night,Setup,ToolChange,low,66,51,13,Alpha,Technician
E109234,2025-03-30 23:55:00,MX-103,Line-B,night,Setup,RecipeChange,low,16,13,11,Bravo,Operator
E109407,2025-03-31 00:18:00,MX-101,Line-A,night,Alarm,SensorFailure,critical,21,19,31,Delta,Operator
E109323,2025-03-31 00:37:00,MX-102,Line-A,night,Warning,VibrationTrend,low,9,0,0,Alpha,Operator
E109334,2025-03-31 00:57:00,MX-102,Line-A,night,Maintenance,Inspection,high,83,60,41,Delta,AutoReset
E109428,2025-03-31 01:05:00,MX-202,Line-C,night,Alarm,PressureDrop,high,75,57,66,Delta,AutoReset
E109400,2025-03-31 01:09:00,MX-101,Line-A,night,Safety,AreaBreach,high,100,85,99,Delta,Engineer
E109404,2025-03-31 01:25:00,MX-201,Line-C,night,Quality,DimensionDrift,medium,18,3,67,Alpha,Supervisor
E109364,2025-03-31 01:26:00,MX-102,Line-A,night,Alarm,SensorFailure,medium,38,25,39,Charlie,Supervisor
E109322,2025-03-31 01:30:00,MX-101,Line-A,night,Setup,RecipeChange,low,14,11,8,Charlie,Technician
E109427,2025-03-31 01:37:00,MX-102,Line-A,night,Maintenance,Calibration,medium,102,48,32,Delta,Operator
E109398,2025-03-31 01:41:00,MX-202,Line-C,night,Alarm,Overheat,high,37,22,20,Charlie,Technician
E109318,2025-03-31 01:55:00,MX-102,Line-A,night,Quality,MaterialMismatch,medium,33,1,148,Bravo,Technician
E109351,2025-03-31 02:06:00,MX-102,Line-A,night,Maintenance,Inspection,medium,71,35,32,Charlie,Technician
E109417,2025-03-31 02:18:00,MX-102,Line-A,night,Alarm,PressureDrop,medium,58,56,47,Alpha,Technician
E109325,2025-03-31 02:36:00,MX-201,Line-C,night,Safety,GuardOpen,high,31,21,24,Charlie,Operator
E109429,2025-03-31 02:41:00,MX-102,Line-A,night,Maintenance,Inspection,low,141,59,47,Delta,AutoReset
E109412,2025-03-31 02:42:00,MX-103,Line-B,night,Maintenance,Calibration,low,31,8,1,Charlie,Supervisor
E109402,2025-03-31 02:42:00,MX-201,Line-C,night,Alarm,SensorFailure,critical,132,115,241,Alpha,AutoReset
E109315,2025-03-31 02:47:00,MX-101,Line-A,night,Quality,VisionReject,high,12,1,46,Alpha,Supervisor
E109360,2025-03-31 02:50:00,MX-101,Line-A,night,Maintenance,FilterChange,low,25,14,2,Charlie,Operator
E109353,2025-03-31 02:55:00,MX-201,Line-C,night,Maintenance,FilterChange,low,80,61,27,Alpha,Operator
E109418,2025-03-31 02:58:00,MX-103,Line-B,night,Quality,MaterialMismatch,medium,14,0,51,Charlie,Technician
E109403,2025-03-31 03:05:00,MX-102,Line-A,night,Setup,FixtureAdjustment,low,24,19,7,Charlie,Operator
E109340,2025-03-31 03:37:00,MX-202,Line-C,night,Setup,RecipeChange,medium,37,25,9,Bravo,Supervisor
E109425,2025-03-31 04:01:00,MX-102,Line-A,night,Alarm,MotorOverload,high,40,29,36,Charlie,Technician
E109396,2025-03-31 04:30:00,MX-201,Line-C,night,Quality,MaterialMismatch,low,2,0,7,Charlie,Operator
E109381,2025-03-31 05:22:00,MX-102,Line-A,night,Quality,VisionReject,low,20,4,85,Alpha,Supervisor
E109397,2025-03-31 05:26:00,MX-202,Line-C,night,Maintenance,FilterChange,low,49,27,10,Alpha,Operator
E109343,2025-03-31 05:31:00,MX-101,Line-A,night,Safety,DoorInterlock,critical,27,13,3,Bravo,Technician
E109406,2025-03-31 05:40:00,MX-201,Line-C,night,Warning,PressureTrend,low,2,0,0,Alpha,Technician
E109384,2025-03-31 05:52:00,MX-102,Line-A,night,Quality,MaterialMismatch,medium,3,0,16,Alpha,Engineer
E109391,2025-03-31 05:59:00,MX-201,Line-C,night,Setup,ToolChange,low,18,15,4,Delta,Technician
E109349,2025-03-31 06:23:00,MX-102,Line-A,morning,Quality,SurfaceDefect,medium,12,1,37,Delta,Technician
E109393,2025-03-31 06:28:00,MX-101,Line-A,morning,Setup,FixtureAdjustment,low,70,62,44,Alpha,Operator
E109347,2025-03-31 06:30:00,MX-201,Line-C,morning,Alarm,HighVibration,high,13,10,14,Bravo,Technician
E109350,2025-03-31 06:31:00,MX-201,Line-C,morning,Alarm,MotorOverload,medium,142,64,95,Alpha,AutoReset
E109380,2025-03-31 07:07:00,MX-103,Line-B,morning,Maintenance,Lubrication,low,48,20,8,Bravo,AutoReset
E109332,2025-03-31 07:07:00,MX-202,Line-C,morning,Warning,EnergySpike,low,5,0,0,Charlie,Technician
E109342,2025-03-31 07:17:00,MX-202,Line-C,morning,Alarm,Overheat,high,52,25,25,Bravo,Technician
E109330,2025-03-31 07:29:00,MX-101,Line-A,morning,Alarm,Overheat,low,5,2,4,Charlie,Operator
E109333,2025-03-31 07:34:00,MX-102,Line-A,morning,Alarm,HighVibration,low,8,6,10,Alpha,Technician
E109374,2025-03-31 07:44:00,MX-102,Line-A,morning,Alarm,SensorFailure,high,41,25,35,Alpha,AutoReset
E109327,2025-03-31 08:25:00,MX-102,Line-A,morning,Warning,VibrationTrend,medium,2,0,0,Alpha,Technician
E109352,2025-03-31 08:29:00,MX-101,Line-A,morning,Alarm,SensorFailure,medium,86,46,34,Bravo,Supervisor
E109356,2025-03-31 08:35:00,MX-101,Line-A,morning,Setup,RecipeChange,low,41,31,26,Bravo,Engineer
E109375,2025-03-31 08:42:00,MX-102,Line-A,morning,Alarm,MotorOverload,critical,44,30,40,Delta,AutoReset
E109421,2025-03-31 08:45:00,MX-102,Line-A,morning,Alarm,MotorOverload,medium,69,32,65,Delta,Technician
E109415,2025-03-31 08:50:00,MX-102,Line-A,morning,Maintenance,FilterChange,low,136,85,21,Charlie,Technician
E109419,2025-03-31 09:07:00,MX-201,Line-C,morning,Quality,VisionReject,medium,21,2,109,Delta,Engineer
E109401,2025-03-31 09:50:00,MX-201,Line-C,morning,Safety,EStop,high,18,14,9,Alpha,Engineer
E109386,2025-03-31 10:08:00,MX-201,Line-C,morning,Alarm,Overheat,medium,39,23,21,Bravo,Technician
E109355,2025-03-31 10:14:00,MX-101,Line-A,morning,Setup,FixtureAdjustment,low,76,60,16,Bravo,Supervisor
E109345,2025-03-31 10:34:00,MX-102,Line-A,morning,Setup,RecipeChange,low,80,76,32,Delta,Technician
E109420,2025-03-31 10:37:00,MX-102,Line-A,morning,Maintenance,Inspection,medium,141,44,28,Charlie,Supervisor
E109423,2025-03-31 10:45:00,MX-103,Line-B,morning,Maintenance,BearingReplacement,high,45,34,15,Charlie,Engineer
E109344,2025-03-31 10:54:00,MX-101,Line-A,morning,Quality,VisionReject,high,14,0,74,Charlie,AutoReset
E109363,2025-03-31 10:56:00,MX-201,Line-C,morning,Warning,EnergySpike,low,1,0,0,Alpha,Technician
E109416,2025-03-31 11:03:00,MX-202,Line-C,morning,Setup,RecipeChange,medium,36,34,37,Delta,Technician
E109348,2025-03-31 11:29:00,MX-103,Line-B,morning,Warning,EnergySpike,low,24,1,0,Alpha,Engineer
E109424,2025-03-31 11:47:00,MX-103,Line-B,morning,Quality,SurfaceDefect,medium,16,2,92,Delta,AutoReset
E109338,2025-03-31 12:07:00,MX-201,Line-C,morning,Setup,FixtureAdjustment,medium,34,27,25,Alpha,Technician
E109377,2025-03-31 12:23:00,MX-102,Line-A,morning,Warning,VibrationTrend,low,2,0,0,Alpha,Technician
E109337,2025-03-31 12:30:00,MX-102,Line-A,morning,Safety,EStop,high,23,17,4,Charlie,Engineer
E109329,2025-03-31 12:54:00,MX-102,Line-A,morning,Setup,ToolChange,low,8,7,7,Charlie,Technician
E109413,2025-03-31 13:08:00,MX-101,Line-A,morning,Setup,ToolChange,medium,42,39,14,Charlie,Technician
E109321,2025-03-31 13:38:00,MX-103,Line-B,morning,Maintenance,Calibration,low,112,31,24,Delta,Technician
E109335,2025-03-31 13:46:00,MX-201,Line-C,morning,Setup,RecipeChange,low,35,34,7,Delta,Technician
E109336,2025-03-31 13:48:00,MX-102,Line-A,morning,Safety,DoorInterlock,high,12,7,8,Bravo,AutoReset
E109331,2025-03-31 13:58:00,MX-201,Line-C,morning,Setup,ToolChange,medium,26,19,8,Delta,Technician
E109389,2025-03-31 14:06:00,MX-103,Line-B,evening,Warning,EnergySpike,low,8,0,0,Charlie,Operator
E109399,2025-03-31 14:11:00,MX-201,Line-C,evening,Warning,TempTrend,medium,11,1,0,Bravo,Technician
E109328,2025-03-31 14:24:00,MX-201,Line-C,evening,Alarm,PressureDrop,critical,26,12,14,Delta,AutoReset
E109378,2025-03-31 14:28:00,MX-201,Line-C,evening,Setup,ToolChange,low,14,10,10,Charlie,Engineer
E109372,2025-03-31 14:29:00,MX-102,Line-A,evening,Maintenance,BearingReplacement,medium,57,18,5,Alpha,Supervisor
E109366,2025-03-31 14:41:00,MX-101,Line-A,evening,Warning,VibrationTrend,medium,8,0,0,Charlie,AutoReset
E109319,2025-03-31 14:49:00,MX-101,Line-A,evening,Alarm,SensorFailure,high,51,34,40,Delta,Technician
E109367,2025-03-31 15:25:00,MX-202,Line-C,evening,Setup,ToolChange,low,38,29,18,Bravo,Technician
E109410,2025-03-31 15:39:00,MX-101,Line-A,evening,Alarm,SensorFailure,high,105,77,117,Charlie,Technician
E109317,2025-03-31 15:57:00,MX-201,Line-C,evening,Alarm,HighVibration,high,26,18,13,Bravo,Operator
E109390,2025-03-31 16:17:00,MX-201,Line-C,evening,Alarm,MotorOverload,high,21,11,15,Bravo,AutoReset
E109382,2025-03-31 16:18:00,MX-103,Line-B,evening,Setup,ToolChange,medium,14,10,7,Delta,Engineer
E109346,2025-03-31 16:19:00,MX-202,Line-C,evening,Safety,GuardOpen,critical,26,24,35,Bravo,Supervisor
E109395,2025-03-31 16:42:00,MX-103,Line-B,evening,Alarm,MotorOverload,medium,19,10,11,Alpha,Technician
E109361,2025-03-31 16:45:00,MX-202,Line-C,evening,Setup,ToolChange,low,52,36,31,Charlie,Engineer
E109426,2025-03-31 16:59:00,MX-102,Line-A,evening,Setup,RecipeChange,medium,70,57,36,Delta,Technician
E109383,2025-03-31 17:40:00,MX-102,Line-A,evening,Quality,DimensionDrift,high,63,7,440,Delta,Engineer
E109392,2025-03-31 17:42:00,MX-201,Line-C,evening,Alarm,SensorFailure,high,2,1,0,Bravo,AutoReset
E109376,2025-03-31 18:15:00,MX-202,Line-C,evening,Setup,RecipeChange,low,19,18,16,Bravo,Operator
E109414,2025-03-31 18:25:00,MX-101,Line-A,evening,Setup,FixtureAdjustment,medium,20,17,7,Delta,AutoReset
E109408,2025-03-31 18:45:00,MX-103,Line-B,evening,Quality,SurfaceDefect,medium,7,2,35,Bravo,Technician
E109379,2025-03-31 18:50:00,MX-101,Line-A,evening,Quality,MaterialMismatch,low,9,1,61,Charlie,Engineer
E109387,2025-03-31 18:58:00,MX-201,Line-C,evening,Alarm,Overheat,high,10,9,16,Charlie,Operator
E109324,2025-03-31 19:05:00,MX-101,Line-A,evening,Safety,AreaBreach,high,8,4,5,Bravo,AutoReset
E109359,2025-03-31 19:37:00,MX-201,Line-C,evening,Setup,RecipeChange,low,60,56,13,Delta,Engineer
E109365,2025-03-31 19:41:00,MX-103,Line-B,evening,Setup,ToolChange,low,22,15,4,Charlie,Supervisor
E109357,2025-03-31 19:44:00,MX-202,Line-C,evening,Maintenance,FilterChange,low,92,65,36,Alpha,Operator
E109362,2025-03-31 19:44:00,MX-102,Line-A,evening,Quality,MaterialMismatch,medium,32,7,213,Alpha,Technician
E109409,2025-03-31 19:49:00,MX-201,Line-C,evening,Warning,PressureTrend,low,13,1,0,Delta,AutoReset
E109326,2025-03-31 20:18:00,MX-103,Line-B,evening,Quality,DimensionDrift,high,15,1,83,Alpha,Operator
E109422,2025-03-31 20:24:00,MX-103,Line-B,evening,Quality,SurfaceDefect,low,6,0,36,Delta,Operator
E109394,2025-03-31 20:31:00,MX-102,Line-A,evening,Setup,FixtureAdjustment,low,46,40,26,Charlie,Technician
E109370,2025-03-31 20:36:00,MX-101,Line-A,evening,Maintenance,Lubrication,medium,128,49,10,Charlie,Operator
E109358,2025-03-31 20:48:00,MX-103,Line-B,evening,Quality,VisionReject,low,29,5,202,Delta,Technician
E109371,2025-03-31 20:56:00,MX-101,Line-A,evening,Maintenance,Inspection,low,74,39,11,Bravo,Operator
E109388,2025-03-31 21:01:00,MX-201,Line-C,evening,Maintenance,Calibration,low,116,32,7,Delta,Technician
E109430,2025-03-31 21:18:00,MX-201,Line-C,evening,Maintenance,Inspection,low,103,38,20,Bravo,Technician
E109431,2025-03-31 22:05:00,MX-201,Line-C,night,Maintenance,BearingReplacement,high,93,51,13,Bravo,AutoReset
E109339,2025-03-31 22:07:00,MX-102,Line-A,night,Alarm,MotorOverload,high,25,23,19,Alpha,AutoReset
E109373,2025-03-31 22:08:00,MX-101,Line-A,night,Alarm,HighVibration,medium,42,19,40,Charlie,AutoReset
E109368,2025-03-31 22:18:00,MX-202,Line-C,night,Maintenance,Lubrication,medium,83,36,15,Bravo,Engineer
E109385,2025-03-31 22:20:00,MX-102,Line-A,night,Alarm,PressureDrop,high,36,34,33,Alpha,Technician
E109320,2025-03-31 22:36:00,MX-101,Line-A,night,Alarm,HighVibration,low,18,8,6,Delta,AutoReset
E109354,2025-03-31 22:39:00,MX-103,Line-B,night,Maintenance,Lubrication,medium,153,42,11,Bravo,Supervisor
E109316,2025-03-31 22:45:00,MX-102,Line-A,night,Alarm,Overheat,high,13,9,7,Bravo,Technician
E109411,2025-03-31 22:54:00,MX-202,Line-C,night,Maintenance,BearingReplacement,high,81,64,34,Alpha,Technician
E109341,2025-03-31 22:56:00,MX-102,Line-A,night,Alarm,PressureDrop,high,42,30,63,Delta,Supervisor
E109405,2025-03-31 23:34:00,MX-201,Line-C,night,Warning,EnergySpike,low,16,1,0,Alpha,AutoReset
E109369,2025-03-31 23:42:00,MX-103,Line-B,night,Setup,ToolChange,low,67,51,23,Alpha,Technician
